cluster_id,system,concept_precision,concept_recall,concept_f1,concept_jaccard,entity_precision,entity_recall,entity_f1,entity_jaccard,relation_precision,relation_recall,relation_f1,relation_jaccard,exact_triple_precision,exact_triple_recall,exact_triple_f1,exact_triple_jaccard,soft_triple_precision,soft_triple_recall,soft_triple_f1,domain_accuracy,range_accuracy,domain_range_pair_accuracy,schema_violation_rate,node_retention,edge_retention,edge_jaccard,relation_type_retention,lcc_ratio,central_node_preservation_at10,candidate_concepts,candidate_entities,candidate_triples,candidate_nodes,candidate_edges
test_00006,primera_exact,0.41304347826086957,0.12582781456953643,0.19289340101522842,0.10674157303370786,0.38461538461538464,0.14285714285714285,0.20833333333333331,0.11627906976744186,0.3076923076923077,0.17391304347826086,0.2222222222222222,0.125,0.25,0.16,0.19512195121951217,0.10810810810810811,0.25,0.16,0.19512195121951217,0.25,0.3125,0.25,0.75,0.175,0.16,0.10810810810810811,0.17391304347826086,1.0,0.3,46,26,16,22,16
test_00006,primera_sentence,0.41304347826086957,0.12582781456953643,0.19289340101522842,0.10674157303370786,0.38461538461538464,0.14285714285714285,0.20833333333333331,0.11627906976744186,0.3076923076923077,0.17391304347826086,0.2222222222222222,0.125,0.25,0.16,0.19512195121951217,0.10810810810810811,0.25,0.16,0.19512195121951217,0.25,0.3125,0.25,0.75,0.175,0.16,0.10810810810810811,0.17391304347826086,1.0,0.3,46,26,16,22,16
test_00015,primera_exact,0.3829787234042553,0.1836734693877551,0.2482758620689655,0.14173228346456693,0.5151515151515151,0.26153846153846155,0.34693877551020413,0.20987654320987653,0.5555555555555556,0.22727272727272727,0.3225806451612903,0.19230769230769232,0.0,0.0,0.0,0.0,0.1111111111111111,0.038461538461538464,0.05714285714285715,0.3333333333333333,0.5555555555555556,0.3333333333333333,0.6666666666666667,0.12195121951219512,0.0,0.0,0.22727272727272727,0.8,0.2,47,33,9,14,9
test_00015,primera_sentence,0.3829787234042553,0.1836734693877551,0.2482758620689655,0.14173228346456693,0.5151515151515151,0.26153846153846155,0.34693877551020413,0.20987654320987653,0.5555555555555556,0.22727272727272727,0.3225806451612903,0.19230769230769232,0.0,0.0,0.0,0.0,0.1111111111111111,0.038461538461538464,0.05714285714285715,0.3333333333333333,0.5555555555555556,0.3333333333333333,0.6666666666666667,0.12195121951219512,0.0,0.0,0.22727272727272727,0.8,0.2,47,33,9,14,9
test_00027,primera_exact,0.5918367346938775,0.11026615969581749,0.1858974358974359,0.10247349823321555,0.7,0.11475409836065574,0.1971830985915493,0.109375,0.16666666666666666,0.015151515151515152,0.027777777777777776,0.014084507042253521,0.0,0.0,0.0,0.0,0.0,0.0,0.0,0.14285714285714285,0.14285714285714285,0.14285714285714285,0.8571428571428572,0.058823529411764705,0.0,0.0,0.015151515151515152,0.16129032258064516,0.2,49,10,7,11,7
test_00027,primera_sentence,0.5918367346938775,0.11026615969581749,0.1858974358974359,0.10247349823321555,0.7,0.11475409836065574,0.1971830985915493,0.109375,0.16666666666666666,0.015151515151515152,0.027777777777777776,0.014084507042253521,0.0,0.0,0.0,0.0,0.0,0.0,0.0,0.14285714285714285,0.14285714285714285,0.14285714285714285,0.8571428571428572,0.058823529411764705,0.0,0.0,0.015151515151515152,0.16129032258064516,0.2,49,10,7,11,7
test_00039,primera_exact,0.4375,0.1206896551724138,0.1891891891891892,0.1044776119402985,0.6111111111111112,0.19298245614035087,0.29333333333333333,0.171875,0.3333333333333333,0.047619047619047616,0.08333333333333333,0.043478260869565216,0.3333333333333333,0.043478260869565216,0.07692307692307691,0.04,0.3333333333333333,0.043478260869565216,0.07692307692307691,0.3333333333333333,0.3333333333333333,0.3333333333333333,0.6666666666666667,0.11764705882352941,0.043478260869565216,0.04,0.047619047619047616,0.3,0.0,32,18,3,5,3
test_00039,primera_sentence,0.4375,0.1206896551724138,0.1891891891891892,0.1044776119402985,0.6111111111111112,0.19298245614035087,0.29333333333333333,0.171875,0.3333333333333333,0.047619047619047616,0.08333333333333333,0.043478260869565216,0.3333333333333333,0.043478260869565216,0.07692307692307691,0.04,0.3333333333333333,0.043478260869565216,0.07692307692307691,0.3333333333333333,0.3333333333333333,0.3333333333333333,0.6666666666666667,0.11764705882352941,0.043478260869565216,0.04,0.047619047619047616,0.3,0.0,32,18,3,5,3
test_00046,primera_exact,0.5,0.5,0.5,0.3333333333333333,0.7647058823529411,0.40625,0.5306122448979592,0.3611111111111111,0.3333333333333333,0.14285714285714285,0.2,0.1111111111111111,0.0,0.0,0.0,0.0,0.0,0.0,0.0,0.25,0.25,0.25,0.75,0.125,0.0,0.0,0.14285714285714285,1.3333333333333333,0.0,34,17,4,6,4
test_00046,primera_sentence,0.5,0.5,0.5,0.3333333333333333,0.7647058823529411,0.40625,0.5306122448979592,0.3611111111111111,0.3333333333333333,0.14285714285714285,0.2,0.1111111111111111,0.0,0.0,0.0,0.0,0.0,0.0,0.0,0.25,0.25,0.25,0.75,0.125,0.0,0.0,0.14285714285714285,1.3333333333333333,0.0,34,17,4,6,4
test_00058,primera_exact,0.38461538461538464,0.14285714285714285,0.20833333333333331,0.11627906976744186,0.6666666666666666,0.26666666666666666,0.3809523809523809,0.23529411764705882,0.3333333333333333,0.05263157894736842,0.09090909090909091,0.047619047619047616,0.3333333333333333,0.043478260869565216,0.07692307692307691,0.04,0.3333333333333333,0.043478260869565216,0.07692307692307691,0.3333333333333333,0.3333333333333333,0.3333333333333333,0.6666666666666667,0.08823529411764706,0.043478260869565216,0.04,0.05263157894736842,0.4,0.2,39,18,3,6,3
test_00058,primera_sentence,0.38461538461538464,0.14285714285714285,0.20833333333333331,0.11627906976744186,0.6666666666666666,0.26666666666666666,0.3809523809523809,0.23529411764705882,0.3333333333333333,0.05263157894736842,0.09090909090909091,0.047619047619047616,0.3333333333333333,0.043478260869565216,0.07692307692307691,0.04,0.3333333333333333,0.043478260869565216,0.07692307692307691,0.3333333333333333,0.3333333333333333,0.3333333333333333,0.6666666666666667,0.08823529411764706,0.043478260869565216,0.04,0.05263157894736842,0.4,0.2,39,18,3,6,3
test_00062,primera_exact,0.6097560975609756,0.4098360655737705,0.4901960784313726,0.3246753246753247,0.5714285714285714,0.3333333333333333,0.4210526315789474,0.26666666666666666,0.5,0.16666666666666666,0.25,0.14285714285714285,0.5,0.16666666666666666,0.25,0.14285714285714285,0.5,0.16666666666666666,0.25,0.5,0.5,0.5,0.5,0.16666666666666666,0.16666666666666666,0.14285714285714285,0.16666666666666666,1.0,0.2,41,14,2,4,2
test_00062,primera_sentence,0.6097560975609756,0.4098360655737705,0.4901960784313726,0.3246753246753247,0.5714285714285714,0.3333333333333333,0.4210526315789474,0.26666666666666666,0.5,0.16666666666666666,0.25,0.14285714285714285,0.5,0.16666666666666666,0.25,0.14285714285714285,0.5,0.16666666666666666,0.25,0.5,0.5,0.5,0.5,0.16666666666666666,0.16666666666666666,0.14285714285714285,0.16666666666666666,1.0,0.2,41,14,2,4,2
test_00067,primera_exact,0.5952380952380952,0.2717391304347826,0.3731343283582089,0.22935779816513763,0.8461538461538461,0.2972972972972973,0.44000000000000006,0.28205128205128205,1.0,0.23076923076923078,0.375,0.23076923076923078,0.6666666666666666,0.1111111111111111,0.1904761904761905,0.10526315789473684,0.6666666666666666,0.1111111111111111,0.1904761904761905,1.0,1.0,1.0,0.0,0.17857142857142858,0.1111111111111111,0.10526315789473684,0.23076923076923078,0.2857142857142857,0.1,42,13,3,6,3
test_00067,primera_sentence,0.5952380952380952,0.2717391304347826,0.3731343283582089,0.22935779816513763,0.8461538461538461,0.2972972972972973,0.44000000000000006,0.28205128205128205,1.0,0.23076923076923078,0.375,0.23076923076923078,0.6666666666666666,0.1111111111111111,0.1904761904761905,0.10526315789473684,0.6666666666666666,0.1111111111111111,0.1904761904761905,1.0,1.0,1.0,0.0,0.17857142857142858,0.1111111111111111,0.10526315789473684,0.23076923076923078,0.2857142857142857,0.1,42,13,3,6,3
test_00091,primera_exact,0.8648648648648649,0.21768707482993196,0.34782608695652173,0.21052631578947367,0.9411764705882353,0.4444444444444444,0.6037735849056604,0.43243243243243246,1.0,0.1,0.18181818181818182,0.1,0.3333333333333333,0.03125,0.05714285714285714,0.029411764705882353,1.0,0.09375,0.17142857142857143,1.0,0.6666666666666666,0.6666666666666666,0.33333333333333337,0.07407407407407407,0.03125,0.029411764705882353,0.1,0.3333333333333333,0.1,37,17,3,6,3
test_00091,primera_sentence,0.8648648648648649,0.21768707482993196,0.34782608695652173,0.21052631578947367,0.9411764705882353,0.4444444444444444,0.6037735849056604,0.43243243243243246,1.0,0.1,0.18181818181818182,0.1,0.3333333333333333,0.03125,0.05714285714285714,0.029411764705882353,1.0,0.09375,0.17142857142857143,1.0,0.6666666666666666,0.6666666666666666,0.33333333333333337,0.07407407407407407,0.03125,0.029411764705882353,0.1,0.3333333333333333,0.1,37,17,3,6,3
test_00094,primera_exact,0.8275862068965517,0.09230769230769231,0.1660899653979239,0.09056603773584905,0.8333333333333334,0.14285714285714285,0.2439024390243902,0.1388888888888889,0.0,0.0,0.0,0.0,0.0,0.0,0.0,0.0,0.0,0.0,0.0,0.0,0.0,0.0,1.0,0.029411764705882353,0.0,0.0,0.0,0.09523809523809523,0.1,29,12,3,6,3
test_00094,primera_sentence,0.8275862068965517,0.09230769230769231,0.1660899653979239,0.09056603773584905,0.8333333333333334,0.14285714285714285,0.2439024390243902,0.1388888888888889,0.0,0.0,0.0,0.0,0.0,0.0,0.0,0.0,0.0,0.0,0.0,0.0,0.0,0.0,1.0,0.029411764705882353,0.0,0.0,0.0,0.09523809523809523,0.1,29,12,3,6,3
test_00096,primera_exact,0.4166666666666667,0.018518518518518517,0.035460992907801414,0.018050541516245487,0.75,0.05217391304347826,0.09756097560975609,0.05128205128205128,0.3333333333333333,0.014285714285714285,0.0273972602739726,0.013888888888888888,0.0,0.0,0.0,0.0,0.0,0.0,0.0,0.0,0.25,0.0,1.0,0.01020408163265306,0.0,0.0,0.014285714285714285,0.043478260869565216,0.0,12,8,4,7,4
test_00096,primera_sentence,0.4,0.014814814814814815,0.02857142857142857,0.014492753623188406,0.75,0.05217391304347826,0.09756097560975609,0.05128205128205128,0.0,0.0,0.0,0.0,0.0,0.0,0.0,0.0,0.0,0.0,0.0,0.0,0.0,0.0,1.0,0.0,0.0,0.0,0.0,0.043478260869565216,0.0,10,8,3,5,3
test_00104,primera_exact,0.5483870967741935,0.44155844155844154,0.4892086330935252,0.3238095238095238,0.6666666666666666,0.3,0.41379310344827586,0.2608695652173913,0.8333333333333334,0.2777777777777778,0.4166666666666667,0.2631578947368421,0.7142857142857143,0.25,0.37037037037037035,0.22727272727272727,0.7142857142857143,0.25,0.37037037037037035,0.8571428571428571,0.8571428571428571,0.8571428571428571,0.1428571428571429,0.3103448275862069,0.25,0.22727272727272727,0.2777777777777778,0.8,0.3,62,18,7,11,7
test_00104,primera_sentence,0.5483870967741935,0.44155844155844154,0.4892086330935252,0.3238095238095238,0.6666666666666666,0.3,0.41379310344827586,0.2608695652173913,0.8333333333333334,0.2777777777777778,0.4166666666666667,0.2631578947368421,0.7142857142857143,0.25,0.37037037037037035,0.22727272727272727,0.7142857142857143,0.25,0.37037037037037035,0.8571428571428571,0.8571428571428571,0.8571428571428571,0.1428571428571429,0.3103448275862069,0.25,0.22727272727272727,0.2777777777777778,0.8,0.3,62,18,7,11,7
test_00110,primera_exact,0.5428571428571428,0.17117117117117117,0.2602739726027397,0.14960629921259844,0.8235294117647058,0.3333333333333333,0.4745762711864407,0.3111111111111111,0.5,0.16666666666666666,0.25,0.14285714285714285,0.0,0.0,0.0,0.0,0.125,0.02857142857142857,0.04651162790697674,0.375,0.375,0.25,0.75,0.11538461538461539,0.0,0.0,0.16666666666666666,0.6666666666666666,0.2,35,17,8,14,8
test_00110,primera_sentence,0.5428571428571428,0.17117117117117117,0.2602739726027397,0.14960629921259844,0.8235294117647058,0.3333333333333333,0.4745762711864407,0.3111111111111111,0.5,0.16666666666666666,0.25,0.14285714285714285,0.0,0.0,0.0,0.0,0.125,0.02857142857142857,0.04651162790697674,0.375,0.375,0.25,0.75,0.11538461538461539,0.0,0.0,0.16666666666666666,0.6666666666666666,0.2,35,17,8,14,8
test_00112,primera_exact,0.6666666666666666,0.5833333333333334,0.6222222222222222,0.45161290322580644,1.0,0.35294117647058826,0.5217391304347826,0.35294117647058826,1.0,0.14285714285714285,0.25,0.14285714285714285,1.0,0.2222222222222222,0.3636363636363636,0.2222222222222222,1.0,0.2222222222222222,0.3636363636363636,1.0,1.0,1.0,0.0,0.26666666666666666,0.2222222222222222,0.2222222222222222,0.14285714285714285,0.6666666666666666,0.2,21,6,2,4,2
test_00112,primera_sentence,0.6666666666666666,0.5833333333333334,0.6222222222222222,0.45161290322580644,1.0,0.35294117647058826,0.5217391304347826,0.35294117647058826,1.0,0.14285714285714285,0.25,0.14285714285714285,1.0,0.2222222222222222,0.3636363636363636,0.2222222222222222,1.0,0.2222222222222222,0.3636363636363636,1.0,1.0,1.0,0.0,0.26666666666666666,0.2222222222222222,0.2222222222222222,0.14285714285714285,0.6666666666666666,0.2,21,6,2,4,2
test_00153,primera_exact,0.7727272727272727,0.03990610328638498,0.07589285714285714,0.03944315545243619,0.7,0.10606060606060606,0.18421052631578946,0.10144927536231885,0.6666666666666666,0.03278688524590164,0.0625,0.03225806451612903,0.0,0.0,0.0,0.0,0.25,0.012658227848101266,0.024096385542168672,0.5,0.25,0.25,0.75,0.02631578947368421,0.0,0.0,0.03278688524590164,0.15384615384615385,0.1,22,20,4,8,4
test_00153,primera_sentence,0.7727272727272727,0.03990610328638498,0.07589285714285714,0.03944315545243619,0.7,0.10606060606060606,0.18421052631578946,0.10144927536231885,0.6666666666666666,0.03278688524590164,0.0625,0.03225806451612903,0.0,0.0,0.0,0.0,0.25,0.012658227848101266,0.024096385542168672,0.5,0.25,0.25,0.75,0.02631578947368421,0.0,0.0,0.03278688524590164,0.15384615384615385,0.1,22,20,4,8,4
test_00155,primera_exact,0.6904761904761905,0.22137404580152673,0.3352601156069364,0.2013888888888889,0.7428571428571429,0.45614035087719296,0.5652173913043478,0.3939393939393939,1.0,0.2857142857142857,0.4444444444444445,0.2857142857142857,0.6666666666666666,0.12121212121212122,0.20512820512820512,0.11428571428571428,0.8333333333333334,0.15151515151515152,0.25641025641025644,1.0,1.0,1.0,0.0,0.14545454545454545,0.12121212121212122,0.11428571428571428,0.2857142857142857,0.6,0.3,42,35,6,10,6
test_00155,primera_sentence,0.6904761904761905,0.22137404580152673,0.3352601156069364,0.2013888888888889,0.7428571428571429,0.45614035087719296,0.5652173913043478,0.3939393939393939,1.0,0.2857142857142857,0.4444444444444445,0.2857142857142857,0.6666666666666666,0.12121212121212122,0.20512820512820512,0.11428571428571428,0.8333333333333334,0.15151515151515152,0.25641025641025644,1.0,1.0,1.0,0.0,0.14545454545454545,0.12121212121212122,0.11428571428571428,0.2857142857142857,0.6,0.3,42,35,6,10,6
test_00210,primera_exact,0.6428571428571429,0.54,0.5869565217391305,0.4153846153846154,0.75,0.3333333333333333,0.46153846153846156,0.3,1.0,0.5555555555555556,0.7142857142857143,0.5555555555555556,0.0,0.0,0.0,0.0,0.0,0.0,0.0,0.2,0.8,0.0,1.0,0.1875,0.0,0.0,0.5555555555555556,1.0,0.3,42,8,5,9,5
test_00210,primera_sentence,0.6428571428571429,0.54,0.5869565217391305,0.4153846153846154,0.75,0.3333333333333333,0.46153846153846156,0.3,1.0,0.5555555555555556,0.7142857142857143,0.5555555555555556,0.0,0.0,0.0,0.0,0.0,0.0,0.0,0.2,0.8,0.0,1.0,0.1875,0.0,0.0,0.5555555555555556,1.0,0.3,42,8,5,9,5
test_00217,primera_exact,0.3,0.02786377708978328,0.0509915014164306,0.02616279069767442,0.6129032258064516,0.13380281690140844,0.21965317919075145,0.12337662337662338,0.3333333333333333,0.03125,0.05714285714285714,0.029411764705882353,0.0,0.0,0.0,0.0,0.16666666666666666,0.011904761904761904,0.022222222222222223,0.3333333333333333,0.3333333333333333,0.3333333333333333,0.6666666666666667,0.008849557522123894,0.0,0.0,0.03125,0.13636363636363635,0.1,30,31,6,11,6
test_00217,primera_sentence,0.3,0.02786377708978328,0.0509915014164306,0.02616279069767442,0.6129032258064516,0.13380281690140844,0.21965317919075145,0.12337662337662338,0.3333333333333333,0.03125,0.05714285714285714,0.029411764705882353,0.0,0.0,0.0,0.0,0.16666666666666666,0.011904761904761904,0.022222222222222223,0.3333333333333333,0.3333333333333333,0.3333333333333333,0.6666666666666667,0.008849557522123894,0.0,0.0,0.03125,0.13636363636363635,0.1,30,31,6,11,6
test_00223,primera_exact,0.34615384615384615,0.022556390977443608,0.042352941176470586,0.021634615384615384,0.5,0.05504587155963303,0.09917355371900827,0.05217391304347826,0.3333333333333333,0.04918032786885246,0.0857142857142857,0.04477611940298507,0.0,0.0,0.0,0.0,0.0,0.0,0.0,0.4,0.4,0.3,0.7,0.009708737864077669,0.0,0.0,0.04918032786885246,0.2727272727272727,0.1,26,12,10,14,10
test_00223,primera_sentence,0.2727272727272727,0.015037593984962405,0.02850356294536817,0.014457831325301205,0.5,0.05504587155963303,0.09917355371900827,0.05217391304347826,0.5,0.04918032786885246,0.08955223880597014,0.046875,0.0,0.0,0.0,0.0,0.0,0.0,0.0,0.5714285714285714,0.5714285714285714,0.42857142857142855,0.5714285714285714,0.009708737864077669,0.0,0.0,0.04918032786885246,0.18181818181818182,0.1,22,12,7,11,7
test_00226,primera_exact,0.7169811320754716,0.04767879548306148,0.08941176470588234,0.046798029556650245,0.65,0.04924242424242424,0.09154929577464789,0.04797047970479705,0.8,0.032520325203252036,0.06250000000000001,0.03225806451612903,0.3333333333333333,0.009259259259259259,0.018018018018018018,0.00909090909090909,0.5,0.013888888888888888,0.02702702702702703,0.8333333333333334,0.6666666666666666,0.6666666666666666,0.33333333333333337,0.014285714285714285,0.009259259259259259,0.00909090909090909,0.032520325203252036,0.047619047619047616,0.2,53,20,6,9,6
test_00226,primera_sentence,0.7169811320754716,0.04767879548306148,0.08941176470588234,0.046798029556650245,0.65,0.04924242424242424,0.09154929577464789,0.04797047970479705,0.8,0.032520325203252036,0.06250000000000001,0.03225806451612903,0.3333333333333333,0.009259259259259259,0.018018018018018018,0.00909090909090909,0.5,0.013888888888888888,0.02702702702702703,0.8333333333333334,0.6666666666666666,0.6666666666666666,0.33333333333333337,0.014285714285714285,0.009259259259259259,0.00909090909090909,0.032520325203252036,0.047619047619047616,0.2,53,20,6,9,6
test_00228,primera_exact,0.7391304347826086,0.04722222222222222,0.08877284595300261,0.04644808743169399,0.9,0.05806451612903226,0.10909090909090909,0.057692307692307696,0.0,0.0,0.0,0.0,0.0,0.0,0.0,0.0,0.0,0.0,0.0,0.0,0.0,0.0,1.0,0.01904761904761905,0.0,0.0,0.0,0.12,0.0,23,10,2,3,2
test_00228,primera_sentence,0.7391304347826086,0.04722222222222222,0.08877284595300261,0.04644808743169399,0.9,0.05806451612903226,0.10909090909090909,0.057692307692307696,0.0,0.0,0.0,0.0,0.0,0.0,0.0,0.0,0.0,0.0,0.0,0.0,0.0,0.0,1.0,0.01904761904761905,0.0,0.0,0.0,0.12,0.0,23,10,2,3,2
test_00239,primera_exact,0.0,0.0,0.0,0.0,0.06666666666666667,0.043478260869565216,0.052631578947368425,0.02702702702702703,0.0,0.0,0.0,0.0,0.0,0.0,0.0,0.0,0.0,0.0,0.0,0.0,0.0,0.0,1.0,0.03225806451612903,0.0,0.0,0.0,0.6,0.0,29,15,7,13,7
test_00239,primera_sentence,0.0,0.0,0.0,0.0,0.06666666666666667,0.043478260869565216,0.052631578947368425,0.02702702702702703,0.0,0.0,0.0,0.0,0.0,0.0,0.0,0.0,0.0,0.0,0.0,0.0,0.0,0.0,1.0,0.03225806451612903,0.0,0.0,0.0,0.4,0.0,28,15,6,12,6
test_00242,primera_exact,0.8333333333333334,0.091324200913242,0.16460905349794236,0.08968609865470852,0.9285714285714286,0.14444444444444443,0.25,0.14285714285714285,0.4,0.03125,0.057971014492753624,0.029850746268656716,0.2857142857142857,0.018691588785046728,0.03508771929824561,0.017857142857142856,0.2857142857142857,0.018691588785046728,0.03508771929824561,0.42857142857142855,0.42857142857142855,0.42857142857142855,0.5714285714285714,0.046875,0.018691588785046728,0.017857142857142856,0.03125,0.15384615384615385,0.0,24,14,7,8,7
test_00242,primera_sentence,0.8333333333333334,0.091324200913242,0.16460905349794236,0.08968609865470852,0.9285714285714286,0.14444444444444443,0.25,0.14285714285714285,0.4,0.03125,0.057971014492753624,0.029850746268656716,0.2857142857142857,0.018691588785046728,0.03508771929824561,0.017857142857142856,0.2857142857142857,0.018691588785046728,0.03508771929824561,0.42857142857142855,0.42857142857142855,0.42857142857142855,0.5714285714285714,0.046875,0.018691588785046728,0.017857142857142856,0.03125,0.15384615384615385,0.0,24,14,7,8,7
test_00267,primera_exact,0.9,0.06896551724137931,0.12811387900355872,0.06844106463878327,0.875,0.1414141414141414,0.2434782608695652,0.13861386138613863,0.6,0.046875,0.08695652173913043,0.045454545454545456,0.0,0.0,0.0,0.0,0.0,0.0,0.0,0.375,0.375,0.125,0.875,0.04807692307692308,0.0,0.0,0.046875,0.13725490196078433,0.2,20,16,8,10,8
test_00267,primera_sentence,0.9,0.06896551724137931,0.12811387900355872,0.06844106463878327,0.875,0.1414141414141414,0.2434782608695652,0.13861386138613863,0.6,0.046875,0.08695652173913043,0.045454545454545456,0.0,0.0,0.0,0.0,0.0,0.0,0.0,0.375,0.375,0.125,0.875,0.04807692307692308,0.0,0.0,0.046875,0.13725490196078433,0.2,20,16,8,10,8
test_00268,primera_exact,0.6730769230769231,0.25547445255474455,0.3703703703703704,0.22727272727272727,0.8461538461538461,0.34375,0.4888888888888889,0.3235294117647059,0.625,0.22727272727272727,0.3333333333333333,0.2,0.2,0.06451612903225806,0.0975609756097561,0.05128205128205128,0.4,0.12903225806451613,0.1951219512195122,0.4,0.6,0.4,0.6,0.15555555555555556,0.06451612903225806,0.05128205128205128,0.22727272727272727,0.5714285714285714,0.3,52,26,10,17,10
test_00268,primera_sentence,0.6730769230769231,0.25547445255474455,0.3703703703703704,0.22727272727272727,0.8461538461538461,0.34375,0.4888888888888889,0.3235294117647059,0.625,0.22727272727272727,0.3333333333333333,0.2,0.2,0.06451612903225806,0.0975609756097561,0.05128205128205128,0.4,0.12903225806451613,0.1951219512195122,0.4,0.6,0.4,0.6,0.15555555555555556,0.06451612903225806,0.05128205128205128,0.22727272727272727,0.5714285714285714,0.3,52,26,10,17,10
test_00279,primera_exact,0.5172413793103449,0.189873417721519,0.2777777777777778,0.16129032258064516,0.625,0.30303030303030304,0.40816326530612246,0.2564102564102564,0.0,0.0,0.0,0.0,0.0,0.0,0.0,0.0,0.0,0.0,0.0,0.0,0.0,0.0,1.0,0.08,0.0,0.0,0.0,0.5,0.0,29,16,3,5,3
test_00279,primera_sentence,0.5172413793103449,0.189873417721519,0.2777777777777778,0.16129032258064516,0.625,0.30303030303030304,0.40816326530612246,0.2564102564102564,0.0,0.0,0.0,0.0,0.0,0.0,0.0,0.0,0.0,0.0,0.0,0.0,0.0,0.0,1.0,0.08,0.0,0.0,0.0,0.5,0.0,29,16,3,5,3
test_00286,primera_exact,0.6037735849056604,0.14479638009049775,0.23357664233576644,0.1322314049586777,0.5882352941176471,0.24691358024691357,0.34782608695652173,0.21052631578947367,0.6666666666666666,0.21428571428571427,0.3243243243243243,0.1935483870967742,0.6666666666666666,0.11320754716981132,0.1935483870967742,0.10714285714285714,0.6666666666666666,0.11320754716981132,0.1935483870967742,0.6666666666666666,0.6666666666666666,0.6666666666666666,0.33333333333333337,0.13924050632911392,0.11320754716981132,0.10714285714285714,0.21428571428571427,0.6,0.1,53,34,9,15,9
test_00286,primera_sentence,0.6037735849056604,0.14479638009049775,0.23357664233576644,0.1322314049586777,0.5882352941176471,0.24691358024691357,0.34782608695652173,0.21052631578947367,0.6666666666666666,0.21428571428571427,0.3243243243243243,0.1935483870967742,0.6666666666666666,0.11320754716981132,0.1935483870967742,0.10714285714285714,0.6666666666666666,0.11320754716981132,0.1935483870967742,0.6666666666666666,0.6666666666666666,0.6666666666666666,0.33333333333333337,0.13924050632911392,0.11320754716981132,0.10714285714285714,0.21428571428571427,0.6,0.1,53,34,9,15,9
test_00292,primera_exact,0.7941176470588235,0.17419354838709677,0.28571428571428575,0.16666666666666666,0.7857142857142857,0.13924050632911392,0.23655913978494622,0.13414634146341464,0.8,0.125,0.21621621621621623,0.12121212121212122,0.6,0.075,0.13333333333333333,0.07142857142857142,0.6,0.075,0.13333333333333333,0.8,0.8,0.8,0.19999999999999996,0.09375,0.075,0.07142857142857142,0.125,0.5,0.2,34,14,5,9,5
test_00292,primera_sentence,0.7941176470588235,0.17419354838709677,0.28571428571428575,0.16666666666666666,0.7857142857142857,0.13924050632911392,0.23655913978494622,0.13414634146341464,0.8,0.125,0.21621621621621623,0.12121212121212122,0.6,0.075,0.13333333333333333,0.07142857142857142,0.6,0.075,0.13333333333333333,0.8,0.8,0.8,0.19999999999999996,0.09375,0.075,0.07142857142857142,0.125,0.5,0.2,34,14,5,9,5
test_00297,primera_exact,0.6944444444444444,0.1152073732718894,0.1976284584980237,0.10964912280701754,0.6923076923076923,0.06870229007633588,0.125,0.06666666666666667,1.0,0.024390243902439025,0.047619047619047616,0.024390243902439025,1.0,0.01639344262295082,0.03225806451612903,0.01639344262295082,1.0,0.01639344262295082,0.03225806451612903,1.0,1.0,1.0,0.0,0.023529411764705882,0.01639344262295082,0.01639344262295082,0.024390243902439025,0.2,0.0,36,13,1,2,1
test_00297,primera_sentence,0.6944444444444444,0.1152073732718894,0.1976284584980237,0.10964912280701754,0.6923076923076923,0.06870229007633588,0.125,0.06666666666666667,1.0,0.024390243902439025,0.047619047619047616,0.024390243902439025,1.0,0.01639344262295082,0.03225806451612903,0.01639344262295082,1.0,0.01639344262295082,0.03225806451612903,1.0,1.0,1.0,0.0,0.023529411764705882,0.01639344262295082,0.01639344262295082,0.024390243902439025,0.2,0.0,36,13,1,2,1
test_00302,primera_exact,0.6666666666666666,0.4838709677419355,0.5607476635514019,0.38961038961038963,0.64,0.6956521739130435,0.6666666666666666,0.5,0.6,0.42857142857142855,0.5,0.3333333333333333,0.16666666666666666,0.125,0.14285714285714288,0.07692307692307693,0.3333333333333333,0.25,0.28571428571428575,0.5,0.3333333333333333,0.3333333333333333,0.6666666666666667,0.21428571428571427,0.125,0.07692307692307693,0.42857142857142855,1.0,0.1,45,25,6,10,6
test_00302,primera_sentence,0.6666666666666666,0.4838709677419355,0.5607476635514019,0.38961038961038963,0.64,0.6956521739130435,0.6666666666666666,0.5,0.6,0.42857142857142855,0.5,0.3333333333333333,0.16666666666666666,0.125,0.14285714285714288,0.07692307692307693,0.3333333333333333,0.25,0.28571428571428575,0.5,0.3333333333333333,0.3333333333333333,0.6666666666666667,0.21428571428571427,0.125,0.07692307692307693,0.42857142857142855,1.0,0.1,45,25,6,10,6
test_00314,primera_exact,0.5869565217391305,0.0944055944055944,0.16265060240963855,0.08852459016393442,0.5,0.08045977011494253,0.1386138613861386,0.07446808510638298,0.125,0.015625,0.027777777777777776,0.014084507042253521,0.0,0.0,0.0,0.0,0.0,0.0,0.0,0.2222222222222222,0.2222222222222222,0.2222222222222222,0.7777777777777778,0.03125,0.0,0.0,0.015625,0.0967741935483871,0.2,46,14,9,15,9
test_00314,primera_sentence,0.5869565217391305,0.0944055944055944,0.16265060240963855,0.08852459016393442,0.5,0.08045977011494253,0.1386138613861386,0.07446808510638298,0.125,0.015625,0.027777777777777776,0.014084507042253521,0.0,0.0,0.0,0.0,0.0,0.0,0.0,0.2222222222222222,0.2222222222222222,0.2222222222222222,0.7777777777777778,0.03125,0.0,0.0,0.015625,0.0967741935483871,0.2,46,14,9,15,9
test_00318,primera_exact,0.8,0.1652892561983471,0.273972602739726,0.15873015873015872,0.9,0.20930232558139536,0.339622641509434,0.20454545454545456,1.0,0.08,0.14814814814814814,0.08,0.6666666666666666,0.06451612903225806,0.1176470588235294,0.0625,0.6666666666666666,0.06451612903225806,0.1176470588235294,0.6666666666666666,1.0,0.6666666666666666,0.33333333333333337,0.0851063829787234,0.06451612903225806,0.0625,0.08,0.3333333333333333,0.0,25,10,3,5,3
test_00318,primera_sentence,0.8,0.1652892561983471,0.273972602739726,0.15873015873015872,0.9,0.20930232558139536,0.339622641509434,0.20454545454545456,1.0,0.08,0.14814814814814814,0.08,0.6666666666666666,0.06451612903225806,0.1176470588235294,0.0625,0.6666666666666666,0.06451612903225806,0.1176470588235294,0.6666666666666666,1.0,0.6666666666666666,0.33333333333333337,0.0851063829787234,0.06451612903225806,0.0625,0.08,0.3333333333333333,0.0,25,10,3,5,3
test_00319,primera_exact,0.6792452830188679,0.1565217391304348,0.2544169611307421,0.145748987854251,0.5,0.13513513513513514,0.21276595744680854,0.11904761904761904,1.0,0.16666666666666666,0.2857142857142857,0.16666666666666666,0.25,0.02702702702702703,0.04878048780487805,0.025,0.25,0.02702702702702703,0.04878048780487805,1.0,1.0,1.0,0.0,0.10344827586206896,0.02702702702702703,0.025,0.16666666666666666,0.5,0.1,53,20,4,7,4
test_00319,primera_sentence,0.6792452830188679,0.1565217391304348,0.2544169611307421,0.145748987854251,0.5,0.13513513513513514,0.21276595744680854,0.11904761904761904,1.0,0.16666666666666666,0.2857142857142857,0.16666666666666666,0.25,0.02702702702702703,0.04878048780487805,0.025,0.25,0.02702702702702703,0.04878048780487805,1.0,1.0,1.0,0.0,0.10344827586206896,0.02702702702702703,0.025,0.16666666666666666,0.5,0.1,53,20,4,7,4
test_00328,primera_exact,0.5,0.22297297297297297,0.308411214953271,0.18232044198895028,0.6875,0.21153846153846154,0.3235294117647059,0.19298245614035087,0.8571428571428571,0.2222222222222222,0.35294117647058826,0.21428571428571427,0.7142857142857143,0.1724137931034483,0.2777777777777778,0.16129032258064516,0.7142857142857143,0.1724137931034483,0.2777777777777778,0.8571428571428571,0.8571428571428571,0.8571428571428571,0.1428571428571429,0.22916666666666666,0.1724137931034483,0.16129032258064516,0.2222222222222222,0.6,0.2,66,16,7,13,7
test_00328,primera_sentence,0.5,0.22297297297297297,0.308411214953271,0.18232044198895028,0.6875,0.21153846153846154,0.3235294117647059,0.19298245614035087,0.8571428571428571,0.2222222222222222,0.35294117647058826,0.21428571428571427,0.7142857142857143,0.1724137931034483,0.2777777777777778,0.16129032258064516,0.7142857142857143,0.1724137931034483,0.2777777777777778,0.8571428571428571,0.8571428571428571,0.8571428571428571,0.1428571428571429,0.22916666666666666,0.1724137931034483,0.16129032258064516,0.2222222222222222,0.6,0.2,66,16,7,13,7
test_00333,primera_exact,0.5714285714285714,0.27906976744186046,0.37499999999999994,0.23076923076923078,0.5238095238095238,0.4074074074074074,0.4583333333333333,0.2972972972972973,0.3333333333333333,0.09090909090909091,0.14285714285714288,0.07692307692307693,0.0,0.0,0.0,0.0,0.0,0.0,0.0,0.3333333333333333,0.0,0.0,1.0,0.0,0.0,0.0,0.09090909090909091,0.75,0.0,42,21,3,5,3
test_00333,primera_sentence,0.5714285714285714,0.27906976744186046,0.37499999999999994,0.23076923076923078,0.5238095238095238,0.4074074074074074,0.4583333333333333,0.2972972972972973,0.3333333333333333,0.09090909090909091,0.14285714285714288,0.07692307692307693,0.0,0.0,0.0,0.0,0.0,0.0,0.0,0.3333333333333333,0.0,0.0,1.0,0.0,0.0,0.0,0.09090909090909091,0.75,0.0,42,21,3,5,3
test_00363,primera_exact,0.6129032258064516,0.7037037037037037,0.6551724137931035,0.48717948717948717,0.8,0.8421052631578947,0.8205128205128205,0.6956521739130435,1.0,1.0,1.0,1.0,0.0,0.0,0.0,0.0,1.0,1.0,1.0,1.0,1.0,1.0,0.0,0.5,0.0,0.0,1.0,1.0,0.5,31,20,1,2,1
test_00363,primera_sentence,0.6129032258064516,0.7037037037037037,0.6551724137931035,0.48717948717948717,0.8,0.8421052631578947,0.8205128205128205,0.6956521739130435,1.0,1.0,1.0,1.0,0.0,0.0,0.0,0.0,1.0,1.0,1.0,1.0,1.0,1.0,0.0,0.5,0.0,0.0,1.0,1.0,0.5,31,20,1,2,1
test_00367,primera_exact,0.7254901960784313,0.2890625,0.41340782122905023,0.2605633802816901,0.5789473684210527,0.1896551724137931,0.2857142857142857,0.16666666666666666,0.3333333333333333,0.043478260869565216,0.07692307692307691,0.04,0.3333333333333333,0.037037037037037035,0.06666666666666667,0.034482758620689655,0.3333333333333333,0.037037037037037035,0.06666666666666667,0.3333333333333333,0.3333333333333333,0.3333333333333333,0.6666666666666667,0.04878048780487805,0.037037037037037035,0.034482758620689655,0.043478260869565216,0.6,0.0,51,19,3,5,3
test_00367,primera_sentence,0.7254901960784313,0.2890625,0.41340782122905023,0.2605633802816901,0.5789473684210527,0.1896551724137931,0.2857142857142857,0.16666666666666666,0.3333333333333333,0.043478260869565216,0.07692307692307691,0.04,0.3333333333333333,0.037037037037037035,0.06666666666666667,0.034482758620689655,0.3333333333333333,0.037037037037037035,0.06666666666666667,0.3333333333333333,0.3333333333333333,0.3333333333333333,0.6666666666666667,0.04878048780487805,0.037037037037037035,0.034482758620689655,0.043478260869565216,0.6,0.0,51,19,3,5,3
test_00371,primera_exact,0.7931034482758621,0.115,0.20087336244541487,0.11165048543689321,0.8666666666666667,0.15853658536585366,0.2680412371134021,0.15476190476190477,0.6666666666666666,0.09523809523809523,0.16666666666666666,0.09090909090909091,0.3333333333333333,0.037037037037037035,0.06666666666666667,0.034482758620689655,0.3333333333333333,0.037037037037037035,0.06666666666666667,0.6666666666666666,0.3333333333333333,0.3333333333333333,0.6666666666666667,0.060240963855421686,0.037037037037037035,0.034482758620689655,0.09523809523809523,0.42857142857142855,0.0,29,15,6,9,6
test_00371,primera_sentence,0.7692307692307693,0.1,0.17699115044247787,0.0970873786407767,0.8571428571428571,0.14634146341463414,0.25,0.14285714285714285,0.5,0.047619047619047616,0.08695652173913042,0.045454545454545456,0.25,0.018518518518518517,0.034482758620689655,0.017543859649122806,0.25,0.018518518518518517,0.034482758620689655,0.5,0.25,0.25,0.75,0.03614457831325301,0.018518518518518517,0.017543859649122806,0.047619047619047616,0.42857142857142855,0.0,26,14,4,6,4
test_00393,primera_exact,0.6785714285714286,0.08016877637130802,0.14339622641509434,0.07723577235772358,0.8260869565217391,0.16964285714285715,0.2814814814814815,0.16379310344827586,0.2,0.022727272727272728,0.04081632653061225,0.020833333333333332,0.0,0.0,0.0,0.0,0.0,0.0,0.0,0.2,0.2,0.2,0.8,0.0,0.0,0.0,0.022727272727272728,0.1,0.0,28,23,5,7,5
test_00393,primera_sentence,0.6785714285714286,0.08016877637130802,0.14339622641509434,0.07723577235772358,0.8260869565217391,0.16964285714285715,0.2814814814814815,0.16379310344827586,0.2,0.022727272727272728,0.04081632653061225,0.020833333333333332,0.0,0.0,0.0,0.0,0.0,0.0,0.0,0.2,0.2,0.2,0.8,0.0,0.0,0.0,0.022727272727272728,0.1,0.0,28,23,5,7,5
test_00398,primera_exact,0.696969696969697,0.04380952380952381,0.08243727598566308,0.04299065420560748,0.9230769230769231,0.08571428571428572,0.15686274509803924,0.0851063829787234,0.6666666666666666,0.019801980198019802,0.038461538461538464,0.0196078431372549,0.0,0.0,0.0,0.0,0.0,0.0,0.0,0.3333333333333333,0.3333333333333333,0.3333333333333333,0.6666666666666667,0.011299435028248588,0.0,0.0,0.019801980198019802,0.03773584905660377,0.1,33,13,3,6,3
test_00398,primera_sentence,0.696969696969697,0.04380952380952381,0.08243727598566308,0.04299065420560748,0.9230769230769231,0.08571428571428572,0.15686274509803924,0.0851063829787234,0.6666666666666666,0.019801980198019802,0.038461538461538464,0.0196078431372549,0.0,0.0,0.0,0.0,0.0,0.0,0.0,0.3333333333333333,0.3333333333333333,0.3333333333333333,0.6666666666666667,0.011299435028248588,0.0,0.0,0.019801980198019802,0.03773584905660377,0.1,33,13,3,6,3
test_00403,primera_exact,0.5555555555555556,0.14285714285714285,0.22727272727272727,0.1282051282051282,0.68,0.34,0.4533333333333334,0.29310344827586204,0.4,0.08333333333333333,0.13793103448275862,0.07407407407407407,0.0,0.0,0.0,0.0,0.0,0.0,0.0,0.1,0.4,0.1,0.9,0.08333333333333333,0.0,0.0,0.08333333333333333,1.0,0.1,45,25,10,17,10
test_00403,primera_sentence,0.5555555555555556,0.14285714285714285,0.22727272727272727,0.1282051282051282,0.68,0.34,0.4533333333333334,0.29310344827586204,0.4,0.08333333333333333,0.13793103448275862,0.07407407407407407,0.0,0.0,0.0,0.0,0.0,0.0,0.0,0.1,0.4,0.1,0.9,0.08333333333333333,0.0,0.0,0.08333333333333333,1.0,0.1,45,25,10,17,10
test_00408,primera_exact,0.48717948717948717,0.07142857142857142,0.1245901639344262,0.06643356643356643,0.7142857142857143,0.09202453987730061,0.16304347826086954,0.08875739644970414,1.0,0.10526315789473684,0.1904761904761905,0.10526315789473684,0.6666666666666666,0.05405405405405406,0.1,0.05263157894736842,1.0,0.08108108108108109,0.15,0.8333333333333334,1.0,0.8333333333333334,0.16666666666666663,0.07291666666666667,0.05405405405405406,0.05263157894736842,0.10526315789473684,0.13636363636363635,0.2,39,21,6,10,6
test_00408,primera_sentence,0.48717948717948717,0.07142857142857142,0.1245901639344262,0.06643356643356643,0.7142857142857143,0.09202453987730061,0.16304347826086954,0.08875739644970414,1.0,0.10526315789473684,0.1904761904761905,0.10526315789473684,0.6666666666666666,0.05405405405405406,0.1,0.05263157894736842,1.0,0.08108108108108109,0.15,0.8333333333333334,1.0,0.8333333333333334,0.16666666666666663,0.07291666666666667,0.05405405405405406,0.05263157894736842,0.10526315789473684,0.13636363636363635,0.2,39,21,6,10,6
test_00418,primera_exact,0.75,0.18421052631578946,0.2957746478873239,0.17355371900826447,1.0,0.23684210526315788,0.38297872340425526,0.23684210526315788,0.4,0.14285714285714285,0.21052631578947364,0.11764705882352941,0.2,0.05555555555555555,0.08695652173913045,0.045454545454545456,0.2,0.05555555555555555,0.08695652173913045,0.2,0.4,0.2,0.8,0.0967741935483871,0.05555555555555555,0.045454545454545456,0.14285714285714285,0.6,0.1,28,9,5,9,5
test_00418,primera_sentence,0.75,0.18421052631578946,0.2957746478873239,0.17355371900826447,1.0,0.23684210526315788,0.38297872340425526,0.23684210526315788,0.4,0.14285714285714285,0.21052631578947364,0.11764705882352941,0.2,0.05555555555555555,0.08695652173913045,0.045454545454545456,0.2,0.05555555555555555,0.08695652173913045,0.2,0.4,0.2,0.8,0.0967741935483871,0.05555555555555555,0.045454545454545456,0.14285714285714285,0.6,0.1,28,9,5,9,5
test_00433,primera_exact,0.3111111111111111,0.14893617021276595,0.2014388489208633,0.112,0.375,0.10909090909090909,0.16901408450704225,0.09230769230769231,0.2222222222222222,0.1111111111111111,0.14814814814814814,0.08,0.0,0.0,0.0,0.0,0.0,0.0,0.0,0.1,0.1,0.0,1.0,0.058823529411764705,0.0,0.0,0.1111111111111111,1.25,0.1,45,16,10,15,10
test_00433,primera_sentence,0.30952380952380953,0.13829787234042554,0.19117647058823528,0.10569105691056911,0.4,0.10909090909090909,0.17142857142857143,0.09375,0.25,0.1111111111111111,0.15384615384615383,0.08333333333333333,0.0,0.0,0.0,0.0,0.0,0.0,0.0,0.125,0.125,0.0,1.0,0.058823529411764705,0.0,0.0,0.1111111111111111,1.25,0.2,42,15,8,12,8
test_00439,primera_exact,0.9428571428571428,0.14732142857142858,0.25482625482625487,0.14601769911504425,0.92,0.27380952380952384,0.4220183486238533,0.26744186046511625,1.0,0.09375,0.17142857142857143,0.09375,1.0,0.0975609756097561,0.17777777777777776,0.0975609756097561,1.0,0.0975609756097561,0.17777777777777776,1.0,1.0,1.0,0.0,0.09230769230769231,0.0975609756097561,0.0975609756097561,0.09375,0.5714285714285714,0.2,35,25,4,6,4
test_00439,primera_sentence,0.9428571428571428,0.14732142857142858,0.25482625482625487,0.14601769911504425,0.92,0.27380952380952384,0.4220183486238533,0.26744186046511625,1.0,0.09375,0.17142857142857143,0.09375,1.0,0.0975609756097561,0.17777777777777776,0.0975609756097561,1.0,0.0975609756097561,0.17777777777777776,1.0,1.0,1.0,0.0,0.09230769230769231,0.0975609756097561,0.0975609756097561,0.09375,0.5714285714285714,0.2,35,25,4,6,4
test_00461,primera_exact,0.8333333333333334,0.12396694214876033,0.2158273381294964,0.12096774193548387,0.5714285714285714,0.07142857142857142,0.12698412698412698,0.06779661016949153,1.0,0.08823529411764706,0.1621621621621622,0.08823529411764706,0.3333333333333333,0.02564102564102564,0.047619047619047616,0.024390243902439025,0.3333333333333333,0.02564102564102564,0.047619047619047616,0.3333333333333333,1.0,0.3333333333333333,0.6666666666666667,0.05172413793103448,0.02564102564102564,0.024390243902439025,0.08823529411764706,0.2727272727272727,0.0,18,7,3,5,3
test_00461,primera_sentence,0.8333333333333334,0.12396694214876033,0.2158273381294964,0.12096774193548387,0.5714285714285714,0.07142857142857142,0.12698412698412698,0.06779661016949153,1.0,0.08823529411764706,0.1621621621621622,0.08823529411764706,0.3333333333333333,0.02564102564102564,0.047619047619047616,0.024390243902439025,0.3333333333333333,0.02564102564102564,0.047619047619047616,0.3333333333333333,1.0,0.3333333333333333,0.6666666666666667,0.05172413793103448,0.02564102564102564,0.024390243902439025,0.08823529411764706,0.2727272727272727,0.0,18,7,3,5,3
test_00462,primera_exact,0.5454545454545454,0.022900763358778626,0.04395604395604395,0.02247191011235955,0.7619047619047619,0.0935672514619883,0.16666666666666666,0.09090909090909091,0.5,0.009900990099009901,0.019417475728155338,0.00980392156862745,0.0,0.0,0.0,0.0,0.0,0.0,0.0,0.0,0.5,0.0,1.0,0.0,0.0,0.0,0.009900990099009901,0.04878048780487805,0.0,22,21,2,4,2
test_00462,primera_sentence,0.5454545454545454,0.022900763358778626,0.04395604395604395,0.02247191011235955,0.7619047619047619,0.0935672514619883,0.16666666666666666,0.09090909090909091,0.5,0.009900990099009901,0.019417475728155338,0.00980392156862745,0.0,0.0,0.0,0.0,0.0,0.0,0.0,0.0,0.5,0.0,1.0,0.0,0.0,0.0,0.009900990099009901,0.04878048780487805,0.0,22,21,2,4,2
test_00480,primera_exact,0.9487179487179487,0.09814323607427056,0.17788461538461542,0.09762532981530343,0.9,0.07894736842105263,0.14516129032258063,0.0782608695652174,1.0,0.078125,0.14492753623188406,0.078125,0.8,0.05128205128205128,0.09638554216867469,0.05063291139240506,0.8,0.05128205128205128,0.09638554216867469,1.0,1.0,1.0,0.0,0.07758620689655173,0.05128205128205128,0.05063291139240506,0.078125,0.16666666666666666,0.2,39,10,5,10,5
test_00480,primera_sentence,0.9487179487179487,0.09814323607427056,0.17788461538461542,0.09762532981530343,0.9,0.07894736842105263,0.14516129032258063,0.0782608695652174,1.0,0.078125,0.14492753623188406,0.078125,0.8,0.05128205128205128,0.09638554216867469,0.05063291139240506,0.8,0.05128205128205128,0.09638554216867469,1.0,1.0,1.0,0.0,0.07758620689655173,0.05128205128205128,0.05063291139240506,0.078125,0.16666666666666666,0.2,39,10,5,10,5
test_00492,primera_exact,0.6923076923076923,0.15,0.2465753424657534,0.140625,0.9,0.13636363636363635,0.23684210526315788,0.13432835820895522,1.0,0.0625,0.11764705882352941,0.0625,1.0,0.043478260869565216,0.08333333333333333,0.043478260869565216,1.0,0.043478260869565216,0.08333333333333333,1.0,1.0,1.0,0.0,0.0625,0.043478260869565216,0.043478260869565216,0.0625,0.15384615384615385,0.1,39,10,2,4,2
test_00492,primera_sentence,0.6923076923076923,0.15,0.2465753424657534,0.140625,0.9,0.13636363636363635,0.23684210526315788,0.13432835820895522,1.0,0.0625,0.11764705882352941,0.0625,1.0,0.043478260869565216,0.08333333333333333,0.043478260869565216,1.0,0.043478260869565216,0.08333333333333333,1.0,1.0,1.0,0.0,0.0625,0.043478260869565216,0.043478260869565216,0.0625,0.15384615384615385,0.1,39,10,2,4,2
test_00533,primera_exact,0.6557377049180327,0.43010752688172044,0.5194805194805195,0.3508771929824561,0.7027027027027027,0.45614035087719296,0.553191489361702,0.38235294117647056,0.6666666666666666,0.2857142857142857,0.4,0.25,0.14285714285714285,0.07142857142857142,0.09523809523809523,0.05,0.14285714285714285,0.07142857142857142,0.09523809523809523,0.5714285714285714,0.5714285714285714,0.5714285714285714,0.4285714285714286,0.2,0.07142857142857142,0.05,0.2857142857142857,1.0,0.1,61,37,7,12,7
test_00533,primera_sentence,0.6557377049180327,0.43010752688172044,0.5194805194805195,0.3508771929824561,0.7027027027027027,0.45614035087719296,0.553191489361702,0.38235294117647056,0.6666666666666666,0.2857142857142857,0.4,0.25,0.14285714285714285,0.07142857142857142,0.09523809523809523,0.05,0.14285714285714285,0.07142857142857142,0.09523809523809523,0.5714285714285714,0.5714285714285714,0.5714285714285714,0.4285714285714286,0.2,0.07142857142857142,0.05,0.2857142857142857,1.0,0.1,61,37,7,12,7
test_00535,primera_exact,0.75,0.05139186295503212,0.09619238476953908,0.05052631578947368,0.75,0.08163265306122448,0.147239263803681,0.07947019867549669,0.6,0.04285714285714286,0.08,0.041666666666666664,0.16666666666666666,0.010526315789473684,0.0198019801980198,0.01,0.3333333333333333,0.021052631578947368,0.0396039603960396,0.5,0.5,0.3333333333333333,0.6666666666666667,0.046052631578947366,0.010526315789473684,0.01,0.04285714285714286,0.25,0.1,32,16,6,12,6
test_00535,primera_sentence,0.75,0.05139186295503212,0.09619238476953908,0.05052631578947368,0.75,0.08163265306122448,0.147239263803681,0.07947019867549669,0.6,0.04285714285714286,0.08,0.041666666666666664,0.16666666666666666,0.010526315789473684,0.0198019801980198,0.01,0.3333333333333333,0.021052631578947368,0.0396039603960396,0.5,0.5,0.3333333333333333,0.6666666666666667,0.046052631578947366,0.010526315789473684,0.01,0.04285714285714286,0.25,0.1,32,16,6,12,6
test_00559,primera_exact,0.8333333333333334,0.6060606060606061,0.7017543859649124,0.5405405405405406,0.8666666666666667,0.65,0.7428571428571429,0.5909090909090909,0.0,0.0,0.0,0.0,0.0,0.0,0.0,0.0,0.0,0.0,0.0,0.0,0.0,0.0,1.0,0.0,0.0,0.0,0.0,0.5,0.0,24,15,2,4,2
test_00559,primera_sentence,0.8333333333333334,0.6060606060606061,0.7017543859649124,0.5405405405405406,0.8666666666666667,0.65,0.7428571428571429,0.5909090909090909,0.0,0.0,0.0,0.0,0.0,0.0,0.0,0.0,0.0,0.0,0.0,0.0,0.0,0.0,1.0,0.0,0.0,0.0,0.0,0.5,0.0,24,15,2,4,2
test_00560,primera_exact,0.37254901960784315,0.10497237569060773,0.16379310344827583,0.0892018779342723,0.38461538461538464,0.07575757575757576,0.12658227848101267,0.06756756756756757,0.08333333333333333,0.043478260869565216,0.057142857142857134,0.029411764705882353,0.0,0.0,0.0,0.0,0.0,0.0,0.0,0.0,0.058823529411764705,0.0,1.0,0.07042253521126761,0.0,0.0,0.043478260869565216,0.2777777777777778,0.1,51,13,17,27,17
test_00560,primera_sentence,0.37254901960784315,0.10497237569060773,0.16379310344827583,0.0892018779342723,0.38461538461538464,0.07575757575757576,0.12658227848101267,0.06756756756756757,0.08333333333333333,0.043478260869565216,0.057142857142857134,0.029411764705882353,0.0,0.0,0.0,0.0,0.0,0.0,0.0,0.0,0.058823529411764705,0.0,1.0,0.07042253521126761,0.0,0.0,0.043478260869565216,0.2777777777777778,0.1,51,13,17,27,17
test_00565,primera_exact,0.6428571428571429,0.15450643776824036,0.24913494809688583,0.1422924901185771,0.8181818181818182,0.140625,0.24000000000000002,0.13636363636363635,1.0,0.030303030303030304,0.05882352941176471,0.030303030303030304,0.0,0.0,0.0,0.0,0.0,0.0,0.0,0.5,0.5,0.5,0.5,0.015384615384615385,0.0,0.0,0.030303030303030304,0.25,0.1,56,22,2,4,2
test_00565,primera_sentence,0.6428571428571429,0.15450643776824036,0.24913494809688583,0.1422924901185771,0.8181818181818182,0.140625,0.24000000000000002,0.13636363636363635,1.0,0.030303030303030304,0.05882352941176471,0.030303030303030304,0.0,0.0,0.0,0.0,0.0,0.0,0.0,0.5,0.5,0.5,0.5,0.015384615384615385,0.0,0.0,0.030303030303030304,0.25,0.1,56,22,2,4,2
test_00568,primera_exact,0.40625,0.125,0.19117647058823528,0.10569105691056911,0.6666666666666666,0.16129032258064516,0.2597402597402597,0.14925373134328357,0.25,0.027777777777777776,0.049999999999999996,0.02564102564102564,0.0,0.0,0.0,0.0,0.0,0.0,0.0,0.0,0.25,0.0,1.0,0.029850746268656716,0.0,0.0,0.027777777777777776,0.375,0.1,32,15,4,6,4
test_00568,primera_sentence,0.40625,0.125,0.19117647058823528,0.10569105691056911,0.6666666666666666,0.16129032258064516,0.2597402597402597,0.14925373134328357,0.25,0.027777777777777776,0.049999999999999996,0.02564102564102564,0.0,0.0,0.0,0.0,0.0,0.0,0.0,0.0,0.25,0.0,1.0,0.029850746268656716,0.0,0.0,0.027777777777777776,0.375,0.1,32,15,4,6,4
test_00578,primera_exact,0.7209302325581395,0.05794392523364486,0.10726643598615916,0.056672760511883,0.72,0.11392405063291139,0.19672131147540986,0.10909090909090909,0.8333333333333334,0.05555555555555555,0.10416666666666666,0.054945054945054944,0.5,0.022900763358778626,0.0437956204379562,0.022388059701492536,0.6666666666666666,0.030534351145038167,0.0583941605839416,0.8333333333333334,0.8333333333333334,0.6666666666666666,0.33333333333333337,0.03076923076923077,0.022900763358778626,0.022388059701492536,0.05555555555555555,0.18181818181818182,0.1,43,25,6,9,6
test_00578,primera_sentence,0.7209302325581395,0.05794392523364486,0.10726643598615916,0.056672760511883,0.72,0.11392405063291139,0.19672131147540986,0.10909090909090909,0.8333333333333334,0.05555555555555555,0.10416666666666666,0.054945054945054944,0.5,0.022900763358778626,0.0437956204379562,0.022388059701492536,0.6666666666666666,0.030534351145038167,0.0583941605839416,0.8333333333333334,0.8333333333333334,0.6666666666666666,0.33333333333333337,0.03076923076923077,0.022900763358778626,0.022388059701492536,0.05555555555555555,0.18181818181818182,0.1,43,25,6,9,6
test_00579,primera_exact,0.48484848484848486,0.04819277108433735,0.08767123287671232,0.045845272206303724,0.5,0.08045977011494253,0.1386138613861386,0.07446808510638298,0.2222222222222222,0.0392156862745098,0.06666666666666667,0.034482758620689655,0.0,0.0,0.0,0.0,0.0,0.0,0.0,0.2222222222222222,0.2222222222222222,0.1111111111111111,0.8888888888888888,0.042105263157894736,0.0,0.0,0.0392156862745098,0.29411764705882354,0.1,33,14,9,14,9
test_00579,primera_sentence,0.48484848484848486,0.04819277108433735,0.08767123287671232,0.045845272206303724,0.5,0.08045977011494253,0.1386138613861386,0.07446808510638298,0.2222222222222222,0.0392156862745098,0.06666666666666667,0.034482758620689655,0.0,0.0,0.0,0.0,0.0,0.0,0.0,0.2222222222222222,0.2222222222222222,0.1111111111111111,0.8888888888888888,0.042105263157894736,0.0,0.0,0.0392156862745098,0.29411764705882354,0.1,33,14,9,14,9
test_00590,primera_exact,0.7666666666666667,0.12994350282485875,0.22222222222222224,0.125,0.8823529411764706,0.23809523809523808,0.37499999999999994,0.23076923076923078,0.7142857142857143,0.18518518518518517,0.2941176470588235,0.1724137931034483,0.2222222222222222,0.0625,0.0975609756097561,0.05128205128205128,0.2222222222222222,0.0625,0.0975609756097561,0.4444444444444444,0.6666666666666666,0.4444444444444444,0.5555555555555556,0.08163265306122448,0.0625,0.05128205128205128,0.18518518518518517,0.6,0.2,30,17,9,16,9
test_00590,primera_sentence,0.7666666666666667,0.12994350282485875,0.22222222222222224,0.125,0.8823529411764706,0.23809523809523808,0.37499999999999994,0.23076923076923078,0.7142857142857143,0.18518518518518517,0.2941176470588235,0.1724137931034483,0.2222222222222222,0.0625,0.0975609756097561,0.05128205128205128,0.2222222222222222,0.0625,0.0975609756097561,0.4444444444444444,0.6666666666666666,0.4444444444444444,0.5555555555555556,0.08163265306122448,0.0625,0.05128205128205128,0.18518518518518517,0.6,0.2,30,17,9,16,9
test_00599,primera_exact,0.875,0.0782122905027933,0.14358974358974358,0.07734806629834254,0.8,0.06666666666666667,0.12307692307692308,0.06557377049180328,0.5,0.030303030303030304,0.05714285714285715,0.029411764705882353,0.0,0.0,0.0,0.0,0.0,0.0,0.0,0.4,0.6,0.4,0.6,0.019230769230769232,0.0,0.0,0.030303030303030304,0.08823529411764706,0.0,32,15,5,9,5
test_00599,primera_sentence,0.8620689655172413,0.06983240223463687,0.12919896640826872,0.06906077348066299,0.8571428571428571,0.06666666666666667,0.12371134020618557,0.06593406593406594,0.6666666666666666,0.030303030303030304,0.057971014492753624,0.029850746268656716,0.0,0.0,0.0,0.0,0.0,0.0,0.0,0.5,0.75,0.5,0.5,0.019230769230769232,0.0,0.0,0.030303030303030304,0.08823529411764706,0.0,29,14,4,7,4
test_00604,primera_exact,0.7727272727272727,0.08133971291866028,0.14718614718614717,0.0794392523364486,0.7619047619047619,0.1553398058252427,0.25806451612903225,0.14814814814814814,0.25,0.02127659574468085,0.0392156862745098,0.02,0.0,0.0,0.0,0.0,0.25,0.01694915254237288,0.031746031746031744,0.25,0.25,0.25,0.75,0.03333333333333333,0.0,0.0,0.02127659574468085,0.3,0.1,22,21,4,6,4
test_00604,primera_sentence,0.7727272727272727,0.08133971291866028,0.14718614718614717,0.0794392523364486,0.7619047619047619,0.1553398058252427,0.25806451612903225,0.14814814814814814,0.25,0.02127659574468085,0.0392156862745098,0.02,0.0,0.0,0.0,0.0,0.25,0.01694915254237288,0.031746031746031744,0.25,0.25,0.25,0.75,0.03333333333333333,0.0,0.0,0.02127659574468085,0.3,0.1,22,21,4,6,4
test_00621,primera_exact,0.3333333333333333,0.09090909090909091,0.14285714285714288,0.07692307692307693,0.6666666666666666,0.11009174311926606,0.18897637795275593,0.10434782608695652,0.3333333333333333,0.04,0.07142857142857142,0.037037037037037035,0.25,0.03333333333333333,0.058823529411764705,0.030303030303030304,0.25,0.03333333333333333,0.058823529411764705,0.5,0.5,0.5,0.5,0.04081632653061224,0.03333333333333333,0.030303030303030304,0.04,0.75,0.1,30,18,4,7,4
test_00621,primera_sentence,0.3333333333333333,0.09090909090909091,0.14285714285714288,0.07692307692307693,0.6666666666666666,0.11009174311926606,0.18897637795275593,0.10434782608695652,0.3333333333333333,0.04,0.07142857142857142,0.037037037037037035,0.25,0.03333333333333333,0.058823529411764705,0.030303030303030304,0.25,0.03333333333333333,0.058823529411764705,0.5,0.5,0.5,0.5,0.04081632653061224,0.03333333333333333,0.030303030303030304,0.04,0.75,0.1,30,18,4,7,4
test_00626,primera_exact,0.3,0.029508196721311476,0.05373134328358208,0.027607361963190184,0.4166666666666667,0.055865921787709494,0.09852216748768472,0.05181347150259067,0.0,0.0,0.0,0.0,0.0,0.0,0.0,0.0,0.0,0.0,0.0,0.0,0.0,0.0,1.0,0.0,0.0,0.0,0.0,0.16666666666666666,0.0,30,24,2,4,2
test_00626,primera_sentence,0.2962962962962963,0.02622950819672131,0.048192771084337345,0.024691358024691357,0.45454545454545453,0.055865921787709494,0.09950248756218905,0.05235602094240838,0.0,0.0,0.0,0.0,0.0,0.0,0.0,0.0,0.0,0.0,0.0,0.0,0.0,0.0,1.0,0.0,0.0,0.0,0.0,0.16666666666666666,0.0,27,22,1,2,1
test_00644,primera_exact,0.7631578947368421,0.054409005628517824,0.10157618213660245,0.05350553505535055,0.5454545454545454,0.039735099337748346,0.07407407407407408,0.038461538461538464,0.5,0.02127659574468085,0.04081632653061224,0.020833333333333332,0.0,0.0,0.0,0.0,0.0,0.0,0.0,0.6666666666666666,0.3333333333333333,0.3333333333333333,0.6666666666666667,0.010309278350515464,0.0,0.0,0.02127659574468085,0.3333333333333333,0.1,38,11,3,6,3
test_00644,primera_sentence,0.7631578947368421,0.054409005628517824,0.10157618213660245,0.05350553505535055,0.5454545454545454,0.039735099337748346,0.07407407407407408,0.038461538461538464,0.5,0.02127659574468085,0.04081632653061224,0.020833333333333332,0.0,0.0,0.0,0.0,0.0,0.0,0.0,0.5,0.5,0.5,0.5,0.010309278350515464,0.0,0.0,0.02127659574468085,0.3333333333333333,0.1,38,11,2,4,2
test_00649,primera_exact,0.35,0.15053763440860216,0.2105263157894737,0.11764705882352941,0.5714285714285714,0.26666666666666666,0.36363636363636365,0.2222222222222222,0.45454545454545453,0.21739130434782608,0.29411764705882354,0.1724137931034483,0.0,0.0,0.0,0.0,0.09090909090909091,0.03571428571428571,0.05128205128205127,0.45454545454545453,0.36363636363636365,0.2727272727272727,0.7272727272727273,0.13333333333333333,0.0,0.0,0.21739130434782608,0.75,0.0,40,21,11,18,11
test_00649,primera_sentence,0.35,0.15053763440860216,0.2105263157894737,0.11764705882352941,0.5714285714285714,0.26666666666666666,0.36363636363636365,0.2222222222222222,0.45454545454545453,0.21739130434782608,0.29411764705882354,0.1724137931034483,0.0,0.0,0.0,0.0,0.09090909090909091,0.03571428571428571,0.05128205128205127,0.45454545454545453,0.36363636363636365,0.2727272727272727,0.7272727272727273,0.13333333333333333,0.0,0.0,0.21739130434782608,0.75,0.0,40,21,11,18,11
test_00658,primera_exact,0.6578947368421053,0.09652509652509653,0.16835016835016833,0.09191176470588236,0.7272727272727273,0.07547169811320754,0.13675213675213674,0.07339449541284404,0.6666666666666666,0.08695652173913043,0.15384615384615383,0.08333333333333333,0.42857142857142855,0.05555555555555555,0.09836065573770493,0.05172413793103448,0.5714285714285714,0.07407407407407407,0.13114754098360656,0.7142857142857143,0.5714285714285714,0.5714285714285714,0.4285714285714286,0.08433734939759036,0.05555555555555555,0.05172413793103448,0.08695652173913043,0.25,0.0,38,11,7,14,7
test_00658,primera_sentence,0.6578947368421053,0.09652509652509653,0.16835016835016833,0.09191176470588236,0.7272727272727273,0.07547169811320754,0.13675213675213674,0.07339449541284404,0.6666666666666666,0.08695652173913043,0.15384615384615383,0.08333333333333333,0.42857142857142855,0.05555555555555555,0.09836065573770493,0.05172413793103448,0.5714285714285714,0.07407407407407407,0.13114754098360656,0.7142857142857143,0.5714285714285714,0.5714285714285714,0.4285714285714286,0.08433734939759036,0.05555555555555555,0.05172413793103448,0.08695652173913043,0.25,0.0,38,11,7,14,7
test_00675,primera_exact,0.8214285714285714,0.049145299145299144,0.09274193548387095,0.048625792811839326,0.6666666666666666,0.07272727272727272,0.13114754098360654,0.07017543859649122,0.8,0.04938271604938271,0.09302325581395349,0.04878048780487805,0.4,0.017391304347826087,0.03333333333333333,0.01694915254237288,0.4,0.017391304347826087,0.03333333333333333,0.4,0.6,0.4,0.6,0.025157232704402517,0.017391304347826087,0.01694915254237288,0.04938271604938271,0.10344827586206896,0.2,28,12,5,8,5
test_00675,primera_sentence,0.8214285714285714,0.049145299145299144,0.09274193548387095,0.048625792811839326,0.6666666666666666,0.07272727272727272,0.13114754098360654,0.07017543859649122,0.8,0.04938271604938271,0.09302325581395349,0.04878048780487805,0.4,0.017391304347826087,0.03333333333333333,0.01694915254237288,0.4,0.017391304347826087,0.03333333333333333,0.4,0.6,0.4,0.6,0.025157232704402517,0.017391304347826087,0.01694915254237288,0.04938271604938271,0.10344827586206896,0.2,28,12,5,8,5
test_00688,primera_exact,0.5333333333333333,0.0175054704595186,0.03389830508474576,0.017241379310344827,0.5625,0.047619047619047616,0.08780487804878047,0.04591836734693878,0.3333333333333333,0.02702702702702703,0.05,0.02564102564102564,0.0,0.0,0.0,0.0,0.0,0.0,0.0,0.2857142857142857,0.0,0.0,1.0,0.012987012987012988,0.0,0.0,0.02702702702702703,0.7777777777777778,0.1,15,16,7,9,7
test_00688,primera_sentence,0.5333333333333333,0.0175054704595186,0.03389830508474576,0.017241379310344827,0.5333333333333333,0.042328042328042326,0.0784313725490196,0.04081632653061224,0.4,0.02702702702702703,0.05063291139240506,0.025974025974025976,0.0,0.0,0.0,0.0,0.0,0.0,0.0,0.3333333333333333,0.0,0.0,1.0,0.012987012987012988,0.0,0.0,0.02702702702702703,0.6666666666666666,0.1,15,15,6,8,6
test_00694,primera_exact,0.9411764705882353,0.1103448275862069,0.19753086419753085,0.1095890410958904,0.8571428571428571,0.1,0.17910447761194032,0.09836065573770492,1.0,0.13333333333333333,0.23529411764705882,0.13333333333333333,0.75,0.08333333333333333,0.15,0.08108108108108109,1.0,0.1111111111111111,0.19999999999999998,1.0,1.0,1.0,0.0,0.13043478260869565,0.08333333333333333,0.08108108108108109,0.13333333333333333,0.21428571428571427,0.3,17,7,4,7,4
test_00694,primera_sentence,0.9411764705882353,0.1103448275862069,0.19753086419753085,0.1095890410958904,0.8571428571428571,0.1,0.17910447761194032,0.09836065573770492,1.0,0.13333333333333333,0.23529411764705882,0.13333333333333333,0.75,0.08333333333333333,0.15,0.08108108108108109,1.0,0.1111111111111111,0.19999999999999998,1.0,1.0,1.0,0.0,0.13043478260869565,0.08333333333333333,0.08108108108108109,0.13333333333333333,0.21428571428571427,0.3,17,7,4,7,4
test_00702,primera_exact,0.47619047619047616,0.18867924528301888,0.27027027027027023,0.15625,0.8125,0.4642857142857143,0.5909090909090908,0.41935483870967744,0.25,0.05263157894736842,0.08695652173913043,0.045454545454545456,0.0,0.0,0.0,0.0,0.0,0.0,0.0,0.0,0.25,0.0,1.0,0.058823529411764705,0.0,0.0,0.05263157894736842,0.5,0.1,42,16,4,7,4
test_00702,primera_sentence,0.47619047619047616,0.18867924528301888,0.27027027027027023,0.15625,0.8125,0.4642857142857143,0.5909090909090908,0.41935483870967744,0.25,0.05263157894736842,0.08695652173913043,0.045454545454545456,0.0,0.0,0.0,0.0,0.0,0.0,0.0,0.0,0.25,0.0,1.0,0.058823529411764705,0.0,0.0,0.05263157894736842,0.5,0.1,42,16,4,7,4
test_00708,primera_exact,1.0,0.26595744680851063,0.42016806722689076,0.26595744680851063,0.9090909090909091,0.31746031746031744,0.4705882352941177,0.3076923076923077,0.6666666666666666,0.14814814814814814,0.24242424242424243,0.13793103448275862,0.5,0.1,0.16666666666666669,0.09090909090909091,0.6666666666666666,0.13333333333333333,0.2222222222222222,0.16666666666666666,0.6666666666666666,0.16666666666666666,0.8333333333333334,0.175,0.1,0.09090909090909091,0.14814814814814814,0.23076923076923078,0.2,25,22,6,10,6
test_00708,primera_sentence,1.0,0.26595744680851063,0.42016806722689076,0.26595744680851063,0.9090909090909091,0.31746031746031744,0.4705882352941177,0.3076923076923077,0.6666666666666666,0.14814814814814814,0.24242424242424243,0.13793103448275862,0.5,0.1,0.16666666666666669,0.09090909090909091,0.6666666666666666,0.13333333333333333,0.2222222222222222,0.16666666666666666,0.6666666666666666,0.16666666666666666,0.8333333333333334,0.175,0.1,0.09090909090909091,0.14814814814814814,0.23076923076923078,0.2,25,22,6,10,6
test_00743,primera_exact,0.4074074074074074,0.027918781725888325,0.052256532066508314,0.026829268292682926,0.6,0.056782334384858045,0.1037463976945245,0.0547112462006079,0.5,0.008,0.015748031496062992,0.007936507936507936,0.0,0.0,0.0,0.0,0.0,0.0,0.0,0.0,0.0,0.0,1.0,0.0043859649122807015,0.0,0.0,0.008,0.08333333333333333,0.0,27,30,2,4,2
test_00743,primera_sentence,0.4074074074074074,0.027918781725888325,0.052256532066508314,0.026829268292682926,0.6,0.056782334384858045,0.1037463976945245,0.0547112462006079,0.5,0.008,0.015748031496062992,0.007936507936507936,0.0,0.0,0.0,0.0,0.0,0.0,0.0,0.0,0.0,0.0,1.0,0.0043859649122807015,0.0,0.0,0.008,0.08333333333333333,0.0,27,30,2,4,2
test_00774,primera_exact,0.4634146341463415,0.12025316455696203,0.19095477386934673,0.10555555555555556,0.6666666666666666,0.2716049382716049,0.38596491228070173,0.2391304347826087,0.5,0.047619047619047616,0.08695652173913042,0.045454545454545456,0.0,0.0,0.0,0.0,0.0,0.0,0.0,0.3333333333333333,0.3333333333333333,0.3333333333333333,0.6666666666666667,0.02127659574468085,0.0,0.0,0.047619047619047616,0.6,0.1,41,33,3,5,3
test_00774,primera_sentence,0.4634146341463415,0.12025316455696203,0.19095477386934673,0.10555555555555556,0.6666666666666666,0.2716049382716049,0.38596491228070173,0.2391304347826087,0.5,0.047619047619047616,0.08695652173913042,0.045454545454545456,0.0,0.0,0.0,0.0,0.0,0.0,0.0,0.3333333333333333,0.3333333333333333,0.3333333333333333,0.6666666666666667,0.02127659574468085,0.0,0.0,0.047619047619047616,0.6,0.1,41,33,3,5,3
test_00780,primera_exact,0.6896551724137931,0.047058823529411764,0.08810572687224669,0.04608294930875576,0.8571428571428571,0.06382978723404255,0.1188118811881188,0.06315789473684211,0.5,0.02666666666666667,0.05063291139240507,0.025974025974025976,0.25,0.009259259259259259,0.017857142857142856,0.009009009009009009,0.25,0.009259259259259259,0.017857142857142856,0.25,0.5,0.25,0.75,0.013333333333333334,0.009259259259259259,0.009009009009009009,0.02666666666666667,0.12,0.0,29,7,4,7,4
test_00780,primera_sentence,0.6896551724137931,0.047058823529411764,0.08810572687224669,0.04608294930875576,0.8571428571428571,0.06382978723404255,0.1188118811881188,0.06315789473684211,0.5,0.02666666666666667,0.05063291139240507,0.025974025974025976,0.25,0.009259259259259259,0.017857142857142856,0.009009009009009009,0.25,0.009259259259259259,0.017857142857142856,0.25,0.5,0.25,0.75,0.013333333333333334,0.009259259259259259,0.009009009009009009,0.02666666666666667,0.12,0.0,29,7,4,7,4
test_00781,primera_exact,0.9629629629629629,0.11607142857142858,0.2071713147410359,0.11555555555555555,0.7777777777777778,0.07777777777777778,0.1414141414141414,0.07608695652173914,0.5,0.022222222222222223,0.0425531914893617,0.021739130434782608,0.5,0.014492753623188406,0.028169014084507046,0.014285714285714285,0.5,0.014492753623188406,0.028169014084507046,0.5,0.5,0.5,0.5,0.02197802197802198,0.014492753623188406,0.014285714285714285,0.022222222222222223,0.09523809523809523,0.2,27,9,2,4,2
test_00781,primera_sentence,0.9629629629629629,0.11607142857142858,0.2071713147410359,0.11555555555555555,0.7777777777777778,0.07777777777777778,0.1414141414141414,0.07608695652173914,0.5,0.022222222222222223,0.0425531914893617,0.021739130434782608,0.5,0.014492753623188406,0.028169014084507046,0.014285714285714285,0.5,0.014492753623188406,0.028169014084507046,0.5,0.5,0.5,0.5,0.02197802197802198,0.014492753623188406,0.014285714285714285,0.022222222222222223,0.09523809523809523,0.2,27,9,2,4,2
test_00820,primera_exact,0.8333333333333334,0.2,0.3225806451612903,0.19230769230769232,0.42857142857142855,0.11538461538461539,0.18181818181818182,0.1,0.6666666666666666,0.18181818181818182,0.28571428571428575,0.16666666666666666,0.5,0.13043478260869565,0.20689655172413793,0.11538461538461539,0.5,0.13043478260869565,0.20689655172413793,0.6666666666666666,0.6666666666666666,0.6666666666666666,0.33333333333333337,0.16666666666666666,0.13043478260869565,0.11538461538461539,0.18181818181818182,1.0,0.1,18,7,6,8,6
test_00820,primera_sentence,0.9285714285714286,0.17333333333333334,0.29213483146067415,0.17105263157894737,0.3333333333333333,0.07692307692307693,0.125,0.06666666666666667,1.0,0.18181818181818182,0.3076923076923077,0.18181818181818182,0.75,0.13043478260869565,0.22222222222222218,0.125,0.75,0.13043478260869565,0.22222222222222218,1.0,1.0,1.0,0.0,0.1388888888888889,0.13043478260869565,0.125,0.18181818181818182,1.0,0.1,14,6,4,5,4
test_00823,primera_exact,0.3902439024390244,0.11347517730496454,0.1758241758241758,0.0963855421686747,0.5,0.14473684210526316,0.22448979591836735,0.12643678160919541,0.5,0.1111111111111111,0.1818181818181818,0.1,0.0,0.0,0.0,0.0,0.0,0.0,0.0,0.375,0.25,0.125,0.875,0.0,0.0,0.0,0.1111111111111111,1.0,0.0,41,22,8,13,8
test_00823,primera_sentence,0.3902439024390244,0.11347517730496454,0.1758241758241758,0.0963855421686747,0.5,0.14473684210526316,0.22448979591836735,0.12643678160919541,0.5,0.1111111111111111,0.1818181818181818,0.1,0.0,0.0,0.0,0.0,0.0,0.0,0.0,0.375,0.25,0.125,0.875,0.0,0.0,0.0,0.1111111111111111,1.0,0.0,41,22,8,13,8
test_00838,primera_exact,0.75,0.13513513513513514,0.22900763358778628,0.12931034482758622,0.8823529411764706,0.1282051282051282,0.22388059701492535,0.12605042016806722,1.0,0.037037037037037035,0.07142857142857142,0.037037037037037035,1.0,0.02631578947368421,0.05128205128205127,0.02631578947368421,1.0,0.02631578947368421,0.05128205128205127,1.0,1.0,1.0,0.0,0.037037037037037035,0.02631578947368421,0.02631578947368421,0.037037037037037035,0.13333333333333333,0.1,40,17,2,4,2
test_00838,primera_sentence,0.75,0.13513513513513514,0.22900763358778628,0.12931034482758622,0.8823529411764706,0.1282051282051282,0.22388059701492535,0.12605042016806722,1.0,0.037037037037037035,0.07142857142857142,0.037037037037037035,1.0,0.02631578947368421,0.05128205128205127,0.02631578947368421,1.0,0.02631578947368421,0.05128205128205127,1.0,1.0,1.0,0.0,0.037037037037037035,0.02631578947368421,0.02631578947368421,0.037037037037037035,0.13333333333333333,0.1,40,17,2,4,2
test_00857,primera_exact,0.44871794871794873,0.1643192488262911,0.2405498281786942,0.13671875,0.7777777777777778,0.23595505617977527,0.3620689655172414,0.22105263157894736,1.0,0.10810810810810811,0.1951219512195122,0.10810810810810811,0.75,0.05555555555555555,0.10344827586206895,0.05454545454545454,1.0,0.07407407407407407,0.13793103448275862,1.0,1.0,1.0,0.0,0.07317073170731707,0.05555555555555555,0.05454545454545454,0.10810810810810811,0.3,0.1,78,27,4,7,4
test_00857,primera_sentence,0.44871794871794873,0.1643192488262911,0.2405498281786942,0.13671875,0.7777777777777778,0.23595505617977527,0.3620689655172414,0.22105263157894736,1.0,0.10810810810810811,0.1951219512195122,0.10810810810810811,0.75,0.05555555555555555,0.10344827586206895,0.05454545454545454,1.0,0.07407407407407407,0.13793103448275862,1.0,1.0,1.0,0.0,0.07317073170731707,0.05555555555555555,0.05454545454545454,0.10810810810810811,0.3,0.1,78,27,4,7,4
test_00871,primera_exact,0.6666666666666666,0.03468208092485549,0.06593406593406592,0.03409090909090909,0.7142857142857143,0.0423728813559322,0.08,0.041666666666666664,0.0,0.0,0.0,0.0,0.0,0.0,0.0,0.0,0.0,0.0,0.0,0.0,0.0,0.0,1.0,0.015384615384615385,0.0,0.0,0.0,0.2,0.1,9,7,3,5,3
test_00871,primera_sentence,0.6666666666666666,0.03468208092485549,0.06593406593406592,0.03409090909090909,0.6666666666666666,0.03389830508474576,0.06451612903225806,0.03333333333333333,0.0,0.0,0.0,0.0,0.0,0.0,0.0,0.0,0.0,0.0,0.0,0.0,0.0,0.0,1.0,0.015384615384615385,0.0,0.0,0.0,0.2,0.1,9,6,3,5,3
test_00881,primera_exact,0.9230769230769231,0.20168067226890757,0.3310344827586207,0.19834710743801653,0.8333333333333334,0.1694915254237288,0.2816901408450704,0.16393442622950818,0.8333333333333334,0.15151515151515152,0.25641025641025644,0.14705882352941177,0.5,0.06382978723404255,0.11320754716981131,0.06,0.6666666666666666,0.0851063829787234,0.1509433962264151,0.6666666666666666,0.6666666666666666,0.6666666666666666,0.33333333333333337,0.10526315789473684,0.06382978723404255,0.06,0.15151515151515152,0.13636363636363635,0.3,26,12,6,11,6
test_00881,primera_sentence,0.9230769230769231,0.20168067226890757,0.3310344827586207,0.19834710743801653,0.8333333333333334,0.1694915254237288,0.2816901408450704,0.16393442622950818,0.8333333333333334,0.15151515151515152,0.25641025641025644,0.14705882352941177,0.5,0.06382978723404255,0.11320754716981131,0.06,0.6666666666666666,0.0851063829787234,0.1509433962264151,0.6666666666666666,0.6666666666666666,0.6666666666666666,0.33333333333333337,0.10526315789473684,0.06382978723404255,0.06,0.15151515151515152,0.13636363636363635,0.3,26,12,6,11,6
test_00883,primera_exact,0.49019607843137253,0.16233766233766234,0.24390243902439027,0.1388888888888889,0.5294117647058824,0.13432835820895522,0.21428571428571425,0.12,0.5714285714285714,0.11428571428571428,0.19047619047619044,0.10526315789473684,0.0,0.0,0.0,0.0,0.1111111111111111,0.02564102564102564,0.041666666666666664,0.2222222222222222,0.1111111111111111,0.1111111111111111,0.8888888888888888,0.017241379310344827,0.0,0.0,0.11428571428571428,0.5,0.0,51,17,9,14,9
test_00883,primera_sentence,0.49019607843137253,0.16233766233766234,0.24390243902439027,0.1388888888888889,0.5294117647058824,0.13432835820895522,0.21428571428571425,0.12,0.5714285714285714,0.11428571428571428,0.19047619047619044,0.10526315789473684,0.0,0.0,0.0,0.0,0.1111111111111111,0.02564102564102564,0.041666666666666664,0.2222222222222222,0.1111111111111111,0.1111111111111111,0.8888888888888888,0.017241379310344827,0.0,0.0,0.11428571428571428,0.5,0.0,51,17,9,14,9
test_00899,primera_exact,0.6428571428571429,0.6923076923076923,0.6666666666666666,0.5,0.7,0.7777777777777778,0.7368421052631577,0.5833333333333334,0.5,0.5,0.5,0.3333333333333333,0.5,0.5,0.5,0.3333333333333333,0.5,0.5,0.5,0.5,0.5,0.5,0.5,0.5,0.5,0.3333333333333333,0.5,1.0,0.5,14,10,2,4,2
test_00899,primera_sentence,0.6428571428571429,0.6923076923076923,0.6666666666666666,0.5,0.7,0.7777777777777778,0.7368421052631577,0.5833333333333334,0.5,0.5,0.5,0.3333333333333333,0.5,0.5,0.5,0.3333333333333333,0.5,0.5,0.5,0.5,0.5,0.5,0.5,0.5,0.5,0.3333333333333333,0.5,1.0,0.5,14,10,2,4,2
test_00910,primera_exact,0.6538461538461539,0.0913978494623656,0.16037735849056603,0.08717948717948718,0.7,0.08433734939759036,0.15053763440860216,0.08139534883720931,0.42857142857142855,0.07692307692307693,0.13043478260869565,0.06976744186046512,0.2857142857142857,0.04081632653061224,0.07142857142857142,0.037037037037037035,0.2857142857142857,0.04081632653061224,0.07142857142857142,0.2857142857142857,0.2857142857142857,0.2857142857142857,0.7142857142857143,0.06172839506172839,0.04081632653061224,0.037037037037037035,0.07692307692307693,0.5,0.2,26,10,7,13,7
test_00910,primera_sentence,0.6538461538461539,0.0913978494623656,0.16037735849056603,0.08717948717948718,0.7,0.08433734939759036,0.15053763440860216,0.08139534883720931,0.42857142857142855,0.07692307692307693,0.13043478260869565,0.06976744186046512,0.2857142857142857,0.04081632653061224,0.07142857142857142,0.037037037037037035,0.2857142857142857,0.04081632653061224,0.07142857142857142,0.2857142857142857,0.2857142857142857,0.2857142857142857,0.7142857142857143,0.06172839506172839,0.04081632653061224,0.037037037037037035,0.07692307692307693,0.5,0.2,26,10,7,13,7
test_00920,primera_exact,0.8461538461538461,0.12941176470588237,0.22448979591836737,0.12643678160919541,0.85,0.14049586776859505,0.24113475177304966,0.13709677419354838,0.9,0.16981132075471697,0.2857142857142857,0.16666666666666666,0.8181818181818182,0.1267605633802817,0.21951219512195125,0.1232876712328767,0.8181818181818182,0.1267605633802817,0.21951219512195125,0.8181818181818182,0.9090909090909091,0.8181818181818182,0.18181818181818177,0.1485148514851485,0.1267605633802817,0.1232876712328767,0.16981132075471697,0.23076923076923078,0.1,39,20,11,19,11
test_00920,primera_sentence,0.8064516129032258,0.09803921568627451,0.17482517482517482,0.09578544061302682,0.85,0.14049586776859505,0.24113475177304966,0.13709677419354838,0.875,0.1320754716981132,0.22950819672131148,0.12962962962962962,0.7777777777777778,0.09859154929577464,0.175,0.0958904109589041,0.7777777777777778,0.09859154929577464,0.175,0.7777777777777778,0.8888888888888888,0.7777777777777778,0.2222222222222222,0.1188118811881188,0.09859154929577464,0.0958904109589041,0.1320754716981132,0.23076923076923078,0.1,31,20,9,16,9
test_00925,primera_exact,0.7631578947368421,0.10211267605633803,0.18012422360248448,0.09897610921501707,0.6666666666666666,0.1111111111111111,0.1904761904761905,0.10526315789473684,1.0,0.016666666666666666,0.03278688524590164,0.016666666666666666,0.0,0.0,0.0,0.0,0.0,0.0,0.0,0.0,0.0,0.0,1.0,0.0,0.0,0.0,0.016666666666666666,0.2,0.0,38,18,1,2,1
test_00925,primera_sentence,0.7631578947368421,0.10211267605633803,0.18012422360248448,0.09897610921501707,0.6666666666666666,0.1111111111111111,0.1904761904761905,0.10526315789473684,1.0,0.016666666666666666,0.03278688524590164,0.016666666666666666,0.0,0.0,0.0,0.0,0.0,0.0,0.0,0.0,0.0,0.0,1.0,0.0,0.0,0.0,0.016666666666666666,0.2,0.0,38,18,1,2,1
test_00926,primera_exact,0.7777777777777778,0.23076923076923078,0.3559322033898305,0.21649484536082475,0.8333333333333334,0.30303030303030304,0.4444444444444444,0.2857142857142857,0.3333333333333333,0.0625,0.10526315789473684,0.05555555555555555,0.3333333333333333,0.05555555555555555,0.09523809523809525,0.05,0.3333333333333333,0.05555555555555555,0.09523809523809525,0.3333333333333333,0.3333333333333333,0.3333333333333333,0.6666666666666667,0.07142857142857142,0.05555555555555555,0.05,0.0625,0.6,0.1,27,12,3,5,3
test_00926,primera_sentence,0.7777777777777778,0.23076923076923078,0.3559322033898305,0.21649484536082475,0.8333333333333334,0.30303030303030304,0.4444444444444444,0.2857142857142857,0.3333333333333333,0.0625,0.10526315789473684,0.05555555555555555,0.3333333333333333,0.05555555555555555,0.09523809523809525,0.05,0.3333333333333333,0.05555555555555555,0.09523809523809525,0.3333333333333333,0.3333333333333333,0.3333333333333333,0.6666666666666667,0.07142857142857142,0.05555555555555555,0.05,0.0625,0.6,0.1,27,12,3,5,3
test_00941,primera_exact,0.6829268292682927,0.109375,0.18855218855218855,0.10408921933085502,0.9565217391304348,0.21359223300970873,0.3492063492063492,0.21153846153846154,0.6,0.10909090909090909,0.1846153846153846,0.1016949152542373,0.4,0.058823529411764705,0.10256410256410256,0.05405405405405406,0.5,0.07352941176470588,0.12820512820512822,0.5,0.5,0.4,0.6,0.08490566037735849,0.058823529411764705,0.05405405405405406,0.10909090909090909,0.5,0.1,41,23,10,17,10
test_00941,primera_sentence,0.6829268292682927,0.109375,0.18855218855218855,0.10408921933085502,0.9565217391304348,0.21359223300970873,0.3492063492063492,0.21153846153846154,0.6,0.10909090909090909,0.1846153846153846,0.1016949152542373,0.4,0.058823529411764705,0.10256410256410256,0.05405405405405406,0.5,0.07352941176470588,0.12820512820512822,0.5,0.5,0.4,0.6,0.08490566037735849,0.058823529411764705,0.05405405405405406,0.10909090909090909,0.5,0.1,41,23,10,17,10
test_00956,primera_exact,0.7631578947368421,0.1686046511627907,0.2761904761904762,0.16022099447513813,0.6875,0.15714285714285714,0.2558139534883721,0.14666666666666667,0.3333333333333333,0.030303030303030304,0.05555555555555555,0.02857142857142857,0.3333333333333333,0.020833333333333332,0.0392156862745098,0.02,0.3333333333333333,0.020833333333333332,0.0392156862745098,0.3333333333333333,0.3333333333333333,0.3333333333333333,0.6666666666666667,0.031746031746031744,0.020833333333333332,0.02,0.030303030303030304,0.4444444444444444,0.1,38,16,3,4,3
test_00956,primera_sentence,0.7631578947368421,0.1686046511627907,0.2761904761904762,0.16022099447513813,0.6875,0.15714285714285714,0.2558139534883721,0.14666666666666667,0.3333333333333333,0.030303030303030304,0.05555555555555555,0.02857142857142857,0.3333333333333333,0.020833333333333332,0.0392156862745098,0.02,0.3333333333333333,0.020833333333333332,0.0392156862745098,0.3333333333333333,0.3333333333333333,0.3333333333333333,0.6666666666666667,0.031746031746031744,0.020833333333333332,0.02,0.030303030303030304,0.4444444444444444,0.1,38,16,3,4,3
test_00983,primera_exact,0.46511627906976744,0.3448275862068966,0.39603960396039606,0.24691358024691357,0.6363636363636364,0.5,0.56,0.3888888888888889,0.0,0.0,0.0,0.0,0.0,0.0,0.0,0.0,0.0,0.0,0.0,0.0,0.0,0.0,1.0,0.16666666666666666,0.0,0.0,0.0,2.0,0.16666666666666666,43,22,5,8,5
test_00983,primera_sentence,0.46511627906976744,0.3448275862068966,0.39603960396039606,0.24691358024691357,0.6363636363636364,0.5,0.56,0.3888888888888889,0.0,0.0,0.0,0.0,0.0,0.0,0.0,0.0,0.0,0.0,0.0,0.0,0.0,0.0,1.0,0.16666666666666666,0.0,0.0,0.0,2.0,0.16666666666666666,43,22,5,8,5
test_00988,primera_exact,0.7368421052631579,0.06363636363636363,0.11715481171548116,0.06222222222222222,0.75,0.10227272727272728,0.18,0.0989010989010989,1.0,0.045454545454545456,0.08695652173913045,0.045454545454545456,0.5,0.01694915254237288,0.03278688524590164,0.016666666666666666,0.5,0.01694915254237288,0.03278688524590164,1.0,0.5,0.5,0.5,0.03409090909090909,0.01694915254237288,0.016666666666666666,0.045454545454545456,0.18181818181818182,0.1,19,12,2,4,2
test_00988,primera_sentence,0.7368421052631579,0.06363636363636363,0.11715481171548116,0.06222222222222222,0.75,0.10227272727272728,0.18,0.0989010989010989,1.0,0.045454545454545456,0.08695652173913045,0.045454545454545456,0.5,0.01694915254237288,0.03278688524590164,0.016666666666666666,0.5,0.01694915254237288,0.03278688524590164,1.0,0.5,0.5,0.5,0.03409090909090909,0.01694915254237288,0.016666666666666666,0.045454545454545456,0.18181818181818182,0.1,19,12,2,4,2
test_00991,primera_exact,0.46153846153846156,0.10810810810810811,0.17518248175182483,0.096,0.7222222222222222,0.21311475409836064,0.3291139240506329,0.19696969696969696,0.36363636363636365,0.14285714285714285,0.2051282051282051,0.11428571428571428,0.21428571428571427,0.09090909090909091,0.1276595744680851,0.06818181818181818,0.21428571428571427,0.09090909090909091,0.1276595744680851,0.21428571428571427,0.2857142857142857,0.21428571428571427,0.7857142857142857,0.17073170731707318,0.09090909090909091,0.06818181818181818,0.14285714285714285,0.5,0.2,26,18,14,19,14
test_00991,primera_sentence,0.46153846153846156,0.10810810810810811,0.17518248175182483,0.096,0.7222222222222222,0.21311475409836064,0.3291139240506329,0.19696969696969696,0.36363636363636365,0.14285714285714285,0.2051282051282051,0.11428571428571428,0.21428571428571427,0.09090909090909091,0.1276595744680851,0.06818181818181818,0.21428571428571427,0.09090909090909091,0.1276595744680851,0.21428571428571427,0.2857142857142857,0.21428571428571427,0.7857142857142857,0.17073170731707318,0.09090909090909091,0.06818181818181818,0.14285714285714285,0.5,0.2,26,18,14,19,14
test_01007,primera_exact,0.75,0.17647058823529413,0.2857142857142857,0.16666666666666666,0.75,0.16071428571428573,0.26470588235294124,0.15254237288135594,1.0,0.07142857142857142,0.13333333333333333,0.07142857142857142,1.0,0.06896551724137931,0.12903225806451613,0.06896551724137931,1.0,0.06896551724137931,0.12903225806451613,1.0,1.0,1.0,0.0,0.08695652173913043,0.06896551724137931,0.06896551724137931,0.07142857142857142,0.5,0.1,28,12,2,4,2
test_01007,primera_sentence,0.75,0.17647058823529413,0.2857142857142857,0.16666666666666666,0.75,0.16071428571428573,0.26470588235294124,0.15254237288135594,1.0,0.07142857142857142,0.13333333333333333,0.07142857142857142,1.0,0.06896551724137931,0.12903225806451613,0.06896551724137931,1.0,0.06896551724137931,0.12903225806451613,1.0,1.0,1.0,0.0,0.08695652173913043,0.06896551724137931,0.06896551724137931,0.07142857142857142,0.5,0.1,28,12,2,4,2
test_01009,primera_exact,0.47058823529411764,0.050156739811912224,0.09065155807365438,0.04747774480712166,0.4782608695652174,0.08270676691729323,0.14102564102564102,0.07586206896551724,0.8333333333333334,0.1111111111111111,0.19607843137254902,0.10869565217391304,0.6666666666666666,0.06779661016949153,0.12307692307692307,0.06557377049180328,0.6666666666666666,0.06779661016949153,0.12307692307692307,0.6666666666666666,0.6666666666666666,0.6666666666666666,0.33333333333333337,0.07692307692307693,0.06779661016949153,0.06557377049180328,0.1111111111111111,0.5,0.1,34,23,6,10,6
test_01009,primera_sentence,0.47058823529411764,0.050156739811912224,0.09065155807365438,0.04747774480712166,0.4782608695652174,0.08270676691729323,0.14102564102564102,0.07586206896551724,0.8333333333333334,0.1111111111111111,0.19607843137254902,0.10869565217391304,0.6666666666666666,0.06779661016949153,0.12307692307692307,0.06557377049180328,0.6666666666666666,0.06779661016949153,0.12307692307692307,0.6666666666666666,0.6666666666666666,0.6666666666666666,0.33333333333333337,0.07692307692307693,0.06779661016949153,0.06557377049180328,0.1111111111111111,0.5,0.1,34,23,6,10,6
test_01024,primera_exact,0.3191489361702128,0.12931034482758622,0.18404907975460125,0.10135135135135136,0.7333333333333333,0.24444444444444444,0.36666666666666664,0.22448979591836735,0.5,0.09090909090909091,0.15384615384615385,0.08333333333333333,0.5,0.06896551724137931,0.1212121212121212,0.06451612903225806,0.5,0.06896551724137931,0.1212121212121212,0.5,0.5,0.5,0.5,0.07317073170731707,0.06896551724137931,0.06451612903225806,0.09090909090909091,0.3333333333333333,0.1,47,15,4,7,4
test_01024,primera_sentence,0.3181818181818182,0.1206896551724138,0.175,0.0958904109589041,0.7692307692307693,0.2222222222222222,0.3448275862068966,0.20833333333333334,0.6666666666666666,0.09090909090909091,0.16,0.08695652173913043,0.6666666666666666,0.06896551724137931,0.125,0.06666666666666667,0.6666666666666666,0.06896551724137931,0.125,0.6666666666666666,0.6666666666666666,0.6666666666666666,0.33333333333333337,0.07317073170731707,0.06896551724137931,0.06666666666666667,0.09090909090909091,0.3333333333333333,0.1,44,13,3,5,3
test_01031,primera_exact,0.2926829268292683,0.07407407407407407,0.11822660098522167,0.06282722513089005,0.29411764705882354,0.07936507936507936,0.125,0.06666666666666667,1.0,0.08,0.14814814814814814,0.08,0.0,0.0,0.0,0.0,0.16666666666666666,0.027777777777777776,0.04761904761904762,0.16666666666666666,0.0,0.0,1.0,0.034482758620689655,0.0,0.0,0.08,0.5,0.0,41,17,6,11,6
test_01031,primera_sentence,0.2926829268292683,0.07407407407407407,0.11822660098522167,0.06282722513089005,0.29411764705882354,0.07936507936507936,0.125,0.06666666666666667,1.0,0.08,0.14814814814814814,0.08,0.0,0.0,0.0,0.0,0.16666666666666666,0.027777777777777776,0.04761904761904762,0.16666666666666666,0.0,0.0,1.0,0.034482758620689655,0.0,0.0,0.08,0.5,0.0,41,17,6,11,6
test_01042,primera_exact,0.4482758620689655,0.10833333333333334,0.174496644295302,0.09558823529411764,0.45,0.16363636363636364,0.24,0.13636363636363635,0.3333333333333333,0.038461538461538464,0.06896551724137931,0.03571428571428571,0.0,0.0,0.0,0.0,0.0,0.0,0.0,0.0,0.0,0.0,1.0,0.0,0.0,0.0,0.038461538461538464,0.2857142857142857,0.0,29,20,4,8,4
test_01042,primera_sentence,0.4482758620689655,0.10833333333333334,0.174496644295302,0.09558823529411764,0.45,0.16363636363636364,0.24,0.13636363636363635,0.3333333333333333,0.038461538461538464,0.06896551724137931,0.03571428571428571,0.0,0.0,0.0,0.0,0.0,0.0,0.0,0.0,0.0,0.0,1.0,0.0,0.0,0.0,0.038461538461538464,0.2857142857142857,0.0,29,20,4,8,4
test_01051,primera_exact,0.21739130434782608,0.06369426751592357,0.09852216748768472,0.05181347150259067,0.2222222222222222,0.0547945205479452,0.08791208791208792,0.04597701149425287,0.0,0.0,0.0,0.0,0.0,0.0,0.0,0.0,0.0,0.0,0.0,0.0,0.0,0.0,1.0,0.02631578947368421,0.0,0.0,0.0,0.42857142857142855,0.0,46,18,7,13,7
test_01051,primera_sentence,0.21739130434782608,0.06369426751592357,0.09852216748768472,0.05181347150259067,0.2222222222222222,0.0547945205479452,0.08791208791208792,0.04597701149425287,0.0,0.0,0.0,0.0,0.0,0.0,0.0,0.0,0.0,0.0,0.0,0.0,0.0,0.0,1.0,0.02631578947368421,0.0,0.0,0.0,0.42857142857142855,0.0,46,18,7,13,7
test_01058,primera_exact,0.6,0.07692307692307693,0.13636363636363635,0.07317073170731707,0.75,0.13636363636363635,0.23076923076923075,0.13043478260869565,0.4444444444444444,0.09090909090909091,0.1509433962264151,0.08163265306122448,0.2,0.03636363636363636,0.061538461538461535,0.031746031746031744,0.4,0.07272727272727272,0.12307692307692307,0.4,0.3,0.3,0.7,0.08641975308641975,0.03636363636363636,0.031746031746031744,0.09090909090909091,0.6,0.2,30,16,10,15,10
test_01058,primera_sentence,0.6,0.07692307692307693,0.13636363636363635,0.07317073170731707,0.75,0.13636363636363635,0.23076923076923075,0.13043478260869565,0.4444444444444444,0.09090909090909091,0.1509433962264151,0.08163265306122448,0.2,0.03636363636363636,0.061538461538461535,0.031746031746031744,0.4,0.07272727272727272,0.12307692307692307,0.4,0.3,0.3,0.7,0.08641975308641975,0.03636363636363636,0.031746031746031744,0.09090909090909091,0.6,0.2,30,16,10,15,10
test_01074,primera_exact,0.8148148148148148,0.07857142857142857,0.14332247557003258,0.07719298245614035,0.8421052631578947,0.12403100775193798,0.2162162162162162,0.12121212121212122,1.0,0.09615384615384616,0.17543859649122806,0.09615384615384616,0.2,0.014084507042253521,0.02631578947368421,0.013333333333333334,0.6,0.04225352112676056,0.07894736842105261,0.8,1.0,0.8,0.19999999999999996,0.04950495049504951,0.014084507042253521,0.013333333333333334,0.09615384615384616,0.2857142857142857,0.2,27,19,5,10,5
test_01074,primera_sentence,0.8148148148148148,0.07857142857142857,0.14332247557003258,0.07719298245614035,0.8421052631578947,0.12403100775193798,0.2162162162162162,0.12121212121212122,1.0,0.09615384615384616,0.17543859649122806,0.09615384615384616,0.2,0.014084507042253521,0.02631578947368421,0.013333333333333334,0.6,0.04225352112676056,0.07894736842105261,0.8,1.0,0.8,0.19999999999999996,0.04950495049504951,0.014084507042253521,0.013333333333333334,0.09615384615384616,0.2857142857142857,0.2,27,19,5,10,5
test_01078,primera_exact,0.7857142857142857,0.09821428571428571,0.1746031746031746,0.09565217391304348,0.8888888888888888,0.12698412698412698,0.2222222222222222,0.125,0.5,0.04878048780487805,0.08888888888888888,0.046511627906976744,0.0,0.0,0.0,0.0,0.0,0.0,0.0,0.25,0.5,0.25,0.75,0.022727272727272728,0.0,0.0,0.04878048780487805,0.5,0.1,28,18,4,8,4
test_01078,primera_sentence,0.7857142857142857,0.09821428571428571,0.1746031746031746,0.09565217391304348,0.8888888888888888,0.12698412698412698,0.2222222222222222,0.125,0.5,0.04878048780487805,0.08888888888888888,0.046511627906976744,0.0,0.0,0.0,0.0,0.0,0.0,0.0,0.25,0.5,0.25,0.75,0.022727272727272728,0.0,0.0,0.04878048780487805,0.5,0.1,28,18,4,8,4
test_01085,primera_exact,0.5853658536585366,0.27906976744186046,0.3779527559055118,0.23300970873786409,0.3888888888888889,0.2916666666666667,0.3333333333333333,0.2,0.6,0.14285714285714285,0.23076923076923073,0.13043478260869565,0.0,0.0,0.0,0.0,0.0,0.0,0.0,0.2,0.4,0.0,1.0,0.05128205128205128,0.0,0.0,0.14285714285714285,0.375,0.0,41,18,5,8,5
test_01085,primera_sentence,0.5853658536585366,0.27906976744186046,0.3779527559055118,0.23300970873786409,0.3888888888888889,0.2916666666666667,0.3333333333333333,0.2,0.6,0.14285714285714285,0.23076923076923073,0.13043478260869565,0.0,0.0,0.0,0.0,0.0,0.0,0.0,0.2,0.4,0.0,1.0,0.05128205128205128,0.0,0.0,0.14285714285714285,0.375,0.0,41,18,5,8,5
test_01090,primera_exact,0.23809523809523808,0.2,0.21739130434782608,0.12195121951219512,0.5833333333333334,0.6363636363636364,0.6086956521739131,0.4375,0.5,0.2,0.28571428571428575,0.16666666666666666,0.0,0.0,0.0,0.0,0.0,0.0,0.0,0.0,0.5,0.0,1.0,0.125,0.0,0.0,0.2,0.5,0.125,21,12,2,4,2
test_01090,primera_sentence,0.23809523809523808,0.2,0.21739130434782608,0.12195121951219512,0.5833333333333334,0.6363636363636364,0.6086956521739131,0.4375,0.5,0.2,0.28571428571428575,0.16666666666666666,0.0,0.0,0.0,0.0,0.0,0.0,0.0,0.0,0.5,0.0,1.0,0.125,0.0,0.0,0.2,0.5,0.125,21,12,2,4,2
test_01096,primera_exact,0.5102040816326531,0.16233766233766234,0.24630541871921183,0.1404494382022472,0.6296296296296297,0.21518987341772153,0.32075471698113206,0.19101123595505617,0.0,0.0,0.0,0.0,0.0,0.0,0.0,0.0,0.0,0.0,0.0,0.0,0.0,0.0,1.0,0.016129032258064516,0.0,0.0,0.0,0.125,0.0,49,27,6,11,6
test_01096,primera_sentence,0.5102040816326531,0.16233766233766234,0.24630541871921183,0.1404494382022472,0.6296296296296297,0.21518987341772153,0.32075471698113206,0.19101123595505617,0.0,0.0,0.0,0.0,0.0,0.0,0.0,0.0,0.0,0.0,0.0,0.0,0.0,0.0,1.0,0.016129032258064516,0.0,0.0,0.0,0.125,0.0,49,27,6,11,6
test_01119,primera_exact,0.696969696969697,0.24210526315789474,0.35937500000000006,0.21904761904761905,0.6428571428571429,0.24324324324324326,0.35294117647058826,0.21428571428571427,1.0,0.034482758620689655,0.06666666666666667,0.034482758620689655,1.0,0.03125,0.06060606060606061,0.03125,1.0,0.03125,0.06060606060606061,1.0,1.0,1.0,0.0,0.041666666666666664,0.03125,0.03125,0.034482758620689655,0.18181818181818182,0.0,33,28,1,2,1
test_01119,primera_sentence,0.696969696969697,0.24210526315789474,0.35937500000000006,0.21904761904761905,0.6428571428571429,0.24324324324324326,0.35294117647058826,0.21428571428571427,1.0,0.034482758620689655,0.06666666666666667,0.034482758620689655,1.0,0.03125,0.06060606060606061,0.03125,1.0,0.03125,0.06060606060606061,1.0,1.0,1.0,0.0,0.041666666666666664,0.03125,0.03125,0.034482758620689655,0.18181818181818182,0.0,33,28,1,2,1
test_01135,primera_exact,0.7796610169491526,0.03613511390416339,0.06906906906906907,0.03576982892690513,0.8888888888888888,0.028169014084507043,0.054607508532423216,0.028070175438596492,0.7142857142857143,0.01968503937007874,0.03831417624521073,0.01953125,0.2857142857142857,0.005291005291005291,0.01038961038961039,0.005221932114882507,0.2857142857142857,0.005291005291005291,0.01038961038961039,0.42857142857142855,0.7142857142857143,0.42857142857142855,0.5714285714285714,0.019823788546255508,0.005291005291005291,0.005221932114882507,0.01968503937007874,0.014778325123152709,0.1,59,9,7,13,7
test_01135,primera_sentence,0.7796610169491526,0.03613511390416339,0.06906906906906907,0.03576982892690513,0.8888888888888888,0.028169014084507043,0.054607508532423216,0.028070175438596492,0.7142857142857143,0.01968503937007874,0.03831417624521073,0.01953125,0.2857142857142857,0.005291005291005291,0.01038961038961039,0.005221932114882507,0.2857142857142857,0.005291005291005291,0.01038961038961039,0.42857142857142855,0.7142857142857143,0.42857142857142855,0.5714285714285714,0.019823788546255508,0.005291005291005291,0.005221932114882507,0.01968503937007874,0.014778325123152709,0.1,59,9,7,13,7
test_01138,primera_exact,0.6271186440677966,0.45121951219512196,0.524822695035461,0.3557692307692308,0.5806451612903226,0.5454545454545454,0.5625,0.391304347826087,0.6666666666666666,0.42857142857142855,0.5217391304347826,0.35294117647058826,0.5,0.3333333333333333,0.4,0.25,0.6,0.4,0.48,0.7,0.5,0.5,0.5,0.34782608695652173,0.3333333333333333,0.25,0.42857142857142855,0.8,0.3,59,31,10,15,10
test_01138,primera_sentence,0.6271186440677966,0.45121951219512196,0.524822695035461,0.3557692307692308,0.5806451612903226,0.5454545454545454,0.5625,0.391304347826087,0.6666666666666666,0.42857142857142855,0.5217391304347826,0.35294117647058826,0.5,0.3333333333333333,0.4,0.25,0.6,0.4,0.48,0.7,0.5,0.5,0.5,0.34782608695652173,0.3333333333333333,0.25,0.42857142857142855,0.8,0.3,59,31,10,15,10
test_01152,primera_exact,0.34285714285714286,0.16666666666666666,0.22429906542056074,0.12631578947368421,0.5263157894736842,0.37037037037037035,0.43478260869565216,0.2777777777777778,0.3333333333333333,0.2222222222222222,0.26666666666666666,0.15384615384615385,0.16666666666666666,0.09090909090909091,0.11764705882352942,0.0625,0.16666666666666666,0.09090909090909091,0.11764705882352942,0.16666666666666666,0.3333333333333333,0.16666666666666666,0.8333333333333334,0.2,0.09090909090909091,0.0625,0.2222222222222222,1.0,0.1,35,19,6,11,6
test_01152,primera_sentence,0.34285714285714286,0.16666666666666666,0.22429906542056074,0.12631578947368421,0.5263157894736842,0.37037037037037035,0.43478260869565216,0.2777777777777778,0.3333333333333333,0.2222222222222222,0.26666666666666666,0.15384615384615385,0.16666666666666666,0.09090909090909091,0.11764705882352942,0.0625,0.16666666666666666,0.09090909090909091,0.11764705882352942,0.16666666666666666,0.3333333333333333,0.16666666666666666,0.8333333333333334,0.2,0.09090909090909091,0.0625,0.2222222222222222,1.0,0.1,35,19,6,11,6
test_01180,primera_exact,0.4782608695652174,0.1864406779661017,0.26829268292682923,0.15492957746478872,0.875,0.42857142857142855,0.5753424657534246,0.40384615384615385,0.6666666666666666,0.16,0.25806451612903225,0.14814814814814814,0.2857142857142857,0.05,0.0851063829787234,0.044444444444444446,0.42857142857142855,0.075,0.1276595744680851,0.5714285714285714,0.5714285714285714,0.42857142857142855,0.5714285714285714,0.0784313725490196,0.05,0.044444444444444446,0.16,0.5555555555555556,0.1,46,24,7,9,7
test_01180,primera_sentence,0.4782608695652174,0.1864406779661017,0.26829268292682923,0.15492957746478872,0.875,0.42857142857142855,0.5753424657534246,0.40384615384615385,0.6666666666666666,0.16,0.25806451612903225,0.14814814814814814,0.2857142857142857,0.05,0.0851063829787234,0.044444444444444446,0.42857142857142855,0.075,0.1276595744680851,0.5714285714285714,0.5714285714285714,0.42857142857142855,0.5714285714285714,0.0784313725490196,0.05,0.044444444444444446,0.16,0.5555555555555556,0.1,46,24,7,9,7
test_01183,primera_exact,0.44,0.03691275167785235,0.06811145510835913,0.035256410256410256,0.8125,0.087248322147651,0.1575757575757576,0.08552631578947369,0.4,0.022222222222222223,0.042105263157894736,0.021505376344086023,0.2,0.007692307692307693,0.014814814814814815,0.007462686567164179,0.2,0.007692307692307693,0.014814814814814815,0.4,0.4,0.4,0.6,0.04375,0.007692307692307693,0.007462686567164179,0.022222222222222223,0.13333333333333333,0.4,25,16,5,8,5
test_01183,primera_sentence,0.44,0.03691275167785235,0.06811145510835913,0.035256410256410256,0.8125,0.087248322147651,0.1575757575757576,0.08552631578947369,0.4,0.022222222222222223,0.042105263157894736,0.021505376344086023,0.2,0.007692307692307693,0.014814814814814815,0.007462686567164179,0.2,0.007692307692307693,0.014814814814814815,0.4,0.4,0.4,0.6,0.04375,0.007692307692307693,0.007462686567164179,0.022222222222222223,0.13333333333333333,0.4,25,16,5,8,5
test_01202,primera_exact,0.6666666666666666,0.34146341463414637,0.4516129032258065,0.2916666666666667,0.6956521739130435,0.38095238095238093,0.4923076923076923,0.32653061224489793,1.0,0.11764705882352941,0.21052631578947367,0.11764705882352941,0.0,0.0,0.0,0.0,0.0,0.0,0.0,0.0,1.0,0.0,1.0,0.03333333333333333,0.0,0.0,0.11764705882352941,0.1875,0.0,42,23,2,3,2
test_01202,primera_sentence,0.6666666666666666,0.34146341463414637,0.4516129032258065,0.2916666666666667,0.6956521739130435,0.38095238095238093,0.4923076923076923,0.32653061224489793,1.0,0.11764705882352941,0.21052631578947367,0.11764705882352941,0.0,0.0,0.0,0.0,0.0,0.0,0.0,0.0,1.0,0.0,1.0,0.03333333333333333,0.0,0.0,0.11764705882352941,0.1875,0.0,42,23,2,3,2
test_01218,primera_exact,0.2916666666666667,0.0673076923076923,0.109375,0.05785123966942149,0.47368421052631576,0.09183673469387756,0.15384615384615385,0.08333333333333333,0.16666666666666666,0.02857142857142857,0.048780487804878044,0.025,0.0,0.0,0.0,0.0,0.0,0.0,0.0,0.14285714285714285,0.14285714285714285,0.14285714285714285,0.8571428571428572,0.03333333333333333,0.0,0.0,0.02857142857142857,0.6,0.1,48,19,7,11,7
test_01218,primera_sentence,0.2916666666666667,0.0673076923076923,0.109375,0.05785123966942149,0.47368421052631576,0.09183673469387756,0.15384615384615385,0.08333333333333333,0.16666666666666666,0.02857142857142857,0.048780487804878044,0.025,0.0,0.0,0.0,0.0,0.0,0.0,0.0,0.14285714285714285,0.14285714285714285,0.14285714285714285,0.8571428571428572,0.03333333333333333,0.0,0.0,0.02857142857142857,0.6,0.1,48,19,7,11,7
test_01249,primera_exact,0.425,0.1619047619047619,0.23448275862068962,0.1328125,0.0,0.0,0.0,0.0,0.5,0.15384615384615385,0.23529411764705882,0.13333333333333333,0.0,0.0,0.0,0.0,0.0,0.0,0.0,0.25,0.5,0.25,0.75,0.0,0.0,0.0,0.15384615384615385,0.75,0.0,40,1,4,7,4
test_01249,primera_sentence,0.425,0.1619047619047619,0.23448275862068962,0.1328125,0.0,0.0,0.0,0.0,0.5,0.15384615384615385,0.23529411764705882,0.13333333333333333,0.0,0.0,0.0,0.0,0.0,0.0,0.0,0.25,0.5,0.25,0.75,0.0,0.0,0.0,0.15384615384615385,0.75,0.0,40,1,4,7,4
test_01250,primera_exact,0.76,0.1310344827586207,0.2235294117647059,0.12582781456953643,0.8666666666666667,0.19402985074626866,0.3170731707317074,0.18840579710144928,1.0,0.08695652173913043,0.16,0.08695652173913043,0.4,0.03076923076923077,0.05714285714285715,0.029411764705882353,0.6,0.046153846153846156,0.08571428571428573,0.6,1.0,0.6,0.4,0.07228915662650602,0.03076923076923077,0.029411764705882353,0.08695652173913043,0.23076923076923078,0.0,25,15,5,8,5
test_01250,primera_sentence,0.76,0.1310344827586207,0.2235294117647059,0.12582781456953643,0.8666666666666667,0.19402985074626866,0.3170731707317074,0.18840579710144928,1.0,0.08695652173913043,0.16,0.08695652173913043,0.4,0.03076923076923077,0.05714285714285715,0.029411764705882353,0.6,0.046153846153846156,0.08571428571428573,0.6,1.0,0.6,0.4,0.07228915662650602,0.03076923076923077,0.029411764705882353,0.08695652173913043,0.23076923076923078,0.0,25,15,5,8,5
test_01252,primera_exact,0.6923076923076923,0.4153846153846154,0.5192307692307692,0.35064935064935066,0.35294117647058826,0.3333333333333333,0.34285714285714286,0.20689655172413793,1.0,0.5555555555555556,0.7142857142857143,0.5555555555555556,0.6,0.3333333333333333,0.42857142857142855,0.2727272727272727,0.6,0.3333333333333333,0.42857142857142855,1.0,1.0,1.0,0.0,0.47058823529411764,0.3333333333333333,0.2727272727272727,0.5555555555555556,1.0,0.4,39,17,5,9,5
test_01252,primera_sentence,0.6923076923076923,0.4153846153846154,0.5192307692307692,0.35064935064935066,0.35294117647058826,0.3333333333333333,0.34285714285714286,0.20689655172413793,1.0,0.5555555555555556,0.7142857142857143,0.5555555555555556,0.6,0.3333333333333333,0.42857142857142855,0.2727272727272727,0.6,0.3333333333333333,0.42857142857142855,1.0,1.0,1.0,0.0,0.47058823529411764,0.3333333333333333,0.2727272727272727,0.5555555555555556,1.0,0.4,39,17,5,9,5
test_01253,primera_exact,0.5853658536585366,0.1889763779527559,0.2857142857142857,0.16666666666666666,0.65,0.22413793103448276,0.33333333333333337,0.2,0.42857142857142855,0.10344827586206896,0.16666666666666663,0.09090909090909091,0.0,0.0,0.0,0.0,0.14285714285714285,0.027777777777777776,0.046511627906976744,0.14285714285714285,0.42857142857142855,0.0,1.0,0.06666666666666667,0.0,0.0,0.10344827586206896,0.625,0.1,41,20,7,11,7
test_01253,primera_sentence,0.5853658536585366,0.1889763779527559,0.2857142857142857,0.16666666666666666,0.65,0.22413793103448276,0.33333333333333337,0.2,0.42857142857142855,0.10344827586206896,0.16666666666666663,0.09090909090909091,0.0,0.0,0.0,0.0,0.14285714285714285,0.027777777777777776,0.046511627906976744,0.14285714285714285,0.42857142857142855,0.0,1.0,0.06666666666666667,0.0,0.0,0.10344827586206896,0.625,0.1,41,20,7,11,7
test_01261,primera_exact,0.8571428571428571,0.4166666666666667,0.5607476635514019,0.38961038961038963,0.6923076923076923,0.34615384615384615,0.46153846153846156,0.3,0.5,0.058823529411764705,0.10526315789473684,0.05555555555555555,0.3333333333333333,0.05263157894736842,0.09090909090909091,0.047619047619047616,0.3333333333333333,0.05263157894736842,0.09090909090909091,0.3333333333333333,0.3333333333333333,0.3333333333333333,0.6666666666666667,0.07407407407407407,0.05263157894736842,0.047619047619047616,0.058823529411764705,0.4,0.1,35,13,3,6,3
test_01261,primera_sentence,0.8571428571428571,0.4166666666666667,0.5607476635514019,0.38961038961038963,0.6923076923076923,0.34615384615384615,0.46153846153846156,0.3,0.5,0.058823529411764705,0.10526315789473684,0.05555555555555555,0.3333333333333333,0.05263157894736842,0.09090909090909091,0.047619047619047616,0.3333333333333333,0.05263157894736842,0.09090909090909091,0.3333333333333333,0.3333333333333333,0.3333333333333333,0.6666666666666667,0.07407407407407407,0.05263157894736842,0.047619047619047616,0.058823529411764705,0.4,0.1,35,13,3,6,3
test_01269,primera_exact,0.6304347826086957,0.14795918367346939,0.2396694214876033,0.13615023474178403,0.5357142857142857,0.13274336283185842,0.2127659574468085,0.11904761904761904,0.25,0.04878048780487805,0.0816326530612245,0.0425531914893617,0.0,0.0,0.0,0.0,0.0,0.0,0.0,0.1111111111111111,0.0,0.0,1.0,0.03488372093023256,0.0,0.0,0.04878048780487805,0.5,0.0,46,28,9,15,9
test_01269,primera_sentence,0.6304347826086957,0.14795918367346939,0.2396694214876033,0.13615023474178403,0.5357142857142857,0.13274336283185842,0.2127659574468085,0.11904761904761904,0.25,0.04878048780487805,0.0816326530612245,0.0425531914893617,0.0,0.0,0.0,0.0,0.0,0.0,0.0,0.1111111111111111,0.0,0.0,1.0,0.03488372093023256,0.0,0.0,0.04878048780487805,0.5,0.0,46,28,9,15,9
test_01273,primera_exact,0.2619047619047619,0.06626506024096386,0.10576923076923078,0.05583756345177665,0.4444444444444444,0.10256410256410256,0.16666666666666666,0.09090909090909091,0.0,0.0,0.0,0.0,0.0,0.0,0.0,0.0,0.0,0.0,0.0,0.0,0.0,0.0,1.0,0.0,0.0,0.0,0.0,0.5714285714285714,0.0,42,18,7,11,7
test_01273,primera_sentence,0.2619047619047619,0.06626506024096386,0.10576923076923078,0.05583756345177665,0.4444444444444444,0.10256410256410256,0.16666666666666666,0.09090909090909091,0.0,0.0,0.0,0.0,0.0,0.0,0.0,0.0,0.0,0.0,0.0,0.0,0.0,0.0,1.0,0.0,0.0,0.0,0.0,0.5714285714285714,0.0,42,18,7,11,7
test_01308,primera_exact,0.5333333333333333,0.030360531309297913,0.05745062836624776,0.029574861367837338,0.8,0.057971014492753624,0.1081081081081081,0.05714285714285714,0.8571428571428571,0.049586776859504134,0.09375000000000001,0.04918032786885246,0.625,0.03333333333333333,0.06329113924050632,0.032679738562091505,0.625,0.03333333333333333,0.06329113924050632,0.75,0.75,0.75,0.25,0.041474654377880185,0.03333333333333333,0.032679738562091505,0.049586776859504134,0.19047619047619047,0.2,30,15,8,14,8
test_01308,primera_sentence,0.5333333333333333,0.030360531309297913,0.05745062836624776,0.029574861367837338,0.8,0.057971014492753624,0.1081081081081081,0.05714285714285714,0.8571428571428571,0.049586776859504134,0.09375000000000001,0.04918032786885246,0.625,0.03333333333333333,0.06329113924050632,0.032679738562091505,0.625,0.03333333333333333,0.06329113924050632,0.75,0.75,0.75,0.25,0.041474654377880185,0.03333333333333333,0.032679738562091505,0.049586776859504134,0.19047619047619047,0.2,30,15,8,14,8
test_01328,primera_exact,0.3488372093023256,0.13274336283185842,0.19230769230769232,0.10638297872340426,0.375,0.18181818181818182,0.24489795918367344,0.13953488372093023,1.0,0.17391304347826086,0.29629629629629634,0.17391304347826086,0.2,0.037037037037037035,0.0625,0.03225806451612903,0.2,0.037037037037037035,0.0625,0.4,0.6,0.2,0.8,0.09523809523809523,0.037037037037037035,0.03225806451612903,0.17391304347826086,0.75,0.2,43,16,5,9,5
test_01328,primera_sentence,0.3488372093023256,0.13274336283185842,0.19230769230769232,0.10638297872340426,0.375,0.18181818181818182,0.24489795918367344,0.13953488372093023,1.0,0.17391304347826086,0.29629629629629634,0.17391304347826086,0.2,0.037037037037037035,0.0625,0.03225806451612903,0.2,0.037037037037037035,0.0625,0.4,0.6,0.2,0.8,0.09523809523809523,0.037037037037037035,0.03225806451612903,0.17391304347826086,0.75,0.2,43,16,5,9,5
test_01335,primera_exact,0.8333333333333334,0.03869969040247678,0.07396449704142012,0.03840245775729647,0.625,0.03333333333333333,0.06329113924050632,0.032679738562091505,1.0,0.022222222222222223,0.04347826086956522,0.022222222222222223,0.0,0.0,0.0,0.0,0.0,0.0,0.0,1.0,0.6666666666666666,0.6666666666666666,0.33333333333333337,0.01485148514851485,0.0,0.0,0.022222222222222223,0.13333333333333333,0.2,30,8,3,6,3
test_01335,primera_sentence,0.8333333333333334,0.03869969040247678,0.07396449704142012,0.03840245775729647,0.625,0.03333333333333333,0.06329113924050632,0.032679738562091505,1.0,0.022222222222222223,0.04347826086956522,0.022222222222222223,0.0,0.0,0.0,0.0,0.0,0.0,0.0,1.0,0.6666666666666666,0.6666666666666666,0.33333333333333337,0.01485148514851485,0.0,0.0,0.022222222222222223,0.13333333333333333,0.2,30,8,3,6,3
test_01360,primera_exact,0.7368421052631579,0.0332541567695962,0.06363636363636364,0.03286384976525822,0.6666666666666666,0.050761421319796954,0.09433962264150943,0.04950495049504951,1.0,0.041666666666666664,0.07999999999999999,0.041666666666666664,0.5,0.015267175572519083,0.029629629629629627,0.015037593984962405,0.5,0.015267175572519083,0.029629629629629627,1.0,1.0,1.0,0.0,0.021739130434782608,0.015267175572519083,0.015037593984962405,0.041666666666666664,0.1111111111111111,0.2,19,15,4,6,4
test_01360,primera_sentence,0.7368421052631579,0.0332541567695962,0.06363636363636364,0.03286384976525822,0.6666666666666666,0.050761421319796954,0.09433962264150943,0.04950495049504951,1.0,0.041666666666666664,0.07999999999999999,0.041666666666666664,0.5,0.015267175572519083,0.029629629629629627,0.015037593984962405,0.5,0.015267175572519083,0.029629629629629627,1.0,1.0,1.0,0.0,0.021739130434782608,0.015267175572519083,0.015037593984962405,0.041666666666666664,0.1111111111111111,0.2,19,15,4,6,4
test_01382,primera_exact,0.4166666666666667,0.1179245283018868,0.18382352941176472,0.10121457489878542,0.35,0.08235294117647059,0.13333333333333333,0.07142857142857142,0.125,0.03125,0.05,0.02564102564102564,0.0,0.0,0.0,0.0,0.0,0.0,0.0,0.3076923076923077,0.0,0.0,1.0,0.047619047619047616,0.0,0.0,0.03125,0.5,0.0,60,20,13,21,13
test_01382,primera_sentence,0.4166666666666667,0.1179245283018868,0.18382352941176472,0.10121457489878542,0.35,0.08235294117647059,0.13333333333333333,0.07142857142857142,0.125,0.03125,0.05,0.02564102564102564,0.0,0.0,0.0,0.0,0.0,0.0,0.0,0.3076923076923077,0.0,0.0,1.0,0.047619047619047616,0.0,0.0,0.03125,0.5,0.0,60,20,13,21,13
test_01388,primera_exact,0.7,0.028747433264887063,0.055226824457593686,0.028397565922920892,0.7142857142857143,0.04878048780487805,0.09132420091324202,0.04784688995215311,1.0,0.019417475728155338,0.03809523809523809,0.019417475728155338,0.0,0.0,0.0,0.0,0.0,0.0,0.0,1.0,1.0,0.5,0.5,0.0045045045045045045,0.0,0.0,0.019417475728155338,0.08695652173913043,0.0,20,14,2,4,2
test_01388,primera_sentence,0.7777777777777778,0.028747433264887063,0.055445544554455446,0.028513238289205704,0.6666666666666666,0.03902439024390244,0.07373271889400922,0.03827751196172249,1.0,0.019417475728155338,0.03809523809523809,0.019417475728155338,0.0,0.0,0.0,0.0,0.0,0.0,0.0,1.0,1.0,0.5,0.5,0.0045045045045045045,0.0,0.0,0.019417475728155338,0.08695652173913043,0.0,18,12,2,4,2
test_01391,primera_exact,0.4318181818181818,0.17757009345794392,0.25165562913907286,0.14393939393939395,0.7333333333333333,0.22448979591836735,0.34375,0.20754716981132076,0.75,0.10714285714285714,0.1875,0.10344827586206896,0.0,0.0,0.0,0.0,0.0,0.0,0.0,0.25,0.5,0.0,1.0,0.05357142857142857,0.0,0.0,0.10714285714285714,0.2222222222222222,0.1,44,30,4,8,4
test_01391,primera_sentence,0.4318181818181818,0.17757009345794392,0.25165562913907286,0.14393939393939395,0.7333333333333333,0.22448979591836735,0.34375,0.20754716981132076,0.75,0.10714285714285714,0.1875,0.10344827586206896,0.0,0.0,0.0,0.0,0.0,0.0,0.0,0.25,0.5,0.0,1.0,0.05357142857142857,0.0,0.0,0.10714285714285714,0.2222222222222222,0.1,44,30,4,8,4
test_01401,primera_exact,0.5342465753424658,0.375,0.44067796610169496,0.2826086956521739,0.8148148148148148,0.4,0.5365853658536586,0.36666666666666664,1.0,0.17647058823529413,0.3,0.17647058823529413,0.3333333333333333,0.045454545454545456,0.08,0.041666666666666664,0.6666666666666666,0.09090909090909091,0.16,1.0,1.0,1.0,0.0,0.11764705882352941,0.045454545454545456,0.041666666666666664,0.17647058823529413,0.2857142857142857,0.1,73,27,3,6,3
test_01401,primera_sentence,0.5342465753424658,0.375,0.44067796610169496,0.2826086956521739,0.8148148148148148,0.4,0.5365853658536586,0.36666666666666664,1.0,0.17647058823529413,0.3,0.17647058823529413,0.3333333333333333,0.045454545454545456,0.08,0.041666666666666664,0.6666666666666666,0.09090909090909091,0.16,1.0,1.0,1.0,0.0,0.11764705882352941,0.045454545454545456,0.041666666666666664,0.17647058823529413,0.2857142857142857,0.1,73,27,3,6,3
test_01432,primera_exact,0.7692307692307693,0.05649717514124294,0.10526315789473684,0.05555555555555555,0.8333333333333334,0.10869565217391304,0.1923076923076923,0.10638297872340426,1.0,0.01694915254237288,0.03333333333333333,0.01694915254237288,0.0,0.0,0.0,0.0,0.0,0.0,0.0,0.0,1.0,0.0,1.0,0.008403361344537815,0.0,0.0,0.01694915254237288,0.2222222222222222,0.0,26,18,1,2,1
test_01432,primera_sentence,0.7692307692307693,0.05649717514124294,0.10526315789473684,0.05555555555555555,0.8333333333333334,0.10869565217391304,0.1923076923076923,0.10638297872340426,1.0,0.01694915254237288,0.03333333333333333,0.01694915254237288,0.0,0.0,0.0,0.0,0.0,0.0,0.0,0.0,1.0,0.0,1.0,0.008403361344537815,0.0,0.0,0.01694915254237288,0.2222222222222222,0.0,26,18,1,2,1
test_01458,primera_exact,0.45454545454545453,0.3333333333333333,0.3846153846153846,0.23809523809523808,0.6111111111111112,0.5,0.55,0.3793103448275862,1.0,0.3,0.4615384615384615,0.3,0.0,0.0,0.0,0.0,0.3333333333333333,0.09090909090909091,0.14285714285714288,0.6666666666666666,1.0,0.6666666666666666,0.33333333333333337,0.10526315789473684,0.0,0.0,0.3,0.6666666666666666,0.1,33,18,3,6,3
test_01458,primera_sentence,0.45454545454545453,0.3333333333333333,0.3846153846153846,0.23809523809523808,0.6111111111111112,0.5,0.55,0.3793103448275862,1.0,0.3,0.4615384615384615,0.3,0.0,0.0,0.0,0.0,0.3333333333333333,0.09090909090909091,0.14285714285714288,0.6666666666666666,1.0,0.6666666666666666,0.33333333333333337,0.10526315789473684,0.0,0.0,0.3,0.6666666666666666,0.1,33,18,3,6,3
test_01481,primera_exact,0.5151515151515151,0.23943661971830985,0.32692307692307687,0.19540229885057472,0.5263157894736842,0.18518518518518517,0.273972602739726,0.15873015873015872,0.6666666666666666,0.1,0.1739130434782609,0.09523809523809523,0.0,0.0,0.0,0.0,0.0,0.0,0.0,0.6666666666666666,0.3333333333333333,0.3333333333333333,0.6666666666666667,0.08823529411764706,0.0,0.0,0.1,0.8,0.3,33,19,3,4,3
test_01481,primera_sentence,0.5151515151515151,0.23943661971830985,0.32692307692307687,0.19540229885057472,0.5263157894736842,0.18518518518518517,0.273972602739726,0.15873015873015872,0.6666666666666666,0.1,0.1739130434782609,0.09523809523809523,0.0,0.0,0.0,0.0,0.0,0.0,0.0,0.6666666666666666,0.3333333333333333,0.3333333333333333,0.6666666666666667,0.08823529411764706,0.0,0.0,0.1,0.8,0.3,33,19,3,4,3
test_01492,primera_exact,0.4,0.09523809523809523,0.15384615384615385,0.08333333333333333,0.6842105263157895,0.19117647058823528,0.29885057471264365,0.17567567567567569,1.0,0.075,0.13953488372093023,0.075,0.3333333333333333,0.020833333333333332,0.0392156862745098,0.02,0.3333333333333333,0.020833333333333332,0.0392156862745098,1.0,0.3333333333333333,0.3333333333333333,0.6666666666666667,0.03529411764705882,0.020833333333333332,0.02,0.075,0.3333333333333333,0.2,50,19,3,6,3
test_01492,primera_sentence,0.4,0.09523809523809523,0.15384615384615385,0.08333333333333333,0.6842105263157895,0.19117647058823528,0.29885057471264365,0.17567567567567569,1.0,0.075,0.13953488372093023,0.075,0.3333333333333333,0.020833333333333332,0.0392156862745098,0.02,0.3333333333333333,0.020833333333333332,0.0392156862745098,1.0,0.3333333333333333,0.3333333333333333,0.6666666666666667,0.03529411764705882,0.020833333333333332,0.02,0.075,0.3333333333333333,0.2,50,19,3,6,3
test_01494,primera_exact,0.6111111111111112,0.125,0.20754716981132076,0.11578947368421053,0.6875,0.14285714285714285,0.23655913978494625,0.13414634146341464,1.0,0.025,0.04878048780487806,0.025,0.0,0.0,0.0,0.0,0.0,0.0,0.0,0.0,0.0,0.0,1.0,0.013333333333333334,0.0,0.0,0.025,0.13333333333333333,0.0,36,16,1,2,1
test_01494,primera_sentence,0.6111111111111112,0.125,0.20754716981132076,0.11578947368421053,0.6875,0.14285714285714285,0.23655913978494625,0.13414634146341464,1.0,0.025,0.04878048780487806,0.025,0.0,0.0,0.0,0.0,0.0,0.0,0.0,0.0,0.0,0.0,1.0,0.013333333333333334,0.0,0.0,0.025,0.13333333333333333,0.0,36,16,1,2,1
test_01503,primera_exact,0.84375,0.10887096774193548,0.19285714285714284,0.1067193675889328,0.8823529411764706,0.1485148514851485,0.25423728813559326,0.14563106796116504,0.2857142857142857,0.06896551724137931,0.1111111111111111,0.058823529411764705,0.0,0.0,0.0,0.0,0.0,0.0,0.0,0.2222222222222222,0.2222222222222222,0.2222222222222222,0.7777777777777778,0.07017543859649122,0.0,0.0,0.06896551724137931,0.8,0.1,32,17,9,14,9
test_01503,primera_sentence,0.84375,0.10887096774193548,0.19285714285714284,0.1067193675889328,0.8823529411764706,0.1485148514851485,0.25423728813559326,0.14563106796116504,0.2857142857142857,0.06896551724137931,0.1111111111111111,0.058823529411764705,0.0,0.0,0.0,0.0,0.0,0.0,0.0,0.2222222222222222,0.2222222222222222,0.2222222222222222,0.7777777777777778,0.07017543859649122,0.0,0.0,0.06896551724137931,0.8,0.1,32,17,9,14,9
test_01535,primera_exact,0.5833333333333334,0.0440251572327044,0.08187134502923976,0.042682926829268296,0.5555555555555556,0.09259259259259259,0.15873015873015875,0.08620689655172414,0.0,0.0,0.0,0.0,0.0,0.0,0.0,0.0,0.0,0.0,0.0,0.0,0.0,0.0,1.0,0.0125,0.0,0.0,0.0,0.08,0.1,24,9,3,6,3
test_01535,primera_sentence,0.5833333333333334,0.0440251572327044,0.08187134502923976,0.042682926829268296,0.5555555555555556,0.09259259259259259,0.15873015873015875,0.08620689655172414,0.0,0.0,0.0,0.0,0.0,0.0,0.0,0.0,0.0,0.0,0.0,0.0,0.0,0.0,1.0,0.0125,0.0,0.0,0.0,0.08,0.1,24,9,3,6,3
test_01536,primera_exact,0.45,0.11842105263157894,0.1875,0.10344827586206896,0.4666666666666667,0.03932584269662921,0.07253886010362695,0.03763440860215054,0.6666666666666666,0.06666666666666667,0.1212121212121212,0.06451612903225806,0.4,0.05128205128205128,0.09090909090909091,0.047619047619047616,0.4,0.05128205128205128,0.09090909090909091,0.8,0.4,0.4,0.6,0.06349206349206349,0.05128205128205128,0.047619047619047616,0.06666666666666667,0.5,0.2,60,15,5,9,5
test_01536,primera_sentence,0.45,0.11842105263157894,0.1875,0.10344827586206896,0.4666666666666667,0.03932584269662921,0.07253886010362695,0.03763440860215054,0.6666666666666666,0.06666666666666667,0.1212121212121212,0.06451612903225806,0.4,0.05128205128205128,0.09090909090909091,0.047619047619047616,0.4,0.05128205128205128,0.09090909090909091,0.8,0.4,0.4,0.6,0.06349206349206349,0.05128205128205128,0.047619047619047616,0.06666666666666667,0.5,0.2,60,15,5,9,5
test_01537,primera_exact,0.5121951219512195,0.07023411371237458,0.12352941176470587,0.06583072100313479,0.5555555555555556,0.10101010101010101,0.17094017094017094,0.09345794392523364,0.375,0.05555555555555555,0.09677419354838708,0.05084745762711865,0.125,0.013888888888888888,0.024999999999999998,0.012658227848101266,0.125,0.013888888888888888,0.024999999999999998,0.125,0.25,0.125,0.875,0.038834951456310676,0.013888888888888888,0.012658227848101266,0.05555555555555555,0.16666666666666666,0.1,41,18,8,14,8
test_01537,primera_sentence,0.5121951219512195,0.07023411371237458,0.12352941176470587,0.06583072100313479,0.5555555555555556,0.10101010101010101,0.17094017094017094,0.09345794392523364,0.375,0.05555555555555555,0.09677419354838708,0.05084745762711865,0.125,0.013888888888888888,0.024999999999999998,0.012658227848101266,0.125,0.013888888888888888,0.024999999999999998,0.125,0.25,0.125,0.875,0.038834951456310676,0.013888888888888888,0.012658227848101266,0.05555555555555555,0.16666666666666666,0.1,41,18,8,14,8
test_01546,primera_exact,0.48,0.19672131147540983,0.27906976744186046,0.16216216216216217,0.6666666666666666,0.15,0.24489795918367346,0.13953488372093023,0.3333333333333333,0.07692307692307693,0.125,0.06666666666666667,0.0,0.0,0.0,0.0,0.0,0.0,0.0,0.0,0.25,0.0,1.0,0.034482758620689655,0.0,0.0,0.07692307692307693,1.3333333333333333,0.1,25,9,4,6,4
test_01546,primera_sentence,0.48,0.19672131147540983,0.27906976744186046,0.16216216216216217,0.6666666666666666,0.15,0.24489795918367346,0.13953488372093023,0.3333333333333333,0.07692307692307693,0.125,0.06666666666666667,0.0,0.0,0.0,0.0,0.0,0.0,0.0,0.0,0.25,0.0,1.0,0.034482758620689655,0.0,0.0,0.07692307692307693,1.3333333333333333,0.1,25,9,4,6,4
test_01556,primera_exact,0.5714285714285714,0.055944055944055944,0.10191082802547771,0.053691275167785234,0.9333333333333333,0.0958904109589041,0.17391304347826086,0.09523809523809523,0.3333333333333333,0.045454545454545456,0.08,0.041666666666666664,0.0,0.0,0.0,0.0,0.0,0.0,0.0,0.42857142857142855,0.2857142857142857,0.2857142857142857,0.7142857142857143,0.031914893617021274,0.0,0.0,0.045454545454545456,0.2727272727272727,0.1,28,15,7,13,7
test_01556,primera_sentence,0.5714285714285714,0.055944055944055944,0.10191082802547771,0.053691275167785234,0.9333333333333333,0.0958904109589041,0.17391304347826086,0.09523809523809523,0.3333333333333333,0.045454545454545456,0.08,0.041666666666666664,0.0,0.0,0.0,0.0,0.0,0.0,0.0,0.42857142857142855,0.2857142857142857,0.2857142857142857,0.7142857142857143,0.031914893617021274,0.0,0.0,0.045454545454545456,0.2727272727272727,0.1,28,15,7,13,7
test_01559,primera_exact,0.574468085106383,0.14210526315789473,0.2278481012658228,0.12857142857142856,0.7368421052631579,0.1891891891891892,0.3010752688172043,0.17721518987341772,0.2,0.02564102564102564,0.045454545454545456,0.023255813953488372,0.2,0.022222222222222223,0.039999999999999994,0.02040816326530612,0.2,0.022222222222222223,0.039999999999999994,0.2,0.2,0.2,0.8,0.04285714285714286,0.022222222222222223,0.02040816326530612,0.02564102564102564,0.5,0.2,47,19,5,8,5
test_01559,primera_sentence,0.574468085106383,0.14210526315789473,0.2278481012658228,0.12857142857142856,0.7368421052631579,0.1891891891891892,0.3010752688172043,0.17721518987341772,0.2,0.02564102564102564,0.045454545454545456,0.023255813953488372,0.2,0.022222222222222223,0.039999999999999994,0.02040816326530612,0.2,0.022222222222222223,0.039999999999999994,0.2,0.2,0.2,0.8,0.04285714285714286,0.022222222222222223,0.02040816326530612,0.02564102564102564,0.5,0.2,47,19,5,8,5
test_01570,primera_exact,0.7142857142857143,0.10355029585798817,0.18087855297157623,0.09943181818181818,0.75,0.1111111111111111,0.19354838709677416,0.10714285714285714,1.0,0.029411764705882353,0.05714285714285715,0.029411764705882353,0.0,0.0,0.0,0.0,0.0,0.0,0.0,0.5,1.0,0.5,0.5,0.01834862385321101,0.0,0.0,0.029411764705882353,0.04,0.1,49,12,2,4,2
test_01570,primera_sentence,0.7142857142857143,0.10355029585798817,0.18087855297157623,0.09943181818181818,0.75,0.1111111111111111,0.19354838709677416,0.10714285714285714,1.0,0.029411764705882353,0.05714285714285715,0.029411764705882353,0.0,0.0,0.0,0.0,0.0,0.0,0.0,0.5,1.0,0.5,0.5,0.01834862385321101,0.0,0.0,0.029411764705882353,0.04,0.1,49,12,2,4,2
test_01579,primera_exact,0.4523809523809524,0.2878787878787879,0.3518518518518519,0.21348314606741572,0.5217391304347826,0.34285714285714286,0.4137931034482759,0.2608695652173913,0.3333333333333333,0.3,0.3157894736842105,0.1875,0.3,0.25,0.2727272727272727,0.15789473684210525,0.3,0.25,0.2727272727272727,0.3,0.4,0.3,0.7,0.21052631578947367,0.25,0.15789473684210525,0.3,1.0,0.2,42,23,10,16,10
test_01579,primera_sentence,0.4523809523809524,0.2878787878787879,0.3518518518518519,0.21348314606741572,0.5217391304347826,0.34285714285714286,0.4137931034482759,0.2608695652173913,0.3333333333333333,0.3,0.3157894736842105,0.1875,0.3,0.25,0.2727272727272727,0.15789473684210525,0.3,0.25,0.2727272727272727,0.3,0.4,0.3,0.7,0.21052631578947367,0.25,0.15789473684210525,0.3,1.0,0.2,42,23,10,16,10
test_01582,primera_exact,0.6538461538461539,0.1111111111111111,0.18994413407821228,0.10493827160493827,0.8,0.22857142857142856,0.3555555555555555,0.21621621621621623,0.5,0.027777777777777776,0.05263157894736842,0.02702702702702703,0.0,0.0,0.0,0.0,0.0,0.0,0.0,0.0,0.5,0.0,1.0,0.03125,0.0,0.0,0.027777777777777776,0.2,0.0,26,20,2,4,2
test_01582,primera_sentence,0.6538461538461539,0.1111111111111111,0.18994413407821228,0.10493827160493827,0.8,0.22857142857142856,0.3555555555555555,0.21621621621621623,0.5,0.027777777777777776,0.05263157894736842,0.02702702702702703,0.0,0.0,0.0,0.0,0.0,0.0,0.0,0.0,0.5,0.0,1.0,0.03125,0.0,0.0,0.027777777777777776,0.2,0.0,26,20,2,4,2
test_01592,primera_exact,0.7692307692307693,0.11299435028248588,0.19704433497536947,0.1092896174863388,0.8461538461538461,0.1506849315068493,0.2558139534883721,0.14666666666666667,1.0,0.16666666666666666,0.2857142857142857,0.16666666666666666,0.3333333333333333,0.05,0.08695652173913045,0.045454545454545456,1.0,0.15,0.2608695652173913,1.0,1.0,1.0,0.0,0.14285714285714285,0.05,0.045454545454545456,0.16666666666666666,0.5,0.1,26,13,6,11,6
test_01592,primera_sentence,0.7692307692307693,0.11299435028248588,0.19704433497536947,0.1092896174863388,0.8461538461538461,0.1506849315068493,0.2558139534883721,0.14666666666666667,1.0,0.16666666666666666,0.2857142857142857,0.16666666666666666,0.3333333333333333,0.05,0.08695652173913045,0.045454545454545456,1.0,0.15,0.2608695652173913,1.0,1.0,1.0,0.0,0.14285714285714285,0.05,0.045454545454545456,0.16666666666666666,0.5,0.1,26,13,6,11,6
test_01597,primera_exact,0.6666666666666666,0.072,0.1299638989169675,0.0694980694980695,0.8,0.08888888888888889,0.15999999999999998,0.08695652173913043,0.6666666666666666,0.03333333333333333,0.06349206349206349,0.03278688524590164,0.5,0.03571428571428571,0.06666666666666667,0.034482758620689655,0.5,0.03571428571428571,0.06666666666666667,0.8333333333333334,0.8333333333333334,0.6666666666666666,0.33333333333333337,0.06363636363636363,0.03571428571428571,0.034482758620689655,0.03333333333333333,0.07317073170731707,0.2,27,10,6,11,6
test_01597,primera_sentence,0.6666666666666666,0.072,0.1299638989169675,0.0694980694980695,0.8,0.08888888888888889,0.15999999999999998,0.08695652173913043,0.6666666666666666,0.03333333333333333,0.06349206349206349,0.03278688524590164,0.5,0.03571428571428571,0.06666666666666667,0.034482758620689655,0.5,0.03571428571428571,0.06666666666666667,0.8333333333333334,0.8333333333333334,0.6666666666666666,0.33333333333333337,0.06363636363636363,0.03571428571428571,0.034482758620689655,0.03333333333333333,0.07317073170731707,0.2,27,10,6,11,6
test_01601,primera_exact,0.8571428571428571,0.014814814814814815,0.02912621359223301,0.014778325123152709,0.875,0.04827586206896552,0.09150326797385622,0.04794520547945205,0.6666666666666666,0.020618556701030927,0.04,0.02040816326530612,0.0,0.0,0.0,0.0,0.0,0.0,0.0,0.6666666666666666,0.3333333333333333,0.3333333333333333,0.6666666666666667,0.01910828025477707,0.0,0.0,0.020618556701030927,0.029411764705882353,0.2,7,8,3,6,3
test_01601,primera_sentence,0.8571428571428571,0.014814814814814815,0.02912621359223301,0.014778325123152709,0.8571428571428571,0.041379310344827586,0.07894736842105263,0.0410958904109589,0.5,0.010309278350515464,0.020202020202020204,0.01020408163265306,0.0,0.0,0.0,0.0,0.0,0.0,0.0,0.5,0.5,0.5,0.5,0.012738853503184714,0.0,0.0,0.010309278350515464,0.029411764705882353,0.1,7,7,2,4,2
test_01606,primera_exact,0.5806451612903226,0.09523809523809523,0.16363636363636364,0.0891089108910891,0.6666666666666666,0.12048192771084337,0.20408163265306123,0.11363636363636363,0.6666666666666666,0.07272727272727272,0.13114754098360654,0.07017543859649122,0.0,0.0,0.0,0.0,0.0,0.0,0.0,0.14285714285714285,0.14285714285714285,0.0,1.0,0.034482758620689655,0.0,0.0,0.07272727272727272,0.25,0.2,31,15,7,12,7
test_01606,primera_sentence,0.5806451612903226,0.09523809523809523,0.16363636363636364,0.0891089108910891,0.6666666666666666,0.12048192771084337,0.20408163265306123,0.11363636363636363,0.6666666666666666,0.07272727272727272,0.13114754098360654,0.07017543859649122,0.0,0.0,0.0,0.0,0.0,0.0,0.0,0.14285714285714285,0.14285714285714285,0.0,1.0,0.034482758620689655,0.0,0.0,0.07272727272727272,0.25,0.2,31,15,7,12,7
test_01627,primera_exact,0.8125,0.15028901734104047,0.25365853658536586,0.1452513966480447,0.7777777777777778,0.1686746987951807,0.2772277227722772,0.16091954022988506,1.0,0.05405405405405406,0.10256410256410257,0.05405405405405406,0.5,0.022222222222222223,0.0425531914893617,0.021739130434782608,0.5,0.022222222222222223,0.0425531914893617,0.5,1.0,0.5,0.5,0.04285714285714286,0.022222222222222223,0.021739130434782608,0.05405405405405406,0.2,0.0,32,18,2,4,2
test_01627,primera_sentence,0.8125,0.15028901734104047,0.25365853658536586,0.1452513966480447,0.7777777777777778,0.1686746987951807,0.2772277227722772,0.16091954022988506,1.0,0.05405405405405406,0.10256410256410257,0.05405405405405406,0.5,0.022222222222222223,0.0425531914893617,0.021739130434782608,0.5,0.022222222222222223,0.0425531914893617,0.5,1.0,0.5,0.5,0.04285714285714286,0.022222222222222223,0.021739130434782608,0.05405405405405406,0.2,0.0,32,18,2,4,2
test_01631,primera_exact,0.9130434782608695,0.1206896551724138,0.2131979695431472,0.11931818181818182,0.5,0.09836065573770492,0.1643835616438356,0.08955223880597014,0.5,0.02564102564102564,0.048780487804878044,0.025,0.0,0.0,0.0,0.0,0.0,0.0,0.0,0.0,0.5,0.0,1.0,0.0,0.0,0.0,0.02564102564102564,0.16666666666666666,0.0,23,12,2,4,2
test_01631,primera_sentence,0.9130434782608695,0.1206896551724138,0.2131979695431472,0.11931818181818182,0.5,0.09836065573770492,0.1643835616438356,0.08955223880597014,0.5,0.02564102564102564,0.048780487804878044,0.025,0.0,0.0,0.0,0.0,0.0,0.0,0.0,0.0,0.5,0.0,1.0,0.0,0.0,0.0,0.02564102564102564,0.16666666666666666,0.0,23,12,2,4,2
test_01650,primera_exact,0.23809523809523808,0.20833333333333334,0.22222222222222224,0.125,0.6363636363636364,0.4666666666666667,0.5384615384615385,0.3684210526315789,0.0,0.0,0.0,0.0,0.0,0.0,0.0,0.0,0.0,0.0,0.0,0.0,0.0,0.0,1.0,0.25,0.0,0.0,0.0,0.75,0.3,21,11,3,5,3
test_01650,primera_sentence,0.23809523809523808,0.20833333333333334,0.22222222222222224,0.125,0.6363636363636364,0.4666666666666667,0.5384615384615385,0.3684210526315789,0.0,0.0,0.0,0.0,0.0,0.0,0.0,0.0,0.0,0.0,0.0,0.0,0.0,0.0,1.0,0.25,0.0,0.0,0.0,0.75,0.3,21,11,3,5,3
test_01663,primera_exact,0.5,0.13953488372093023,0.21818181818181817,0.12244897959183673,0.631578947368421,0.23076923076923078,0.33802816901408445,0.2033898305084746,0.5,0.045454545454545456,0.08333333333333334,0.043478260869565216,0.5,0.034482758620689655,0.06451612903225806,0.03333333333333333,0.5,0.034482758620689655,0.06451612903225806,0.5,0.5,0.5,0.5,0.047619047619047616,0.034482758620689655,0.03333333333333333,0.045454545454545456,0.2,0.0,36,19,2,4,2
test_01663,primera_sentence,0.5,0.13953488372093023,0.21818181818181817,0.12244897959183673,0.631578947368421,0.23076923076923078,0.33802816901408445,0.2033898305084746,0.5,0.045454545454545456,0.08333333333333334,0.043478260869565216,0.5,0.034482758620689655,0.06451612903225806,0.03333333333333333,0.5,0.034482758620689655,0.06451612903225806,0.5,0.5,0.5,0.5,0.047619047619047616,0.034482758620689655,0.03333333333333333,0.045454545454545456,0.2,0.0,36,19,2,4,2
test_01670,primera_exact,0.7291666666666666,0.30434782608695654,0.42944785276073627,0.2734375,0.7142857142857143,0.5263157894736842,0.6060606060606061,0.43478260869565216,1.0,0.16666666666666666,0.2857142857142857,0.16666666666666666,0.6666666666666666,0.09090909090909091,0.16,0.08695652173913043,0.6666666666666666,0.09090909090909091,0.16,1.0,1.0,1.0,0.0,0.11764705882352941,0.09090909090909091,0.08695652173913043,0.16666666666666666,0.5,0.2,48,14,3,5,3
test_01670,primera_sentence,0.7291666666666666,0.30434782608695654,0.42944785276073627,0.2734375,0.7142857142857143,0.5263157894736842,0.6060606060606061,0.43478260869565216,1.0,0.16666666666666666,0.2857142857142857,0.16666666666666666,0.6666666666666666,0.09090909090909091,0.16,0.08695652173913043,0.6666666666666666,0.09090909090909091,0.16,1.0,1.0,1.0,0.0,0.11764705882352941,0.09090909090909091,0.08695652173913043,0.16666666666666666,0.5,0.2,48,14,3,5,3
test_01674,primera_exact,0.9375,0.02737226277372263,0.05319148936170213,0.0273224043715847,0.8,0.04371584699453552,0.08290155440414507,0.043243243243243246,0.5,0.009523809523809525,0.01869158878504673,0.009433962264150943,0.75,0.020134228187919462,0.0392156862745098,0.02,0.75,0.020134228187919462,0.0392156862745098,0.75,0.75,0.75,0.25,0.028985507246376812,0.020134228187919462,0.02,0.009523809523809525,0.15384615384615385,0.1,16,10,4,6,4
test_01674,primera_sentence,0.9375,0.02737226277372263,0.05319148936170213,0.0273224043715847,0.7777777777777778,0.03825136612021858,0.07291666666666667,0.03783783783783784,1.0,0.009523809523809525,0.01886792452830189,0.009523809523809525,1.0,0.020134228187919462,0.03947368421052631,0.020134228187919462,1.0,0.020134228187919462,0.03947368421052631,1.0,1.0,1.0,0.0,0.01932367149758454,0.020134228187919462,0.020134228187919462,0.009523809523809525,0.15384615384615385,0.0,16,9,3,4,3
test_01686,primera_exact,0.07142857142857142,0.01904761904761905,0.030075187969924814,0.015267175572519083,0.6,0.21052631578947367,0.3116883116883116,0.18461538461538463,1.0,0.08,0.14814814814814814,0.08,0.0,0.0,0.0,0.0,0.0,0.0,0.0,0.5,0.25,0.25,0.75,0.02127659574468085,0.0,0.0,0.08,0.3333333333333333,0.1,28,20,4,7,4
test_01686,primera_sentence,0.07142857142857142,0.01904761904761905,0.030075187969924814,0.015267175572519083,0.6,0.21052631578947367,0.3116883116883116,0.18461538461538463,1.0,0.08,0.14814814814814814,0.08,0.0,0.0,0.0,0.0,0.0,0.0,0.0,0.5,0.25,0.25,0.75,0.02127659574468085,0.0,0.0,0.08,0.3333333333333333,0.1,28,20,4,7,4
test_01698,primera_exact,0.75,0.18,0.2903225806451613,0.16981132075471697,0.6153846153846154,0.12307692307692308,0.20512820512820515,0.11428571428571428,1.0,0.1,0.18181818181818182,0.1,1.0,0.13043478260869565,0.23076923076923078,0.13043478260869565,1.0,0.13043478260869565,0.23076923076923078,1.0,1.0,1.0,0.0,0.14634146341463414,0.13043478260869565,0.13043478260869565,0.1,0.6666666666666666,0.0,36,13,3,6,3
test_01698,primera_sentence,0.75,0.18,0.2903225806451613,0.16981132075471697,0.6153846153846154,0.12307692307692308,0.20512820512820515,0.11428571428571428,1.0,0.1,0.18181818181818182,0.1,1.0,0.13043478260869565,0.23076923076923078,0.13043478260869565,1.0,0.13043478260869565,0.23076923076923078,1.0,1.0,1.0,0.0,0.14634146341463414,0.13043478260869565,0.13043478260869565,0.1,0.6666666666666666,0.0,36,13,3,6,3
test_01702,primera_exact,0.6296296296296297,0.07657657657657657,0.1365461847389558,0.07327586206896551,0.47619047619047616,0.13333333333333333,0.20833333333333334,0.11627906976744186,0.0,0.0,0.0,0.0,0.0,0.0,0.0,0.0,0.0,0.0,0.0,0.0,0.0,0.0,1.0,0.02631578947368421,0.0,0.0,0.0,0.2727272727272727,0.1,27,21,5,8,5
test_01702,primera_sentence,0.6296296296296297,0.07657657657657657,0.1365461847389558,0.07327586206896551,0.47619047619047616,0.13333333333333333,0.20833333333333334,0.11627906976744186,0.0,0.0,0.0,0.0,0.0,0.0,0.0,0.0,0.0,0.0,0.0,0.0,0.0,0.0,1.0,0.02631578947368421,0.0,0.0,0.0,0.2727272727272727,0.1,27,21,5,8,5
test_01705,primera_exact,0.76,0.045346062052505964,0.08558558558558559,0.04470588235294118,0.6153846153846154,0.07207207207207207,0.12903225806451613,0.06896551724137931,0.25,0.01818181818181818,0.03389830508474576,0.017241379310344827,0.0,0.0,0.0,0.0,0.0,0.0,0.0,0.0,0.25,0.0,1.0,0.007246376811594203,0.0,0.0,0.01818181818181818,0.2857142857142857,0.0,25,13,4,8,4
test_01705,primera_sentence,0.76,0.045346062052505964,0.08558558558558559,0.04470588235294118,0.6153846153846154,0.07207207207207207,0.12903225806451613,0.06896551724137931,0.25,0.01818181818181818,0.03389830508474576,0.017241379310344827,0.0,0.0,0.0,0.0,0.0,0.0,0.0,0.0,0.25,0.0,1.0,0.007246376811594203,0.0,0.0,0.01818181818181818,0.2857142857142857,0.0,25,13,4,8,4
test_01707,primera_exact,0.868421052631579,0.532258064516129,0.66,0.4925373134328358,0.8888888888888888,0.5517241379310345,0.6808510638297872,0.5161290322580645,0.9,0.45,0.6,0.42857142857142855,0.7,0.3181818181818182,0.4375,0.28,0.8,0.36363636363636365,0.5000000000000001,0.9,0.9,0.9,0.09999999999999998,0.42857142857142855,0.3181818181818182,0.28,0.45,0.42857142857142855,0.4,38,18,10,17,10
test_01707,primera_sentence,0.868421052631579,0.532258064516129,0.66,0.4925373134328358,0.8888888888888888,0.5517241379310345,0.6808510638297872,0.5161290322580645,0.9,0.45,0.6,0.42857142857142855,0.7,0.3181818181818182,0.4375,0.28,0.8,0.36363636363636365,0.5000000000000001,0.9,0.9,0.9,0.09999999999999998,0.42857142857142855,0.3181818181818182,0.28,0.45,0.42857142857142855,0.4,38,18,10,17,10
test_01716,primera_exact,1.0,0.1827956989247312,0.3090909090909091,0.1827956989247312,0.9583333333333334,0.359375,0.5227272727272727,0.35384615384615387,1.0,0.17647058823529413,0.3,0.17647058823529413,0.8888888888888888,0.1951219512195122,0.32,0.19047619047619047,1.0,0.21951219512195122,0.36,1.0,1.0,1.0,0.0,0.16666666666666666,0.1951219512195122,0.19047619047619047,0.17647058823529413,1.0,0.5,34,24,9,11,9
test_01716,primera_sentence,1.0,0.1827956989247312,0.3090909090909091,0.1827956989247312,0.9583333333333334,0.359375,0.5227272727272727,0.35384615384615387,1.0,0.17647058823529413,0.3,0.17647058823529413,0.8888888888888888,0.1951219512195122,0.32,0.19047619047619047,1.0,0.21951219512195122,0.36,1.0,1.0,1.0,0.0,0.16666666666666666,0.1951219512195122,0.19047619047619047,0.17647058823529413,1.0,0.5,34,24,9,11,9
test_01734,primera_exact,0.7608695652173914,0.17676767676767677,0.28688524590163933,0.1674641148325359,0.7894736842105263,0.16129032258064516,0.2678571428571429,0.15463917525773196,0.6666666666666666,0.0425531914893617,0.08,0.041666666666666664,0.3333333333333333,0.015625,0.029850746268656716,0.015151515151515152,0.3333333333333333,0.015625,0.029850746268656716,0.3333333333333333,0.6666666666666666,0.3333333333333333,0.6666666666666667,0.031578947368421054,0.015625,0.015151515151515152,0.0425531914893617,0.2,0.0,46,19,3,6,3
test_01734,primera_sentence,0.7608695652173914,0.17676767676767677,0.28688524590163933,0.1674641148325359,0.7894736842105263,0.16129032258064516,0.2678571428571429,0.15463917525773196,0.6666666666666666,0.0425531914893617,0.08,0.041666666666666664,0.3333333333333333,0.015625,0.029850746268656716,0.015151515151515152,0.3333333333333333,0.015625,0.029850746268656716,0.3333333333333333,0.6666666666666666,0.3333333333333333,0.6666666666666667,0.031578947368421054,0.015625,0.015151515151515152,0.0425531914893617,0.2,0.0,46,19,3,6,3
test_01749,primera_exact,0.8421052631578947,0.1038961038961039,0.18497109826589597,0.10191082802547771,0.9444444444444444,0.1650485436893204,0.2809917355371901,0.16346153846153846,1.0,0.13725490196078433,0.24137931034482762,0.13725490196078433,0.6666666666666666,0.09523809523809523,0.16666666666666666,0.09090909090909091,0.8888888888888888,0.12698412698412698,0.2222222222222222,0.6666666666666666,1.0,0.6666666666666666,0.33333333333333337,0.15384615384615385,0.09523809523809523,0.09090909090909091,0.13725490196078433,0.22727272727272727,0.2,19,18,9,13,9
test_01749,primera_sentence,0.8125,0.08441558441558442,0.15294117647058825,0.08280254777070063,0.9444444444444444,0.1650485436893204,0.2809917355371901,0.16346153846153846,1.0,0.13725490196078433,0.24137931034482762,0.13725490196078433,0.6666666666666666,0.09523809523809523,0.16666666666666666,0.09090909090909091,0.8888888888888888,0.12698412698412698,0.2222222222222222,0.6666666666666666,1.0,0.6666666666666666,0.33333333333333337,0.15384615384615385,0.09523809523809523,0.09090909090909091,0.13725490196078433,0.22727272727272727,0.2,16,18,9,13,9
test_01761,primera_exact,0.875,0.10144927536231885,0.18181818181818182,0.1,0.8333333333333334,0.15384615384615385,0.25974025974025977,0.14925373134328357,1.0,0.029411764705882353,0.05714285714285715,0.029411764705882353,1.0,0.025,0.04878048780487806,0.025,1.0,0.025,0.04878048780487806,1.0,1.0,1.0,0.0,0.04,0.025,0.025,0.029411764705882353,0.13333333333333333,0.1,16,12,1,2,1
test_01761,primera_sentence,0.8461538461538461,0.07971014492753623,0.1456953642384106,0.07857142857142857,0.8333333333333334,0.15384615384615385,0.25974025974025977,0.14925373134328357,1.0,0.029411764705882353,0.05714285714285715,0.029411764705882353,1.0,0.025,0.04878048780487806,0.025,1.0,0.025,0.04878048780487806,1.0,1.0,1.0,0.0,0.04,0.025,0.025,0.029411764705882353,0.13333333333333333,0.1,13,12,1,2,1
test_01762,primera_exact,0.8333333333333334,0.1056338028169014,0.18750000000000003,0.10344827586206896,1.0,0.16417910447761194,0.28205128205128205,0.16417910447761194,1.0,0.09090909090909091,0.16666666666666669,0.09090909090909091,0.5,0.03571428571428571,0.06666666666666667,0.034482758620689655,0.5,0.03571428571428571,0.06666666666666667,0.75,0.75,0.75,0.25,0.06060606060606061,0.03571428571428571,0.034482758620689655,0.09090909090909091,0.0967741935483871,0.2,18,11,4,7,4
test_01762,primera_sentence,0.8333333333333334,0.1056338028169014,0.18750000000000003,0.10344827586206896,1.0,0.16417910447761194,0.28205128205128205,0.16417910447761194,1.0,0.09090909090909091,0.16666666666666669,0.09090909090909091,0.5,0.03571428571428571,0.06666666666666667,0.034482758620689655,0.5,0.03571428571428571,0.06666666666666667,0.75,0.75,0.75,0.25,0.06060606060606061,0.03571428571428571,0.034482758620689655,0.09090909090909091,0.0967741935483871,0.2,18,11,4,7,4
test_01764,primera_exact,0.5806451612903226,0.15517241379310345,0.2448979591836735,0.13953488372093023,0.7777777777777778,0.27450980392156865,0.4057971014492754,0.2545454545454545,0.4,0.09523809523809523,0.15384615384615385,0.08333333333333333,0.4,0.058823529411764705,0.10256410256410256,0.05405405405405406,0.4,0.058823529411764705,0.10256410256410256,0.4,0.4,0.4,0.6,0.10416666666666667,0.058823529411764705,0.05405405405405406,0.09523809523809523,0.2857142857142857,0.2,31,18,5,10,5
test_01764,primera_sentence,0.5806451612903226,0.15517241379310345,0.2448979591836735,0.13953488372093023,0.7777777777777778,0.27450980392156865,0.4057971014492754,0.2545454545454545,0.4,0.09523809523809523,0.15384615384615385,0.08333333333333333,0.4,0.058823529411764705,0.10256410256410256,0.05405405405405406,0.4,0.058823529411764705,0.10256410256410256,0.4,0.4,0.4,0.6,0.10416666666666667,0.058823529411764705,0.05405405405405406,0.09523809523809523,0.2857142857142857,0.2,31,18,5,10,5
test_01771,primera_exact,0.8529411764705882,0.21481481481481482,0.3431952662721893,0.20714285714285716,0.7692307692307693,0.17543859649122806,0.2857142857142857,0.16666666666666666,0.5,0.10344827586206896,0.17142857142857143,0.09375,0.2857142857142857,0.06666666666666667,0.10810810810810811,0.05714285714285714,0.2857142857142857,0.06666666666666667,0.10810810810810811,0.2857142857142857,0.2857142857142857,0.2857142857142857,0.7142857142857143,0.10638297872340426,0.06666666666666667,0.05714285714285714,0.10344827586206896,0.3333333333333333,0.2,34,13,7,14,7
test_01771,primera_sentence,0.8529411764705882,0.21481481481481482,0.3431952662721893,0.20714285714285716,0.7692307692307693,0.17543859649122806,0.2857142857142857,0.16666666666666666,0.5,0.10344827586206896,0.17142857142857143,0.09375,0.2857142857142857,0.06666666666666667,0.10810810810810811,0.05714285714285714,0.2857142857142857,0.06666666666666667,0.10810810810810811,0.2857142857142857,0.2857142857142857,0.2857142857142857,0.7142857142857143,0.10638297872340426,0.06666666666666667,0.05714285714285714,0.10344827586206896,0.3333333333333333,0.2,34,13,7,14,7
test_01786,primera_exact,0.6666666666666666,0.15204678362573099,0.24761904761904763,0.14130434782608695,0.7142857142857143,0.2054794520547945,0.3191489361702127,0.189873417721519,1.0,0.030303030303030304,0.05882352941176471,0.030303030303030304,1.0,0.023255813953488372,0.04545454545454545,0.023255813953488372,1.0,0.023255813953488372,0.04545454545454545,1.0,1.0,1.0,0.0,0.02857142857142857,0.023255813953488372,0.023255813953488372,0.030303030303030304,0.4,0.0,39,21,1,2,1
test_01786,primera_sentence,0.6666666666666666,0.15204678362573099,0.24761904761904763,0.14130434782608695,0.7142857142857143,0.2054794520547945,0.3191489361702127,0.189873417721519,1.0,0.030303030303030304,0.05882352941176471,0.030303030303030304,1.0,0.023255813953488372,0.04545454545454545,0.023255813953488372,1.0,0.023255813953488372,0.04545454545454545,1.0,1.0,1.0,0.0,0.02857142857142857,0.023255813953488372,0.023255813953488372,0.030303030303030304,0.4,0.0,39,21,1,2,1
test_01787,primera_exact,0.37037037037037035,0.15873015873015872,0.2222222222222222,0.125,0.7368421052631579,0.35,0.47457627118644063,0.3111111111111111,0.25,0.125,0.16666666666666666,0.09090909090909091,0.0,0.0,0.0,0.0,0.0,0.0,0.0,0.125,0.125,0.0,1.0,0.06896551724137931,0.0,0.0,0.125,1.0,0.1,27,19,8,14,8
test_01787,primera_sentence,0.37037037037037035,0.15873015873015872,0.2222222222222222,0.125,0.7368421052631579,0.35,0.47457627118644063,0.3111111111111111,0.25,0.125,0.16666666666666666,0.09090909090909091,0.0,0.0,0.0,0.0,0.0,0.0,0.0,0.125,0.125,0.0,1.0,0.06896551724137931,0.0,0.0,0.125,1.0,0.1,27,19,8,14,8
test_01799,primera_exact,0.5897435897435898,0.08318264014466546,0.14580031695721077,0.07863247863247863,0.55,0.049773755656108594,0.09128630705394189,0.04782608695652174,0.5,0.021739130434782608,0.041666666666666664,0.02127659574468085,0.3333333333333333,0.015873015873015872,0.030303030303030304,0.015384615384615385,0.3333333333333333,0.015873015873015872,0.030303030303030304,0.6666666666666666,0.6666666666666666,0.5,0.5,0.02185792349726776,0.015873015873015872,0.015384615384615385,0.021739130434782608,0.125,0.1,78,20,6,9,6
test_01799,primera_sentence,0.5897435897435898,0.08318264014466546,0.14580031695721077,0.07863247863247863,0.55,0.049773755656108594,0.09128630705394189,0.04782608695652174,0.5,0.021739130434782608,0.041666666666666664,0.02127659574468085,0.3333333333333333,0.015873015873015872,0.030303030303030304,0.015384615384615385,0.3333333333333333,0.015873015873015872,0.030303030303030304,0.6666666666666666,0.6666666666666666,0.5,0.5,0.02185792349726776,0.015873015873015872,0.015384615384615385,0.021739130434782608,0.125,0.1,78,20,6,9,6
test_01820,primera_exact,0.5333333333333333,0.1,0.16842105263157897,0.09195402298850575,0.65,0.19696969696969696,0.3023255813953488,0.1780821917808219,0.0,0.0,0.0,0.0,0.0,0.0,0.0,0.0,0.0,0.0,0.0,0.0,0.0,0.0,1.0,0.04,0.0,0.0,0.0,0.3333333333333333,0.2,30,20,4,8,4
test_01820,primera_sentence,0.5333333333333333,0.1,0.16842105263157897,0.09195402298850575,0.65,0.19696969696969696,0.3023255813953488,0.1780821917808219,0.0,0.0,0.0,0.0,0.0,0.0,0.0,0.0,0.0,0.0,0.0,0.0,0.0,0.0,1.0,0.04,0.0,0.0,0.0,0.3333333333333333,0.2,30,20,4,8,4
test_01821,primera_exact,0.8518518518518519,0.20535714285714285,0.3309352517985612,0.19827586206896552,0.8235294117647058,0.27450980392156865,0.4117647058823529,0.25925925925925924,0.75,0.2222222222222222,0.34285714285714286,0.20689655172413793,0.5,0.11428571428571428,0.18604651162790695,0.10256410256410256,0.625,0.14285714285714285,0.23255813953488372,0.75,0.625,0.625,0.375,0.14545454545454545,0.11428571428571428,0.10256410256410256,0.2222222222222222,1.0,0.2,27,17,8,13,8
test_01821,primera_sentence,0.8518518518518519,0.20535714285714285,0.3309352517985612,0.19827586206896552,0.8666666666666667,0.2549019607843137,0.3939393939393939,0.24528301886792453,0.8,0.14814814814814814,0.25,0.14285714285714285,0.4,0.05714285714285714,0.09999999999999999,0.05263157894736842,0.6,0.08571428571428572,0.15,0.8,0.6,0.6,0.4,0.10909090909090909,0.05714285714285714,0.05263157894736842,0.14814814814814814,0.4,0.1,27,15,5,10,5
test_01843,primera_exact,0.5348837209302325,0.26136363636363635,0.3511450381679389,0.21296296296296297,0.5454545454545454,0.24,0.3333333333333333,0.2,0.0,0.0,0.0,0.0,0.0,0.0,0.0,0.0,0.0,0.0,0.0,0.0,0.0,0.0,1.0,0.0,0.0,0.0,0.0,0.3333333333333333,0.0,43,11,1,2,1
test_01843,primera_sentence,0.5348837209302325,0.26136363636363635,0.3511450381679389,0.21296296296296297,0.5454545454545454,0.24,0.3333333333333333,0.2,0.0,0.0,0.0,0.0,0.0,0.0,0.0,0.0,0.0,0.0,0.0,0.0,0.0,0.0,1.0,0.0,0.0,0.0,0.0,0.3333333333333333,0.0,43,11,1,2,1
test_01849,primera_exact,0.75,0.03461538461538462,0.0661764705882353,0.034220532319391636,1.0,0.04449152542372881,0.08519269776876268,0.04449152542372881,1.0,0.05185185185185185,0.09859154929577466,0.05185185185185185,0.14285714285714285,0.004366812227074236,0.008474576271186439,0.00425531914893617,0.5714285714285714,0.017467248908296942,0.033898305084745756,0.42857142857142855,0.8571428571428571,0.42857142857142855,0.5714285714285714,0.02572347266881029,0.004366812227074236,0.00425531914893617,0.05185185185185185,0.11428571428571428,0.3,36,21,7,11,7
test_01849,primera_sentence,0.75,0.03461538461538462,0.0661764705882353,0.034220532319391636,1.0,0.04449152542372881,0.08519269776876268,0.04449152542372881,1.0,0.05185185185185185,0.09859154929577466,0.05185185185185185,0.14285714285714285,0.004366812227074236,0.008474576271186439,0.00425531914893617,0.5714285714285714,0.017467248908296942,0.033898305084745756,0.42857142857142855,0.8571428571428571,0.42857142857142855,0.5714285714285714,0.02572347266881029,0.004366812227074236,0.00425531914893617,0.05185185185185185,0.11428571428571428,0.3,36,21,7,11,7
test_01907,primera_exact,0.6774193548387096,0.168,0.2692307692307693,0.15555555555555556,0.7368421052631579,0.25925925925925924,0.3835616438356165,0.23728813559322035,0.5454545454545454,0.16666666666666666,0.2553191489361702,0.14634146341463414,0.3333333333333333,0.09523809523809523,0.14814814814814814,0.08,0.3333333333333333,0.09523809523809523,0.14814814814814814,0.4166666666666667,0.4166666666666667,0.3333333333333333,0.6666666666666667,0.15,0.09523809523809523,0.08,0.16666666666666666,0.4,0.3,31,19,12,18,12
test_01907,primera_sentence,0.6774193548387096,0.168,0.2692307692307693,0.15555555555555556,0.7368421052631579,0.25925925925925924,0.3835616438356165,0.23728813559322035,0.5454545454545454,0.16666666666666666,0.2553191489361702,0.14634146341463414,0.3333333333333333,0.09523809523809523,0.14814814814814814,0.08,0.3333333333333333,0.09523809523809523,0.14814814814814814,0.4166666666666667,0.4166666666666667,0.3333333333333333,0.6666666666666667,0.15,0.09523809523809523,0.08,0.16666666666666666,0.4,0.3,31,19,12,18,12
test_01937,primera_exact,0.48148148148148145,0.23214285714285715,0.3132530120481928,0.18571428571428572,0.45,0.3333333333333333,0.3829787234042553,0.23684210526315788,0.375,0.2727272727272727,0.3157894736842105,0.1875,0.25,0.2727272727272727,0.2608695652173913,0.15,0.25,0.2727272727272727,0.2608695652173913,0.25,0.4166666666666667,0.25,0.75,0.3333333333333333,0.2727272727272727,0.15,0.2727272727272727,2.25,0.3,27,20,12,15,12
test_01937,primera_sentence,0.48148148148148145,0.23214285714285715,0.3132530120481928,0.18571428571428572,0.45,0.3333333333333333,0.3829787234042553,0.23684210526315788,0.375,0.2727272727272727,0.3157894736842105,0.1875,0.25,0.2727272727272727,0.2608695652173913,0.15,0.25,0.2727272727272727,0.2608695652173913,0.25,0.4166666666666667,0.25,0.75,0.3333333333333333,0.2727272727272727,0.15,0.2727272727272727,2.25,0.3,27,20,12,15,12
test_01955,primera_exact,0.6122448979591837,0.1214574898785425,0.20270270270270271,0.11278195488721804,0.3076923076923077,0.07407407407407407,0.11940298507462686,0.06349206349206349,0.75,0.06521739130434782,0.12,0.06382978723404255,0.0,0.0,0.0,0.0,0.5,0.03389830508474576,0.06349206349206349,0.75,0.75,0.75,0.25,0.022727272727272728,0.0,0.0,0.06521739130434782,0.36363636363636365,0.0,49,13,4,6,4
test_01955,primera_sentence,0.6521739130434783,0.1214574898785425,0.20477815699658702,0.11406844106463879,0.3076923076923077,0.07407407407407407,0.11940298507462686,0.06349206349206349,0.75,0.06521739130434782,0.12,0.06382978723404255,0.0,0.0,0.0,0.0,0.5,0.03389830508474576,0.06349206349206349,0.75,0.75,0.75,0.25,0.022727272727272728,0.0,0.0,0.06521739130434782,0.36363636363636365,0.0,46,13,4,6,4
test_01962,primera_exact,0.6666666666666666,0.08290155440414508,0.14746543778801843,0.07960199004975124,0.6666666666666666,0.09411764705882353,0.16494845360824742,0.0898876404494382,0.25,0.02040816326530612,0.037735849056603765,0.019230769230769232,0.0,0.0,0.0,0.0,0.0,0.0,0.0,0.0,0.0,0.0,1.0,0.020618556701030927,0.0,0.0,0.02040816326530612,0.42857142857142855,0.1,24,12,4,7,4
test_01962,primera_sentence,0.6666666666666666,0.08290155440414508,0.14746543778801843,0.07960199004975124,0.6666666666666666,0.09411764705882353,0.16494845360824742,0.0898876404494382,0.25,0.02040816326530612,0.037735849056603765,0.019230769230769232,0.0,0.0,0.0,0.0,0.0,0.0,0.0,0.0,0.0,0.0,1.0,0.020618556701030927,0.0,0.0,0.02040816326530612,0.42857142857142855,0.1,24,12,4,7,4
test_01965,primera_exact,0.5,0.11219512195121951,0.18326693227091634,0.10087719298245613,0.5555555555555556,0.11627906976744186,0.19230769230769232,0.10638297872340426,0.3333333333333333,0.047619047619047616,0.08333333333333333,0.043478260869565216,0.0,0.0,0.0,0.0,0.0,0.0,0.0,0.0,0.0,0.0,1.0,0.06382978723404255,0.0,0.0,0.047619047619047616,0.5,0.2,46,9,3,5,3
test_01965,primera_sentence,0.5,0.11219512195121951,0.18326693227091634,0.10087719298245613,0.5555555555555556,0.11627906976744186,0.19230769230769232,0.10638297872340426,0.3333333333333333,0.047619047619047616,0.08333333333333333,0.043478260869565216,0.0,0.0,0.0,0.0,0.0,0.0,0.0,0.0,0.0,0.0,1.0,0.06382978723404255,0.0,0.0,0.047619047619047616,0.5,0.2,46,9,3,5,3
test_01966,primera_exact,0.35714285714285715,0.23809523809523808,0.2857142857142857,0.16666666666666666,0.7058823529411765,0.4,0.5106382978723405,0.34285714285714286,0.5,0.2,0.28571428571428575,0.16666666666666666,0.5,0.17391304347826086,0.25806451612903225,0.14814814814814814,0.5,0.17391304347826086,0.25806451612903225,0.5,0.375,0.375,0.625,0.2222222222222222,0.17391304347826086,0.14814814814814814,0.2,0.5,0.2,28,17,8,11,8
test_01966,primera_sentence,0.35714285714285715,0.23809523809523808,0.2857142857142857,0.16666666666666666,0.7058823529411765,0.4,0.5106382978723405,0.34285714285714286,0.5,0.2,0.28571428571428575,0.16666666666666666,0.5,0.17391304347826086,0.25806451612903225,0.14814814814814814,0.5,0.17391304347826086,0.25806451612903225,0.5,0.375,0.375,0.625,0.2222222222222222,0.17391304347826086,0.14814814814814814,0.2,0.5,0.2,28,17,8,11,8
test_01974,primera_exact,0.8717948717948718,0.2982456140350877,0.4444444444444444,0.2857142857142857,0.6666666666666666,0.2545454545454545,0.3684210526315789,0.22580645161290322,0.6666666666666666,0.09523809523809523,0.16666666666666666,0.09090909090909091,0.6666666666666666,0.07692307692307693,0.13793103448275862,0.07407407407407407,0.6666666666666666,0.07692307692307693,0.13793103448275862,0.6666666666666666,0.6666666666666666,0.6666666666666666,0.33333333333333337,0.07142857142857142,0.07692307692307693,0.07407407407407407,0.09523809523809523,0.75,0.1,39,21,3,5,3
test_01974,primera_sentence,0.8717948717948718,0.2982456140350877,0.4444444444444444,0.2857142857142857,0.6666666666666666,0.2545454545454545,0.3684210526315789,0.22580645161290322,0.6666666666666666,0.09523809523809523,0.16666666666666666,0.09090909090909091,0.6666666666666666,0.07692307692307693,0.13793103448275862,0.07407407407407407,0.6666666666666666,0.07692307692307693,0.13793103448275862,0.6666666666666666,0.6666666666666666,0.6666666666666666,0.33333333333333337,0.07142857142857142,0.07692307692307693,0.07407407407407407,0.09523809523809523,0.75,0.1,39,21,3,5,3
test_01990,primera_exact,0.5,0.02050113895216401,0.03938730853391685,0.020089285714285716,0.6923076923076923,0.033707865168539325,0.0642857142857143,0.033210332103321034,0.6666666666666666,0.018691588785046728,0.03636363636363636,0.018518518518518517,0.16666666666666666,0.002717391304347826,0.0053475935828877,0.002680965147453083,0.16666666666666666,0.002717391304347826,0.0053475935828877,0.3333333333333333,0.5,0.3333333333333333,0.6666666666666667,0.008356545961002786,0.002717391304347826,0.002680965147453083,0.018691588785046728,0.011857707509881422,0.2,36,13,6,11,6
test_01990,primera_sentence,0.5,0.02050113895216401,0.03938730853391685,0.020089285714285716,0.6923076923076923,0.033707865168539325,0.0642857142857143,0.033210332103321034,0.6666666666666666,0.018691588785046728,0.03636363636363636,0.018518518518518517,0.16666666666666666,0.002717391304347826,0.0053475935828877,0.002680965147453083,0.16666666666666666,0.002717391304347826,0.0053475935828877,0.3333333333333333,0.5,0.3333333333333333,0.6666666666666667,0.008356545961002786,0.002717391304347826,0.002680965147453083,0.018691588785046728,0.011857707509881422,0.2,36,13,6,11,6
test_02000,primera_exact,0.4642857142857143,0.0429042904290429,0.07854984894259819,0.040880503144654086,0.5,0.06315789473684211,0.11214953271028039,0.0594059405940594,0.25,0.017543859649122806,0.03278688524590164,0.016666666666666666,0.25,0.013333333333333334,0.025316455696202535,0.01282051282051282,0.25,0.013333333333333334,0.025316455696202535,0.25,0.25,0.25,0.75,0.02727272727272727,0.013333333333333334,0.01282051282051282,0.017543859649122806,0.1,0.1,28,12,4,8,4
test_02000,primera_sentence,0.4642857142857143,0.0429042904290429,0.07854984894259819,0.040880503144654086,0.5,0.06315789473684211,0.11214953271028039,0.0594059405940594,0.25,0.017543859649122806,0.03278688524590164,0.016666666666666666,0.25,0.013333333333333334,0.025316455696202535,0.01282051282051282,0.25,0.013333333333333334,0.025316455696202535,0.25,0.25,0.25,0.75,0.02727272727272727,0.013333333333333334,0.01282051282051282,0.017543859649122806,0.1,0.1,28,12,4,8,4
test_02005,primera_exact,0.4186046511627907,0.13846153846153847,0.20809248554913296,0.11612903225806452,0.6666666666666666,0.14814814814814814,0.24242424242424243,0.13793103448275862,0.0,0.0,0.0,0.0,0.0,0.0,0.0,0.0,0.0,0.0,0.0,0.0,0.0,0.0,1.0,0.0,0.0,0.0,0.0,0.3333333333333333,0.0,43,12,1,2,1
test_02005,primera_sentence,0.4186046511627907,0.13846153846153847,0.20809248554913296,0.11612903225806452,0.6666666666666666,0.14814814814814814,0.24242424242424243,0.13793103448275862,0.0,0.0,0.0,0.0,0.0,0.0,0.0,0.0,0.0,0.0,0.0,0.0,0.0,0.0,1.0,0.0,0.0,0.0,0.0,0.3333333333333333,0.0,43,12,1,2,1
test_02023,primera_exact,0.40540540540540543,0.15306122448979592,0.2222222222222222,0.125,0.5862068965517241,0.3617021276595745,0.4473684210526315,0.288135593220339,0.125,0.05,0.07142857142857144,0.037037037037037035,0.0,0.0,0.0,0.0,0.0,0.0,0.0,0.0,0.0,0.0,1.0,0.03225806451612903,0.0,0.0,0.05,0.4,0.0,37,29,8,12,8
test_02023,primera_sentence,0.40540540540540543,0.15306122448979592,0.2222222222222222,0.125,0.5862068965517241,0.3617021276595745,0.4473684210526315,0.288135593220339,0.125,0.05,0.07142857142857144,0.037037037037037035,0.0,0.0,0.0,0.0,0.0,0.0,0.0,0.0,0.0,0.0,1.0,0.03225806451612903,0.0,0.0,0.05,0.4,0.0,37,29,8,12,8
test_02024,primera_exact,0.5945945945945946,0.1864406779661017,0.2838709677419355,0.16541353383458646,0.8571428571428571,0.2222222222222222,0.35294117647058826,0.21428571428571427,0.5,0.06060606060606061,0.10810810810810813,0.05714285714285714,0.2,0.022727272727272728,0.04081632653061225,0.020833333333333332,0.2,0.022727272727272728,0.04081632653061225,0.4,0.6,0.4,0.6,0.06896551724137931,0.022727272727272728,0.020833333333333332,0.06060606060606061,0.16666666666666666,0.3,37,14,5,7,5
test_02024,primera_sentence,0.5945945945945946,0.1864406779661017,0.2838709677419355,0.16541353383458646,0.8571428571428571,0.2222222222222222,0.35294117647058826,0.21428571428571427,0.5,0.06060606060606061,0.10810810810810813,0.05714285714285714,0.2,0.022727272727272728,0.04081632653061225,0.020833333333333332,0.2,0.022727272727272728,0.04081632653061225,0.4,0.6,0.4,0.6,0.06896551724137931,0.022727272727272728,0.020833333333333332,0.06060606060606061,0.16666666666666666,0.3,37,14,5,7,5
test_02025,primera_exact,0.8484848484848485,0.08235294117647059,0.15013404825737264,0.08115942028985507,0.8666666666666667,0.12264150943396226,0.21487603305785125,0.12037037037037036,1.0,0.011627906976744186,0.022988505747126436,0.011627906976744186,0.0,0.0,0.0,0.0,0.0,0.0,0.0,1.0,1.0,1.0,0.0,0.0,0.0,0.0,0.011627906976744186,0.07407407407407407,0.0,33,15,1,2,1
test_02025,primera_sentence,0.8484848484848485,0.08235294117647059,0.15013404825737264,0.08115942028985507,0.8666666666666667,0.12264150943396226,0.21487603305785125,0.12037037037037036,1.0,0.011627906976744186,0.022988505747126436,0.011627906976744186,0.0,0.0,0.0,0.0,0.0,0.0,0.0,1.0,1.0,1.0,0.0,0.0,0.0,0.0,0.011627906976744186,0.07407407407407407,0.0,33,15,1,2,1
test_02058,primera_exact,0.5428571428571428,0.3140495867768595,0.39790575916230364,0.24836601307189543,0.7419354838709677,0.5897435897435898,0.6571428571428573,0.48936170212765956,0.8181818181818182,0.47368421052631576,0.6,0.42857142857142855,0.5,0.2727272727272727,0.3529411764705882,0.21428571428571427,0.5833333333333334,0.3181818181818182,0.4117647058823529,0.75,0.8333333333333334,0.75,0.25,0.3076923076923077,0.2727272727272727,0.21428571428571427,0.47368421052631576,1.0,0.2,70,31,12,20,12
test_02058,primera_sentence,0.5428571428571428,0.3140495867768595,0.39790575916230364,0.24836601307189543,0.7419354838709677,0.5897435897435898,0.6571428571428573,0.48936170212765956,0.8181818181818182,0.47368421052631576,0.6,0.42857142857142855,0.5,0.2727272727272727,0.3529411764705882,0.21428571428571427,0.5833333333333334,0.3181818181818182,0.4117647058823529,0.75,0.8333333333333334,0.75,0.25,0.3076923076923077,0.2727272727272727,0.21428571428571427,0.47368421052631576,1.0,0.2,70,31,12,20,12
test_02072,primera_exact,0.6521739130434783,0.1485148514851485,0.24193548387096772,0.13761467889908258,0.7272727272727273,0.19047619047619047,0.3018867924528302,0.17777777777777778,0.5,0.13793103448275862,0.2162162162162162,0.12121212121212122,0.1111111111111111,0.030303030303030304,0.047619047619047616,0.024390243902439025,0.1111111111111111,0.030303030303030304,0.047619047619047616,0.3333333333333333,0.1111111111111111,0.1111111111111111,0.8888888888888888,0.06,0.030303030303030304,0.024390243902439025,0.13793103448275862,1.25,0.1,23,11,9,14,9
test_02072,primera_sentence,0.6521739130434783,0.1485148514851485,0.24193548387096772,0.13761467889908258,0.7272727272727273,0.19047619047619047,0.3018867924528302,0.17777777777777778,0.5,0.13793103448275862,0.2162162162162162,0.12121212121212122,0.1111111111111111,0.030303030303030304,0.047619047619047616,0.024390243902439025,0.1111111111111111,0.030303030303030304,0.047619047619047616,0.3333333333333333,0.1111111111111111,0.1111111111111111,0.8888888888888888,0.06,0.030303030303030304,0.024390243902439025,0.13793103448275862,1.25,0.1,23,11,9,14,9
test_02092,primera_exact,0.43902439024390244,0.23684210526315788,0.3076923076923077,0.18181818181818182,0.35294117647058826,0.17142857142857143,0.23076923076923078,0.13043478260869565,0.2,0.125,0.15384615384615385,0.08333333333333333,0.0,0.0,0.0,0.0,0.0,0.0,0.0,0.16666666666666666,0.16666666666666666,0.16666666666666666,0.8333333333333334,0.0,0.0,0.0,0.125,1.0,0.0,41,17,6,10,6
test_02092,primera_sentence,0.43902439024390244,0.23684210526315788,0.3076923076923077,0.18181818181818182,0.35294117647058826,0.17142857142857143,0.23076923076923078,0.13043478260869565,0.2,0.125,0.15384615384615385,0.08333333333333333,0.0,0.0,0.0,0.0,0.0,0.0,0.0,0.16666666666666666,0.16666666666666666,0.16666666666666666,0.8333333333333334,0.0,0.0,0.0,0.125,1.0,0.0,41,17,6,10,6
test_02097,primera_exact,0.47619047619047616,0.07751937984496124,0.13333333333333333,0.07142857142857142,0.5789473684210527,0.15714285714285714,0.24719101123595505,0.14102564102564102,1.0,0.1875,0.3157894736842105,0.1875,0.0,0.0,0.0,0.0,0.6666666666666666,0.125,0.21052631578947367,0.3333333333333333,0.6666666666666666,0.3333333333333333,0.6666666666666667,0.06666666666666667,0.0,0.0,0.1875,0.6666666666666666,0.1,21,19,3,6,3
test_02097,primera_sentence,0.47619047619047616,0.07751937984496124,0.13333333333333333,0.07142857142857142,0.5789473684210527,0.15714285714285714,0.24719101123595505,0.14102564102564102,1.0,0.1875,0.3157894736842105,0.1875,0.0,0.0,0.0,0.0,0.6666666666666666,0.125,0.21052631578947367,0.3333333333333333,0.6666666666666666,0.3333333333333333,0.6666666666666667,0.06666666666666667,0.0,0.0,0.1875,0.6666666666666666,0.1,21,19,3,6,3
test_02117,primera_exact,0.5666666666666667,0.0779816513761468,0.1370967741935484,0.0735930735930736,0.6,0.09375,0.16216216216216214,0.08823529411764706,0.8,0.1,0.1777777777777778,0.0975609756097561,0.16666666666666666,0.023255813953488372,0.04081632653061224,0.020833333333333332,0.16666666666666666,0.023255813953488372,0.04081632653061224,0.5,0.5,0.16666666666666666,0.8333333333333334,0.056338028169014086,0.023255813953488372,0.020833333333333332,0.1,0.6,0.1,30,10,6,11,6
test_02117,primera_sentence,0.5666666666666667,0.0779816513761468,0.1370967741935484,0.0735930735930736,0.6,0.09375,0.16216216216216214,0.08823529411764706,0.8,0.1,0.1777777777777778,0.0975609756097561,0.16666666666666666,0.023255813953488372,0.04081632653061224,0.020833333333333332,0.16666666666666666,0.023255813953488372,0.04081632653061224,0.5,0.5,0.16666666666666666,0.8333333333333334,0.056338028169014086,0.023255813953488372,0.020833333333333332,0.1,0.6,0.1,30,10,6,11,6
test_02130,primera_exact,0.34615384615384615,0.14285714285714285,0.20224719101123595,0.1125,0.6470588235294118,0.3142857142857143,0.4230769230769231,0.2682926829268293,0.75,0.3333333333333333,0.46153846153846156,0.3,0.75,0.21428571428571427,0.3333333333333333,0.2,0.75,0.21428571428571427,0.3333333333333333,0.75,0.75,0.75,0.25,0.25,0.21428571428571427,0.2,0.3333333333333333,0.75,0.4,26,17,4,7,4
test_02130,primera_sentence,0.34615384615384615,0.14285714285714285,0.20224719101123595,0.1125,0.6470588235294118,0.3142857142857143,0.4230769230769231,0.2682926829268293,0.75,0.3333333333333333,0.46153846153846156,0.3,0.75,0.21428571428571427,0.3333333333333333,0.2,0.75,0.21428571428571427,0.3333333333333333,0.75,0.75,0.75,0.25,0.25,0.21428571428571427,0.2,0.3333333333333333,0.75,0.4,26,17,4,7,4
test_02137,primera_exact,0.2608695652173913,0.12371134020618557,0.16783216783216784,0.0916030534351145,0.3181818181818182,0.14,0.19444444444444445,0.1076923076923077,0.0,0.0,0.0,0.0,0.0,0.0,0.0,0.0,0.0,0.0,0.0,0.0,0.0,0.0,1.0,0.0,0.0,0.0,0.0,1.0,0.0,46,22,5,8,5
test_02137,primera_sentence,0.2608695652173913,0.12371134020618557,0.16783216783216784,0.0916030534351145,0.3181818181818182,0.14,0.19444444444444445,0.1076923076923077,0.0,0.0,0.0,0.0,0.0,0.0,0.0,0.0,0.0,0.0,0.0,0.0,0.0,0.0,1.0,0.0,0.0,0.0,0.0,1.0,0.0,46,22,5,8,5
test_02138,primera_exact,0.34782608695652173,0.012066365007541479,0.023323615160349854,0.011799410029498525,0.6428571428571429,0.02922077922077922,0.05590062111801242,0.02875399361022364,0.6666666666666666,0.03773584905660377,0.07142857142857142,0.037037037037037035,0.2857142857142857,0.013605442176870748,0.025974025974025972,0.013157894736842105,0.2857142857142857,0.013605442176870748,0.025974025974025972,0.5714285714285714,0.7142857142857143,0.5714285714285714,0.4285714285714286,0.02857142857142857,0.013605442176870748,0.013157894736842105,0.03773584905660377,0.18181818181818182,0.4,23,14,7,12,7
test_02138,primera_sentence,0.34782608695652173,0.012066365007541479,0.023323615160349854,0.011799410029498525,0.6428571428571429,0.02922077922077922,0.05590062111801242,0.02875399361022364,0.6666666666666666,0.03773584905660377,0.07142857142857142,0.037037037037037035,0.2857142857142857,0.013605442176870748,0.025974025974025972,0.013157894736842105,0.2857142857142857,0.013605442176870748,0.025974025974025972,0.5714285714285714,0.7142857142857143,0.5714285714285714,0.4285714285714286,0.02857142857142857,0.013605442176870748,0.013157894736842105,0.03773584905660377,0.18181818181818182,0.4,23,14,7,12,7
test_02175,primera_exact,0.7222222222222222,0.14130434782608695,0.23636363636363636,0.13402061855670103,0.3333333333333333,0.05714285714285714,0.09756097560975609,0.05128205128205128,0.5,0.05555555555555555,0.09999999999999999,0.05263157894736842,0.0,0.0,0.0,0.0,0.0,0.0,0.0,0.0,0.0,0.0,1.0,0.0,0.0,0.0,0.05555555555555555,0.42857142857142855,0.0,18,6,3,5,3
test_02175,primera_sentence,0.7222222222222222,0.14130434782608695,0.23636363636363636,0.13402061855670103,0.3333333333333333,0.05714285714285714,0.09756097560975609,0.05128205128205128,0.5,0.05555555555555555,0.09999999999999999,0.05263157894736842,0.0,0.0,0.0,0.0,0.0,0.0,0.0,0.0,0.0,0.0,1.0,0.0,0.0,0.0,0.05555555555555555,0.42857142857142855,0.0,18,6,3,5,3
test_02180,primera_exact,0.8148148148148148,0.12021857923497267,0.2095238095238095,0.11702127659574468,0.8125,0.13131313131313133,0.22608695652173916,0.12745098039215685,1.0,0.13333333333333333,0.23529411764705882,0.13333333333333333,0.75,0.08571428571428572,0.15384615384615383,0.08333333333333333,0.75,0.08571428571428572,0.15384615384615383,1.0,1.0,1.0,0.0,0.10526315789473684,0.08571428571428572,0.08333333333333333,0.13333333333333333,0.3333333333333333,0.2,27,16,4,8,4
test_02180,primera_sentence,0.8148148148148148,0.12021857923497267,0.2095238095238095,0.11702127659574468,0.8125,0.13131313131313133,0.22608695652173916,0.12745098039215685,1.0,0.13333333333333333,0.23529411764705882,0.13333333333333333,0.75,0.08571428571428572,0.15384615384615383,0.08333333333333333,0.75,0.08571428571428572,0.15384615384615383,1.0,1.0,1.0,0.0,0.10526315789473684,0.08571428571428572,0.08333333333333333,0.13333333333333333,0.3333333333333333,0.2,27,16,4,8,4
test_02181,primera_exact,0.4722222222222222,0.20238095238095238,0.2833333333333333,0.1650485436893204,0.7575757575757576,0.4807692307692308,0.5882352941176471,0.4166666666666667,0.5714285714285714,0.26666666666666666,0.36363636363636365,0.2222222222222222,0.2727272727272727,0.13043478260869565,0.1764705882352941,0.0967741935483871,0.36363636363636365,0.17391304347826086,0.2352941176470588,0.45454545454545453,0.5454545454545454,0.36363636363636365,0.6363636363636364,0.23529411764705882,0.13043478260869565,0.0967741935483871,0.26666666666666666,1.1666666666666667,0.3,36,33,11,15,11
test_02181,primera_sentence,0.4722222222222222,0.20238095238095238,0.2833333333333333,0.1650485436893204,0.7575757575757576,0.4807692307692308,0.5882352941176471,0.4166666666666667,0.5714285714285714,0.26666666666666666,0.36363636363636365,0.2222222222222222,0.2727272727272727,0.13043478260869565,0.1764705882352941,0.0967741935483871,0.36363636363636365,0.17391304347826086,0.2352941176470588,0.45454545454545453,0.5454545454545454,0.36363636363636365,0.6363636363636364,0.23529411764705882,0.13043478260869565,0.0967741935483871,0.26666666666666666,1.1666666666666667,0.3,36,33,11,15,11
test_02218,primera_exact,0.8545454545454545,0.34306569343065696,0.4895833333333333,0.32413793103448274,0.9375,0.22058823529411764,0.3571428571428571,0.21739130434782608,0.8,0.16666666666666666,0.27586206896551724,0.16,0.8333333333333334,0.1724137931034483,0.28571428571428575,0.16666666666666666,0.8333333333333334,0.1724137931034483,0.28571428571428575,0.8333333333333334,0.8333333333333334,0.8333333333333334,0.16666666666666663,0.21428571428571427,0.1724137931034483,0.16666666666666666,0.16666666666666666,0.2727272727272727,0.3,55,16,6,10,6
test_02218,primera_sentence,0.8545454545454545,0.34306569343065696,0.4895833333333333,0.32413793103448274,0.9375,0.22058823529411764,0.3571428571428571,0.21739130434782608,0.8,0.16666666666666666,0.27586206896551724,0.16,0.8333333333333334,0.1724137931034483,0.28571428571428575,0.16666666666666666,0.8333333333333334,0.1724137931034483,0.28571428571428575,0.8333333333333334,0.8333333333333334,0.8333333333333334,0.16666666666666663,0.21428571428571427,0.1724137931034483,0.16666666666666666,0.16666666666666666,0.2727272727272727,0.3,55,16,6,10,6
test_02236,primera_exact,0.2702702702702703,0.03759398496240601,0.066006600660066,0.034129692832764506,0.6363636363636364,0.125,0.208955223880597,0.11666666666666667,0.3333333333333333,0.017543859649122806,0.03333333333333333,0.01694915254237288,0.0,0.0,0.0,0.0,0.0,0.0,0.0,0.25,0.0,0.0,1.0,0.031578947368421054,0.0,0.0,0.017543859649122806,0.3333333333333333,0.1,37,22,4,7,4
test_02236,primera_sentence,0.2702702702702703,0.03759398496240601,0.066006600660066,0.034129692832764506,0.6363636363636364,0.125,0.208955223880597,0.11666666666666667,0.3333333333333333,0.017543859649122806,0.03333333333333333,0.01694915254237288,0.0,0.0,0.0,0.0,0.0,0.0,0.0,0.25,0.0,0.0,1.0,0.031578947368421054,0.0,0.0,0.017543859649122806,0.3333333333333333,0.1,37,22,4,7,4
test_02261,primera_exact,0.75,0.03896103896103896,0.07407407407407407,0.038461538461538464,0.75,0.024,0.04651162790697675,0.023809523809523808,0.8,0.05405405405405406,0.10126582278481013,0.05333333333333334,0.0,0.0,0.0,0.0,0.0,0.0,0.0,0.5,0.3333333333333333,0.16666666666666666,0.8333333333333334,0.022727272727272728,0.0,0.0,0.05405405405405406,0.10204081632653061,0.1,16,4,6,9,6
test_02261,primera_sentence,0.7333333333333333,0.03571428571428571,0.06811145510835913,0.035256410256410256,0.75,0.024,0.04651162790697675,0.023809523809523808,0.75,0.04054054054054054,0.07692307692307693,0.04,0.0,0.0,0.0,0.0,0.0,0.0,0.0,0.4,0.2,0.0,1.0,0.007575757575757576,0.0,0.0,0.04054054054054054,0.10204081632653061,0.0,15,4,5,7,5
test_02263,primera_exact,0.7391304347826086,0.07657657657657657,0.1387755102040816,0.07456140350877193,0.7058823529411765,0.12244897959183673,0.20869565217391303,0.11650485436893204,0.3333333333333333,0.03333333333333333,0.0606060606060606,0.03125,0.1111111111111111,0.011764705882352941,0.02127659574468085,0.010752688172043012,0.1111111111111111,0.011764705882352941,0.02127659574468085,0.5555555555555556,0.1111111111111111,0.1111111111111111,0.8888888888888888,0.05982905982905983,0.011764705882352941,0.010752688172043012,0.03333333333333333,0.26666666666666666,0.2,23,17,9,14,9
test_02263,primera_sentence,0.7391304347826086,0.07657657657657657,0.1387755102040816,0.07456140350877193,0.7058823529411765,0.12244897959183673,0.20869565217391303,0.11650485436893204,0.3333333333333333,0.03333333333333333,0.0606060606060606,0.03125,0.1111111111111111,0.011764705882352941,0.02127659574468085,0.010752688172043012,0.1111111111111111,0.011764705882352941,0.02127659574468085,0.5555555555555556,0.1111111111111111,0.1111111111111111,0.8888888888888888,0.05982905982905983,0.011764705882352941,0.010752688172043012,0.03333333333333333,0.26666666666666666,0.2,23,17,9,14,9
test_02272,primera_exact,0.5740740740740741,0.11481481481481481,0.19135802469135801,0.10580204778156997,0.7692307692307693,0.12345679012345678,0.2127659574468085,0.11904761904761904,0.25,0.02127659574468085,0.0392156862745098,0.02,0.0,0.0,0.0,0.0,0.0,0.0,0.0,0.2,0.2,0.2,0.8,0.011904761904761904,0.0,0.0,0.02127659574468085,0.2222222222222222,0.0,54,13,5,10,5
test_02272,primera_sentence,0.5740740740740741,0.11481481481481481,0.19135802469135801,0.10580204778156997,0.7692307692307693,0.12345679012345678,0.2127659574468085,0.11904761904761904,0.25,0.02127659574468085,0.0392156862745098,0.02,0.0,0.0,0.0,0.0,0.0,0.0,0.0,0.2,0.2,0.2,0.8,0.011904761904761904,0.0,0.0,0.02127659574468085,0.2222222222222222,0.0,54,13,5,10,5
test_02281,primera_exact,0.7916666666666666,0.4175824175824176,0.5467625899280576,0.37623762376237624,0.8484848484848485,0.4827586206896552,0.6153846153846154,0.4444444444444444,0.7777777777777778,0.35,0.48275862068965514,0.3181818181818182,0.45454545454545453,0.2,0.2777777777777778,0.16129032258064516,0.5454545454545454,0.24,0.3333333333333333,0.7272727272727273,0.6363636363636364,0.5454545454545454,0.4545454545454546,0.21052631578947367,0.2,0.16129032258064516,0.35,1.0,0.3,48,33,11,17,11
test_02281,primera_sentence,0.7916666666666666,0.4175824175824176,0.5467625899280576,0.37623762376237624,0.8484848484848485,0.4827586206896552,0.6153846153846154,0.4444444444444444,0.7777777777777778,0.35,0.48275862068965514,0.3181818181818182,0.45454545454545453,0.2,0.2777777777777778,0.16129032258064516,0.5454545454545454,0.24,0.3333333333333333,0.7272727272727273,0.6363636363636364,0.5454545454545454,0.4545454545454546,0.21052631578947367,0.2,0.16129032258064516,0.35,1.0,0.3,48,33,11,17,11
test_02287,primera_exact,0.75,0.10300429184549356,0.18113207547169813,0.0995850622406639,0.8421052631578947,0.18604651162790697,0.3047619047619048,0.1797752808988764,0.14285714285714285,0.034482758620689655,0.05555555555555555,0.02857142857142857,0.0,0.0,0.0,0.0,0.0,0.0,0.0,0.0,0.1111111111111111,0.0,1.0,0.1375,0.0,0.0,0.034482758620689655,0.12195121951219512,0.6,32,19,18,26,18
test_02287,primera_sentence,0.75,0.10300429184549356,0.18113207547169813,0.0995850622406639,0.8421052631578947,0.18604651162790697,0.3047619047619048,0.1797752808988764,0.14285714285714285,0.034482758620689655,0.05555555555555555,0.02857142857142857,0.0,0.0,0.0,0.0,0.0,0.0,0.0,0.0,0.1111111111111111,0.0,1.0,0.1375,0.0,0.0,0.034482758620689655,0.12195121951219512,0.6,32,19,18,26,18
test_02299,primera_exact,0.40476190476190477,0.08717948717948718,0.14345991561181434,0.07727272727272727,0.46153846153846156,0.10810810810810811,0.17518248175182483,0.096,1.0,0.02564102564102564,0.05,0.02564102564102564,0.0,0.0,0.0,0.0,0.0,0.0,0.0,1.0,1.0,1.0,0.0,0.0,0.0,0.0,0.02564102564102564,0.4,0.0,42,26,1,2,1
test_02299,primera_sentence,0.40476190476190477,0.08717948717948718,0.14345991561181434,0.07727272727272727,0.46153846153846156,0.10810810810810811,0.17518248175182483,0.096,1.0,0.02564102564102564,0.05,0.02564102564102564,0.0,0.0,0.0,0.0,0.0,0.0,0.0,1.0,1.0,1.0,0.0,0.0,0.0,0.0,0.02564102564102564,0.4,0.0,42,26,1,2,1
test_02312,primera_exact,0.8888888888888888,0.14492753623188406,0.24922118380062305,0.1423487544483986,0.6,0.07228915662650602,0.12903225806451613,0.06896551724137931,1.0,0.045454545454545456,0.08695652173913045,0.045454545454545456,0.5,0.01639344262295082,0.031746031746031744,0.016129032258064516,0.5,0.01639344262295082,0.031746031746031744,1.0,1.0,1.0,0.0,0.03225806451612903,0.01639344262295082,0.016129032258064516,0.045454545454545456,0.2857142857142857,0.1,45,10,2,4,2
test_02312,primera_sentence,0.8888888888888888,0.14492753623188406,0.24922118380062305,0.1423487544483986,0.6,0.07228915662650602,0.12903225806451613,0.06896551724137931,1.0,0.045454545454545456,0.08695652173913045,0.045454545454545456,0.5,0.01639344262295082,0.031746031746031744,0.016129032258064516,0.5,0.01639344262295082,0.031746031746031744,1.0,1.0,1.0,0.0,0.03225806451612903,0.01639344262295082,0.016129032258064516,0.045454545454545456,0.2857142857142857,0.1,45,10,2,4,2
test_02321,primera_exact,0.5454545454545454,0.19047619047619047,0.2823529411764706,0.1643835616438356,0.631578947368421,0.23076923076923078,0.33802816901408445,0.2033898305084746,0.5,0.1875,0.2727272727272727,0.15789473684210525,0.16666666666666666,0.05555555555555555,0.08333333333333333,0.043478260869565216,0.16666666666666666,0.05555555555555555,0.08333333333333333,0.16666666666666666,0.16666666666666666,0.16666666666666666,0.8333333333333334,0.21428571428571427,0.05555555555555555,0.043478260869565216,0.1875,0.6666666666666666,0.2,22,19,6,9,6
test_02321,primera_sentence,0.5454545454545454,0.19047619047619047,0.2823529411764706,0.1643835616438356,0.631578947368421,0.23076923076923078,0.33802816901408445,0.2033898305084746,0.5,0.1875,0.2727272727272727,0.15789473684210525,0.16666666666666666,0.05555555555555555,0.08333333333333333,0.043478260869565216,0.16666666666666666,0.05555555555555555,0.08333333333333333,0.16666666666666666,0.16666666666666666,0.16666666666666666,0.8333333333333334,0.21428571428571427,0.05555555555555555,0.043478260869565216,0.1875,0.6666666666666666,0.2,22,19,6,9,6
test_02339,primera_exact,0.7777777777777778,0.3712121212121212,0.5025641025641026,0.3356164383561644,0.65625,0.3181818181818182,0.4285714285714286,0.2727272727272727,1.0,0.4166666666666667,0.5882352941176471,0.4166666666666667,0.5454545454545454,0.2222222222222222,0.3157894736842105,0.1875,0.7272727272727273,0.2962962962962963,0.42105263157894735,0.7272727272727273,0.9090909090909091,0.7272727272727273,0.2727272727272727,0.32558139534883723,0.2222222222222222,0.1875,0.4166666666666667,0.6,0.4,63,32,11,19,11
test_02339,primera_sentence,0.7777777777777778,0.3712121212121212,0.5025641025641026,0.3356164383561644,0.65625,0.3181818181818182,0.4285714285714286,0.2727272727272727,1.0,0.4166666666666667,0.5882352941176471,0.4166666666666667,0.5454545454545454,0.2222222222222222,0.3157894736842105,0.1875,0.7272727272727273,0.2962962962962963,0.42105263157894735,0.7272727272727273,0.9090909090909091,0.7272727272727273,0.2727272727272727,0.32558139534883723,0.2222222222222222,0.1875,0.4166666666666667,0.6,0.4,63,32,11,19,11
test_02342,primera_exact,0.42424242424242425,0.04093567251461988,0.07466666666666667,0.038781163434903045,0.65,0.08666666666666667,0.15294117647058825,0.08280254777070063,0.3333333333333333,0.017543859649122806,0.03333333333333333,0.01694915254237288,0.0,0.0,0.0,0.0,0.0,0.0,0.0,0.0,0.3333333333333333,0.0,1.0,0.00980392156862745,0.0,0.0,0.017543859649122806,0.3333333333333333,0.0,33,20,3,5,3
test_02342,primera_sentence,0.42424242424242425,0.04093567251461988,0.07466666666666667,0.038781163434903045,0.65,0.08666666666666667,0.15294117647058825,0.08280254777070063,0.3333333333333333,0.017543859649122806,0.03333333333333333,0.01694915254237288,0.0,0.0,0.0,0.0,0.0,0.0,0.0,0.0,0.3333333333333333,0.0,1.0,0.00980392156862745,0.0,0.0,0.017543859649122806,0.3333333333333333,0.0,33,20,3,5,3
test_02343,primera_exact,0.6111111111111112,0.25,0.3548387096774194,0.21568627450980393,0.7272727272727273,0.18181818181818182,0.2909090909090909,0.1702127659574468,0.75,0.17647058823529413,0.2857142857142857,0.16666666666666666,0.5,0.09090909090909091,0.15384615384615385,0.08333333333333333,0.5,0.09090909090909091,0.15384615384615385,0.5,0.5,0.5,0.5,0.08108108108108109,0.09090909090909091,0.08333333333333333,0.17647058823529413,0.6,0.1,54,11,4,7,4
test_02343,primera_sentence,0.6111111111111112,0.25,0.3548387096774194,0.21568627450980393,0.7272727272727273,0.18181818181818182,0.2909090909090909,0.1702127659574468,0.75,0.17647058823529413,0.2857142857142857,0.16666666666666666,0.5,0.09090909090909091,0.15384615384615385,0.08333333333333333,0.5,0.09090909090909091,0.15384615384615385,0.5,0.5,0.5,0.5,0.08108108108108109,0.09090909090909091,0.08333333333333333,0.17647058823529413,0.6,0.1,54,11,4,7,4
test_02349,primera_exact,0.6086956521739131,0.5,0.5490196078431373,0.3783783783783784,0.6666666666666666,0.5,0.5714285714285715,0.4,0.0,0.0,0.0,0.0,0.0,0.0,0.0,0.0,0.0,0.0,0.0,0.0,0.0,0.0,1.0,0.0,0.0,0.0,0.0,0.6666666666666666,0.0,23,3,2,4,2
test_02349,primera_sentence,0.6086956521739131,0.5,0.5490196078431373,0.3783783783783784,0.6666666666666666,0.5,0.5714285714285715,0.4,0.0,0.0,0.0,0.0,0.0,0.0,0.0,0.0,0.0,0.0,0.0,0.0,0.0,0.0,1.0,0.0,0.0,0.0,0.0,0.6666666666666666,0.0,23,3,2,4,2
test_02353,primera_exact,0.18181818181818182,0.08163265306122448,0.11267605633802816,0.05970149253731343,0.5,0.07692307692307693,0.13333333333333336,0.07142857142857142,0.14285714285714285,0.06666666666666667,0.09090909090909091,0.047619047619047616,0.0,0.0,0.0,0.0,0.0,0.0,0.0,0.0,0.1111111111111111,0.0,1.0,0.0,0.0,0.0,0.06666666666666667,2.25,0.0,22,4,9,9,9
test_02353,primera_sentence,0.18181818181818182,0.08163265306122448,0.11267605633802816,0.05970149253731343,0.5,0.07692307692307693,0.13333333333333336,0.07142857142857142,0.14285714285714285,0.06666666666666667,0.09090909090909091,0.047619047619047616,0.0,0.0,0.0,0.0,0.0,0.0,0.0,0.0,0.1111111111111111,0.0,1.0,0.0,0.0,0.0,0.06666666666666667,2.25,0.0,22,4,9,9,9
test_02355,primera_exact,0.5882352941176471,0.01287001287001287,0.025188916876574305,0.012755102040816327,0.9090909090909091,0.038461538461538464,0.07380073800738009,0.038314176245210725,0.16666666666666666,0.006756756756756757,0.012987012987012986,0.006535947712418301,0.125,0.004048582995951417,0.00784313725490196,0.003937007874015748,0.125,0.004048582995951417,0.00784313725490196,0.375,0.375,0.375,0.625,0.020066889632107024,0.004048582995951417,0.003937007874015748,0.006756756756756757,0.03125,0.2,17,11,8,13,8
test_02355,primera_sentence,0.5625,0.011583011583011582,0.02269861286254729,0.011479591836734694,0.9090909090909091,0.038461538461538464,0.07380073800738009,0.038314176245210725,0.16666666666666666,0.006756756756756757,0.012987012987012986,0.006535947712418301,0.14285714285714285,0.004048582995951417,0.007874015748031496,0.003952569169960474,0.14285714285714285,0.004048582995951417,0.007874015748031496,0.2857142857142857,0.2857142857142857,0.2857142857142857,0.7142857142857143,0.016722408026755852,0.004048582995951417,0.003952569169960474,0.006756756756756757,0.03125,0.2,16,11,7,11,7
test_02359,primera_exact,0.6111111111111112,0.10410094637223975,0.1778975741239892,0.09763313609467456,0.5416666666666666,0.12037037037037036,0.196969696969697,0.1092436974789916,0.8,0.09090909090909091,0.163265306122449,0.08888888888888889,0.3333333333333333,0.03076923076923077,0.056338028169014086,0.028985507246376812,0.3333333333333333,0.03076923076923077,0.056338028169014086,0.8333333333333334,0.3333333333333333,0.3333333333333333,0.6666666666666667,0.05319148936170213,0.03076923076923077,0.028985507246376812,0.09090909090909091,0.2857142857142857,0.2,54,24,6,10,6
test_02359,primera_sentence,0.6111111111111112,0.10410094637223975,0.1778975741239892,0.09763313609467456,0.5416666666666666,0.12037037037037036,0.196969696969697,0.1092436974789916,0.8,0.09090909090909091,0.163265306122449,0.08888888888888889,0.3333333333333333,0.03076923076923077,0.056338028169014086,0.028985507246376812,0.3333333333333333,0.03076923076923077,0.056338028169014086,0.8333333333333334,0.3333333333333333,0.3333333333333333,0.6666666666666667,0.05319148936170213,0.03076923076923077,0.028985507246376812,0.09090909090909091,0.2857142857142857,0.2,54,24,6,10,6
test_02361,primera_exact,0.40540540540540543,0.14285714285714285,0.2112676056338028,0.11811023622047244,0.7142857142857143,0.25,0.37037037037037035,0.22727272727272727,0.25,0.08333333333333333,0.125,0.06666666666666667,0.0,0.0,0.0,0.0,0.0,0.0,0.0,0.125,0.125,0.125,0.875,0.08888888888888889,0.0,0.0,0.08333333333333333,0.5,0.0,37,14,8,14,8
test_02361,primera_sentence,0.40540540540540543,0.14285714285714285,0.2112676056338028,0.11811023622047244,0.7142857142857143,0.25,0.37037037037037035,0.22727272727272727,0.25,0.08333333333333333,0.125,0.06666666666666667,0.0,0.0,0.0,0.0,0.0,0.0,0.0,0.125,0.125,0.125,0.875,0.08888888888888889,0.0,0.0,0.08333333333333333,0.5,0.0,37,14,8,14,8
test_02370,primera_exact,0.5857142857142857,0.09425287356321839,0.16237623762376235,0.08836206896551724,0.625,0.1048951048951049,0.17964071856287425,0.09868421052631579,0.42857142857142855,0.04285714285714286,0.07792207792207792,0.04054054054054054,0.0,0.0,0.0,0.0,0.0,0.0,0.0,0.25,0.25,0.25,0.75,0.03205128205128205,0.0,0.0,0.04285714285714286,0.3,0.1,70,24,8,15,8
test_02370,primera_sentence,0.5857142857142857,0.09425287356321839,0.16237623762376235,0.08836206896551724,0.625,0.1048951048951049,0.17964071856287425,0.09868421052631579,0.42857142857142855,0.04285714285714286,0.07792207792207792,0.04054054054054054,0.0,0.0,0.0,0.0,0.0,0.0,0.0,0.25,0.25,0.25,0.75,0.03205128205128205,0.0,0.0,0.04285714285714286,0.3,0.1,70,24,8,15,8
test_02387,primera_exact,0.8205128205128205,0.15841584158415842,0.2655601659751037,0.15311004784688995,0.6666666666666666,0.15625,0.2531645569620253,0.14492753623188406,0.25,0.02631578947368421,0.04761904761904762,0.024390243902439025,0.0,0.0,0.0,0.0,0.0,0.0,0.0,0.25,0.25,0.25,0.75,0.0,0.0,0.0,0.02631578947368421,0.4,0.0,39,15,4,8,4
test_02387,primera_sentence,0.8205128205128205,0.15841584158415842,0.2655601659751037,0.15311004784688995,0.6666666666666666,0.15625,0.2531645569620253,0.14492753623188406,0.25,0.02631578947368421,0.04761904761904762,0.024390243902439025,0.0,0.0,0.0,0.0,0.0,0.0,0.0,0.25,0.25,0.25,0.75,0.0,0.0,0.0,0.02631578947368421,0.4,0.0,39,15,4,8,4
test_02390,primera_exact,0.775,0.28703703703703703,0.4189189189189189,0.26495726495726496,0.8666666666666667,0.34210526315789475,0.4905660377358491,0.325,0.5,0.045454545454545456,0.08333333333333334,0.043478260869565216,0.5,0.04,0.07407407407407407,0.038461538461538464,0.5,0.04,0.07407407407407407,0.5,0.5,0.5,0.5,0.075,0.04,0.038461538461538464,0.045454545454545456,0.4,0.1,40,15,2,4,2
test_02390,primera_sentence,0.775,0.28703703703703703,0.4189189189189189,0.26495726495726496,0.8666666666666667,0.34210526315789475,0.4905660377358491,0.325,0.5,0.045454545454545456,0.08333333333333334,0.043478260869565216,0.5,0.04,0.07407407407407407,0.038461538461538464,0.5,0.04,0.07407407407407407,0.5,0.5,0.5,0.5,0.075,0.04,0.038461538461538464,0.045454545454545456,0.4,0.1,40,15,2,4,2
test_02408,primera_exact,0.967741935483871,0.43478260869565216,0.6,0.42857142857142855,1.0,0.625,0.7692307692307693,0.625,1.0,0.16666666666666666,0.2857142857142857,0.16666666666666666,1.0,0.13636363636363635,0.24000000000000002,0.13636363636363635,1.0,0.13636363636363635,0.24000000000000002,1.0,1.0,1.0,0.0,0.17857142857142858,0.13636363636363635,0.13636363636363635,0.16666666666666666,0.1875,0.3,31,15,3,5,3
test_02408,primera_sentence,0.967741935483871,0.43478260869565216,0.6,0.42857142857142855,1.0,0.625,0.7692307692307693,0.625,1.0,0.16666666666666666,0.2857142857142857,0.16666666666666666,1.0,0.13636363636363635,0.24000000000000002,0.13636363636363635,1.0,0.13636363636363635,0.24000000000000002,1.0,1.0,1.0,0.0,0.17857142857142858,0.13636363636363635,0.13636363636363635,0.16666666666666666,0.1875,0.3,31,15,3,5,3
test_02411,primera_exact,0.5434782608695652,0.14204545454545456,0.22522522522522523,0.12690355329949238,0.4782608695652174,0.14285714285714285,0.22,0.12359550561797752,0.5,0.11538461538461539,0.1875,0.10344827586206896,0.0,0.0,0.0,0.0,0.3333333333333333,0.058823529411764705,0.1,0.5,0.16666666666666666,0.0,1.0,0.03508771929824561,0.0,0.0,0.11538461538461539,0.6666666666666666,0.0,46,23,6,9,6
test_02411,primera_sentence,0.5434782608695652,0.14204545454545456,0.22522522522522523,0.12690355329949238,0.4782608695652174,0.14285714285714285,0.22,0.12359550561797752,0.5,0.11538461538461539,0.1875,0.10344827586206896,0.0,0.0,0.0,0.0,0.3333333333333333,0.058823529411764705,0.1,0.5,0.16666666666666666,0.0,1.0,0.03508771929824561,0.0,0.0,0.11538461538461539,0.6666666666666666,0.0,46,23,6,9,6
test_02426,primera_exact,0.9032258064516129,0.16184971098265896,0.27450980392156865,0.1590909090909091,0.6,0.03896103896103896,0.07317073170731707,0.0379746835443038,0.6,0.07142857142857142,0.1276595744680851,0.06818181818181818,0.0,0.0,0.0,0.0,0.2,0.017241379310344827,0.031746031746031744,0.4,0.6,0.2,0.8,0.046511627906976744,0.0,0.0,0.07142857142857142,0.18181818181818182,0.1,31,5,5,10,5
test_02426,primera_sentence,0.9032258064516129,0.16184971098265896,0.27450980392156865,0.1590909090909091,0.6,0.03896103896103896,0.07317073170731707,0.0379746835443038,0.6,0.07142857142857142,0.1276595744680851,0.06818181818181818,0.0,0.0,0.0,0.0,0.2,0.017241379310344827,0.031746031746031744,0.4,0.6,0.2,0.8,0.046511627906976744,0.0,0.0,0.07142857142857142,0.18181818181818182,0.1,31,5,5,10,5
test_02427,primera_exact,0.5263157894736842,0.11363636363636363,0.18691588785046728,0.10309278350515463,0.6190476190476191,0.19117647058823528,0.29213483146067415,0.17105263157894737,0.4,0.07142857142857142,0.12121212121212122,0.06451612903225806,0.4,0.05714285714285714,0.09999999999999999,0.05263157894736842,0.4,0.05714285714285714,0.09999999999999999,0.4,0.4,0.4,0.6,0.08771929824561403,0.05714285714285714,0.05263157894736842,0.07142857142857142,0.42857142857142855,0.3,38,21,5,8,5
test_02427,primera_sentence,0.5263157894736842,0.11363636363636363,0.18691588785046728,0.10309278350515463,0.6190476190476191,0.19117647058823528,0.29213483146067415,0.17105263157894737,0.4,0.07142857142857142,0.12121212121212122,0.06451612903225806,0.4,0.05714285714285714,0.09999999999999999,0.05263157894736842,0.4,0.05714285714285714,0.09999999999999999,0.4,0.4,0.4,0.6,0.08771929824561403,0.05714285714285714,0.05263157894736842,0.07142857142857142,0.42857142857142855,0.3,38,21,5,8,5
test_02432,primera_exact,0.92,0.19166666666666668,0.3172413793103448,0.1885245901639344,1.0,0.22727272727272727,0.37037037037037035,0.22727272727272727,1.0,0.15625,0.2702702702702703,0.15625,0.8,0.10526315789473684,0.18604651162790697,0.10256410256410256,1.0,0.13157894736842105,0.23255813953488372,1.0,1.0,0.8,0.19999999999999996,0.14,0.10526315789473684,0.10256410256410256,0.15625,0.2727272727272727,0.4,25,10,5,8,5
test_02432,primera_sentence,0.92,0.19166666666666668,0.3172413793103448,0.1885245901639344,1.0,0.22727272727272727,0.37037037037037035,0.22727272727272727,1.0,0.15625,0.2702702702702703,0.15625,0.8,0.10526315789473684,0.18604651162790697,0.10256410256410256,1.0,0.13157894736842105,0.23255813953488372,1.0,1.0,0.8,0.19999999999999996,0.14,0.10526315789473684,0.10256410256410256,0.15625,0.2727272727272727,0.4,25,10,5,8,5
test_02460,primera_exact,0.9130434782608695,0.45652173913043476,0.608695652173913,0.4375,0.96,0.5853658536585366,0.7272727272727272,0.5714285714285714,1.0,0.375,0.5454545454545454,0.375,0.7,0.3333333333333333,0.45161290322580644,0.2916666666666667,1.0,0.47619047619047616,0.6451612903225806,1.0,1.0,1.0,0.0,0.3333333333333333,0.3333333333333333,0.2916666666666667,0.375,1.0,0.6,46,25,10,11,10
test_02460,primera_sentence,0.9130434782608695,0.45652173913043476,0.608695652173913,0.4375,0.96,0.5853658536585366,0.7272727272727272,0.5714285714285714,1.0,0.375,0.5454545454545454,0.375,0.7,0.3333333333333333,0.45161290322580644,0.2916666666666667,1.0,0.47619047619047616,0.6451612903225806,1.0,1.0,1.0,0.0,0.3333333333333333,0.3333333333333333,0.2916666666666667,0.375,1.0,0.6,46,25,10,11,10
test_02462,primera_exact,0.40425531914893614,0.2753623188405797,0.32758620689655177,0.1958762886597938,0.8421052631578947,0.5714285714285714,0.6808510638297872,0.5161290322580645,0.5,0.16666666666666666,0.25,0.14285714285714285,0.5,0.16666666666666666,0.25,0.14285714285714285,0.5,0.16666666666666666,0.25,0.5,0.5,0.5,0.5,0.2,0.16666666666666666,0.14285714285714285,0.16666666666666666,0.6666666666666666,0.2,47,19,2,4,2
test_02462,primera_sentence,0.40425531914893614,0.2753623188405797,0.32758620689655177,0.1958762886597938,0.8421052631578947,0.5714285714285714,0.6808510638297872,0.5161290322580645,0.5,0.16666666666666666,0.25,0.14285714285714285,0.5,0.16666666666666666,0.25,0.14285714285714285,0.5,0.16666666666666666,0.25,0.5,0.5,0.5,0.5,0.2,0.16666666666666666,0.14285714285714285,0.16666666666666666,0.6666666666666666,0.2,47,19,2,4,2
test_02484,primera_exact,0.84,0.12574850299401197,0.21875,0.12280701754385964,0.8235294117647058,0.23728813559322035,0.368421052631579,0.22580645161290322,0.875,0.12280701754385964,0.2153846153846154,0.1206896551724138,0.25,0.02666666666666667,0.04819277108433735,0.024691358024691357,0.375,0.04,0.07228915662650602,0.25,0.5,0.25,0.75,0.08045977011494253,0.02666666666666667,0.024691358024691357,0.12280701754385964,0.12903225806451613,0.2,25,17,8,12,8
test_02484,primera_sentence,0.84,0.12574850299401197,0.21875,0.12280701754385964,0.8235294117647058,0.23728813559322035,0.368421052631579,0.22580645161290322,0.875,0.12280701754385964,0.2153846153846154,0.1206896551724138,0.25,0.02666666666666667,0.04819277108433735,0.024691358024691357,0.375,0.04,0.07228915662650602,0.25,0.5,0.25,0.75,0.08045977011494253,0.02666666666666667,0.024691358024691357,0.12280701754385964,0.12903225806451613,0.2,25,17,8,12,8
test_02498,primera_exact,0.7209302325581395,0.5740740740740741,0.6391752577319588,0.4696969696969697,0.8461538461538461,0.7857142857142857,0.8148148148148148,0.6875,1.0,0.6,0.7499999999999999,0.6,0.3333333333333333,0.14285714285714285,0.2,0.1111111111111111,0.6666666666666666,0.2857142857142857,0.4,1.0,0.6666666666666666,0.6666666666666666,0.33333333333333337,0.23076923076923078,0.14285714285714285,0.1111111111111111,0.6,0.6666666666666666,0.2,43,13,3,6,3
test_02498,primera_sentence,0.7209302325581395,0.5740740740740741,0.6391752577319588,0.4696969696969697,0.8461538461538461,0.7857142857142857,0.8148148148148148,0.6875,1.0,0.6,0.7499999999999999,0.6,0.3333333333333333,0.14285714285714285,0.2,0.1111111111111111,0.6666666666666666,0.2857142857142857,0.4,1.0,0.6666666666666666,0.6666666666666666,0.33333333333333337,0.23076923076923078,0.14285714285714285,0.1111111111111111,0.6,0.6666666666666666,0.2,43,13,3,6,3
test_02540,primera_exact,0.28125,0.06666666666666667,0.10778443113772455,0.056962025316455694,0.3888888888888889,0.11290322580645161,0.17500000000000002,0.0958904109589041,0.5,0.08333333333333333,0.14285714285714285,0.07692307692307693,0.0,0.0,0.0,0.0,0.0,0.0,0.0,0.25,0.0,0.0,1.0,0.0,0.0,0.0,0.08333333333333333,0.2857142857142857,0.0,32,18,4,8,4
test_02540,primera_sentence,0.28125,0.06666666666666667,0.10778443113772455,0.056962025316455694,0.3888888888888889,0.11290322580645161,0.17500000000000002,0.0958904109589041,0.5,0.08333333333333333,0.14285714285714285,0.07692307692307693,0.0,0.0,0.0,0.0,0.0,0.0,0.0,0.25,0.0,0.0,1.0,0.0,0.0,0.0,0.08333333333333333,0.2857142857142857,0.0,32,18,4,8,4
test_02579,primera_exact,0.84,0.7241379310344828,0.7777777777777777,0.6363636363636364,1.0,0.75,0.8571428571428571,0.75,0.8333333333333334,1.0,0.9090909090909091,0.8333333333333334,0.6666666666666666,0.8,0.7272727272727272,0.5714285714285714,0.6666666666666666,0.8,0.7272727272727272,0.6666666666666666,0.6666666666666666,0.6666666666666666,0.33333333333333337,0.8888888888888888,0.8,0.5714285714285714,1.0,1.0,0.8888888888888888,25,9,6,10,6
test_02579,primera_sentence,0.84,0.7241379310344828,0.7777777777777777,0.6363636363636364,1.0,0.75,0.8571428571428571,0.75,0.8333333333333334,1.0,0.9090909090909091,0.8333333333333334,0.6666666666666666,0.8,0.7272727272727272,0.5714285714285714,0.6666666666666666,0.8,0.7272727272727272,0.6666666666666666,0.6666666666666666,0.6666666666666666,0.33333333333333337,0.8888888888888888,0.8,0.5714285714285714,1.0,1.0,0.8888888888888888,25,9,6,10,6
test_02601,primera_exact,0.37142857142857144,0.20634920634920634,0.2653061224489796,0.15294117647058825,0.7916666666666666,0.21839080459770116,0.34234234234234234,0.20652173913043478,1.0,0.13043478260869565,0.23076923076923078,0.13043478260869565,0.6666666666666666,0.05714285714285714,0.10526315789473684,0.05555555555555555,1.0,0.08571428571428572,0.15789473684210528,1.0,1.0,1.0,0.0,0.08,0.05714285714285714,0.05555555555555555,0.13043478260869565,0.42857142857142855,0.2,35,24,3,5,3
test_02601,primera_sentence,0.37142857142857144,0.20634920634920634,0.2653061224489796,0.15294117647058825,0.7916666666666666,0.21839080459770116,0.34234234234234234,0.20652173913043478,1.0,0.13043478260869565,0.23076923076923078,0.13043478260869565,0.6666666666666666,0.05714285714285714,0.10526315789473684,0.05555555555555555,1.0,0.08571428571428572,0.15789473684210528,1.0,1.0,1.0,0.0,0.08,0.05714285714285714,0.05555555555555555,0.13043478260869565,0.42857142857142855,0.2,35,24,3,5,3
test_02646,primera_exact,0.7575757575757576,0.3472222222222222,0.4761904761904762,0.3125,0.7916666666666666,0.3877551020408163,0.5205479452054794,0.35185185185185186,0.875,0.25925925925925924,0.39999999999999997,0.25,0.625,0.15151515151515152,0.24390243902439024,0.1388888888888889,0.75,0.18181818181818182,0.2926829268292683,0.875,0.875,0.875,0.125,0.18,0.15151515151515152,0.1388888888888889,0.25925925925925924,0.7142857142857143,0.2,33,24,8,13,8
test_02646,primera_sentence,0.7575757575757576,0.3472222222222222,0.4761904761904762,0.3125,0.7916666666666666,0.3877551020408163,0.5205479452054794,0.35185185185185186,0.875,0.25925925925925924,0.39999999999999997,0.25,0.625,0.15151515151515152,0.24390243902439024,0.1388888888888889,0.75,0.18181818181818182,0.2926829268292683,0.875,0.875,0.875,0.125,0.18,0.15151515151515152,0.1388888888888889,0.25925925925925924,0.7142857142857143,0.2,33,24,8,13,8
test_02655,primera_exact,0.5517241379310345,0.05536332179930796,0.10062893081761007,0.052980132450331126,0.5,0.078125,0.13513513513513514,0.07246376811594203,0.5714285714285714,0.058823529411764705,0.10666666666666666,0.056338028169014086,0.0,0.0,0.0,0.0,0.0,0.0,0.0,0.42857142857142855,0.2857142857142857,0.14285714285714285,0.8571428571428572,0.024390243902439025,0.0,0.0,0.058823529411764705,0.375,0.1,29,20,7,11,7
test_02655,primera_sentence,0.5517241379310345,0.05536332179930796,0.10062893081761007,0.052980132450331126,0.5,0.078125,0.13513513513513514,0.07246376811594203,0.5714285714285714,0.058823529411764705,0.10666666666666666,0.056338028169014086,0.0,0.0,0.0,0.0,0.0,0.0,0.0,0.42857142857142855,0.2857142857142857,0.14285714285714285,0.8571428571428572,0.024390243902439025,0.0,0.0,0.058823529411764705,0.375,0.1,29,20,7,11,7
test_02659,primera_exact,0.35,0.16666666666666666,0.22580645161290322,0.12727272727272726,0.6,0.19148936170212766,0.29032258064516125,0.16981132075471697,0.2,0.030303030303030304,0.052631578947368425,0.02702702702702703,0.0,0.0,0.0,0.0,0.0,0.0,0.0,0.0,0.2,0.0,1.0,0.10638297872340426,0.0,0.0,0.030303030303030304,0.2727272727272727,0.3,40,15,5,9,5
test_02659,primera_sentence,0.35,0.16666666666666666,0.22580645161290322,0.12727272727272726,0.6,0.19148936170212766,0.29032258064516125,0.16981132075471697,0.2,0.030303030303030304,0.052631578947368425,0.02702702702702703,0.0,0.0,0.0,0.0,0.0,0.0,0.0,0.0,0.2,0.0,1.0,0.10638297872340426,0.0,0.0,0.030303030303030304,0.2727272727272727,0.3,40,15,5,9,5
test_02669,primera_exact,0.8205128205128205,0.09495548961424333,0.17021276595744683,0.09302325581395349,0.8571428571428571,0.08571428571428572,0.15584415584415584,0.08450704225352113,0.5,0.029411764705882353,0.05555555555555555,0.02857142857142857,0.5,0.022222222222222223,0.0425531914893617,0.021739130434782608,0.5,0.022222222222222223,0.0425531914893617,0.5,0.5,0.5,0.5,0.041666666666666664,0.022222222222222223,0.021739130434782608,0.029411764705882353,0.08333333333333333,0.0,39,14,4,8,4
test_02669,primera_sentence,0.8205128205128205,0.09495548961424333,0.17021276595744683,0.09302325581395349,0.8571428571428571,0.08571428571428572,0.15584415584415584,0.08450704225352113,0.5,0.029411764705882353,0.05555555555555555,0.02857142857142857,0.5,0.022222222222222223,0.0425531914893617,0.021739130434782608,0.5,0.022222222222222223,0.0425531914893617,0.5,0.5,0.5,0.5,0.041666666666666664,0.022222222222222223,0.021739130434782608,0.029411764705882353,0.08333333333333333,0.0,39,14,4,8,4
test_02684,primera_exact,0.4722222222222222,0.02556390977443609,0.04850213980028531,0.024853801169590642,0.8333333333333334,0.08108108108108109,0.1477832512315271,0.0797872340425532,0.2,0.009708737864077669,0.018518518518518517,0.009345794392523364,0.0,0.0,0.0,0.0,0.0,0.0,0.0,0.16666666666666666,0.16666666666666666,0.16666666666666666,0.8333333333333334,0.01015228426395939,0.0,0.0,0.009708737864077669,0.14285714285714285,0.1,36,18,6,9,6
test_02684,primera_sentence,0.4722222222222222,0.02556390977443609,0.04850213980028531,0.024853801169590642,0.8333333333333334,0.08108108108108109,0.1477832512315271,0.0797872340425532,0.2,0.009708737864077669,0.018518518518518517,0.009345794392523364,0.0,0.0,0.0,0.0,0.0,0.0,0.0,0.16666666666666666,0.16666666666666666,0.16666666666666666,0.8333333333333334,0.01015228426395939,0.0,0.0,0.009708737864077669,0.14285714285714285,0.1,36,18,6,9,6
test_02689,primera_exact,0.6785714285714286,0.2,0.3089430894308944,0.18269230769230768,0.2727272727272727,0.08571428571428572,0.13043478260869562,0.06976744186046512,0.375,0.13043478260869565,0.19354838709677416,0.10714285714285714,0.2222222222222222,0.08333333333333333,0.12121212121212122,0.06451612903225806,0.2222222222222222,0.08333333333333333,0.12121212121212122,0.3333333333333333,0.2222222222222222,0.2222222222222222,0.7777777777777778,0.14705882352941177,0.08333333333333333,0.06451612903225806,0.13043478260869565,0.2222222222222222,0.3,28,11,9,18,9
test_02689,primera_sentence,0.6785714285714286,0.2,0.3089430894308944,0.18269230769230768,0.2727272727272727,0.08571428571428572,0.13043478260869562,0.06976744186046512,0.375,0.13043478260869565,0.19354838709677416,0.10714285714285714,0.2222222222222222,0.08333333333333333,0.12121212121212122,0.06451612903225806,0.2222222222222222,0.08333333333333333,0.12121212121212122,0.3333333333333333,0.2222222222222222,0.2222222222222222,0.7777777777777778,0.14705882352941177,0.08333333333333333,0.06451612903225806,0.13043478260869565,0.2222222222222222,0.3,28,11,9,18,9
test_02693,primera_exact,0.3548387096774194,0.061452513966480445,0.10476190476190476,0.05527638190954774,0.5882352941176471,0.08695652173913043,0.1515151515151515,0.08196721311475409,0.2222222222222222,0.06060606060606061,0.09523809523809523,0.05,0.0,0.0,0.0,0.0,0.0,0.0,0.0,0.1,0.0,0.0,1.0,0.017543859649122806,0.0,0.0,0.06060606060606061,0.6666666666666666,0.1,31,17,10,13,10
test_02693,primera_sentence,0.3548387096774194,0.061452513966480445,0.10476190476190476,0.05527638190954774,0.5882352941176471,0.08695652173913043,0.1515151515151515,0.08196721311475409,0.2222222222222222,0.06060606060606061,0.09523809523809523,0.05,0.0,0.0,0.0,0.0,0.0,0.0,0.0,0.1,0.0,0.0,1.0,0.017543859649122806,0.0,0.0,0.06060606060606061,0.6666666666666666,0.1,31,17,10,13,10
test_02696,primera_exact,0.7307692307692307,0.08558558558558559,0.1532258064516129,0.08296943231441048,0.8181818181818182,0.11842105263157894,0.20689655172413793,0.11538461538461539,0.75,0.09375,0.16666666666666666,0.09090909090909091,0.0,0.0,0.0,0.0,0.0,0.0,0.0,0.5,0.75,0.5,0.5,0.03333333333333333,0.0,0.0,0.09375,0.42857142857142855,0.0,26,11,4,7,4
test_02696,primera_sentence,0.7307692307692307,0.08558558558558559,0.1532258064516129,0.08296943231441048,0.8181818181818182,0.11842105263157894,0.20689655172413793,0.11538461538461539,0.75,0.09375,0.16666666666666666,0.09090909090909091,0.0,0.0,0.0,0.0,0.0,0.0,0.0,0.5,0.75,0.5,0.5,0.03333333333333333,0.0,0.0,0.09375,0.42857142857142855,0.0,26,11,4,7,4
test_02704,primera_exact,0.6206896551724138,0.05598755832037325,0.10271041369472182,0.05413533834586466,0.5,0.03734439834024896,0.0694980694980695,0.036,0.5,0.02857142857142857,0.05405405405405405,0.027777777777777776,0.1111111111111111,0.007246376811594203,0.013605442176870748,0.00684931506849315,0.1111111111111111,0.007246376811594203,0.013605442176870748,0.3333333333333333,0.5555555555555556,0.3333333333333333,0.6666666666666667,0.0273972602739726,0.007246376811594203,0.00684931506849315,0.02857142857142857,0.25,0.1,58,18,9,16,9
test_02704,primera_sentence,0.6206896551724138,0.05598755832037325,0.10271041369472182,0.05413533834586466,0.5,0.03734439834024896,0.0694980694980695,0.036,0.5,0.02857142857142857,0.05405405405405405,0.027777777777777776,0.1111111111111111,0.007246376811594203,0.013605442176870748,0.00684931506849315,0.1111111111111111,0.007246376811594203,0.013605442176870748,0.3333333333333333,0.5555555555555556,0.3333333333333333,0.6666666666666667,0.0273972602739726,0.007246376811594203,0.00684931506849315,0.02857142857142857,0.25,0.1,58,18,9,16,9
test_02705,primera_exact,0.5142857142857142,0.08411214953271028,0.14457831325301204,0.07792207792207792,0.8333333333333334,0.1485148514851485,0.25210084033613445,0.14423076923076922,0.25,0.022222222222222223,0.04081632653061225,0.020833333333333332,0.2,0.017543859649122806,0.03225806451612903,0.01639344262295082,0.2,0.017543859649122806,0.03225806451612903,0.2,0.2,0.2,0.8,0.04597701149425287,0.017543859649122806,0.01639344262295082,0.022222222222222223,0.5,0.1,35,18,5,9,5
test_02705,primera_sentence,0.5142857142857142,0.08411214953271028,0.14457831325301204,0.07792207792207792,0.8333333333333334,0.1485148514851485,0.25210084033613445,0.14423076923076922,0.25,0.022222222222222223,0.04081632653061225,0.020833333333333332,0.2,0.017543859649122806,0.03225806451612903,0.01639344262295082,0.2,0.017543859649122806,0.03225806451612903,0.2,0.2,0.2,0.8,0.04597701149425287,0.017543859649122806,0.01639344262295082,0.022222222222222223,0.5,0.1,35,18,5,9,5
test_02708,primera_exact,0.6904761904761905,0.26126126126126126,0.3790849673202615,0.23387096774193547,0.7647058823529411,0.5416666666666666,0.6341463414634146,0.4642857142857143,0.7142857142857143,0.20833333333333334,0.3225806451612903,0.19230769230769232,0.09090909090909091,0.037037037037037035,0.05263157894736842,0.02702702702702703,0.09090909090909091,0.037037037037037035,0.05263157894736842,0.36363636363636365,0.5454545454545454,0.36363636363636365,0.6363636363636364,0.1794871794871795,0.037037037037037035,0.02702702702702703,0.20833333333333334,0.5,0.2,42,34,11,15,11
test_02708,primera_sentence,0.6904761904761905,0.26126126126126126,0.3790849673202615,0.23387096774193547,0.7647058823529411,0.5416666666666666,0.6341463414634146,0.4642857142857143,0.7142857142857143,0.20833333333333334,0.3225806451612903,0.19230769230769232,0.09090909090909091,0.037037037037037035,0.05263157894736842,0.02702702702702703,0.09090909090909091,0.037037037037037035,0.05263157894736842,0.36363636363636365,0.5454545454545454,0.36363636363636365,0.6363636363636364,0.1794871794871795,0.037037037037037035,0.02702702702702703,0.20833333333333334,0.5,0.2,42,34,11,15,11
test_02712,primera_exact,0.5166666666666667,0.248,0.33513513513513515,0.2012987012987013,0.4857142857142857,0.288135593220339,0.3617021276595745,0.22077922077922077,0.14285714285714285,0.0625,0.08695652173913043,0.045454545454545456,0.0,0.0,0.0,0.0,0.0,0.0,0.0,0.14285714285714285,0.0,0.0,1.0,0.03333333333333333,0.0,0.0,0.0625,0.6666666666666666,0.1,60,35,7,12,7
test_02712,primera_sentence,0.5166666666666667,0.248,0.33513513513513515,0.2012987012987013,0.4857142857142857,0.288135593220339,0.3617021276595745,0.22077922077922077,0.14285714285714285,0.0625,0.08695652173913043,0.045454545454545456,0.0,0.0,0.0,0.0,0.0,0.0,0.0,0.14285714285714285,0.0,0.0,1.0,0.03333333333333333,0.0,0.0,0.0625,0.6666666666666666,0.1,60,35,7,12,7
test_02713,primera_exact,0.43902439024390244,0.1267605633802817,0.19672131147540983,0.10909090909090909,0.4583333333333333,0.09016393442622951,0.1506849315068493,0.08148148148148149,0.375,0.15,0.21428571428571425,0.12,0.0,0.0,0.0,0.0,0.125,0.034482758620689655,0.05405405405405405,0.25,0.375,0.25,0.75,0.12195121951219512,0.0,0.0,0.15,0.5,0.1,41,24,8,14,8
test_02713,primera_sentence,0.43902439024390244,0.1267605633802817,0.19672131147540983,0.10909090909090909,0.4583333333333333,0.09016393442622951,0.1506849315068493,0.08148148148148149,0.375,0.15,0.21428571428571425,0.12,0.0,0.0,0.0,0.0,0.125,0.034482758620689655,0.05405405405405405,0.25,0.375,0.25,0.75,0.12195121951219512,0.0,0.0,0.15,0.5,0.1,41,24,8,14,8
test_02724,primera_exact,0.6857142857142857,0.061696658097686374,0.11320754716981132,0.06,0.7777777777777778,0.08641975308641975,0.15555555555555556,0.08433734939759036,1.0,0.05714285714285714,0.1081081081081081,0.05714285714285714,0.5,0.01818181818181818,0.03508771929824561,0.017857142857142856,0.5,0.01818181818181818,0.03508771929824561,0.75,0.75,0.75,0.25,0.03546099290780142,0.01818181818181818,0.017857142857142856,0.05714285714285714,0.14285714285714285,0.1,35,18,4,7,4
test_02724,primera_sentence,0.6857142857142857,0.061696658097686374,0.11320754716981132,0.06,0.7777777777777778,0.08641975308641975,0.15555555555555556,0.08433734939759036,1.0,0.05714285714285714,0.1081081081081081,0.05714285714285714,0.5,0.01818181818181818,0.03508771929824561,0.017857142857142856,0.5,0.01818181818181818,0.03508771929824561,0.75,0.75,0.75,0.25,0.03546099290780142,0.01818181818181818,0.017857142857142856,0.05714285714285714,0.14285714285714285,0.1,35,18,4,7,4
test_02725,primera_exact,0.9714285714285714,0.11683848797250859,0.20858895705521474,0.11643835616438356,1.0,0.1366906474820144,0.24050632911392406,0.1366906474820144,1.0,0.2,0.33333333333333337,0.2,0.8823529411764706,0.16853932584269662,0.2830188679245283,0.16483516483516483,0.9411764705882353,0.1797752808988764,0.3018867924528302,1.0,0.9411764705882353,0.9411764705882353,0.05882352941176472,0.17164179104477612,0.16853932584269662,0.16483516483516483,0.2,0.2,0.3,35,19,17,25,17
test_02725,primera_sentence,0.9714285714285714,0.11683848797250859,0.20858895705521474,0.11643835616438356,1.0,0.1366906474820144,0.24050632911392406,0.1366906474820144,1.0,0.2,0.33333333333333337,0.2,0.8823529411764706,0.16853932584269662,0.2830188679245283,0.16483516483516483,0.9411764705882353,0.1797752808988764,0.3018867924528302,1.0,0.9411764705882353,0.9411764705882353,0.05882352941176472,0.17164179104477612,0.16853932584269662,0.16483516483516483,0.2,0.2,0.3,35,19,17,25,17
test_02726,primera_exact,0.8611111111111112,0.07848101265822785,0.14385150812064967,0.0775,0.8,0.04519774011299435,0.0855614973262032,0.0446927374301676,0.6,0.03225806451612903,0.061224489795918366,0.031578947368421054,0.6,0.02631578947368421,0.050420168067226885,0.02586206896551724,0.6,0.02631578947368421,0.050420168067226885,0.6,0.6,0.6,0.4,0.0375,0.02631578947368421,0.02586206896551724,0.03225806451612903,0.11764705882352941,0.2,36,10,5,8,5
test_02726,primera_sentence,0.875,0.07088607594936709,0.13114754098360656,0.07017543859649122,0.8,0.04519774011299435,0.0855614973262032,0.0446927374301676,0.6,0.03225806451612903,0.061224489795918366,0.031578947368421054,0.6,0.02631578947368421,0.050420168067226885,0.02586206896551724,0.6,0.02631578947368421,0.050420168067226885,0.6,0.6,0.6,0.4,0.0375,0.02631578947368421,0.02586206896551724,0.03225806451612903,0.11764705882352941,0.2,32,10,5,8,5
test_02730,primera_exact,0.6170212765957447,0.5370370370370371,0.5742574257425743,0.4027777777777778,0.5714285714285714,0.5,0.5333333333333333,0.36363636363636365,0.6666666666666666,0.26666666666666666,0.3809523809523809,0.23529411764705882,0.25,0.125,0.16666666666666666,0.09090909090909091,0.25,0.125,0.16666666666666666,0.375,0.5,0.25,0.75,0.25,0.125,0.09090909090909091,0.26666666666666666,1.25,0.2,47,35,8,12,8
test_02730,primera_sentence,0.6170212765957447,0.5370370370370371,0.5742574257425743,0.4027777777777778,0.5714285714285714,0.5,0.5333333333333333,0.36363636363636365,0.6666666666666666,0.26666666666666666,0.3809523809523809,0.23529411764705882,0.25,0.125,0.16666666666666666,0.09090909090909091,0.25,0.125,0.16666666666666666,0.375,0.5,0.25,0.75,0.25,0.125,0.09090909090909091,0.26666666666666666,1.25,0.2,47,35,8,12,8
test_02768,primera_exact,0.627906976744186,0.36486486486486486,0.4615384615384615,0.3,0.875,0.1891891891891892,0.3111111111111111,0.18421052631578946,1.0,0.15384615384615385,0.2666666666666667,0.15384615384615385,0.5,0.058823529411764705,0.10526315789473684,0.05555555555555555,0.5,0.058823529411764705,0.10526315789473684,0.5,1.0,0.5,0.5,0.13043478260869565,0.058823529411764705,0.05555555555555555,0.15384615384615385,0.4,0.1,43,8,2,4,2
test_02768,primera_sentence,0.627906976744186,0.36486486486486486,0.4615384615384615,0.3,0.875,0.1891891891891892,0.3111111111111111,0.18421052631578946,1.0,0.15384615384615385,0.2666666666666667,0.15384615384615385,0.5,0.058823529411764705,0.10526315789473684,0.05555555555555555,0.5,0.058823529411764705,0.10526315789473684,0.5,1.0,0.5,0.5,0.13043478260869565,0.058823529411764705,0.05555555555555555,0.15384615384615385,0.4,0.1,43,8,2,4,2
test_02770,primera_exact,0.625,0.15,0.24193548387096772,0.13761467889908258,0.7647058823529411,0.21311475409836064,0.3333333333333333,0.2,0.5,0.10714285714285714,0.17647058823529413,0.0967741935483871,0.3333333333333333,0.06451612903225806,0.1081081081081081,0.05714285714285714,0.3333333333333333,0.06451612903225806,0.1081081081081081,0.3333333333333333,0.5,0.3333333333333333,0.6666666666666667,0.175,0.06451612903225806,0.05714285714285714,0.10714285714285714,0.25,0.2,24,17,6,12,6
test_02770,primera_sentence,0.625,0.15,0.24193548387096772,0.13761467889908258,0.7647058823529411,0.21311475409836064,0.3333333333333333,0.2,0.5,0.10714285714285714,0.17647058823529413,0.0967741935483871,0.3333333333333333,0.06451612903225806,0.1081081081081081,0.05714285714285714,0.3333333333333333,0.06451612903225806,0.1081081081081081,0.3333333333333333,0.5,0.3333333333333333,0.6666666666666667,0.175,0.06451612903225806,0.05714285714285714,0.10714285714285714,0.25,0.2,24,17,6,12,6
test_02771,primera_exact,0.6744186046511628,0.47540983606557374,0.5576923076923077,0.38666666666666666,0.8181818181818182,0.6428571428571429,0.7200000000000001,0.5625,0.5454545454545454,0.375,0.4444444444444444,0.2857142857142857,0.23076923076923078,0.17647058823529413,0.20000000000000004,0.1111111111111111,0.23076923076923078,0.17647058823529413,0.20000000000000004,0.38461538461538464,0.38461538461538464,0.3076923076923077,0.6923076923076923,0.3684210526315789,0.17647058823529413,0.1111111111111111,0.375,0.45454545454545453,0.2,43,22,13,19,13
test_02771,primera_sentence,0.6744186046511628,0.47540983606557374,0.5576923076923077,0.38666666666666666,0.8181818181818182,0.6428571428571429,0.7200000000000001,0.5625,0.5454545454545454,0.375,0.4444444444444444,0.2857142857142857,0.23076923076923078,0.17647058823529413,0.20000000000000004,0.1111111111111111,0.23076923076923078,0.17647058823529413,0.20000000000000004,0.38461538461538464,0.38461538461538464,0.3076923076923077,0.6923076923076923,0.3684210526315789,0.17647058823529413,0.1111111111111111,0.375,0.45454545454545453,0.2,43,22,13,19,13
test_02784,primera_exact,0.8076923076923077,0.07473309608540925,0.13680781758957652,0.07342657342657342,0.7916666666666666,0.1310344827586207,0.22485207100591717,0.12666666666666668,1.0,0.06349206349206349,0.11940298507462686,0.06349206349206349,0.0,0.0,0.0,0.0,0.0,0.0,0.0,0.7142857142857143,0.7142857142857143,0.2857142857142857,0.7142857142857143,0.02459016393442623,0.0,0.0,0.06349206349206349,0.2631578947368421,0.2,26,24,7,10,7
test_02784,primera_sentence,0.8076923076923077,0.07473309608540925,0.13680781758957652,0.07342657342657342,0.7916666666666666,0.1310344827586207,0.22485207100591717,0.12666666666666668,1.0,0.06349206349206349,0.11940298507462686,0.06349206349206349,0.0,0.0,0.0,0.0,0.0,0.0,0.0,0.7142857142857143,0.7142857142857143,0.2857142857142857,0.7142857142857143,0.02459016393442623,0.0,0.0,0.06349206349206349,0.2631578947368421,0.2,26,24,7,10,7
test_02785,primera_exact,0.8,0.22018348623853212,0.34532374100719426,0.20869565217391303,0.5,0.09615384615384616,0.16129032258064518,0.08771929824561403,0.25,0.02564102564102564,0.04651162790697674,0.023809523809523808,0.25,0.02564102564102564,0.04651162790697674,0.023809523809523808,0.25,0.02564102564102564,0.04651162790697674,0.25,0.25,0.25,0.75,0.05263157894736842,0.02564102564102564,0.023809523809523808,0.02564102564102564,0.42857142857142855,0.2,60,10,4,7,4
test_02785,primera_sentence,0.8,0.22018348623853212,0.34532374100719426,0.20869565217391303,0.5,0.09615384615384616,0.16129032258064518,0.08771929824561403,0.25,0.02564102564102564,0.04651162790697674,0.023809523809523808,0.25,0.02564102564102564,0.04651162790697674,0.023809523809523808,0.25,0.02564102564102564,0.04651162790697674,0.25,0.25,0.25,0.75,0.05263157894736842,0.02564102564102564,0.023809523809523808,0.02564102564102564,0.42857142857142855,0.2,60,10,4,7,4
test_02787,primera_exact,0.6296296296296297,0.22077922077922077,0.3269230769230769,0.19540229885057472,0.9230769230769231,0.18181818181818182,0.3037974683544304,0.1791044776119403,1.0,0.1724137931034483,0.29411764705882354,0.1724137931034483,1.0,0.14285714285714285,0.25,0.14285714285714285,1.0,0.14285714285714285,0.25,1.0,1.0,1.0,0.0,0.15789473684210525,0.14285714285714285,0.14285714285714285,0.1724137931034483,0.75,0.1,54,13,5,9,5
test_02787,primera_sentence,0.6296296296296297,0.22077922077922077,0.3269230769230769,0.19540229885057472,0.9230769230769231,0.18181818181818182,0.3037974683544304,0.1791044776119403,1.0,0.1724137931034483,0.29411764705882354,0.1724137931034483,1.0,0.14285714285714285,0.25,0.14285714285714285,1.0,0.14285714285714285,0.25,1.0,1.0,1.0,0.0,0.15789473684210525,0.14285714285714285,0.14285714285714285,0.1724137931034483,0.75,0.1,54,13,5,9,5
test_02796,primera_exact,0.5454545454545454,0.1276595744680851,0.2068965517241379,0.11538461538461539,0.7083333333333334,0.26153846153846155,0.38202247191011235,0.2361111111111111,0.8,0.1,0.1777777777777778,0.0975609756097561,0.4,0.04081632653061224,0.07407407407407406,0.038461538461538464,0.6,0.061224489795918366,0.1111111111111111,0.6,0.8,0.6,0.4,0.056338028169014086,0.04081632653061224,0.038461538461538464,0.1,0.375,0.0,44,24,5,8,5
test_02796,primera_sentence,0.5454545454545454,0.1276595744680851,0.2068965517241379,0.11538461538461539,0.7083333333333334,0.26153846153846155,0.38202247191011235,0.2361111111111111,0.8,0.1,0.1777777777777778,0.0975609756097561,0.4,0.04081632653061224,0.07407407407407406,0.038461538461538464,0.6,0.061224489795918366,0.1111111111111111,0.6,0.8,0.6,0.4,0.056338028169014086,0.04081632653061224,0.038461538461538464,0.1,0.375,0.0,44,24,5,8,5
test_02820,primera_exact,0.5581395348837209,0.3037974683544304,0.39344262295081966,0.24489795918367346,0.7333333333333333,0.2037037037037037,0.3188405797101449,0.1896551724137931,0.5,0.15,0.23076923076923075,0.13043478260869565,0.16666666666666666,0.043478260869565216,0.06896551724137931,0.03571428571428571,0.3333333333333333,0.08695652173913043,0.13793103448275862,0.3333333333333333,0.5,0.3333333333333333,0.6666666666666667,0.1111111111111111,0.043478260869565216,0.03571428571428571,0.15,0.75,0.1,43,15,6,8,6
test_02820,primera_sentence,0.5581395348837209,0.3037974683544304,0.39344262295081966,0.24489795918367346,0.7333333333333333,0.2037037037037037,0.3188405797101449,0.1896551724137931,0.5,0.15,0.23076923076923075,0.13043478260869565,0.16666666666666666,0.043478260869565216,0.06896551724137931,0.03571428571428571,0.3333333333333333,0.08695652173913043,0.13793103448275862,0.3333333333333333,0.5,0.3333333333333333,0.6666666666666667,0.1111111111111111,0.043478260869565216,0.03571428571428571,0.15,0.75,0.1,43,15,6,8,6
test_02824,primera_exact,0.3333333333333333,0.09734513274336283,0.15068493150684933,0.08148148148148149,0.8695652173913043,0.20408163265306123,0.33057851239669417,0.19801980198019803,1.0,0.05263157894736842,0.1,0.05263157894736842,1.0,0.046511627906976744,0.08888888888888888,0.046511627906976744,1.0,0.046511627906976744,0.08888888888888888,1.0,1.0,1.0,0.0,0.045454545454545456,0.046511627906976744,0.046511627906976744,0.05263157894736842,0.3333333333333333,0.1,33,23,2,3,2
test_02824,primera_sentence,0.3333333333333333,0.09734513274336283,0.15068493150684933,0.08148148148148149,0.8695652173913043,0.20408163265306123,0.33057851239669417,0.19801980198019803,1.0,0.05263157894736842,0.1,0.05263157894736842,1.0,0.046511627906976744,0.08888888888888888,0.046511627906976744,1.0,0.046511627906976744,0.08888888888888888,1.0,1.0,1.0,0.0,0.045454545454545456,0.046511627906976744,0.046511627906976744,0.05263157894736842,0.3333333333333333,0.1,33,23,2,3,2
test_02825,primera_exact,0.5806451612903226,0.09523809523809523,0.16363636363636364,0.0891089108910891,0.6,0.12,0.19999999999999998,0.1111111111111111,0.5,0.10526315789473684,0.17391304347826086,0.09523809523809523,0.0,0.0,0.0,0.0,0.0,0.0,0.0,0.4,0.2,0.2,0.8,0.023809523809523808,0.0,0.0,0.10526315789473684,0.6,0.1,31,10,5,8,5
test_02825,primera_sentence,0.5806451612903226,0.09523809523809523,0.16363636363636364,0.0891089108910891,0.6,0.12,0.19999999999999998,0.1111111111111111,0.5,0.10526315789473684,0.17391304347826086,0.09523809523809523,0.0,0.0,0.0,0.0,0.0,0.0,0.0,0.4,0.2,0.2,0.8,0.023809523809523808,0.0,0.0,0.10526315789473684,0.6,0.1,31,10,5,8,5
test_02827,primera_exact,0.2545454545454545,0.20588235294117646,0.22764227642276422,0.12844036697247707,0.375,0.3333333333333333,0.35294117647058826,0.21428571428571427,0.0,0.0,0.0,0.0,0.0,0.0,0.0,0.0,0.0,0.0,0.0,0.0,0.0,0.0,1.0,0.0,0.0,0.0,0.0,1.3333333333333333,0.0,55,16,9,14,9
test_02827,primera_sentence,0.2545454545454545,0.20588235294117646,0.22764227642276422,0.12844036697247707,0.375,0.3333333333333333,0.35294117647058826,0.21428571428571427,0.0,0.0,0.0,0.0,0.0,0.0,0.0,0.0,0.0,0.0,0.0,0.0,0.0,0.0,1.0,0.0,0.0,0.0,0.0,1.3333333333333333,0.0,55,16,9,14,9
test_02839,primera_exact,0.5925925925925926,0.021534320323014805,0.04155844155844156,0.021220159151193633,0.7222222222222222,0.03735632183908046,0.07103825136612023,0.036827195467422094,0.75,0.025,0.048387096774193554,0.024793388429752067,0.0,0.0,0.0,0.0,0.2,0.00558659217877095,0.010869565217391306,0.4,0.6,0.4,0.6,0.011904761904761904,0.0,0.0,0.025,0.09090909090909091,0.1,27,18,5,9,5
test_02839,primera_sentence,0.5925925925925926,0.021534320323014805,0.04155844155844156,0.021220159151193633,0.7222222222222222,0.03735632183908046,0.07103825136612023,0.036827195467422094,0.75,0.025,0.048387096774193554,0.024793388429752067,0.0,0.0,0.0,0.0,0.2,0.00558659217877095,0.010869565217391306,0.4,0.6,0.4,0.6,0.011904761904761904,0.0,0.0,0.025,0.09090909090909091,0.1,27,18,5,9,5
test_02840,primera_exact,0.42857142857142855,0.05454545454545454,0.09677419354838708,0.05084745762711865,0.8571428571428571,0.10714285714285714,0.19047619047619047,0.10526315789473684,0.0,0.0,0.0,0.0,0.0,0.0,0.0,0.0,0.0,0.0,0.0,0.0,0.0,0.0,0.0,0.0,0.0,0.0,0.0,0.0,0.0,21,7,0,0,0
test_02840,primera_sentence,0.42857142857142855,0.05454545454545454,0.09677419354838708,0.05084745762711865,0.8571428571428571,0.10714285714285714,0.19047619047619047,0.10526315789473684,0.0,0.0,0.0,0.0,0.0,0.0,0.0,0.0,0.0,0.0,0.0,0.0,0.0,0.0,0.0,0.0,0.0,0.0,0.0,0.0,0.0,21,7,0,0,0
test_02848,primera_exact,0.5208333333333334,0.3787878787878788,0.43859649122807015,0.2808988764044944,0.625,0.32608695652173914,0.4285714285714286,0.2727272727272727,0.8571428571428571,0.2608695652173913,0.4,0.25,0.7777777777777778,0.2692307692307692,0.39999999999999997,0.25,0.7777777777777778,0.2692307692307692,0.39999999999999997,0.8888888888888888,0.7777777777777778,0.7777777777777778,0.2222222222222222,0.3,0.2692307692307692,0.25,0.2608695652173913,0.8,0.4,48,24,9,15,9
test_02848,primera_sentence,0.5208333333333334,0.3787878787878788,0.43859649122807015,0.2808988764044944,0.625,0.32608695652173914,0.4285714285714286,0.2727272727272727,0.8571428571428571,0.2608695652173913,0.4,0.25,0.7777777777777778,0.2692307692307692,0.39999999999999997,0.25,0.7777777777777778,0.2692307692307692,0.39999999999999997,0.8888888888888888,0.7777777777777778,0.7777777777777778,0.2222222222222222,0.3,0.2692307692307692,0.25,0.2608695652173913,0.8,0.4,48,24,9,15,9
test_02851,primera_exact,0.46875,0.02555366269165247,0.04846526655896607,0.024834437086092714,0.5909090909090909,0.014460511679644048,0.02823018458197611,0.014317180616740088,0.5,0.021505376344086023,0.04123711340206186,0.021052631578947368,0.0,0.0,0.0,0.0,0.0,0.0,0.0,0.35714285714285715,0.42857142857142855,0.35714285714285715,0.6428571428571428,0.008610086100861008,0.0,0.0,0.021505376344086023,0.015384615384615385,0.0,32,22,14,18,14
test_02851,primera_sentence,0.46875,0.02555366269165247,0.04846526655896607,0.024834437086092714,0.5909090909090909,0.014460511679644048,0.02823018458197611,0.014317180616740088,0.5,0.021505376344086023,0.04123711340206186,0.021052631578947368,0.0,0.0,0.0,0.0,0.0,0.0,0.0,0.35714285714285715,0.42857142857142855,0.35714285714285715,0.6428571428571428,0.008610086100861008,0.0,0.0,0.021505376344086023,0.015384615384615385,0.0,32,22,14,18,14
test_02859,primera_exact,0.7777777777777778,0.11864406779661017,0.2058823529411765,0.11475409836065574,0.4444444444444444,0.08,0.13559322033898308,0.07272727272727272,0.5,0.0625,0.1111111111111111,0.058823529411764705,0.0,0.0,0.0,0.0,0.0,0.0,0.0,0.0,0.3333333333333333,0.0,1.0,0.023809523809523808,0.0,0.0,0.0625,0.5,0.1,27,9,3,6,3
test_02859,primera_sentence,0.7777777777777778,0.11864406779661017,0.2058823529411765,0.11475409836065574,0.4444444444444444,0.08,0.13559322033898308,0.07272727272727272,0.5,0.0625,0.1111111111111111,0.058823529411764705,0.0,0.0,0.0,0.0,0.0,0.0,0.0,0.0,0.3333333333333333,0.0,1.0,0.023809523809523808,0.0,0.0,0.0625,0.5,0.1,27,9,3,6,3
test_02860,primera_exact,0.5853658536585366,0.21238938053097345,0.3116883116883117,0.18461538461538463,0.6,0.2222222222222222,0.32432432432432434,0.1935483870967742,0.42857142857142855,0.1875,0.26086956521739124,0.15,0.07692307692307693,0.045454545454545456,0.05714285714285715,0.029411764705882353,0.07692307692307693,0.045454545454545456,0.05714285714285715,0.3076923076923077,0.46153846153846156,0.23076923076923078,0.7692307692307692,0.18181818181818182,0.045454545454545456,0.029411764705882353,0.1875,0.36363636363636365,0.2,41,10,13,18,13
test_02860,primera_sentence,0.5853658536585366,0.21238938053097345,0.3116883116883117,0.18461538461538463,0.6,0.2222222222222222,0.32432432432432434,0.1935483870967742,0.42857142857142855,0.1875,0.26086956521739124,0.15,0.07692307692307693,0.045454545454545456,0.05714285714285715,0.029411764705882353,0.07692307692307693,0.045454545454545456,0.05714285714285715,0.3076923076923077,0.46153846153846156,0.23076923076923078,0.7692307692307692,0.18181818181818182,0.045454545454545456,0.029411764705882353,0.1875,0.36363636363636365,0.2,41,10,13,18,13
test_02893,primera_exact,0.8461538461538461,0.15602836879432624,0.26347305389221554,0.15172413793103448,0.8,0.13043478260869565,0.22429906542056074,0.12631578947368421,1.0,0.18181818181818182,0.3076923076923077,0.18181818181818182,0.5,0.06382978723404255,0.11320754716981131,0.06,0.6666666666666666,0.0851063829787234,0.1509433962264151,0.8333333333333334,1.0,0.8333333333333334,0.16666666666666663,0.14035087719298245,0.06382978723404255,0.06,0.18181818181818182,0.08571428571428572,0.4,26,15,6,10,6
test_02893,primera_sentence,0.8461538461538461,0.15602836879432624,0.26347305389221554,0.15172413793103448,0.8,0.13043478260869565,0.22429906542056074,0.12631578947368421,1.0,0.18181818181818182,0.3076923076923077,0.18181818181818182,0.5,0.06382978723404255,0.11320754716981131,0.06,0.6666666666666666,0.0851063829787234,0.1509433962264151,0.8333333333333334,1.0,0.8333333333333334,0.16666666666666663,0.14035087719298245,0.06382978723404255,0.06,0.18181818181818182,0.08571428571428572,0.4,26,15,6,10,6
test_02911,primera_exact,0.36619718309859156,0.17105263157894737,0.23318385650224216,0.1319796954314721,0.6206896551724138,0.2535211267605634,0.36,0.21951219512195122,0.3333333333333333,0.1111111111111111,0.16666666666666666,0.09090909090909091,0.16666666666666666,0.05,0.07692307692307691,0.04,0.3333333333333333,0.1,0.15384615384615383,0.3333333333333333,0.3333333333333333,0.3333333333333333,0.6666666666666667,0.08571428571428572,0.05,0.04,0.1111111111111111,1.0,0.1,71,29,6,10,6
test_02911,primera_sentence,0.36619718309859156,0.17105263157894737,0.23318385650224216,0.1319796954314721,0.6206896551724138,0.2535211267605634,0.36,0.21951219512195122,0.3333333333333333,0.1111111111111111,0.16666666666666666,0.09090909090909091,0.16666666666666666,0.05,0.07692307692307691,0.04,0.3333333333333333,0.1,0.15384615384615383,0.3333333333333333,0.3333333333333333,0.3333333333333333,0.6666666666666667,0.08571428571428572,0.05,0.04,0.1111111111111111,1.0,0.1,71,29,6,10,6
test_02917,primera_exact,0.7368421052631579,0.10218978102189781,0.1794871794871795,0.09859154929577464,0.9090909090909091,0.16393442622950818,0.27777777777777773,0.16129032258064516,1.0,0.04,0.07692307692307693,0.04,1.0,0.03333333333333333,0.06451612903225806,0.03333333333333333,1.0,0.03333333333333333,0.06451612903225806,1.0,1.0,1.0,0.0,0.0392156862745098,0.03333333333333333,0.03333333333333333,0.04,0.5,0.0,19,11,1,2,1
test_02917,primera_sentence,0.7368421052631579,0.10218978102189781,0.1794871794871795,0.09859154929577464,0.9090909090909091,0.16393442622950818,0.27777777777777773,0.16129032258064516,1.0,0.04,0.07692307692307693,0.04,1.0,0.03333333333333333,0.06451612903225806,0.03333333333333333,1.0,0.03333333333333333,0.06451612903225806,1.0,1.0,1.0,0.0,0.0392156862745098,0.03333333333333333,0.03333333333333333,0.04,0.5,0.0,19,11,1,2,1
test_02918,primera_exact,0.7741935483870968,0.1095890410958904,0.19199999999999998,0.10619469026548672,0.8888888888888888,0.11678832116788321,0.20645161290322578,0.11510791366906475,0.0,0.0,0.0,0.0,0.0,0.0,0.0,0.0,0.0,0.0,0.0,0.0,0.0,0.0,1.0,0.0,0.0,0.0,0.0,0.2857142857142857,0.0,31,18,1,2,1
test_02918,primera_sentence,0.7741935483870968,0.1095890410958904,0.19199999999999998,0.10619469026548672,0.8888888888888888,0.11678832116788321,0.20645161290322578,0.11510791366906475,0.0,0.0,0.0,0.0,0.0,0.0,0.0,0.0,0.0,0.0,0.0,0.0,0.0,0.0,1.0,0.0,0.0,0.0,0.0,0.2857142857142857,0.0,31,18,1,2,1
test_02928,primera_exact,0.6764705882352942,0.07120743034055728,0.1288515406162465,0.0688622754491018,0.5769230769230769,0.11904761904761904,0.19736842105263155,0.10948905109489052,0.5,0.061224489795918366,0.1090909090909091,0.057692307692307696,0.0,0.0,0.0,0.0,0.0,0.0,0.0,0.25,0.375,0.25,0.75,0.009433962264150943,0.0,0.0,0.061224489795918366,0.3684210526315789,0.0,34,26,8,11,8
test_02928,primera_sentence,0.6764705882352942,0.07120743034055728,0.1288515406162465,0.0688622754491018,0.5769230769230769,0.11904761904761904,0.19736842105263155,0.10948905109489052,0.5,0.061224489795918366,0.1090909090909091,0.057692307692307696,0.0,0.0,0.0,0.0,0.0,0.0,0.0,0.25,0.375,0.25,0.75,0.009433962264150943,0.0,0.0,0.061224489795918366,0.3684210526315789,0.0,34,26,8,11,8
test_02959,primera_exact,0.4489795918367347,0.4074074074074074,0.42718446601941745,0.2716049382716049,0.4074074074074074,0.22916666666666666,0.2933333333333333,0.171875,0.5,0.38461538461538464,0.4347826086956522,0.2777777777777778,0.09090909090909091,0.06666666666666667,0.07692307692307691,0.04,0.09090909090909091,0.06666666666666667,0.07692307692307691,0.2727272727272727,0.36363636363636365,0.2727272727272727,0.7272727272727273,0.2916666666666667,0.06666666666666667,0.04,0.38461538461538464,0.6,0.2,49,27,11,19,11
test_02959,primera_sentence,0.4489795918367347,0.4074074074074074,0.42718446601941745,0.2716049382716049,0.4074074074074074,0.22916666666666666,0.2933333333333333,0.171875,0.5,0.38461538461538464,0.4347826086956522,0.2777777777777778,0.09090909090909091,0.06666666666666667,0.07692307692307691,0.04,0.09090909090909091,0.06666666666666667,0.07692307692307691,0.2727272727272727,0.36363636363636365,0.2727272727272727,0.7272727272727273,0.2916666666666667,0.06666666666666667,0.04,0.38461538461538464,0.6,0.2,49,27,11,19,11
test_02985,primera_exact,0.75,0.13186813186813187,0.22429906542056077,0.12631578947368421,0.782608695652174,0.17647058823529413,0.28800000000000003,0.16822429906542055,0.75,0.07692307692307693,0.13953488372093026,0.075,0.25,0.02040816326530612,0.037735849056603765,0.019230769230769232,0.5,0.04081632653061224,0.07547169811320753,0.5,0.75,0.5,0.5,0.036585365853658534,0.02040816326530612,0.019230769230769232,0.07692307692307693,0.2,0.2,32,23,4,8,4
test_02985,primera_sentence,0.75,0.13186813186813187,0.22429906542056077,0.12631578947368421,0.782608695652174,0.17647058823529413,0.28800000000000003,0.16822429906542055,0.75,0.07692307692307693,0.13953488372093026,0.075,0.25,0.02040816326530612,0.037735849056603765,0.019230769230769232,0.5,0.04081632653061224,0.07547169811320753,0.5,0.75,0.5,0.5,0.036585365853658534,0.02040816326530612,0.019230769230769232,0.07692307692307693,0.2,0.2,32,23,4,8,4
test_03008,primera_exact,0.92,0.21904761904761905,0.3538461538461538,0.21495327102803738,0.7894736842105263,0.2727272727272727,0.4054054054054054,0.2542372881355932,0.75,0.23076923076923078,0.3529411764705882,0.21428571428571427,0.5,0.11764705882352941,0.19047619047619047,0.10526315789473684,0.625,0.14705882352941177,0.2380952380952381,0.625,0.625,0.625,0.375,0.1702127659574468,0.11764705882352941,0.10526315789473684,0.23076923076923078,0.25,0.3,25,19,8,13,8
test_03008,primera_sentence,0.92,0.21904761904761905,0.3538461538461538,0.21495327102803738,0.7894736842105263,0.2727272727272727,0.4054054054054054,0.2542372881355932,0.75,0.23076923076923078,0.3529411764705882,0.21428571428571427,0.5,0.11764705882352941,0.19047619047619047,0.10526315789473684,0.625,0.14705882352941177,0.2380952380952381,0.625,0.625,0.625,0.375,0.1702127659574468,0.11764705882352941,0.10526315789473684,0.23076923076923078,0.25,0.3,25,19,8,13,8
test_03019,primera_exact,0.65625,0.05,0.09292035398230088,0.048723897911832945,0.5833333333333334,0.08045977011494253,0.1414141414141414,0.07608695652173914,0.75,0.024193548387096774,0.04687499999999999,0.024,0.0,0.0,0.0,0.0,0.0,0.0,0.0,0.3333333333333333,0.0,0.0,1.0,0.004672897196261682,0.0,0.0,0.024193548387096774,0.02564102564102564,0.1,32,24,6,12,6
test_03019,primera_sentence,0.65625,0.05,0.09292035398230088,0.048723897911832945,0.5833333333333334,0.08045977011494253,0.1414141414141414,0.07608695652173914,0.75,0.024193548387096774,0.04687499999999999,0.024,0.0,0.0,0.0,0.0,0.0,0.0,0.0,0.3333333333333333,0.0,0.0,1.0,0.004672897196261682,0.0,0.0,0.024193548387096774,0.02564102564102564,0.1,32,24,6,12,6
test_03028,primera_exact,0.30434782608695654,0.21875,0.2545454545454546,0.14583333333333334,0.6666666666666666,0.4117647058823529,0.509090909090909,0.34146341463414637,0.3333333333333333,0.25,0.28571428571428575,0.16666666666666666,0.0,0.0,0.0,0.0,0.3333333333333333,0.1,0.15384615384615383,0.3333333333333333,0.3333333333333333,0.3333333333333333,0.6666666666666667,0.36363636363636365,0.0,0.0,0.25,0.3333333333333333,0.4,23,21,3,6,3
test_03028,primera_sentence,0.30434782608695654,0.21875,0.2545454545454546,0.14583333333333334,0.6666666666666666,0.4117647058823529,0.509090909090909,0.34146341463414637,0.3333333333333333,0.25,0.28571428571428575,0.16666666666666666,0.0,0.0,0.0,0.0,0.3333333333333333,0.1,0.15384615384615383,0.3333333333333333,0.3333333333333333,0.3333333333333333,0.6666666666666667,0.36363636363636365,0.0,0.0,0.25,0.3333333333333333,0.4,23,21,3,6,3
test_03038,primera_exact,0.4878048780487805,0.05917159763313609,0.10554089709762533,0.055710306406685235,0.7,0.06306306306306306,0.11570247933884296,0.06140350877192982,0.5,0.07547169811320754,0.13114754098360656,0.07017543859649122,0.125,0.014285714285714285,0.02564102564102564,0.012987012987012988,0.375,0.04285714285714286,0.07692307692307691,0.5,0.375,0.375,0.625,0.06593406593406594,0.014285714285714285,0.012987012987012988,0.07547169811320754,0.2,0.1,41,10,8,12,8
test_03038,primera_sentence,0.4878048780487805,0.05917159763313609,0.10554089709762533,0.055710306406685235,0.7,0.06306306306306306,0.11570247933884296,0.06140350877192982,0.5,0.07547169811320754,0.13114754098360656,0.07017543859649122,0.125,0.014285714285714285,0.02564102564102564,0.012987012987012988,0.375,0.04285714285714286,0.07692307692307691,0.5,0.375,0.375,0.625,0.06593406593406594,0.014285714285714285,0.012987012987012988,0.07547169811320754,0.2,0.1,41,10,8,12,8
test_03043,primera_exact,0.5294117647058824,0.055900621118012424,0.10112359550561797,0.05325443786982249,0.5384615384615384,0.1044776119402985,0.17500000000000002,0.0958904109589041,0.4444444444444444,0.14285714285714285,0.21621621621621623,0.12121212121212122,0.0,0.0,0.0,0.0,0.09090909090909091,0.02040816326530612,0.03333333333333333,0.45454545454545453,0.2727272727272727,0.18181818181818182,0.8181818181818181,0.05714285714285714,0.0,0.0,0.14285714285714285,0.5625,0.3,17,13,11,15,11
test_03043,primera_sentence,0.5294117647058824,0.055900621118012424,0.10112359550561797,0.05325443786982249,0.5384615384615384,0.1044776119402985,0.17500000000000002,0.0958904109589041,0.4444444444444444,0.14285714285714285,0.21621621621621623,0.12121212121212122,0.0,0.0,0.0,0.0,0.09090909090909091,0.02040816326530612,0.03333333333333333,0.45454545454545453,0.2727272727272727,0.18181818181818182,0.8181818181818181,0.05714285714285714,0.0,0.0,0.14285714285714285,0.5625,0.3,17,13,11,15,11
test_03054,primera_exact,0.42857142857142855,0.07614213197969544,0.12931034482758624,0.06912442396313365,0.7777777777777778,0.19626168224299065,0.3134328358208955,0.18584070796460178,0.4,0.04878048780487805,0.08695652173913045,0.045454545454545456,0.0,0.0,0.0,0.0,0.0,0.0,0.0,0.4,0.0,0.0,1.0,0.05333333333333334,0.0,0.0,0.04878048780487805,0.2,0.1,35,27,5,10,5
test_03054,primera_sentence,0.42857142857142855,0.07614213197969544,0.12931034482758624,0.06912442396313365,0.7777777777777778,0.19626168224299065,0.3134328358208955,0.18584070796460178,0.4,0.04878048780487805,0.08695652173913045,0.045454545454545456,0.0,0.0,0.0,0.0,0.0,0.0,0.0,0.4,0.0,0.0,1.0,0.05333333333333334,0.0,0.0,0.04878048780487805,0.2,0.1,35,27,5,10,5
test_03058,primera_exact,0.8333333333333334,0.17094017094017094,0.28368794326241137,0.1652892561983471,0.8461538461538461,0.21568627450980393,0.34375000000000006,0.20754716981132076,0.75,0.16666666666666666,0.27272727272727276,0.15789473684210525,0.25,0.041666666666666664,0.07142857142857142,0.037037037037037035,0.25,0.041666666666666664,0.07142857142857142,0.75,0.5,0.5,0.5,0.0975609756097561,0.041666666666666664,0.037037037037037035,0.16666666666666666,0.75,0.3,24,13,4,7,4
test_03058,primera_sentence,0.8333333333333334,0.17094017094017094,0.28368794326241137,0.1652892561983471,0.8461538461538461,0.21568627450980393,0.34375000000000006,0.20754716981132076,0.75,0.16666666666666666,0.27272727272727276,0.15789473684210525,0.25,0.041666666666666664,0.07142857142857142,0.037037037037037035,0.25,0.041666666666666664,0.07142857142857142,0.75,0.5,0.5,0.5,0.0975609756097561,0.041666666666666664,0.037037037037037035,0.16666666666666666,0.75,0.3,24,13,4,7,4
test_03061,primera_exact,0.75,0.10112359550561797,0.17821782178217818,0.09782608695652174,0.9047619047619048,0.24358974358974358,0.38383838383838387,0.2375,1.0,0.10526315789473684,0.1904761904761905,0.10526315789473684,0.75,0.0967741935483871,0.1714285714285714,0.09375,0.75,0.0967741935483871,0.1714285714285714,0.75,1.0,0.75,0.25,0.13333333333333333,0.0967741935483871,0.09375,0.10526315789473684,0.16666666666666666,0.2,24,21,4,8,4
test_03061,primera_sentence,0.75,0.10112359550561797,0.17821782178217818,0.09782608695652174,0.9047619047619048,0.24358974358974358,0.38383838383838387,0.2375,1.0,0.10526315789473684,0.1904761904761905,0.10526315789473684,0.75,0.0967741935483871,0.1714285714285714,0.09375,0.75,0.0967741935483871,0.1714285714285714,0.75,1.0,0.75,0.25,0.13333333333333333,0.0967741935483871,0.09375,0.10526315789473684,0.16666666666666666,0.2,24,21,4,8,4
test_03063,primera_exact,0.45652173913043476,0.07526881720430108,0.12923076923076923,0.06907894736842106,0.6190476190476191,0.11926605504587157,0.2,0.1111111111111111,1.0,0.09615384615384616,0.17543859649122806,0.09615384615384616,0.2857142857142857,0.029411764705882353,0.05333333333333333,0.0273972602739726,0.2857142857142857,0.029411764705882353,0.05333333333333333,0.8571428571428571,0.7142857142857143,0.5714285714285714,0.4285714285714286,0.07446808510638298,0.029411764705882353,0.0273972602739726,0.09615384615384616,0.23529411764705882,0.3,46,21,7,11,7
test_03063,primera_sentence,0.45652173913043476,0.07526881720430108,0.12923076923076923,0.06907894736842106,0.6190476190476191,0.11926605504587157,0.2,0.1111111111111111,1.0,0.09615384615384616,0.17543859649122806,0.09615384615384616,0.2857142857142857,0.029411764705882353,0.05333333333333333,0.0273972602739726,0.2857142857142857,0.029411764705882353,0.05333333333333333,0.8571428571428571,0.7142857142857143,0.5714285714285714,0.4285714285714286,0.07446808510638298,0.029411764705882353,0.0273972602739726,0.09615384615384616,0.23529411764705882,0.3,46,21,7,11,7
test_03064,primera_exact,0.8333333333333334,0.039637599093997736,0.07567567567567568,0.03932584269662921,0.7333333333333333,0.028132992327365727,0.0541871921182266,0.027848101265822784,0.6666666666666666,0.012121212121212121,0.02380952380952381,0.012048192771084338,0.0,0.0,0.0,0.0,0.0,0.0,0.0,0.6666666666666666,0.6666666666666666,0.6666666666666666,0.33333333333333337,0.006269592476489028,0.0,0.0,0.012121212121212121,0.03896103896103896,0.1,42,15,3,5,3
test_03064,primera_sentence,0.8333333333333334,0.039637599093997736,0.07567567567567568,0.03932584269662921,0.7333333333333333,0.028132992327365727,0.0541871921182266,0.027848101265822784,0.6666666666666666,0.012121212121212121,0.02380952380952381,0.012048192771084338,0.0,0.0,0.0,0.0,0.0,0.0,0.0,0.6666666666666666,0.6666666666666666,0.6666666666666666,0.33333333333333337,0.006269592476489028,0.0,0.0,0.012121212121212121,0.03896103896103896,0.1,42,15,3,5,3
test_03066,primera_exact,0.7441860465116279,0.3047619047619048,0.43243243243243246,0.27586206896551724,0.8,0.36363636363636365,0.5000000000000001,0.3333333333333333,0.875,0.3333333333333333,0.48275862068965514,0.3181818181818182,0.3333333333333333,0.12,0.1764705882352941,0.0967741935483871,0.5555555555555556,0.2,0.29411764705882354,0.7777777777777778,0.7777777777777778,0.6666666666666666,0.33333333333333337,0.2558139534883721,0.12,0.0967741935483871,0.3333333333333333,0.6,0.3,43,25,9,16,9
test_03066,primera_sentence,0.7441860465116279,0.3047619047619048,0.43243243243243246,0.27586206896551724,0.8,0.36363636363636365,0.5000000000000001,0.3333333333333333,0.875,0.3333333333333333,0.48275862068965514,0.3181818181818182,0.3333333333333333,0.12,0.1764705882352941,0.0967741935483871,0.5555555555555556,0.2,0.29411764705882354,0.7777777777777778,0.7777777777777778,0.6666666666666666,0.33333333333333337,0.2558139534883721,0.12,0.0967741935483871,0.3333333333333333,0.6,0.3,43,25,9,16,9
test_03069,primera_exact,0.6666666666666666,0.03773584905660377,0.07142857142857142,0.037037037037037035,0.6666666666666666,0.03773584905660377,0.07142857142857142,0.037037037037037035,0.5,0.02631578947368421,0.05,0.02564102564102564,0.0,0.0,0.0,0.0,0.5,0.012987012987012988,0.025316455696202535,0.5,0.5,0.5,0.5,0.011904761904761904,0.0,0.0,0.02631578947368421,0.038461538461538464,0.1,12,3,2,4,2
test_03069,primera_sentence,0.6,0.02830188679245283,0.05405405405405406,0.027777777777777776,0.6666666666666666,0.03773584905660377,0.07142857142857142,0.037037037037037035,0.0,0.0,0.0,0.0,0.0,0.0,0.0,0.0,0.0,0.0,0.0,0.0,0.0,0.0,1.0,0.0,0.0,0.0,0.0,0.038461538461538464,0.0,10,3,1,2,1
test_03077,primera_exact,0.803921568627451,0.12386706948640483,0.21465968586387435,0.12023460410557185,0.7647058823529411,0.10317460317460317,0.1818181818181818,0.1,0.9,0.11842105263157894,0.20930232558139536,0.11688311688311688,0.8,0.07692307692307693,0.14035087719298248,0.07547169811320754,0.8,0.07692307692307693,0.14035087719298248,0.8,0.9,0.8,0.19999999999999996,0.10344827586206896,0.07692307692307693,0.07547169811320754,0.11842105263157894,0.13333333333333333,0.2,51,17,10,18,10
test_03077,primera_sentence,0.803921568627451,0.12386706948640483,0.21465968586387435,0.12023460410557185,0.7647058823529411,0.10317460317460317,0.1818181818181818,0.1,0.9,0.11842105263157894,0.20930232558139536,0.11688311688311688,0.8,0.07692307692307693,0.14035087719298248,0.07547169811320754,0.8,0.07692307692307693,0.14035087719298248,0.8,0.9,0.8,0.19999999999999996,0.10344827586206896,0.07692307692307693,0.07547169811320754,0.11842105263157894,0.13333333333333333,0.2,51,17,10,18,10
test_03083,primera_exact,0.9375,0.06818181818181818,0.1271186440677966,0.06787330316742081,1.0,0.10650887573964497,0.1925133689839572,0.10650887573964497,0.8,0.04395604395604396,0.08333333333333336,0.043478260869565216,0.6,0.024,0.04615384615384615,0.023622047244094488,0.6,0.024,0.04615384615384615,0.8,0.8,0.8,0.19999999999999996,0.041916167664670656,0.024,0.023622047244094488,0.04395604395604396,0.21428571428571427,0.2,32,18,5,9,5
test_03083,primera_sentence,0.9375,0.06818181818181818,0.1271186440677966,0.06787330316742081,1.0,0.10650887573964497,0.1925133689839572,0.10650887573964497,0.8,0.04395604395604396,0.08333333333333336,0.043478260869565216,0.6,0.024,0.04615384615384615,0.023622047244094488,0.6,0.024,0.04615384615384615,0.8,0.8,0.8,0.19999999999999996,0.041916167664670656,0.024,0.023622047244094488,0.04395604395604396,0.21428571428571427,0.2,32,18,5,9,5
test_03085,primera_exact,0.7058823529411765,0.0326975476839237,0.06249999999999999,0.03225806451612903,0.85,0.11724137931034483,0.20606060606060606,0.11486486486486487,0.6666666666666666,0.0380952380952381,0.07207207207207207,0.037383177570093455,0.0,0.0,0.0,0.0,0.16666666666666666,0.00641025641025641,0.012345679012345678,0.16666666666666666,0.6666666666666666,0.16666666666666666,0.8333333333333334,0.03932584269662921,0.0,0.0,0.0380952380952381,0.05952380952380952,0.4,17,20,6,9,6
test_03085,primera_sentence,0.75,0.0326975476839237,0.06266318537859007,0.03234501347708895,0.85,0.11724137931034483,0.20606060606060606,0.11486486486486487,0.6666666666666666,0.0380952380952381,0.07207207207207207,0.037383177570093455,0.0,0.0,0.0,0.0,0.16666666666666666,0.00641025641025641,0.012345679012345678,0.16666666666666666,0.6666666666666666,0.16666666666666666,0.8333333333333334,0.03932584269662921,0.0,0.0,0.0380952380952381,0.05952380952380952,0.4,16,20,6,9,6
test_03091,primera_exact,0.45454545454545453,0.017482517482517484,0.03367003367003367,0.017123287671232876,0.8,0.045454545454545456,0.08602150537634409,0.0449438202247191,0.6666666666666666,0.024691358024691357,0.047619047619047616,0.024390243902439025,0.0,0.0,0.0,0.0,0.0,0.0,0.0,0.0,0.3333333333333333,0.0,1.0,0.007042253521126761,0.0,0.0,0.024691358024691357,0.03296703296703297,0.0,11,5,3,5,3
test_03091,primera_sentence,0.5555555555555556,0.017482517482517484,0.03389830508474576,0.017241379310344827,0.8,0.045454545454545456,0.08602150537634409,0.0449438202247191,0.6666666666666666,0.024691358024691357,0.047619047619047616,0.024390243902439025,0.0,0.0,0.0,0.0,0.0,0.0,0.0,0.0,0.3333333333333333,0.0,1.0,0.007042253521126761,0.0,0.0,0.024691358024691357,0.03296703296703297,0.0,9,5,3,5,3
test_03095,primera_exact,0.59375,0.18627450980392157,0.2835820895522388,0.16521739130434782,0.7619047619047619,0.2711864406779661,0.4,0.25,0.4,0.07407407407407407,0.125,0.06666666666666667,0.2,0.03333333333333333,0.05714285714285715,0.029411764705882353,0.2,0.03333333333333333,0.05714285714285715,0.4,0.4,0.4,0.6,0.06382978723404255,0.03333333333333333,0.029411764705882353,0.07407407407407407,0.6,0.3,32,21,5,8,5
test_03095,primera_sentence,0.59375,0.18627450980392157,0.2835820895522388,0.16521739130434782,0.7619047619047619,0.2711864406779661,0.4,0.25,0.4,0.07407407407407407,0.125,0.06666666666666667,0.2,0.03333333333333333,0.05714285714285715,0.029411764705882353,0.2,0.03333333333333333,0.05714285714285715,0.4,0.4,0.4,0.6,0.06382978723404255,0.03333333333333333,0.029411764705882353,0.07407407407407407,0.6,0.3,32,21,5,8,5
test_03096,primera_exact,1.0,0.07053941908713693,0.13178294573643412,0.07053941908713693,0.9285714285714286,0.09848484848484848,0.17808219178082194,0.09774436090225563,1.0,0.0392156862745098,0.07547169811320754,0.0392156862745098,1.0,0.03225806451612903,0.0625,0.03225806451612903,1.0,0.03225806451612903,0.0625,1.0,1.0,1.0,0.0,0.04040404040404041,0.03225806451612903,0.03225806451612903,0.0392156862745098,0.2222222222222222,0.2,17,14,2,4,2
test_03096,primera_sentence,1.0,0.07053941908713693,0.13178294573643412,0.07053941908713693,0.9285714285714286,0.09848484848484848,0.17808219178082194,0.09774436090225563,1.0,0.0392156862745098,0.07547169811320754,0.0392156862745098,1.0,0.03225806451612903,0.0625,0.03225806451612903,1.0,0.03225806451612903,0.0625,1.0,1.0,1.0,0.0,0.04040404040404041,0.03225806451612903,0.03225806451612903,0.0392156862745098,0.2222222222222222,0.2,17,14,2,4,2
test_03135,primera_exact,0.75,0.15384615384615385,0.25531914893617025,0.14634146341463414,0.9,0.28125,0.4285714285714286,0.2727272727272727,0.8,0.21052631578947367,0.3333333333333333,0.2,0.2857142857142857,0.08333333333333333,0.12903225806451613,0.06896551724137931,0.2857142857142857,0.08333333333333333,0.12903225806451613,0.42857142857142855,0.7142857142857143,0.2857142857142857,0.7142857142857143,0.16216216216216217,0.08333333333333333,0.06896551724137931,0.21052631578947367,0.625,0.2,24,10,7,11,7
test_03135,primera_sentence,0.7391304347826086,0.1452991452991453,0.24285714285714288,0.13821138211382114,1.0,0.28125,0.43902439024390244,0.28125,0.8,0.21052631578947367,0.3333333333333333,0.2,0.2857142857142857,0.08333333333333333,0.12903225806451613,0.06896551724137931,0.2857142857142857,0.08333333333333333,0.12903225806451613,0.42857142857142855,0.7142857142857143,0.2857142857142857,0.7142857142857143,0.16216216216216217,0.08333333333333333,0.06896551724137931,0.21052631578947367,0.625,0.2,23,9,7,11,7
test_03136,primera_exact,0.7272727272727273,0.08247422680412371,0.14814814814814814,0.08,0.8125,0.14130434782608695,0.24074074074074076,0.1368421052631579,1.0,0.0425531914893617,0.08163265306122448,0.0425531914893617,0.0,0.0,0.0,0.0,0.0,0.0,0.0,1.0,0.6666666666666666,0.6666666666666666,0.33333333333333337,0.047619047619047616,0.0,0.0,0.0425531914893617,0.125,0.2,33,16,3,5,3
test_03136,primera_sentence,0.7272727272727273,0.08247422680412371,0.14814814814814814,0.08,0.8125,0.14130434782608695,0.24074074074074076,0.1368421052631579,1.0,0.0425531914893617,0.08163265306122448,0.0425531914893617,0.0,0.0,0.0,0.0,0.0,0.0,0.0,1.0,0.6666666666666666,0.6666666666666666,0.33333333333333337,0.047619047619047616,0.0,0.0,0.0425531914893617,0.125,0.2,33,16,3,5,3
test_03143,primera_exact,0.6444444444444445,0.14871794871794872,0.24166666666666667,0.13744075829383887,0.7368421052631579,0.16470588235294117,0.2692307692307692,0.15555555555555556,0.6666666666666666,0.0625,0.11428571428571428,0.06060606060606061,0.0,0.0,0.0,0.0,0.25,0.027777777777777776,0.049999999999999996,0.25,0.5,0.25,0.75,0.017241379310344827,0.0,0.0,0.0625,0.5,0.0,45,19,4,7,4
test_03143,primera_sentence,0.6444444444444445,0.14871794871794872,0.24166666666666667,0.13744075829383887,0.7368421052631579,0.16470588235294117,0.2692307692307692,0.15555555555555556,0.6666666666666666,0.0625,0.11428571428571428,0.06060606060606061,0.0,0.0,0.0,0.0,0.25,0.027777777777777776,0.049999999999999996,0.25,0.5,0.25,0.75,0.017241379310344827,0.0,0.0,0.0625,0.5,0.0,45,19,4,7,4
test_03173,primera_exact,0.525,0.0875,0.15,0.08108108108108109,0.7222222222222222,0.19402985074626866,0.3058823529411765,0.18055555555555555,1.0,0.08108108108108109,0.15,0.08108108108108109,0.5,0.047619047619047616,0.08695652173913042,0.045454545454545456,0.5,0.047619047619047616,0.08695652173913042,1.0,0.75,0.75,0.25,0.06896551724137931,0.047619047619047616,0.045454545454545456,0.08108108108108109,0.21428571428571427,0.2,40,18,4,7,4
test_03173,primera_sentence,0.525,0.0875,0.15,0.08108108108108109,0.7222222222222222,0.19402985074626866,0.3058823529411765,0.18055555555555555,1.0,0.08108108108108109,0.15,0.08108108108108109,0.5,0.047619047619047616,0.08695652173913042,0.045454545454545456,0.5,0.047619047619047616,0.08695652173913042,1.0,0.75,0.75,0.25,0.06896551724137931,0.047619047619047616,0.045454545454545456,0.08108108108108109,0.21428571428571427,0.2,40,18,4,7,4
test_03207,primera_exact,0.4358974358974359,0.26153846153846155,0.3269230769230769,0.19540229885057472,0.3181818181818182,0.22580645161290322,0.2641509433962264,0.15217391304347827,0.7142857142857143,0.25,0.37037037037037035,0.22727272727272727,0.2857142857142857,0.08695652173913043,0.13333333333333333,0.07142857142857142,0.2857142857142857,0.08695652173913043,0.13333333333333333,0.5714285714285714,0.42857142857142855,0.42857142857142855,0.5714285714285714,0.1935483870967742,0.08695652173913043,0.07142857142857142,0.25,0.38461538461538464,0.5,39,22,7,10,7
test_03207,primera_sentence,0.4358974358974359,0.26153846153846155,0.3269230769230769,0.19540229885057472,0.3181818181818182,0.22580645161290322,0.2641509433962264,0.15217391304347827,0.7142857142857143,0.25,0.37037037037037035,0.22727272727272727,0.2857142857142857,0.08695652173913043,0.13333333333333333,0.07142857142857142,0.2857142857142857,0.08695652173913043,0.13333333333333333,0.5714285714285714,0.42857142857142855,0.42857142857142855,0.5714285714285714,0.1935483870967742,0.08695652173913043,0.07142857142857142,0.25,0.38461538461538464,0.5,39,22,7,10,7
test_03244,primera_exact,0.6756756756756757,0.0992063492063492,0.17301038062283736,0.0946969696969697,0.75,0.13953488372093023,0.2352941176470588,0.13333333333333333,0.25,0.02,0.037037037037037035,0.018867924528301886,0.0,0.0,0.0,0.0,0.0,0.0,0.0,0.0,0.0,0.0,1.0,0.03571428571428571,0.0,0.0,0.02,0.2857142857142857,0.1,37,16,6,9,6
test_03244,primera_sentence,0.6756756756756757,0.0992063492063492,0.17301038062283736,0.0946969696969697,0.75,0.13953488372093023,0.2352941176470588,0.13333333333333333,0.25,0.02,0.037037037037037035,0.018867924528301886,0.0,0.0,0.0,0.0,0.0,0.0,0.0,0.0,0.0,0.0,1.0,0.03571428571428571,0.0,0.0,0.02,0.2857142857142857,0.1,37,16,6,9,6
test_03249,primera_exact,0.7297297297297297,0.574468085106383,0.6428571428571429,0.47368421052631576,0.7,0.5384615384615384,0.608695652173913,0.4375,0.5,0.5,0.5,0.3333333333333333,0.3333333333333333,0.2222222222222222,0.26666666666666666,0.15384615384615385,0.3333333333333333,0.2222222222222222,0.26666666666666666,0.5,0.5,0.5,0.5,0.25,0.2222222222222222,0.15384615384615385,0.5,1.0,0.3,37,10,6,11,6
test_03249,primera_sentence,0.7297297297297297,0.574468085106383,0.6428571428571429,0.47368421052631576,0.7,0.5384615384615384,0.608695652173913,0.4375,0.5,0.5,0.5,0.3333333333333333,0.3333333333333333,0.2222222222222222,0.26666666666666666,0.15384615384615385,0.3333333333333333,0.2222222222222222,0.26666666666666666,0.5,0.5,0.5,0.5,0.25,0.2222222222222222,0.15384615384615385,0.5,1.0,0.3,37,10,6,11,6
test_03251,primera_exact,0.34782608695652173,0.10884353741496598,0.16580310880829013,0.0903954802259887,0.4444444444444444,0.11764705882352941,0.18604651162790695,0.10256410256410256,0.16666666666666666,0.05263157894736842,0.08,0.041666666666666664,0.0,0.0,0.0,0.0,0.0,0.0,0.0,0.16666666666666666,0.0,0.0,1.0,0.023255813953488372,0.0,0.0,0.05263157894736842,0.75,0.0,46,18,6,11,6
test_03251,primera_sentence,0.34782608695652173,0.10884353741496598,0.16580310880829013,0.0903954802259887,0.4444444444444444,0.11764705882352941,0.18604651162790695,0.10256410256410256,0.16666666666666666,0.05263157894736842,0.08,0.041666666666666664,0.0,0.0,0.0,0.0,0.0,0.0,0.0,0.16666666666666666,0.0,0.0,1.0,0.023255813953488372,0.0,0.0,0.05263157894736842,0.75,0.0,46,18,6,11,6
test_03269,primera_exact,0.6341463414634146,0.2826086956521739,0.3909774436090225,0.24299065420560748,0.46153846153846156,0.24,0.3157894736842105,0.1875,0.4666666666666667,0.3333333333333333,0.3888888888888889,0.2413793103448276,0.14285714285714285,0.09090909090909091,0.1111111111111111,0.058823529411764705,0.14285714285714285,0.09090909090909091,0.1111111111111111,0.5714285714285714,0.42857142857142855,0.2857142857142857,0.7142857142857143,0.20454545454545456,0.09090909090909091,0.058823529411764705,0.3333333333333333,0.7692307692307693,0.3,41,39,21,28,21
test_03269,primera_sentence,0.6341463414634146,0.2826086956521739,0.3909774436090225,0.24299065420560748,0.46153846153846156,0.24,0.3157894736842105,0.1875,0.4666666666666667,0.3333333333333333,0.3888888888888889,0.2413793103448276,0.14285714285714285,0.09090909090909091,0.1111111111111111,0.058823529411764705,0.14285714285714285,0.09090909090909091,0.1111111111111111,0.5714285714285714,0.42857142857142855,0.2857142857142857,0.7142857142857143,0.20454545454545456,0.09090909090909091,0.058823529411764705,0.3333333333333333,0.7692307692307693,0.3,41,39,21,28,21
test_03272,primera_exact,0.6923076923076923,0.17647058823529413,0.28125,0.16363636363636364,0.8461538461538461,0.22,0.3492063492063492,0.21153846153846154,0.75,0.07317073170731707,0.13333333333333333,0.07142857142857142,0.5,0.0392156862745098,0.07272727272727272,0.03773584905660377,0.5,0.0392156862745098,0.07272727272727272,0.75,0.75,0.5,0.5,0.07462686567164178,0.0392156862745098,0.03773584905660377,0.07317073170731707,0.16666666666666666,0.0,52,13,4,8,4
test_03272,primera_sentence,0.6923076923076923,0.17647058823529413,0.28125,0.16363636363636364,0.8461538461538461,0.22,0.3492063492063492,0.21153846153846154,0.75,0.07317073170731707,0.13333333333333333,0.07142857142857142,0.5,0.0392156862745098,0.07272727272727272,0.03773584905660377,0.5,0.0392156862745098,0.07272727272727272,0.75,0.75,0.5,0.5,0.07462686567164178,0.0392156862745098,0.03773584905660377,0.07317073170731707,0.16666666666666666,0.0,52,13,4,8,4
test_03285,primera_exact,0.6875,0.07308970099667775,0.13213213213213212,0.0707395498392283,0.625,0.08849557522123894,0.15503875968992248,0.08403361344537816,1.0,0.08333333333333333,0.15384615384615385,0.08333333333333333,0.0,0.0,0.0,0.0,0.0,0.0,0.0,0.2,0.8,0.0,1.0,0.05102040816326531,0.0,0.0,0.08333333333333333,0.3,0.0,32,16,5,9,5
test_03285,primera_sentence,0.6875,0.07308970099667775,0.13213213213213212,0.0707395498392283,0.625,0.08849557522123894,0.15503875968992248,0.08403361344537816,1.0,0.08333333333333333,0.15384615384615385,0.08333333333333333,0.0,0.0,0.0,0.0,0.0,0.0,0.0,0.2,0.8,0.0,1.0,0.05102040816326531,0.0,0.0,0.08333333333333333,0.3,0.0,32,16,5,9,5
test_03286,primera_exact,0.6571428571428571,0.06927710843373494,0.1253405994550409,0.06686046511627906,0.75,0.1271186440677966,0.21739130434782608,0.12195121951219512,1.0,0.027777777777777776,0.05405405405405406,0.027777777777777776,0.0,0.0,0.0,0.0,0.0,0.0,0.0,0.0,0.5,0.0,1.0,0.014388489208633094,0.0,0.0,0.027777777777777776,0.13636363636363635,0.0,35,20,2,3,2
test_03286,primera_sentence,0.6571428571428571,0.06927710843373494,0.1253405994550409,0.06686046511627906,0.75,0.1271186440677966,0.21739130434782608,0.12195121951219512,1.0,0.027777777777777776,0.05405405405405406,0.027777777777777776,0.0,0.0,0.0,0.0,0.0,0.0,0.0,0.0,0.5,0.0,1.0,0.014388489208633094,0.0,0.0,0.027777777777777776,0.13636363636363635,0.0,35,20,2,3,2
test_03299,primera_exact,0.7,0.17355371900826447,0.27814569536423844,0.16153846153846155,0.6666666666666666,0.21052631578947367,0.32,0.19047619047619047,0.75,0.21428571428571427,0.3333333333333333,0.2,0.0,0.0,0.0,0.0,0.5,0.1111111111111111,0.1818181818181818,0.5,0.75,0.5,0.5,0.05714285714285714,0.0,0.0,0.21428571428571427,1.0,0.2,30,18,4,7,4
test_03299,primera_sentence,0.7,0.17355371900826447,0.27814569536423844,0.16153846153846155,0.6666666666666666,0.21052631578947367,0.32,0.19047619047619047,0.75,0.21428571428571427,0.3333333333333333,0.2,0.0,0.0,0.0,0.0,0.5,0.1111111111111111,0.1818181818181818,0.5,0.75,0.5,0.5,0.05714285714285714,0.0,0.0,0.21428571428571427,1.0,0.2,30,18,4,7,4
test_03306,primera_exact,0.6129032258064516,0.06050955414012739,0.1101449275362319,0.05828220858895705,0.75,0.168,0.2745098039215686,0.1590909090909091,0.5714285714285714,0.06896551724137931,0.12307692307692308,0.06557377049180328,0.0,0.0,0.0,0.0,0.0,0.0,0.0,0.0,0.2222222222222222,0.0,1.0,0.02586206896551724,0.0,0.0,0.06896551724137931,0.8333333333333334,0.1,31,28,9,14,9
test_03306,primera_sentence,0.6129032258064516,0.06050955414012739,0.1101449275362319,0.05828220858895705,0.75,0.168,0.2745098039215686,0.1590909090909091,0.5714285714285714,0.06896551724137931,0.12307692307692308,0.06557377049180328,0.0,0.0,0.0,0.0,0.0,0.0,0.0,0.0,0.2222222222222222,0.0,1.0,0.02586206896551724,0.0,0.0,0.06896551724137931,0.8333333333333334,0.1,31,28,9,14,9
test_03337,primera_exact,0.7058823529411765,0.10810810810810811,0.1875,0.10344827586206896,0.7272727272727273,0.13559322033898305,0.2285714285714286,0.12903225806451613,0.5,0.07407407407407407,0.12903225806451613,0.06896551724137931,0.2,0.029411764705882353,0.05128205128205128,0.02631578947368421,0.2,0.029411764705882353,0.05128205128205128,0.2,0.4,0.2,0.8,0.10869565217391304,0.029411764705882353,0.02631578947368421,0.07407407407407407,0.375,0.2,17,11,5,8,5
test_03337,primera_sentence,0.7058823529411765,0.10810810810810811,0.1875,0.10344827586206896,0.7272727272727273,0.13559322033898305,0.2285714285714286,0.12903225806451613,0.5,0.07407407407407407,0.12903225806451613,0.06896551724137931,0.2,0.029411764705882353,0.05128205128205128,0.02631578947368421,0.2,0.029411764705882353,0.05128205128205128,0.2,0.4,0.2,0.8,0.10869565217391304,0.029411764705882353,0.02631578947368421,0.07407407407407407,0.375,0.2,17,11,5,8,5
test_03340,primera_exact,0.7317073170731707,0.5357142857142857,0.6185567010309277,0.44776119402985076,0.7777777777777778,0.4117647058823529,0.5384615384615384,0.3684210526315789,1.0,0.5333333333333333,0.6956521739130436,0.5333333333333333,1.0,0.5,0.6666666666666666,0.5,1.0,0.5,0.6666666666666666,1.0,1.0,1.0,0.0,0.5,0.5,0.5,0.5333333333333333,0.8,0.7,41,9,9,12,9
test_03340,primera_sentence,0.7317073170731707,0.5357142857142857,0.6185567010309277,0.44776119402985076,0.7777777777777778,0.4117647058823529,0.5384615384615384,0.3684210526315789,1.0,0.5333333333333333,0.6956521739130436,0.5333333333333333,1.0,0.5,0.6666666666666666,0.5,1.0,0.5,0.6666666666666666,1.0,1.0,1.0,0.0,0.5,0.5,0.5,0.5333333333333333,0.8,0.7,41,9,9,12,9
test_03376,primera_exact,0.525,0.29577464788732394,0.37837837837837845,0.23333333333333334,0.7692307692307693,0.29411764705882354,0.4255319148936171,0.2702702702702703,0.25,0.2222222222222222,0.23529411764705882,0.13333333333333333,0.125,0.06666666666666667,0.08695652173913045,0.045454545454545456,0.125,0.06666666666666667,0.08695652173913045,0.25,0.125,0.125,0.875,0.125,0.06666666666666667,0.045454545454545456,0.2222222222222222,0.6666666666666666,0.1,40,13,8,14,8
test_03376,primera_sentence,0.525,0.29577464788732394,0.37837837837837845,0.23333333333333334,0.7692307692307693,0.29411764705882354,0.4255319148936171,0.2702702702702703,0.25,0.2222222222222222,0.23529411764705882,0.13333333333333333,0.125,0.06666666666666667,0.08695652173913045,0.045454545454545456,0.125,0.06666666666666667,0.08695652173913045,0.25,0.125,0.125,0.875,0.125,0.06666666666666667,0.045454545454545456,0.2222222222222222,0.6666666666666666,0.1,40,13,8,14,8
test_03377,primera_exact,0.4117647058823529,0.07636363636363637,0.1288343558282209,0.06885245901639345,0.5333333333333333,0.07339449541284404,0.12903225806451615,0.06896551724137931,0.5,0.07142857142857142,0.125,0.06666666666666667,0.0,0.0,0.0,0.0,0.0,0.0,0.0,0.6,0.0,0.0,1.0,0.02,0.0,0.0,0.07142857142857142,0.3333333333333333,0.1,51,15,5,10,5
test_03377,primera_sentence,0.4117647058823529,0.07636363636363637,0.1288343558282209,0.06885245901639345,0.5333333333333333,0.07339449541284404,0.12903225806451615,0.06896551724137931,0.5,0.07142857142857142,0.125,0.06666666666666667,0.0,0.0,0.0,0.0,0.0,0.0,0.0,0.6,0.0,0.0,1.0,0.02,0.0,0.0,0.07142857142857142,0.3333333333333333,0.1,51,15,5,10,5
test_03380,primera_exact,0.48717948717948717,0.2676056338028169,0.3454545454545454,0.2087912087912088,0.8571428571428571,0.27906976744186046,0.4210526315789474,0.26666666666666666,0.4444444444444444,0.18181818181818182,0.2580645161290322,0.14814814814814814,0.3333333333333333,0.12,0.1764705882352941,0.0967741935483871,0.3333333333333333,0.12,0.1764705882352941,0.3333333333333333,0.4444444444444444,0.3333333333333333,0.6666666666666667,0.25,0.12,0.0967741935483871,0.18181818181818182,0.4,0.3,39,14,9,15,9
test_03380,primera_sentence,0.48717948717948717,0.2676056338028169,0.3454545454545454,0.2087912087912088,0.8571428571428571,0.27906976744186046,0.4210526315789474,0.26666666666666666,0.4444444444444444,0.18181818181818182,0.2580645161290322,0.14814814814814814,0.3333333333333333,0.12,0.1764705882352941,0.0967741935483871,0.3333333333333333,0.12,0.1764705882352941,0.3333333333333333,0.4444444444444444,0.3333333333333333,0.6666666666666667,0.25,0.12,0.0967741935483871,0.18181818181818182,0.4,0.3,39,14,9,15,9
test_03381,primera_exact,0.6153846153846154,0.4507042253521127,0.5203252032520326,0.3516483516483517,0.6785714285714286,0.6785714285714286,0.6785714285714286,0.5135135135135135,0.42857142857142855,0.3333333333333333,0.375,0.23076923076923078,0.375,0.2727272727272727,0.3157894736842105,0.1875,0.375,0.2727272727272727,0.3157894736842105,0.375,0.375,0.375,0.625,0.25,0.2727272727272727,0.1875,0.3333333333333333,0.8333333333333334,0.3,52,28,8,11,8
test_03381,primera_sentence,0.6153846153846154,0.4507042253521127,0.5203252032520326,0.3516483516483517,0.6785714285714286,0.6785714285714286,0.6785714285714286,0.5135135135135135,0.42857142857142855,0.3333333333333333,0.375,0.23076923076923078,0.375,0.2727272727272727,0.3157894736842105,0.1875,0.375,0.2727272727272727,0.3157894736842105,0.375,0.375,0.375,0.625,0.25,0.2727272727272727,0.1875,0.3333333333333333,0.8333333333333334,0.3,52,28,8,11,8
test_03391,primera_exact,0.3170731707317073,0.05752212389380531,0.09737827715355807,0.051181102362204724,0.47619047619047616,0.0847457627118644,0.14388489208633093,0.07751937984496124,0.25,0.025,0.045454545454545456,0.023255813953488372,0.0,0.0,0.0,0.0,0.0,0.0,0.0,0.0,0.25,0.0,1.0,0.0,0.0,0.0,0.025,0.2727272727272727,0.0,41,21,4,6,4
test_03391,primera_sentence,0.3170731707317073,0.05752212389380531,0.09737827715355807,0.051181102362204724,0.47619047619047616,0.0847457627118644,0.14388489208633093,0.07751937984496124,0.25,0.025,0.045454545454545456,0.023255813953488372,0.0,0.0,0.0,0.0,0.0,0.0,0.0,0.0,0.25,0.0,1.0,0.0,0.0,0.0,0.025,0.2727272727272727,0.0,41,21,4,6,4
test_03395,primera_exact,0.4,0.07650273224043716,0.12844036697247707,0.06862745098039216,0.35294117647058826,0.05309734513274336,0.0923076923076923,0.04838709677419355,0.0,0.0,0.0,0.0,0.0,0.0,0.0,0.0,0.0,0.0,0.0,0.0,0.0,0.0,1.0,0.009708737864077669,0.0,0.0,0.0,0.2727272727272727,0.0,35,17,4,7,4
test_03395,primera_sentence,0.4,0.07650273224043716,0.12844036697247707,0.06862745098039216,0.35294117647058826,0.05309734513274336,0.0923076923076923,0.04838709677419355,0.0,0.0,0.0,0.0,0.0,0.0,0.0,0.0,0.0,0.0,0.0,0.0,0.0,0.0,1.0,0.009708737864077669,0.0,0.0,0.0,0.2727272727272727,0.0,35,17,4,7,4
test_03401,primera_exact,0.7804878048780488,0.07960199004975124,0.14446952595936796,0.07785888077858881,0.7857142857142857,0.08661417322834646,0.15602836879432624,0.08461538461538462,0.6,0.0375,0.07058823529411765,0.036585365853658534,0.2,0.00980392156862745,0.018691588785046728,0.009433962264150943,0.2,0.00980392156862745,0.018691588785046728,0.2,0.2,0.2,0.8,0.021897810218978103,0.00980392156862745,0.009433962264150943,0.0375,0.12195121951219512,0.1,41,14,5,7,5
test_03401,primera_sentence,0.7804878048780488,0.07960199004975124,0.14446952595936796,0.07785888077858881,0.7857142857142857,0.08661417322834646,0.15602836879432624,0.08461538461538462,0.6,0.0375,0.07058823529411765,0.036585365853658534,0.2,0.00980392156862745,0.018691588785046728,0.009433962264150943,0.2,0.00980392156862745,0.018691588785046728,0.2,0.2,0.2,0.8,0.021897810218978103,0.00980392156862745,0.009433962264150943,0.0375,0.12195121951219512,0.1,41,14,5,7,5
test_03405,primera_exact,0.813953488372093,0.13725490196078433,0.23489932885906042,0.13307984790874525,0.9,0.16666666666666666,0.28125,0.16363636363636364,0.3333333333333333,0.041666666666666664,0.07407407407407407,0.038461538461538464,0.0,0.0,0.0,0.0,0.16666666666666666,0.015873015873015872,0.028985507246376812,0.16666666666666666,0.3333333333333333,0.16666666666666666,0.8333333333333334,0.031914893617021274,0.0,0.0,0.041666666666666664,0.375,0.0,43,20,6,11,6
test_03405,primera_sentence,0.813953488372093,0.13725490196078433,0.23489932885906042,0.13307984790874525,0.9,0.16666666666666666,0.28125,0.16363636363636364,0.3333333333333333,0.041666666666666664,0.07407407407407407,0.038461538461538464,0.0,0.0,0.0,0.0,0.16666666666666666,0.015873015873015872,0.028985507246376812,0.16666666666666666,0.3333333333333333,0.16666666666666666,0.8333333333333334,0.031914893617021274,0.0,0.0,0.041666666666666664,0.375,0.0,43,20,6,11,6
test_03415,primera_exact,0.8636363636363636,0.10326086956521739,0.18446601941747573,0.10160427807486631,0.6,0.046875,0.08695652173913043,0.045454545454545456,1.0,0.08108108108108109,0.15,0.08108108108108109,0.75,0.05454545454545454,0.10169491525423728,0.05357142857142857,0.75,0.05454545454545454,0.10169491525423728,1.0,1.0,1.0,0.0,0.07792207792207792,0.05454545454545454,0.05357142857142857,0.08108108108108109,0.1875,0.1,22,5,4,7,4
test_03415,primera_sentence,0.8636363636363636,0.10326086956521739,0.18446601941747573,0.10160427807486631,0.6,0.046875,0.08695652173913043,0.045454545454545456,1.0,0.08108108108108109,0.15,0.08108108108108109,0.75,0.05454545454545454,0.10169491525423728,0.05357142857142857,0.75,0.05454545454545454,0.10169491525423728,1.0,1.0,1.0,0.0,0.07792207792207792,0.05454545454545454,0.05357142857142857,0.08108108108108109,0.1875,0.1,22,5,4,7,4
test_03420,primera_exact,0.71875,0.11165048543689321,0.19327731092436976,0.10697674418604651,0.7692307692307693,0.10752688172043011,0.18867924528301885,0.10416666666666667,1.0,0.03571428571428571,0.0689655172413793,0.03571428571428571,0.0,0.0,0.0,0.0,0.0,0.0,0.0,0.5,0.5,0.5,0.5,0.010101010101010102,0.0,0.0,0.03571428571428571,0.08695652173913043,0.0,32,13,2,4,2
test_03420,primera_sentence,0.71875,0.11165048543689321,0.19327731092436976,0.10697674418604651,0.7692307692307693,0.10752688172043011,0.18867924528301885,0.10416666666666667,1.0,0.03571428571428571,0.0689655172413793,0.03571428571428571,0.0,0.0,0.0,0.0,0.0,0.0,0.0,0.5,0.5,0.5,0.5,0.010101010101010102,0.0,0.0,0.03571428571428571,0.08695652173913043,0.0,32,13,2,4,2
test_03423,primera_exact,0.13333333333333333,0.041379310344827586,0.06315789473684211,0.03260869565217391,0.5,0.1346153846153846,0.21212121212121213,0.11864406779661017,0.0,0.0,0.0,0.0,0.0,0.0,0.0,0.0,0.0,0.0,0.0,0.0,0.0,0.0,1.0,0.0425531914893617,0.0,0.0,0.0,0.6666666666666666,0.0,45,14,9,15,9
test_03423,primera_sentence,0.13333333333333333,0.041379310344827586,0.06315789473684211,0.03260869565217391,0.5,0.1346153846153846,0.21212121212121213,0.11864406779661017,0.0,0.0,0.0,0.0,0.0,0.0,0.0,0.0,0.0,0.0,0.0,0.0,0.0,0.0,1.0,0.0425531914893617,0.0,0.0,0.0,0.6666666666666666,0.0,45,14,9,15,9
test_03429,primera_exact,0.7692307692307693,0.05509641873278237,0.10282776349614396,0.05420054200542006,0.7391304347826086,0.0735930735930736,0.13385826771653545,0.07172995780590717,0.8,0.04878048780487805,0.09195402298850576,0.04819277108433735,0.0,0.0,0.0,0.0,0.2,0.008547008547008548,0.01639344262295082,0.2,0.6,0.2,0.8,0.012738853503184714,0.0,0.0,0.04878048780487805,0.125,0.0,26,23,5,9,5
test_03429,primera_sentence,0.7692307692307693,0.05509641873278237,0.10282776349614396,0.05420054200542006,0.7391304347826086,0.0735930735930736,0.13385826771653545,0.07172995780590717,0.8,0.04878048780487805,0.09195402298850576,0.04819277108433735,0.0,0.0,0.0,0.0,0.2,0.008547008547008548,0.01639344262295082,0.2,0.6,0.2,0.8,0.012738853503184714,0.0,0.0,0.04878048780487805,0.125,0.0,26,23,5,9,5
test_03431,primera_exact,0.7647058823529411,0.07878787878787878,0.14285714285714285,0.07692307692307693,0.8,0.06451612903225806,0.11940298507462686,0.06349206349206349,0.75,0.07142857142857142,0.13043478260869565,0.06976744186046512,0.5,0.04081632653061224,0.07547169811320753,0.0392156862745098,0.5,0.04081632653061224,0.07547169811320753,0.75,0.5,0.5,0.5,0.0547945205479452,0.04081632653061224,0.0392156862745098,0.07142857142857142,0.16666666666666666,0.2,17,5,4,7,4
test_03431,primera_sentence,0.7857142857142857,0.06666666666666667,0.1229050279329609,0.06547619047619048,0.75,0.04838709677419355,0.0909090909090909,0.047619047619047616,1.0,0.07142857142857142,0.13333333333333333,0.07142857142857142,0.6666666666666666,0.04081632653061224,0.07692307692307691,0.04,0.6666666666666666,0.04081632653061224,0.07692307692307691,1.0,0.6666666666666666,0.6666666666666666,0.33333333333333337,0.0547945205479452,0.04081632653061224,0.04,0.07142857142857142,0.16666666666666666,0.2,14,4,3,5,3
test_03462,primera_exact,0.7631578947368421,0.05197132616487455,0.09731543624161074,0.05114638447971781,0.7894736842105263,0.06607929515418502,0.12195121951219513,0.06493506493506493,0.0,0.0,0.0,0.0,0.0,0.0,0.0,0.0,0.0,0.0,0.0,0.0,0.0,0.0,1.0,0.005917159763313609,0.0,0.0,0.0,0.16666666666666666,0.0,38,19,1,2,1
test_03462,primera_sentence,0.7631578947368421,0.05197132616487455,0.09731543624161074,0.05114638447971781,0.7894736842105263,0.06607929515418502,0.12195121951219513,0.06493506493506493,0.0,0.0,0.0,0.0,0.0,0.0,0.0,0.0,0.0,0.0,0.0,0.0,0.0,0.0,1.0,0.005917159763313609,0.0,0.0,0.0,0.16666666666666666,0.0,38,19,1,2,1
test_03475,primera_exact,0.75,0.10526315789473684,0.1846153846153846,0.1016949152542373,0.8333333333333334,0.0847457627118644,0.15384615384615385,0.08333333333333333,0.5,0.044444444444444446,0.0816326530612245,0.0425531914893617,0.5,0.03571428571428571,0.06666666666666667,0.034482758620689655,0.5,0.03571428571428571,0.06666666666666667,0.5,0.5,0.5,0.5,0.04597701149425287,0.03571428571428571,0.034482758620689655,0.044444444444444446,0.3333333333333333,0.1,32,12,4,6,4
test_03475,primera_sentence,0.75,0.10526315789473684,0.1846153846153846,0.1016949152542373,0.8333333333333334,0.0847457627118644,0.15384615384615385,0.08333333333333333,0.5,0.044444444444444446,0.0816326530612245,0.0425531914893617,0.5,0.03571428571428571,0.06666666666666667,0.034482758620689655,0.5,0.03571428571428571,0.06666666666666667,0.5,0.5,0.5,0.5,0.04597701149425287,0.03571428571428571,0.034482758620689655,0.044444444444444446,0.3333333333333333,0.1,32,12,4,6,4
test_03490,primera_exact,0.7391304347826086,0.042821158690176324,0.08095238095238096,0.04218362282878412,0.7857142857142857,0.07482993197278912,0.13664596273291926,0.07333333333333333,0.0,0.0,0.0,0.0,0.0,0.0,0.0,0.0,0.0,0.0,0.0,0.0,0.0,0.0,1.0,0.02127659574468085,0.0,0.0,0.0,0.17391304347826086,0.1,23,14,5,8,5
test_03490,primera_sentence,0.7391304347826086,0.042821158690176324,0.08095238095238096,0.04218362282878412,0.7857142857142857,0.07482993197278912,0.13664596273291926,0.07333333333333333,0.0,0.0,0.0,0.0,0.0,0.0,0.0,0.0,0.0,0.0,0.0,0.0,0.0,0.0,1.0,0.02127659574468085,0.0,0.0,0.0,0.17391304347826086,0.1,23,14,5,8,5
test_03492,primera_exact,0.5384615384615384,0.3888888888888889,0.45161290322580644,0.2916666666666667,0.6,0.75,0.6666666666666665,0.5,0.0,0.0,0.0,0.0,0.0,0.0,0.0,0.0,0.0,0.0,0.0,0.0,0.0,0.0,1.0,0.08333333333333333,0.0,0.0,0.0,0.75,0.1,13,5,3,5,3
test_03492,primera_sentence,0.5384615384615384,0.3888888888888889,0.45161290322580644,0.2916666666666667,0.6,0.75,0.6666666666666665,0.5,0.0,0.0,0.0,0.0,0.0,0.0,0.0,0.0,0.0,0.0,0.0,0.0,0.0,0.0,1.0,0.08333333333333333,0.0,0.0,0.0,0.75,0.1,13,5,3,5,3
test_03530,primera_exact,0.6764705882352942,0.06845238095238096,0.12432432432432435,0.06628242074927954,0.6666666666666666,0.06153846153846154,0.11267605633802817,0.05970149253731343,0.2,0.016129032258064516,0.029850746268656716,0.015151515151515152,0.0,0.0,0.0,0.0,0.0,0.0,0.0,0.0,0.16666666666666666,0.0,1.0,0.0,0.0,0.0,0.016129032258064516,0.16666666666666666,0.0,34,12,6,9,6
test_03530,primera_sentence,0.6764705882352942,0.06845238095238096,0.12432432432432435,0.06628242074927954,0.6666666666666666,0.06153846153846154,0.11267605633802817,0.05970149253731343,0.2,0.016129032258064516,0.029850746268656716,0.015151515151515152,0.0,0.0,0.0,0.0,0.0,0.0,0.0,0.0,0.16666666666666666,0.0,1.0,0.0,0.0,0.0,0.016129032258064516,0.16666666666666666,0.0,34,12,6,9,6
test_03534,primera_exact,0.6,0.6666666666666666,0.631578947368421,0.46153846153846156,0.5,0.4,0.4444444444444445,0.2857142857142857,1.0,0.3,0.4615384615384615,0.3,0.3333333333333333,0.1,0.15384615384615383,0.08333333333333333,0.3333333333333333,0.1,0.15384615384615383,0.3333333333333333,1.0,0.3333333333333333,0.6666666666666667,0.2,0.1,0.08333333333333333,0.3,0.8,0.2,30,8,3,4,3
test_03534,primera_sentence,0.6,0.6666666666666666,0.631578947368421,0.46153846153846156,0.5,0.4,0.4444444444444445,0.2857142857142857,1.0,0.3,0.4615384615384615,0.3,0.3333333333333333,0.1,0.15384615384615383,0.08333333333333333,0.3333333333333333,0.1,0.15384615384615383,0.3333333333333333,1.0,0.3333333333333333,0.6666666666666667,0.2,0.1,0.08333333333333333,0.3,0.8,0.2,30,8,3,4,3
test_03555,primera_exact,0.5769230769230769,0.14018691588785046,0.22556390977443608,0.1271186440677966,0.7894736842105263,0.21428571428571427,0.33707865168539325,0.20270270270270271,0.42857142857142855,0.14285714285714285,0.21428571428571427,0.12,0.2857142857142857,0.08695652173913043,0.13333333333333333,0.07142857142857142,0.2857142857142857,0.08695652173913043,0.13333333333333333,0.42857142857142855,0.42857142857142855,0.42857142857142855,0.5714285714285714,0.1282051282051282,0.08695652173913043,0.07142857142857142,0.14285714285714285,1.0,0.2,26,19,7,10,7
test_03555,primera_sentence,0.5769230769230769,0.14018691588785046,0.22556390977443608,0.1271186440677966,0.7894736842105263,0.21428571428571427,0.33707865168539325,0.20270270270270271,0.42857142857142855,0.14285714285714285,0.21428571428571427,0.12,0.2857142857142857,0.08695652173913043,0.13333333333333333,0.07142857142857142,0.2857142857142857,0.08695652173913043,0.13333333333333333,0.42857142857142855,0.42857142857142855,0.42857142857142855,0.5714285714285714,0.1282051282051282,0.08695652173913043,0.07142857142857142,0.14285714285714285,1.0,0.2,26,19,7,10,7
test_03568,primera_exact,0.7727272727272727,0.136,0.23129251700680273,0.13076923076923078,0.5714285714285714,0.07692307692307693,0.13559322033898308,0.07272727272727272,0.8571428571428571,0.2,0.32432432432432434,0.1935483870967742,0.5,0.10526315789473684,0.17391304347826086,0.09523809523809523,0.5,0.10526315789473684,0.17391304347826086,0.75,0.75,0.625,0.375,0.16666666666666666,0.10526315789473684,0.09523809523809523,0.2,0.2,0.4,22,7,8,13,8
test_03568,primera_sentence,0.7368421052631579,0.112,0.19444444444444445,0.1076923076923077,0.5714285714285714,0.07692307692307693,0.13559322033898308,0.07272727272727272,0.8,0.13333333333333333,0.2285714285714286,0.12903225806451613,0.5,0.07894736842105263,0.13636363636363635,0.07317073170731707,0.5,0.07894736842105263,0.13636363636363635,0.6666666666666666,0.6666666666666666,0.5,0.5,0.125,0.07894736842105263,0.07317073170731707,0.13333333333333333,0.2,0.3,19,7,6,10,6
test_03570,primera_exact,0.4888888888888889,0.20754716981132076,0.2913907284768212,0.17054263565891473,0.7,0.20588235294117646,0.3181818181818182,0.1891891891891892,0.5,0.09523809523809523,0.16,0.08695652173913043,0.0,0.0,0.0,0.0,0.0,0.0,0.0,0.0,0.2,0.0,1.0,0.05714285714285714,0.0,0.0,0.09523809523809523,0.2727272727272727,0.2,45,10,5,9,5
test_03570,primera_sentence,0.4888888888888889,0.20754716981132076,0.2913907284768212,0.17054263565891473,0.7,0.20588235294117646,0.3181818181818182,0.1891891891891892,0.5,0.09523809523809523,0.16,0.08695652173913043,0.0,0.0,0.0,0.0,0.0,0.0,0.0,0.0,0.2,0.0,1.0,0.05714285714285714,0.0,0.0,0.09523809523809523,0.2727272727272727,0.2,45,10,5,9,5
test_03583,primera_exact,0.8620689655172413,0.09433962264150944,0.17006802721088435,0.09293680297397769,0.9047619047619048,0.2111111111111111,0.34234234234234234,0.20652173913043478,1.0,0.07407407407407407,0.13793103448275862,0.07407407407407407,0.6,0.039473684210526314,0.07407407407407407,0.038461538461538464,0.8,0.05263157894736842,0.09876543209876543,0.6,1.0,0.6,0.4,0.05454545454545454,0.039473684210526314,0.038461538461538464,0.07407407407407407,0.13043478260869565,0.2,29,21,5,8,5
test_03583,primera_sentence,0.8620689655172413,0.09433962264150944,0.17006802721088435,0.09293680297397769,0.9047619047619048,0.2111111111111111,0.34234234234234234,0.20652173913043478,1.0,0.07407407407407407,0.13793103448275862,0.07407407407407407,0.6,0.039473684210526314,0.07407407407407407,0.038461538461538464,0.8,0.05263157894736842,0.09876543209876543,0.6,1.0,0.6,0.4,0.05454545454545454,0.039473684210526314,0.038461538461538464,0.07407407407407407,0.13043478260869565,0.2,29,21,5,8,5
test_03609,primera_exact,0.5714285714285714,0.096,0.16438356164383564,0.08955223880597014,0.7857142857142857,0.14864864864864866,0.25,0.14285714285714285,0.3333333333333333,0.04,0.07142857142857142,0.037037037037037035,0.0,0.0,0.0,0.0,0.3333333333333333,0.027777777777777776,0.05128205128205128,0.3333333333333333,0.3333333333333333,0.3333333333333333,0.6666666666666667,0.037037037037037035,0.0,0.0,0.04,0.3,0.2,21,14,3,5,3
test_03609,primera_sentence,0.5714285714285714,0.096,0.16438356164383564,0.08955223880597014,0.7857142857142857,0.14864864864864866,0.25,0.14285714285714285,0.3333333333333333,0.04,0.07142857142857142,0.037037037037037035,0.0,0.0,0.0,0.0,0.3333333333333333,0.027777777777777776,0.05128205128205128,0.3333333333333333,0.3333333333333333,0.3333333333333333,0.6666666666666667,0.037037037037037035,0.0,0.0,0.04,0.3,0.2,21,14,3,5,3
test_03628,primera_exact,0.3103448275862069,0.05099150141643059,0.0875912408759124,0.04580152671755725,0.6153846153846154,0.05970149253731343,0.108843537414966,0.05755395683453238,0.16666666666666666,0.01694915254237288,0.030769230769230767,0.015625,0.0,0.0,0.0,0.0,0.0,0.0,0.0,0.0,0.125,0.0,1.0,0.032520325203252036,0.0,0.0,0.01694915254237288,0.42857142857142855,0.2,58,13,8,12,8
test_03628,primera_sentence,0.3103448275862069,0.05099150141643059,0.0875912408759124,0.04580152671755725,0.6153846153846154,0.05970149253731343,0.108843537414966,0.05755395683453238,0.16666666666666666,0.01694915254237288,0.030769230769230767,0.015625,0.0,0.0,0.0,0.0,0.0,0.0,0.0,0.0,0.125,0.0,1.0,0.032520325203252036,0.0,0.0,0.01694915254237288,0.42857142857142855,0.2,58,13,8,12,8
test_03697,primera_exact,0.3125,0.13043478260869565,0.18404907975460122,0.10135135135135136,0.5925925925925926,0.16666666666666666,0.2601626016260163,0.14953271028037382,0.3333333333333333,0.06060606060606061,0.10256410256410256,0.05405405405405406,0.0,0.0,0.0,0.0,0.0,0.0,0.0,0.14285714285714285,0.0,0.0,1.0,0.031746031746031744,0.0,0.0,0.06060606060606061,0.21428571428571427,0.1,48,27,7,13,7
test_03697,primera_sentence,0.3125,0.13043478260869565,0.18404907975460122,0.10135135135135136,0.5925925925925926,0.16666666666666666,0.2601626016260163,0.14953271028037382,0.3333333333333333,0.06060606060606061,0.10256410256410256,0.05405405405405406,0.0,0.0,0.0,0.0,0.0,0.0,0.0,0.14285714285714285,0.0,0.0,1.0,0.031746031746031744,0.0,0.0,0.06060606060606061,0.21428571428571427,0.1,48,27,7,13,7
test_03707,primera_exact,0.7619047619047619,0.125,0.21476510067114093,0.12030075187969924,0.8333333333333334,0.19230769230769232,0.3125,0.18518518518518517,0.6666666666666666,0.06666666666666667,0.1212121212121212,0.06451612903225806,0.5,0.045454545454545456,0.08333333333333334,0.043478260869565216,0.5,0.045454545454545456,0.08333333333333334,0.5,0.75,0.5,0.5,0.07692307692307693,0.045454545454545456,0.043478260869565216,0.06666666666666667,0.3,0.0,21,12,4,7,4
test_03707,primera_sentence,0.7368421052631579,0.109375,0.1904761904761905,0.10526315789473684,0.8333333333333334,0.19230769230769232,0.3125,0.18518518518518517,0.6666666666666666,0.06666666666666667,0.1212121212121212,0.06451612903225806,0.5,0.045454545454545456,0.08333333333333334,0.043478260869565216,0.5,0.045454545454545456,0.08333333333333334,0.5,0.75,0.5,0.5,0.07692307692307693,0.045454545454545456,0.043478260869565216,0.06666666666666667,0.3,0.0,19,12,4,7,4
test_03711,primera_exact,0.7058823529411765,0.04090909090909091,0.07733619763694952,0.04022346368715084,0.896551724137931,0.07123287671232877,0.13197969543147206,0.07065217391304347,0.3333333333333333,0.0072992700729927005,0.014285714285714285,0.007194244604316547,0.0,0.0,0.0,0.0,0.0,0.0,0.0,0.5,0.25,0.0,1.0,0.0030211480362537764,0.0,0.0,0.0072992700729927005,0.35714285714285715,0.0,51,29,4,5,4
test_03711,primera_sentence,0.7058823529411765,0.04090909090909091,0.07733619763694952,0.04022346368715084,0.896551724137931,0.07123287671232877,0.13197969543147206,0.07065217391304347,0.3333333333333333,0.0072992700729927005,0.014285714285714285,0.007194244604316547,0.0,0.0,0.0,0.0,0.0,0.0,0.0,0.5,0.25,0.0,1.0,0.0030211480362537764,0.0,0.0,0.0072992700729927005,0.35714285714285715,0.0,51,29,4,5,4
test_03714,primera_exact,0.36538461538461536,0.0811965811965812,0.13286713286713286,0.07116104868913857,0.5,0.1038961038961039,0.17204301075268819,0.09411764705882353,0.3333333333333333,0.044444444444444446,0.0784313725490196,0.04081632653061224,0.16666666666666666,0.02040816326530612,0.03636363636363636,0.018518518518518517,0.16666666666666666,0.02040816326530612,0.03636363636363636,0.3333333333333333,0.3333333333333333,0.3333333333333333,0.6666666666666667,0.05263157894736842,0.02040816326530612,0.018518518518518517,0.044444444444444446,0.42857142857142855,0.0,52,16,6,10,6
test_03714,primera_sentence,0.36538461538461536,0.0811965811965812,0.13286713286713286,0.07116104868913857,0.5,0.1038961038961039,0.17204301075268819,0.09411764705882353,0.3333333333333333,0.044444444444444446,0.0784313725490196,0.04081632653061224,0.16666666666666666,0.02040816326530612,0.03636363636363636,0.018518518518518517,0.16666666666666666,0.02040816326530612,0.03636363636363636,0.3333333333333333,0.3333333333333333,0.3333333333333333,0.6666666666666667,0.05263157894736842,0.02040816326530612,0.018518518518518517,0.044444444444444446,0.42857142857142855,0.0,52,16,6,10,6
test_03722,primera_exact,0.41509433962264153,0.25,0.3120567375886525,0.18487394957983194,0.75,0.2692307692307692,0.39622641509433965,0.24705882352941178,0.0,0.0,0.0,0.0,0.0,0.0,0.0,0.0,0.0,0.0,0.0,0.0,0.0,0.0,1.0,0.03225806451612903,0.0,0.0,0.0,0.75,0.0,53,28,4,7,4
test_03722,primera_sentence,0.41509433962264153,0.25,0.3120567375886525,0.18487394957983194,0.75,0.2692307692307692,0.39622641509433965,0.24705882352941178,0.0,0.0,0.0,0.0,0.0,0.0,0.0,0.0,0.0,0.0,0.0,0.0,0.0,0.0,1.0,0.03225806451612903,0.0,0.0,0.0,0.75,0.0,53,28,4,7,4
test_03759,primera_exact,0.8043478260869565,0.2890625,0.42528735632183906,0.27007299270072993,0.8823529411764706,0.40540540540540543,0.5555555555555556,0.38461538461538464,0.8,0.27586206896551724,0.4102564102564103,0.25806451612903225,0.5,0.16129032258064516,0.24390243902439024,0.1388888888888889,0.8,0.25806451612903225,0.3902439024390244,0.7,0.6,0.6,0.4,0.22448979591836735,0.16129032258064516,0.1388888888888889,0.27586206896551724,0.6,0.3,46,34,10,18,10
test_03759,primera_sentence,0.8043478260869565,0.2890625,0.42528735632183906,0.27007299270072993,0.8823529411764706,0.40540540540540543,0.5555555555555556,0.38461538461538464,0.8,0.27586206896551724,0.4102564102564103,0.25806451612903225,0.5,0.16129032258064516,0.24390243902439024,0.1388888888888889,0.8,0.25806451612903225,0.3902439024390244,0.7,0.6,0.6,0.4,0.22448979591836735,0.16129032258064516,0.1388888888888889,0.27586206896551724,0.6,0.3,46,34,10,18,10
test_03761,primera_exact,0.33962264150943394,0.1978021978021978,0.25,0.14285714285714285,0.5,0.25,0.3333333333333333,0.2,0.3333333333333333,0.0625,0.10526315789473684,0.05555555555555555,0.0,0.0,0.0,0.0,0.0,0.0,0.0,0.0,0.3333333333333333,0.0,1.0,0.06896551724137931,0.0,0.0,0.0625,0.6666666666666666,0.0,53,22,3,6,3
test_03761,primera_sentence,0.33962264150943394,0.1978021978021978,0.25,0.14285714285714285,0.5,0.25,0.3333333333333333,0.2,0.3333333333333333,0.0625,0.10526315789473684,0.05555555555555555,0.0,0.0,0.0,0.0,0.0,0.0,0.0,0.0,0.3333333333333333,0.0,1.0,0.06896551724137931,0.0,0.0,0.0625,0.6666666666666666,0.0,53,22,3,6,3
test_03767,primera_exact,0.3695652173913043,0.2073170731707317,0.265625,0.15315315315315314,0.46153846153846156,0.35294117647058826,0.4000000000000001,0.25,0.5,0.13333333333333333,0.2105263157894737,0.11764705882352941,0.5,0.11764705882352941,0.19047619047619047,0.10526315789473684,0.5,0.11764705882352941,0.19047619047619047,0.5,0.5,0.5,0.5,0.16,0.11764705882352941,0.10526315789473684,0.13333333333333333,0.6,0.4,46,13,4,7,4
test_03767,primera_sentence,0.3695652173913043,0.2073170731707317,0.265625,0.15315315315315314,0.46153846153846156,0.35294117647058826,0.4000000000000001,0.25,0.5,0.13333333333333333,0.2105263157894737,0.11764705882352941,0.5,0.11764705882352941,0.19047619047619047,0.10526315789473684,0.5,0.11764705882352941,0.19047619047619047,0.5,0.5,0.5,0.5,0.16,0.11764705882352941,0.10526315789473684,0.13333333333333333,0.6,0.4,46,13,4,7,4
test_03778,primera_exact,0.6538461538461539,0.027156549520766772,0.05214723926380368,0.026771653543307086,0.9047619047619048,0.060897435897435896,0.11411411411411411,0.06050955414012739,0.3,0.0189873417721519,0.03571428571428572,0.01818181818181818,0.0,0.0,0.0,0.0,0.09090909090909091,0.004273504273504274,0.00816326530612245,0.36363636363636365,0.2727272727272727,0.2727272727272727,0.7272727272727273,0.028938906752411574,0.0,0.0,0.0189873417721519,0.10344827586206896,0.2,26,21,11,16,11
test_03778,primera_sentence,0.68,0.027156549520766772,0.05222734254992319,0.026813880126182965,0.9,0.057692307692307696,0.10843373493975904,0.05732484076433121,0.3333333333333333,0.0189873417721519,0.035928143712574856,0.018292682926829267,0.0,0.0,0.0,0.0,0.1111111111111111,0.004273504273504274,0.00823045267489712,0.3333333333333333,0.2222222222222222,0.2222222222222222,0.7777777777777778,0.022508038585209004,0.0,0.0,0.0189873417721519,0.10344827586206896,0.2,25,20,9,13,9
test_03786,primera_exact,0.6428571428571429,0.28125,0.391304347826087,0.24324324324324326,0.8421052631578947,0.3137254901960784,0.45714285714285713,0.2962962962962963,1.0,0.19047619047619047,0.32,0.19047619047619047,1.0,0.17391304347826086,0.29629629629629634,0.17391304347826086,1.0,0.17391304347826086,0.29629629629629634,1.0,1.0,1.0,0.0,0.1724137931034483,0.17391304347826086,0.17391304347826086,0.19047619047619047,0.5555555555555556,0.4,28,19,4,5,4
test_03786,primera_sentence,0.6428571428571429,0.28125,0.391304347826087,0.24324324324324326,0.8421052631578947,0.3137254901960784,0.45714285714285713,0.2962962962962963,1.0,0.19047619047619047,0.32,0.19047619047619047,1.0,0.17391304347826086,0.29629629629629634,0.17391304347826086,1.0,0.17391304347826086,0.29629629629629634,1.0,1.0,1.0,0.0,0.1724137931034483,0.17391304347826086,0.17391304347826086,0.19047619047619047,0.5555555555555556,0.4,28,19,4,5,4
test_03790,primera_exact,0.5625,0.12857142857142856,0.20930232558139533,0.11688311688311688,0.42857142857142855,0.13953488372093023,0.2105263157894737,0.11764705882352941,0.4,0.06896551724137931,0.1176470588235294,0.0625,0.16666666666666666,0.027777777777777776,0.04761904761904762,0.024390243902439025,0.16666666666666666,0.027777777777777776,0.04761904761904762,0.5,0.5,0.5,0.5,0.08333333333333333,0.027777777777777776,0.024390243902439025,0.06896551724137931,0.3333333333333333,0.2,16,14,6,11,6
test_03790,primera_sentence,0.5333333333333333,0.11428571428571428,0.18823529411764706,0.1038961038961039,0.42857142857142855,0.13953488372093023,0.2105263157894737,0.11764705882352941,0.5,0.06896551724137931,0.1212121212121212,0.06451612903225806,0.2,0.027777777777777776,0.048780487804878044,0.025,0.2,0.027777777777777776,0.048780487804878044,0.6,0.6,0.6,0.4,0.08333333333333333,0.027777777777777776,0.025,0.06896551724137931,0.3333333333333333,0.2,15,14,5,9,5
test_03795,primera_exact,0.75,0.04838709677419355,0.0909090909090909,0.047619047619047616,0.9285714285714286,0.1111111111111111,0.19847328244274806,0.11016949152542373,1.0,0.06976744186046512,0.13043478260869565,0.06976744186046512,0.3333333333333333,0.013157894736842105,0.02531645569620253,0.01282051282051282,0.6666666666666666,0.02631578947368421,0.05063291139240506,0.6666666666666666,0.6666666666666666,0.3333333333333333,0.6666666666666667,0.03636363636363636,0.013157894736842105,0.01282051282051282,0.06976744186046512,0.2,0.0,16,14,3,6,3
test_03795,primera_sentence,0.75,0.04838709677419355,0.0909090909090909,0.047619047619047616,0.9285714285714286,0.1111111111111111,0.19847328244274806,0.11016949152542373,1.0,0.06976744186046512,0.13043478260869565,0.06976744186046512,0.3333333333333333,0.013157894736842105,0.02531645569620253,0.01282051282051282,0.6666666666666666,0.02631578947368421,0.05063291139240506,0.6666666666666666,0.6666666666666666,0.3333333333333333,0.6666666666666667,0.03636363636363636,0.013157894736842105,0.01282051282051282,0.06976744186046512,0.2,0.0,16,14,3,6,3
test_03799,primera_exact,0.7441860465116279,0.20125786163522014,0.31683168316831684,0.18823529411764706,0.85,0.29310344827586204,0.4358974358974359,0.2786885245901639,0.25,0.05,0.08333333333333334,0.043478260869565216,0.25,0.04,0.06896551724137932,0.03571428571428571,0.25,0.04,0.06896551724137932,0.25,0.25,0.25,0.75,0.0975609756097561,0.04,0.03571428571428571,0.05,0.5,0.2,43,20,4,7,4
test_03799,primera_sentence,0.7441860465116279,0.20125786163522014,0.31683168316831684,0.18823529411764706,0.85,0.29310344827586204,0.4358974358974359,0.2786885245901639,0.25,0.05,0.08333333333333334,0.043478260869565216,0.25,0.04,0.06896551724137932,0.03571428571428571,0.25,0.04,0.06896551724137932,0.25,0.25,0.25,0.75,0.0975609756097561,0.04,0.03571428571428571,0.05,0.5,0.2,43,20,4,7,4
test_03813,primera_exact,0.6216216216216216,0.08363636363636363,0.14743589743589744,0.07958477508650519,0.6956521739130435,0.1038961038961039,0.18079096045197743,0.09937888198757763,0.75,0.04838709677419355,0.0909090909090909,0.047619047619047616,0.2,0.01098901098901099,0.02083333333333334,0.010526315789473684,0.2,0.01098901098901099,0.02083333333333334,0.6,0.8,0.6,0.4,0.016129032258064516,0.01098901098901099,0.010526315789473684,0.04838709677419355,0.12,0.1,37,23,5,8,5
test_03813,primera_sentence,0.6216216216216216,0.08363636363636363,0.14743589743589744,0.07958477508650519,0.6956521739130435,0.1038961038961039,0.18079096045197743,0.09937888198757763,0.75,0.04838709677419355,0.0909090909090909,0.047619047619047616,0.2,0.01098901098901099,0.02083333333333334,0.010526315789473684,0.2,0.01098901098901099,0.02083333333333334,0.6,0.8,0.6,0.4,0.016129032258064516,0.01098901098901099,0.010526315789473684,0.04838709677419355,0.12,0.1,37,23,5,8,5
test_03834,primera_exact,0.65,0.037142857142857144,0.07027027027027027,0.036414565826330535,0.8095238095238095,0.06614785992217899,0.1223021582733813,0.06513409961685823,0.6666666666666666,0.0223463687150838,0.043243243243243246,0.022099447513812154,0.3333333333333333,0.008130081300813009,0.015873015873015876,0.008,0.3333333333333333,0.008130081300813009,0.015873015873015876,0.5,0.5,0.3333333333333333,0.6666666666666667,0.016181229773462782,0.008130081300813009,0.008,0.0223463687150838,0.04597701149425287,0.3,40,21,6,10,6
test_03834,primera_sentence,0.65,0.037142857142857144,0.07027027027027027,0.036414565826330535,0.8095238095238095,0.06614785992217899,0.1223021582733813,0.06513409961685823,0.6666666666666666,0.0223463687150838,0.043243243243243246,0.022099447513812154,0.3333333333333333,0.008130081300813009,0.015873015873015876,0.008,0.3333333333333333,0.008130081300813009,0.015873015873015876,0.5,0.5,0.3333333333333333,0.6666666666666667,0.016181229773462782,0.008130081300813009,0.008,0.0223463687150838,0.04597701149425287,0.3,40,21,6,10,6
test_03840,primera_exact,0.8148148148148148,0.0842911877394636,0.15277777777777776,0.08270676691729323,0.9444444444444444,0.15315315315315314,0.2635658914728682,0.15178571428571427,0.8181818181818182,0.1232876712328767,0.2142857142857143,0.12,0.5714285714285714,0.07692307692307693,0.13559322033898308,0.07272727272727272,0.7142857142857143,0.09615384615384616,0.16949152542372883,0.7857142857142857,0.8571428571428571,0.7857142857142857,0.2142857142857143,0.12307692307692308,0.07692307692307693,0.07272727272727272,0.1232876712328767,0.17647058823529413,0.5,27,18,14,20,14
test_03840,primera_sentence,0.8148148148148148,0.0842911877394636,0.15277777777777776,0.08270676691729323,0.9444444444444444,0.15315315315315314,0.2635658914728682,0.15178571428571427,0.8181818181818182,0.1232876712328767,0.2142857142857143,0.12,0.5714285714285714,0.07692307692307693,0.13559322033898308,0.07272727272727272,0.7142857142857143,0.09615384615384616,0.16949152542372883,0.7857142857142857,0.8571428571428571,0.7857142857142857,0.2142857142857143,0.12307692307692308,0.07692307692307693,0.07272727272727272,0.1232876712328767,0.17647058823529413,0.5,27,18,14,20,14
test_03845,primera_exact,0.8571428571428571,0.13740458015267176,0.2368421052631579,0.13432835820895522,0.6153846153846154,0.24242424242424243,0.34782608695652173,0.21052631578947367,0.75,0.11538461538461539,0.19999999999999998,0.1111111111111111,0.0,0.0,0.0,0.0,0.0,0.0,0.0,0.2,0.2,0.2,0.8,0.04878048780487805,0.0,0.0,0.11538461538461539,0.13043478260869565,0.1,21,13,5,9,5
test_03845,primera_sentence,0.8571428571428571,0.13740458015267176,0.2368421052631579,0.13432835820895522,0.6153846153846154,0.24242424242424243,0.34782608695652173,0.21052631578947367,0.75,0.11538461538461539,0.19999999999999998,0.1111111111111111,0.0,0.0,0.0,0.0,0.0,0.0,0.0,0.2,0.2,0.2,0.8,0.04878048780487805,0.0,0.0,0.11538461538461539,0.13043478260869565,0.1,21,13,5,9,5
test_03846,primera_exact,0.7692307692307693,0.24390243902439024,0.37037037037037035,0.22727272727272727,0.6875,0.2558139534883721,0.3728813559322034,0.22916666666666666,0.5714285714285714,0.16666666666666666,0.25806451612903225,0.14814814814814814,0.14285714285714285,0.03225806451612903,0.052631578947368425,0.02702702702702703,0.42857142857142855,0.0967741935483871,0.15789473684210525,0.42857142857142855,0.5714285714285714,0.42857142857142855,0.5714285714285714,0.13333333333333333,0.03225806451612903,0.02702702702702703,0.16666666666666666,0.5714285714285714,0.2,26,16,7,11,7
test_03846,primera_sentence,0.7692307692307693,0.24390243902439024,0.37037037037037035,0.22727272727272727,0.6875,0.2558139534883721,0.3728813559322034,0.22916666666666666,0.5714285714285714,0.16666666666666666,0.25806451612903225,0.14814814814814814,0.14285714285714285,0.03225806451612903,0.052631578947368425,0.02702702702702703,0.42857142857142855,0.0967741935483871,0.15789473684210525,0.42857142857142855,0.5714285714285714,0.42857142857142855,0.5714285714285714,0.13333333333333333,0.03225806451612903,0.02702702702702703,0.16666666666666666,0.5714285714285714,0.2,26,16,7,11,7
test_03847,primera_exact,0.1388888888888889,0.01079913606911447,0.02004008016032064,0.010121457489878543,0.38461538461538464,0.03496503496503497,0.06410256410256411,0.033112582781456956,0.4444444444444444,0.05405405405405406,0.0963855421686747,0.05063291139240506,0.0,0.0,0.0,0.0,0.0,0.0,0.0,0.4166666666666667,0.3333333333333333,0.25,0.75,0.013245033112582781,0.0,0.0,0.05405405405405406,0.4444444444444444,0.1,36,13,12,19,12
test_03847,primera_sentence,0.1388888888888889,0.01079913606911447,0.02004008016032064,0.010121457489878543,0.38461538461538464,0.03496503496503497,0.06410256410256411,0.033112582781456956,0.4444444444444444,0.05405405405405406,0.0963855421686747,0.05063291139240506,0.0,0.0,0.0,0.0,0.0,0.0,0.0,0.4166666666666667,0.3333333333333333,0.25,0.75,0.013245033112582781,0.0,0.0,0.05405405405405406,0.4444444444444444,0.1,36,13,12,19,12
test_03849,primera_exact,0.5166666666666667,0.08010335917312661,0.13870246085011184,0.07451923076923077,0.75,0.10434782608695652,0.183206106870229,0.10084033613445378,1.0,0.03571428571428571,0.0689655172413793,0.03571428571428571,0.0,0.0,0.0,0.0,0.0,0.0,0.0,0.5,0.5,0.0,1.0,0.009345794392523364,0.0,0.0,0.03571428571428571,0.08108108108108109,0.1,60,16,2,3,2
test_03849,primera_sentence,0.5166666666666667,0.08010335917312661,0.13870246085011184,0.07451923076923077,0.75,0.10434782608695652,0.183206106870229,0.10084033613445378,1.0,0.03571428571428571,0.0689655172413793,0.03571428571428571,0.0,0.0,0.0,0.0,0.0,0.0,0.0,0.5,0.5,0.0,1.0,0.009345794392523364,0.0,0.0,0.03571428571428571,0.08108108108108109,0.1,60,16,2,3,2
test_03858,primera_exact,0.5476190476190477,0.06824925816023739,0.12137203166226912,0.06460674157303371,0.7,0.04375,0.08235294117647059,0.04294478527607362,0.3333333333333333,0.03225806451612903,0.0588235294117647,0.030303030303030304,0.0,0.0,0.0,0.0,0.0,0.0,0.0,0.3333333333333333,0.0,0.0,1.0,0.01818181818181818,0.0,0.0,0.03225806451612903,0.4,0.0,42,10,3,6,3
test_03858,primera_sentence,0.5476190476190477,0.06824925816023739,0.12137203166226912,0.06460674157303371,0.7,0.04375,0.08235294117647059,0.04294478527607362,0.3333333333333333,0.03225806451612903,0.0588235294117647,0.030303030303030304,0.0,0.0,0.0,0.0,0.0,0.0,0.0,0.3333333333333333,0.0,0.0,1.0,0.01818181818181818,0.0,0.0,0.03225806451612903,0.4,0.0,42,10,3,6,3
test_03859,primera_exact,0.546875,0.28225806451612906,0.372340425531915,0.22875816993464052,0.6666666666666666,0.14285714285714285,0.23529411764705882,0.13333333333333333,0.25,0.06666666666666667,0.10526315789473685,0.05555555555555555,0.25,0.043478260869565216,0.07407407407407408,0.038461538461538464,0.25,0.043478260869565216,0.07407407407407408,0.25,0.25,0.25,0.75,0.05714285714285714,0.043478260869565216,0.038461538461538464,0.06666666666666667,0.4444444444444444,0.1,64,6,4,6,4
test_03859,primera_sentence,0.546875,0.28225806451612906,0.372340425531915,0.22875816993464052,0.6666666666666666,0.14285714285714285,0.23529411764705882,0.13333333333333333,0.25,0.06666666666666667,0.10526315789473685,0.05555555555555555,0.25,0.043478260869565216,0.07407407407407408,0.038461538461538464,0.25,0.043478260869565216,0.07407407407407408,0.25,0.25,0.25,0.75,0.05714285714285714,0.043478260869565216,0.038461538461538464,0.06666666666666667,0.4444444444444444,0.1,64,6,4,6,4
test_03861,primera_exact,0.38636363636363635,0.22972972972972974,0.288135593220339,0.16831683168316833,0.4,0.23076923076923078,0.29268292682926833,0.17142857142857143,0.0,0.0,0.0,0.0,0.0,0.0,0.0,0.0,0.0,0.0,0.0,0.0,0.0,0.0,1.0,0.047619047619047616,0.0,0.0,0.0,1.3333333333333333,0.0,44,15,5,8,5
test_03861,primera_sentence,0.38636363636363635,0.22972972972972974,0.288135593220339,0.16831683168316833,0.4,0.23076923076923078,0.29268292682926833,0.17142857142857143,0.0,0.0,0.0,0.0,0.0,0.0,0.0,0.0,0.0,0.0,0.0,0.0,0.0,0.0,1.0,0.047619047619047616,0.0,0.0,0.0,1.3333333333333333,0.0,44,15,5,8,5
test_03889,primera_exact,0.6666666666666666,0.17073170731707318,0.2718446601941748,0.15730337078651685,0.7142857142857143,0.2702702702702703,0.39215686274509803,0.24390243902439024,1.0,0.24242424242424243,0.3902439024390244,0.24242424242424243,0.625,0.125,0.20833333333333334,0.11627906976744186,0.625,0.125,0.20833333333333334,0.75,1.0,0.75,0.25,0.20833333333333334,0.125,0.11627906976744186,0.24242424242424243,0.35294117647058826,0.4,21,14,8,11,8
test_03889,primera_sentence,0.6666666666666666,0.17073170731707318,0.2718446601941748,0.15730337078651685,0.7142857142857143,0.2702702702702703,0.39215686274509803,0.24390243902439024,1.0,0.24242424242424243,0.3902439024390244,0.24242424242424243,0.625,0.125,0.20833333333333334,0.11627906976744186,0.625,0.125,0.20833333333333334,0.75,1.0,0.75,0.25,0.20833333333333334,0.125,0.11627906976744186,0.24242424242424243,0.35294117647058826,0.4,21,14,8,11,8
test_03909,primera_exact,0.4675324675324675,0.18848167539267016,0.26865671641791045,0.15517241379310345,0.38235294117647056,0.16883116883116883,0.23423423423423426,0.1326530612244898,0.4,0.05,0.0888888888888889,0.046511627906976744,0.2,0.021739130434782608,0.0392156862745098,0.02,0.2,0.021739130434782608,0.0392156862745098,0.2,0.2,0.2,0.8,0.046875,0.021739130434782608,0.02,0.05,0.3,0.2,77,34,5,9,5
test_03909,primera_sentence,0.4675324675324675,0.18848167539267016,0.26865671641791045,0.15517241379310345,0.38235294117647056,0.16883116883116883,0.23423423423423426,0.1326530612244898,0.4,0.05,0.0888888888888889,0.046511627906976744,0.2,0.021739130434782608,0.0392156862745098,0.02,0.2,0.021739130434782608,0.0392156862745098,0.2,0.2,0.2,0.8,0.046875,0.021739130434782608,0.02,0.05,0.3,0.2,77,34,5,9,5
test_03910,primera_exact,1.0,0.12871287128712872,0.22807017543859648,0.12871287128712872,0.9333333333333333,0.208955223880597,0.34146341463414637,0.20588235294117646,0.7777777777777778,0.12280701754385964,0.2121212121212121,0.11864406779661017,0.45454545454545453,0.06578947368421052,0.11494252873563217,0.06097560975609756,0.6363636363636364,0.09210526315789473,0.16091954022988506,0.8181818181818182,0.7272727272727273,0.6363636363636364,0.36363636363636365,0.16304347826086957,0.06578947368421052,0.06097560975609756,0.12280701754385964,0.17647058823529413,0.2,26,15,11,19,11
test_03910,primera_sentence,1.0,0.12871287128712872,0.22807017543859648,0.12871287128712872,0.9333333333333333,0.208955223880597,0.34146341463414637,0.20588235294117646,0.7777777777777778,0.12280701754385964,0.2121212121212121,0.11864406779661017,0.45454545454545453,0.06578947368421052,0.11494252873563217,0.06097560975609756,0.6363636363636364,0.09210526315789473,0.16091954022988506,0.8181818181818182,0.7272727272727273,0.6363636363636364,0.36363636363636365,0.16304347826086957,0.06578947368421052,0.06097560975609756,0.12280701754385964,0.17647058823529413,0.2,26,15,11,19,11
test_03913,primera_exact,0.5161290322580645,0.10062893081761007,0.16842105263157897,0.09195402298850575,0.48,0.1348314606741573,0.21052631578947367,0.11764705882352941,0.3333333333333333,0.03125,0.05714285714285714,0.029411764705882353,0.0,0.0,0.0,0.0,0.0,0.0,0.0,0.25,0.25,0.25,0.75,0.078125,0.0,0.0,0.03125,0.3333333333333333,0.0,31,25,4,7,4
test_03913,primera_sentence,0.5161290322580645,0.10062893081761007,0.16842105263157897,0.09195402298850575,0.48,0.1348314606741573,0.21052631578947367,0.11764705882352941,0.3333333333333333,0.03125,0.05714285714285714,0.029411764705882353,0.0,0.0,0.0,0.0,0.0,0.0,0.0,0.25,0.25,0.25,0.75,0.078125,0.0,0.0,0.03125,0.3333333333333333,0.0,31,25,4,7,4
test_03927,primera_exact,0.46808510638297873,0.3283582089552239,0.38596491228070173,0.2391304347826087,0.47368421052631576,0.32142857142857145,0.3829787234042553,0.23684210526315788,0.25,0.16666666666666666,0.2,0.1111111111111111,0.25,0.16666666666666666,0.2,0.1111111111111111,0.25,0.16666666666666666,0.2,0.25,0.25,0.25,0.75,0.18181818181818182,0.16666666666666666,0.1111111111111111,0.16666666666666666,1.0,0.2,47,19,4,6,4
test_03927,primera_sentence,0.46808510638297873,0.3283582089552239,0.38596491228070173,0.2391304347826087,0.47368421052631576,0.32142857142857145,0.3829787234042553,0.23684210526315788,0.25,0.16666666666666666,0.2,0.1111111111111111,0.25,0.16666666666666666,0.2,0.1111111111111111,0.25,0.16666666666666666,0.2,0.25,0.25,0.25,0.75,0.18181818181818182,0.16666666666666666,0.1111111111111111,0.16666666666666666,1.0,0.2,47,19,4,6,4
test_03976,primera_exact,0.9629629629629629,0.208,0.3421052631578947,0.20634920634920634,0.8,0.09090909090909091,0.163265306122449,0.08888888888888889,1.0,0.07142857142857142,0.13333333333333333,0.07142857142857142,1.0,0.05555555555555555,0.10526315789473684,0.05555555555555555,1.0,0.05555555555555555,0.10526315789473684,1.0,1.0,1.0,0.0,0.07792207792207792,0.05555555555555555,0.05555555555555555,0.07142857142857142,0.1111111111111111,0.1,27,10,3,6,3
test_03976,primera_sentence,0.9629629629629629,0.208,0.3421052631578947,0.20634920634920634,0.8,0.09090909090909091,0.163265306122449,0.08888888888888889,1.0,0.07142857142857142,0.13333333333333333,0.07142857142857142,1.0,0.05555555555555555,0.10526315789473684,0.05555555555555555,1.0,0.05555555555555555,0.10526315789473684,1.0,1.0,1.0,0.0,0.07792207792207792,0.05555555555555555,0.05555555555555555,0.07142857142857142,0.1111111111111111,0.1,27,10,3,6,3
test_03993,primera_exact,0.8125,0.08695652173913043,0.15709969788519637,0.08524590163934426,0.7222222222222222,0.10833333333333334,0.18840579710144928,0.104,0.5,0.017857142857142856,0.03448275862068965,0.017543859649122806,0.0,0.0,0.0,0.0,0.5,0.012658227848101266,0.02469135802469136,0.5,0.5,0.5,0.5,0.009433962264150943,0.0,0.0,0.017857142857142856,0.125,0.0,32,18,2,4,2
test_03993,primera_sentence,0.8214285714285714,0.07692307692307693,0.14067278287461774,0.0756578947368421,0.6666666666666666,0.08333333333333333,0.14814814814814814,0.08,0.0,0.0,0.0,0.0,0.0,0.0,0.0,0.0,0.0,0.0,0.0,0.0,0.0,0.0,1.0,0.0,0.0,0.0,0.0,0.125,0.0,28,15,1,2,1
test_03994,primera_exact,0.5769230769230769,0.18181818181818182,0.27649769585253453,0.16042780748663102,0.5833333333333334,0.2545454545454545,0.3544303797468354,0.2153846153846154,0.6666666666666666,0.07142857142857142,0.12903225806451613,0.06896551724137931,0.0,0.0,0.0,0.0,0.0,0.0,0.0,0.6666666666666666,0.3333333333333333,0.3333333333333333,0.6666666666666667,0.020833333333333332,0.0,0.0,0.07142857142857142,0.2727272727272727,0.1,52,24,3,5,3
test_03994,primera_sentence,0.5769230769230769,0.18181818181818182,0.27649769585253453,0.16042780748663102,0.5833333333333334,0.2545454545454545,0.3544303797468354,0.2153846153846154,0.6666666666666666,0.07142857142857142,0.12903225806451613,0.06896551724137931,0.0,0.0,0.0,0.0,0.0,0.0,0.0,0.6666666666666666,0.3333333333333333,0.3333333333333333,0.6666666666666667,0.020833333333333332,0.0,0.0,0.07142857142857142,0.2727272727272727,0.1,52,24,3,5,3
test_04014,primera_exact,0.11363636363636363,0.10638297872340426,0.10989010989010989,0.05813953488372093,0.4166666666666667,0.18518518518518517,0.2564102564102564,0.14705882352941177,0.0,0.0,0.0,0.0,0.0,0.0,0.0,0.0,0.0,0.0,0.0,0.0,0.0,0.0,1.0,0.07142857142857142,0.0,0.0,0.0,0.75,0.1,44,12,7,12,7
test_04014,primera_sentence,0.11627906976744186,0.10638297872340426,0.11111111111111112,0.058823529411764705,0.5,0.18518518518518517,0.2702702702702703,0.15625,0.0,0.0,0.0,0.0,0.0,0.0,0.0,0.0,0.0,0.0,0.0,0.0,0.0,0.0,1.0,0.07142857142857142,0.0,0.0,0.0,0.75,0.1,43,10,6,10,6
test_04021,primera_exact,0.5789473684210527,0.15384615384615385,0.24309392265193372,0.13836477987421383,0.8235294117647058,0.25,0.3835616438356164,0.23728813559322035,0.5,0.12,0.1935483870967742,0.10714285714285714,0.3333333333333333,0.06451612903225806,0.1081081081081081,0.05714285714285714,0.3333333333333333,0.06451612903225806,0.1081081081081081,0.5,0.3333333333333333,0.3333333333333333,0.6666666666666667,0.08,0.06451612903225806,0.05714285714285714,0.12,0.5,0.2,38,17,6,10,6
test_04021,primera_sentence,0.5789473684210527,0.15384615384615385,0.24309392265193372,0.13836477987421383,0.8235294117647058,0.25,0.3835616438356164,0.23728813559322035,0.5,0.12,0.1935483870967742,0.10714285714285714,0.3333333333333333,0.06451612903225806,0.1081081081081081,0.05714285714285714,0.3333333333333333,0.06451612903225806,0.1081081081081081,0.5,0.3333333333333333,0.3333333333333333,0.6666666666666667,0.08,0.06451612903225806,0.05714285714285714,0.12,0.5,0.2,38,17,6,10,6
test_04038,primera_exact,0.926829268292683,0.059375,0.11160058737151249,0.05909797822706065,0.8518518518518519,0.12234042553191489,0.21395348837209302,0.11979166666666667,0.8333333333333334,0.04424778761061947,0.08403361344537814,0.043859649122807015,0.25,0.013333333333333334,0.025316455696202535,0.01282051282051282,0.25,0.013333333333333334,0.025316455696202535,0.125,0.625,0.0,1.0,0.025380710659898477,0.013333333333333334,0.01282051282051282,0.04424778761061947,0.07142857142857142,0.2,41,27,8,12,8
test_04038,primera_sentence,0.926829268292683,0.059375,0.11160058737151249,0.05909797822706065,0.8518518518518519,0.12234042553191489,0.21395348837209302,0.11979166666666667,0.8333333333333334,0.04424778761061947,0.08403361344537814,0.043859649122807015,0.25,0.013333333333333334,0.025316455696202535,0.01282051282051282,0.25,0.013333333333333334,0.025316455696202535,0.125,0.625,0.0,1.0,0.025380710659898477,0.013333333333333334,0.01282051282051282,0.04424778761061947,0.07142857142857142,0.2,41,27,8,12,8
test_04043,primera_exact,0.5531914893617021,0.4642857142857143,0.5048543689320388,0.33766233766233766,0.625,0.4166666666666667,0.5,0.3333333333333333,0.6666666666666666,0.2857142857142857,0.4,0.25,0.42857142857142855,0.2,0.27272727272727276,0.15789473684210525,0.5714285714285714,0.26666666666666666,0.36363636363636365,0.7142857142857143,0.7142857142857143,0.7142857142857143,0.2857142857142857,0.28,0.2,0.15789473684210525,0.2857142857142857,1.0,0.4,47,8,7,12,7
test_04043,primera_sentence,0.5531914893617021,0.4642857142857143,0.5048543689320388,0.33766233766233766,0.625,0.4166666666666667,0.5,0.3333333333333333,0.6666666666666666,0.2857142857142857,0.4,0.25,0.42857142857142855,0.2,0.27272727272727276,0.15789473684210525,0.5714285714285714,0.26666666666666666,0.36363636363636365,0.7142857142857143,0.7142857142857143,0.7142857142857143,0.2857142857142857,0.28,0.2,0.15789473684210525,0.2857142857142857,1.0,0.4,47,8,7,12,7
test_04091,primera_exact,0.8333333333333334,0.056818181818181816,0.10638297872340426,0.056179775280898875,0.8666666666666667,0.12149532710280374,0.21311475409836067,0.11926605504587157,1.0,0.02702702702702703,0.052631578947368425,0.02702702702702703,0.5,0.009900990099009901,0.019417475728155338,0.00980392156862745,0.5,0.009900990099009901,0.019417475728155338,1.0,1.0,1.0,0.0,0.022556390977443608,0.009900990099009901,0.00980392156862745,0.02702702702702703,0.05128205128205128,0.1,24,15,2,4,2
test_04091,primera_sentence,0.8333333333333334,0.056818181818181816,0.10638297872340426,0.056179775280898875,0.8666666666666667,0.12149532710280374,0.21311475409836067,0.11926605504587157,1.0,0.02702702702702703,0.052631578947368425,0.02702702702702703,0.5,0.009900990099009901,0.019417475728155338,0.00980392156862745,0.5,0.009900990099009901,0.019417475728155338,1.0,1.0,1.0,0.0,0.022556390977443608,0.009900990099009901,0.00980392156862745,0.02702702702702703,0.05128205128205128,0.1,24,15,2,4,2
test_04096,primera_exact,0.5483870967741935,0.1511111111111111,0.2369337979094077,0.13438735177865613,0.6428571428571429,0.20930232558139536,0.31578947368421056,0.1875,1.0,0.02857142857142857,0.05555555555555556,0.02857142857142857,0.0,0.0,0.0,0.0,0.0,0.0,0.0,0.0,1.0,0.0,1.0,0.0,0.0,0.0,0.02857142857142857,0.16666666666666666,0.0,62,14,1,2,1
test_04096,primera_sentence,0.5483870967741935,0.1511111111111111,0.2369337979094077,0.13438735177865613,0.6428571428571429,0.20930232558139536,0.31578947368421056,0.1875,1.0,0.02857142857142857,0.05555555555555556,0.02857142857142857,0.0,0.0,0.0,0.0,0.0,0.0,0.0,0.0,1.0,0.0,1.0,0.0,0.0,0.0,0.02857142857142857,0.16666666666666666,0.0,62,14,1,2,1
test_04118,primera_exact,0.7333333333333333,0.011689691817215728,0.023012552301255228,0.01164021164021164,0.6666666666666666,0.018292682926829267,0.03560830860534124,0.01812688821752266,0.3333333333333333,0.0056179775280898875,0.011049723756906077,0.005555555555555556,0.3333333333333333,0.003816793893129771,0.007547169811320754,0.003787878787878788,0.3333333333333333,0.003816793893129771,0.007547169811320754,0.3333333333333333,0.3333333333333333,0.3333333333333333,0.6666666666666667,0.009146341463414634,0.003816793893129771,0.003787878787878788,0.0056179775280898875,0.022727272727272728,0.2,15,9,3,5,3
test_04118,primera_sentence,0.6666666666666666,0.008501594048884165,0.016789087093389294,0.008465608465608466,0.6666666666666666,0.018292682926829267,0.03560830860534124,0.01812688821752266,0.3333333333333333,0.0056179775280898875,0.011049723756906077,0.005555555555555556,0.3333333333333333,0.003816793893129771,0.007547169811320754,0.003787878787878788,0.3333333333333333,0.003816793893129771,0.007547169811320754,0.3333333333333333,0.3333333333333333,0.3333333333333333,0.6666666666666667,0.009146341463414634,0.003816793893129771,0.003787878787878788,0.0056179775280898875,0.022727272727272728,0.2,12,9,3,5,3
test_04121,primera_exact,0.7428571428571429,0.09219858156028368,0.16403785488958988,0.08934707903780069,0.8181818181818182,0.226890756302521,0.3552631578947369,0.216,0.8333333333333334,0.1111111111111111,0.19607843137254902,0.10869565217391304,0.5714285714285714,0.08,0.14035087719298248,0.07547169811320754,0.7142857142857143,0.1,0.1754385964912281,0.8571428571428571,0.8571428571428571,0.8571428571428571,0.1428571428571429,0.08536585365853659,0.08,0.07547169811320754,0.1111111111111111,0.7142857142857143,0.2,35,33,7,11,7
test_04121,primera_sentence,0.7428571428571429,0.09219858156028368,0.16403785488958988,0.08934707903780069,0.8181818181818182,0.226890756302521,0.3552631578947369,0.216,0.8333333333333334,0.1111111111111111,0.19607843137254902,0.10869565217391304,0.5714285714285714,0.08,0.14035087719298248,0.07547169811320754,0.7142857142857143,0.1,0.1754385964912281,0.8571428571428571,0.8571428571428571,0.8571428571428571,0.1428571428571429,0.08536585365853659,0.08,0.07547169811320754,0.1111111111111111,0.7142857142857143,0.2,35,33,7,11,7
test_04123,primera_exact,0.875,0.15,0.25609756097560976,0.14685314685314685,1.0,0.18604651162790697,0.3137254901960785,0.18604651162790697,0.5,0.05405405405405406,0.0975609756097561,0.05128205128205128,0.5,0.046511627906976744,0.0851063829787234,0.044444444444444446,0.5,0.046511627906976744,0.0851063829787234,0.5,0.5,0.5,0.5,0.05714285714285714,0.046511627906976744,0.044444444444444446,0.05405405405405406,0.3333333333333333,0.0,24,16,4,8,4
test_04123,primera_sentence,0.8636363636363636,0.1357142857142857,0.23456790123456792,0.13286713286713286,1.0,0.1744186046511628,0.297029702970297,0.1744186046511628,0.5,0.05405405405405406,0.0975609756097561,0.05128205128205128,0.5,0.046511627906976744,0.0851063829787234,0.044444444444444446,0.5,0.046511627906976744,0.0851063829787234,0.5,0.5,0.5,0.5,0.05714285714285714,0.046511627906976744,0.044444444444444446,0.05405405405405406,0.3333333333333333,0.0,22,15,4,8,4
test_04131,primera_exact,0.8857142857142857,0.10299003322259136,0.1845238095238095,0.10163934426229508,0.875,0.14893617021276595,0.25454545454545446,0.14583333333333334,0.7142857142857143,0.14705882352941177,0.24390243902439024,0.1388888888888889,0.5714285714285714,0.07692307692307693,0.13559322033898308,0.07272727272727272,0.7142857142857143,0.09615384615384616,0.16949152542372883,0.7142857142857143,0.7142857142857143,0.7142857142857143,0.2857142857142857,0.07692307692307693,0.07692307692307693,0.07272727272727272,0.14705882352941177,0.2222222222222222,0.2,35,16,7,10,7
test_04131,primera_sentence,0.8857142857142857,0.10299003322259136,0.1845238095238095,0.10163934426229508,0.875,0.14893617021276595,0.25454545454545446,0.14583333333333334,0.7142857142857143,0.14705882352941177,0.24390243902439024,0.1388888888888889,0.5714285714285714,0.07692307692307693,0.13559322033898308,0.07272727272727272,0.7142857142857143,0.09615384615384616,0.16949152542372883,0.7142857142857143,0.7142857142857143,0.7142857142857143,0.2857142857142857,0.07692307692307693,0.07692307692307693,0.07272727272727272,0.14705882352941177,0.2222222222222222,0.2,35,16,7,10,7
test_04180,primera_exact,0.7619047619047619,0.16161616161616163,0.26666666666666666,0.15384615384615385,0.6521739130434783,0.2459016393442623,0.3571428571428571,0.21739130434782608,0.0,0.0,0.0,0.0,0.0,0.0,0.0,0.0,0.0,0.0,0.0,0.0,0.0,0.0,1.0,0.043478260869565216,0.0,0.0,0.0,0.15384615384615385,0.0,21,23,2,4,2
test_04180,primera_sentence,0.7619047619047619,0.16161616161616163,0.26666666666666666,0.15384615384615385,0.6521739130434783,0.2459016393442623,0.3571428571428571,0.21739130434782608,0.0,0.0,0.0,0.0,0.0,0.0,0.0,0.0,0.0,0.0,0.0,0.0,0.0,0.0,1.0,0.043478260869565216,0.0,0.0,0.0,0.15384615384615385,0.0,21,23,2,4,2
test_04183,primera_exact,0.75,0.1267605633802817,0.21686746987951805,0.12162162162162163,0.6666666666666666,0.22535211267605634,0.3368421052631579,0.20253164556962025,0.6,0.08333333333333333,0.14634146341463414,0.07894736842105263,0.4,0.046511627906976744,0.08333333333333333,0.043478260869565216,0.4,0.046511627906976744,0.08333333333333333,0.4,0.6,0.4,0.6,0.07246376811594203,0.046511627906976744,0.043478260869565216,0.08333333333333333,0.5,0.2,36,24,5,9,5
test_04183,primera_sentence,0.75,0.1267605633802817,0.21686746987951805,0.12162162162162163,0.6666666666666666,0.22535211267605634,0.3368421052631579,0.20253164556962025,0.6,0.08333333333333333,0.14634146341463414,0.07894736842105263,0.4,0.046511627906976744,0.08333333333333333,0.043478260869565216,0.4,0.046511627906976744,0.08333333333333333,0.4,0.6,0.4,0.6,0.07246376811594203,0.046511627906976744,0.043478260869565216,0.08333333333333333,0.5,0.2,36,24,5,9,5
test_04193,primera_exact,0.5526315789473685,0.23076923076923078,0.32558139534883723,0.19444444444444445,0.6153846153846154,0.25396825396825395,0.3595505617977528,0.2191780821917808,0.0,0.0,0.0,0.0,0.0,0.0,0.0,0.0,0.0,0.0,0.0,0.0,0.0,0.0,1.0,0.0,0.0,0.0,0.0,0.5,0.0,38,26,3,6,3
test_04193,primera_sentence,0.5526315789473685,0.23076923076923078,0.32558139534883723,0.19444444444444445,0.6153846153846154,0.25396825396825395,0.3595505617977528,0.2191780821917808,0.0,0.0,0.0,0.0,0.0,0.0,0.0,0.0,0.0,0.0,0.0,0.0,0.0,0.0,1.0,0.0,0.0,0.0,0.0,0.5,0.0,38,26,3,6,3
test_04194,primera_exact,0.6060606060606061,0.06289308176100629,0.11396011396011395,0.06042296072507553,0.625,0.07575757575757576,0.13513513513513511,0.07246376811594203,1.0,0.04411764705882353,0.08450704225352113,0.04411764705882353,0.25,0.010638297872340425,0.02040816326530612,0.010309278350515464,0.25,0.010638297872340425,0.02040816326530612,0.75,0.5,0.25,0.75,0.023255813953488372,0.010638297872340425,0.010309278350515464,0.04411764705882353,0.10714285714285714,0.1,33,16,4,7,4
test_04194,primera_sentence,0.6060606060606061,0.06289308176100629,0.11396011396011395,0.06042296072507553,0.625,0.07575757575757576,0.13513513513513511,0.07246376811594203,1.0,0.04411764705882353,0.08450704225352113,0.04411764705882353,0.25,0.010638297872340425,0.02040816326530612,0.010309278350515464,0.25,0.010638297872340425,0.02040816326530612,0.75,0.5,0.25,0.75,0.023255813953488372,0.010638297872340425,0.010309278350515464,0.04411764705882353,0.10714285714285714,0.1,33,16,4,7,4
test_04209,primera_exact,0.6764705882352942,0.13690476190476192,0.22772277227722776,0.12849162011173185,0.5238095238095238,0.2,0.2894736842105263,0.16923076923076924,0.0,0.0,0.0,0.0,0.0,0.0,0.0,0.0,0.0,0.0,0.0,0.0,0.0,0.0,1.0,0.0,0.0,0.0,0.0,0.6,0.0,34,21,3,5,3
test_04209,primera_sentence,0.6764705882352942,0.13690476190476192,0.22772277227722776,0.12849162011173185,0.5238095238095238,0.2,0.2894736842105263,0.16923076923076924,0.0,0.0,0.0,0.0,0.0,0.0,0.0,0.0,0.0,0.0,0.0,0.0,0.0,0.0,1.0,0.0,0.0,0.0,0.0,0.6,0.0,34,21,3,5,3
test_04236,primera_exact,0.625,0.13157894736842105,0.21739130434782608,0.12195121951219512,0.7142857142857143,0.14084507042253522,0.23529411764705882,0.13333333333333333,1.0,0.12195121951219512,0.21739130434782605,0.12195121951219512,0.2,0.02,0.03636363636363636,0.018518518518518517,0.6,0.06,0.1090909090909091,0.4,0.6,0.4,0.6,0.07692307692307693,0.02,0.018518518518518517,0.12195121951219512,0.23529411764705882,0.1,24,14,5,8,5
test_04236,primera_sentence,0.625,0.13157894736842105,0.21739130434782608,0.12195121951219512,0.7142857142857143,0.14084507042253522,0.23529411764705882,0.13333333333333333,1.0,0.12195121951219512,0.21739130434782605,0.12195121951219512,0.2,0.02,0.03636363636363636,0.018518518518518517,0.6,0.06,0.1090909090909091,0.4,0.6,0.4,0.6,0.07692307692307693,0.02,0.018518518518518517,0.12195121951219512,0.23529411764705882,0.1,24,14,5,8,5
test_04238,primera_exact,0.22641509433962265,0.1,0.13872832369942195,0.07453416149068323,0.3055555555555556,0.2391304347826087,0.2682926829268293,0.15492957746478872,0.6666666666666666,0.08333333333333333,0.14814814814814814,0.08,0.0,0.0,0.0,0.0,0.3333333333333333,0.030303030303030304,0.05555555555555555,0.6666666666666666,0.6666666666666666,0.6666666666666666,0.33333333333333337,0.020833333333333332,0.0,0.0,0.08333333333333333,0.3,0.0,53,36,3,5,3
test_04238,primera_sentence,0.22641509433962265,0.1,0.13872832369942195,0.07453416149068323,0.3055555555555556,0.2391304347826087,0.2682926829268293,0.15492957746478872,0.6666666666666666,0.08333333333333333,0.14814814814814814,0.08,0.0,0.0,0.0,0.0,0.3333333333333333,0.030303030303030304,0.05555555555555555,0.6666666666666666,0.6666666666666666,0.6666666666666666,0.33333333333333337,0.020833333333333332,0.0,0.0,0.08333333333333333,0.3,0.0,53,36,3,5,3
test_04253,primera_exact,1.0,0.007217321571772253,0.014331210191082801,0.007217321571772253,1.0,0.012165450121654502,0.024038461538461536,0.012165450121654502,1.0,0.013422818791946308,0.026490066225165563,0.013422818791946308,0.5,0.0033333333333333335,0.006622516556291392,0.0033222591362126247,0.5,0.0033333333333333335,0.006622516556291392,1.0,0.5,0.5,0.5,0.006880733944954129,0.0033333333333333335,0.0033222591362126247,0.013422818791946308,0.021052631578947368,0.2,9,5,2,4,2
test_04253,primera_sentence,1.0,0.0024057738572574178,0.0048000000000000004,0.0024057738572574178,1.0,0.0072992700729927005,0.014492753623188404,0.0072992700729927005,1.0,0.006711409395973154,0.013333333333333332,0.006711409395973154,1.0,0.0033333333333333335,0.006644518272425249,0.0033333333333333335,1.0,0.0033333333333333335,0.006644518272425249,1.0,1.0,1.0,0.0,0.0045871559633027525,0.0033333333333333335,0.0033333333333333335,0.006711409395973154,0.021052631578947368,0.1,3,3,1,2,1
test_04258,primera_exact,0.5846153846153846,0.15767634854771784,0.24836601307189543,0.1417910447761194,0.6111111111111112,0.2018348623853211,0.30344827586206896,0.17886178861788618,0.5714285714285714,0.1,0.1702127659574468,0.09302325581395349,0.0,0.0,0.0,0.0,0.0,0.0,0.0,0.09090909090909091,0.2727272727272727,0.09090909090909091,0.9090909090909091,0.0410958904109589,0.0,0.0,0.1,1.0,0.1,65,36,11,16,11
test_04258,primera_sentence,0.5846153846153846,0.15767634854771784,0.24836601307189543,0.1417910447761194,0.6111111111111112,0.2018348623853211,0.30344827586206896,0.17886178861788618,0.5714285714285714,0.1,0.1702127659574468,0.09302325581395349,0.0,0.0,0.0,0.0,0.0,0.0,0.0,0.09090909090909091,0.2727272727272727,0.09090909090909091,0.9090909090909091,0.0410958904109589,0.0,0.0,0.1,1.0,0.1,65,36,11,16,11
test_04260,primera_exact,0.7857142857142857,0.19879518072289157,0.31730769230769235,0.18857142857142858,0.7777777777777778,0.2413793103448276,0.368421052631579,0.22580645161290322,0.7142857142857143,0.3125,0.43478260869565216,0.2777777777777778,0.5714285714285714,0.2,0.29629629629629634,0.17391304347826086,0.5714285714285714,0.2,0.29629629629629634,0.7142857142857143,0.7142857142857143,0.7142857142857143,0.2857142857142857,0.23529411764705882,0.2,0.17391304347826086,0.3125,0.4,0.2,42,9,7,14,7
test_04260,primera_sentence,0.7857142857142857,0.19879518072289157,0.31730769230769235,0.18857142857142858,0.7777777777777778,0.2413793103448276,0.368421052631579,0.22580645161290322,0.7142857142857143,0.3125,0.43478260869565216,0.2777777777777778,0.5714285714285714,0.2,0.29629629629629634,0.17391304347826086,0.5714285714285714,0.2,0.29629629629629634,0.7142857142857143,0.7142857142857143,0.7142857142857143,0.2857142857142857,0.23529411764705882,0.2,0.17391304347826086,0.3125,0.4,0.2,42,9,7,14,7
test_04269,primera_exact,0.9,0.13366336633663367,0.2327586206896552,0.13170731707317074,0.8461538461538461,0.28205128205128205,0.4230769230769231,0.2682926829268293,1.0,0.06666666666666667,0.125,0.06666666666666667,0.3333333333333333,0.024390243902439025,0.04545454545454545,0.023255813953488372,1.0,0.07317073170731707,0.13636363636363635,1.0,1.0,1.0,0.0,0.06153846153846154,0.024390243902439025,0.023255813953488372,0.06666666666666667,0.5,0.0,30,26,3,5,3
test_04269,primera_sentence,0.9,0.13366336633663367,0.2327586206896552,0.13170731707317074,0.8461538461538461,0.28205128205128205,0.4230769230769231,0.2682926829268293,1.0,0.06666666666666667,0.125,0.06666666666666667,0.3333333333333333,0.024390243902439025,0.04545454545454545,0.023255813953488372,1.0,0.07317073170731707,0.13636363636363635,1.0,1.0,1.0,0.0,0.06153846153846154,0.024390243902439025,0.023255813953488372,0.06666666666666667,0.5,0.0,30,26,3,5,3
test_04305,primera_exact,0.29411764705882354,0.08928571428571429,0.136986301369863,0.07352941176470588,0.5,0.21428571428571427,0.3,0.17647058823529413,0.16666666666666666,0.06666666666666667,0.09523809523809522,0.05,0.0,0.0,0.0,0.0,0.0,0.0,0.0,0.16666666666666666,0.16666666666666666,0.16666666666666666,0.8333333333333334,0.02857142857142857,0.0,0.0,0.06666666666666667,0.23076923076923078,0.1,34,18,6,11,6
test_04305,primera_sentence,0.29411764705882354,0.08928571428571429,0.136986301369863,0.07352941176470588,0.5,0.21428571428571427,0.3,0.17647058823529413,0.16666666666666666,0.06666666666666667,0.09523809523809522,0.05,0.0,0.0,0.0,0.0,0.0,0.0,0.0,0.16666666666666666,0.16666666666666666,0.16666666666666666,0.8333333333333334,0.02857142857142857,0.0,0.0,0.06666666666666667,0.23076923076923078,0.1,34,18,6,11,6
test_04312,primera_exact,0.5483870967741935,0.09941520467836257,0.16831683168316833,0.0918918918918919,0.7272727272727273,0.17391304347826086,0.2807017543859649,0.16326530612244897,0.5,0.05714285714285714,0.10256410256410256,0.05405405405405406,0.25,0.021739130434782608,0.04,0.02040816326530612,0.25,0.021739130434782608,0.04,0.25,0.5,0.25,0.75,0.06153846153846154,0.021739130434782608,0.02040816326530612,0.05714285714285714,0.2222222222222222,0.2,31,11,4,8,4
test_04312,primera_sentence,0.5483870967741935,0.09941520467836257,0.16831683168316833,0.0918918918918919,0.7272727272727273,0.17391304347826086,0.2807017543859649,0.16326530612244897,0.5,0.05714285714285714,0.10256410256410256,0.05405405405405406,0.25,0.021739130434782608,0.04,0.02040816326530612,0.25,0.021739130434782608,0.04,0.25,0.5,0.25,0.75,0.06153846153846154,0.021739130434782608,0.02040816326530612,0.05714285714285714,0.2222222222222222,0.2,31,11,4,8,4
test_04333,primera_exact,0.7428571428571429,0.17218543046357615,0.27956989247311825,0.1625,1.0,0.3409090909090909,0.5084745762711864,0.3409090909090909,0.8,0.18181818181818182,0.2962962962962963,0.17391304347826086,0.6666666666666666,0.16,0.25806451612903225,0.14814814814814814,0.8333333333333334,0.2,0.3225806451612903,0.8333333333333334,0.8333333333333334,0.8333333333333334,0.16666666666666663,0.17142857142857143,0.16,0.14814814814814814,0.18181818181818182,0.6,0.1,35,15,6,8,6
test_04333,primera_sentence,0.7428571428571429,0.17218543046357615,0.27956989247311825,0.1625,1.0,0.3409090909090909,0.5084745762711864,0.3409090909090909,0.8,0.18181818181818182,0.2962962962962963,0.17391304347826086,0.6666666666666666,0.16,0.25806451612903225,0.14814814814814814,0.8333333333333334,0.2,0.3225806451612903,0.8333333333333334,0.8333333333333334,0.8333333333333334,0.16666666666666663,0.17142857142857143,0.16,0.14814814814814814,0.18181818181818182,0.6,0.1,35,15,6,8,6
test_04342,primera_exact,0.8285714285714286,0.10507246376811594,0.1864951768488746,0.10283687943262411,0.90625,0.18238993710691823,0.3036649214659686,0.17901234567901234,1.0,0.05128205128205128,0.09756097560975609,0.05128205128205128,0.5,0.017241379310344827,0.03333333333333333,0.01694915254237288,1.0,0.034482758620689655,0.06666666666666667,1.0,0.5,0.5,0.5,0.03571428571428571,0.017241379310344827,0.01694915254237288,0.05128205128205128,0.08,0.0,35,32,2,4,2
test_04342,primera_sentence,0.8285714285714286,0.10507246376811594,0.1864951768488746,0.10283687943262411,0.90625,0.18238993710691823,0.3036649214659686,0.17901234567901234,1.0,0.05128205128205128,0.09756097560975609,0.05128205128205128,0.5,0.017241379310344827,0.03333333333333333,0.01694915254237288,1.0,0.034482758620689655,0.06666666666666667,1.0,0.5,0.5,0.5,0.03571428571428571,0.017241379310344827,0.01694915254237288,0.05128205128205128,0.08,0.0,35,32,2,4,2
test_04351,primera_exact,0.8409090909090909,0.21022727272727273,0.33636363636363636,0.20218579234972678,0.8421052631578947,0.21052631578947367,0.3368421052631579,0.20253164556962025,1.0,0.10526315789473684,0.1904761904761905,0.10526315789473684,0.5,0.0425531914893617,0.0784313725490196,0.04081632653061224,0.5,0.0425531914893617,0.0784313725490196,0.75,0.75,0.5,0.5,0.057971014492753624,0.0425531914893617,0.04081632653061224,0.10526315789473684,0.16666666666666666,0.1,44,19,4,8,4
test_04351,primera_sentence,0.8409090909090909,0.21022727272727273,0.33636363636363636,0.20218579234972678,0.8421052631578947,0.21052631578947367,0.3368421052631579,0.20253164556962025,1.0,0.10526315789473684,0.1904761904761905,0.10526315789473684,0.5,0.0425531914893617,0.0784313725490196,0.04081632653061224,0.5,0.0425531914893617,0.0784313725490196,0.75,0.75,0.5,0.5,0.057971014492753624,0.0425531914893617,0.04081632653061224,0.10526315789473684,0.16666666666666666,0.1,44,19,4,8,4
test_04352,primera_exact,0.5882352941176471,0.06472491909385113,0.11661807580174927,0.06191950464396285,0.6896551724137931,0.11363636363636363,0.1951219512195122,0.10810810810810811,0.3333333333333333,0.058823529411764705,0.1,0.05263157894736842,0.0,0.0,0.0,0.0,0.0,0.0,0.0,0.25,0.4166666666666667,0.16666666666666666,0.8333333333333334,0.042735042735042736,0.0,0.0,0.058823529411764705,0.26666666666666666,0.0,34,29,12,18,12
test_04352,primera_sentence,0.5882352941176471,0.06472491909385113,0.11661807580174927,0.06191950464396285,0.6896551724137931,0.11363636363636363,0.1951219512195122,0.10810810810810811,0.3333333333333333,0.058823529411764705,0.1,0.05263157894736842,0.0,0.0,0.0,0.0,0.0,0.0,0.0,0.25,0.4166666666666667,0.16666666666666666,0.8333333333333334,0.042735042735042736,0.0,0.0,0.058823529411764705,0.26666666666666666,0.0,34,29,12,18,12
test_04369,primera_exact,0.75,0.096,0.17021276595744683,0.09302325581395349,0.8666666666666667,0.14285714285714285,0.24528301886792456,0.13978494623655913,0.6666666666666666,0.06896551724137931,0.125,0.06666666666666667,0.25,0.023809523809523808,0.04347826086956521,0.022222222222222223,0.25,0.023809523809523808,0.04347826086956521,0.25,0.5,0.25,0.75,0.05454545454545454,0.023809523809523808,0.022222222222222223,0.06896551724137931,0.3,0.2,16,15,4,7,4
test_04369,primera_sentence,0.75,0.096,0.17021276595744683,0.09302325581395349,0.8666666666666667,0.14285714285714285,0.24528301886792456,0.13978494623655913,0.6666666666666666,0.06896551724137931,0.125,0.06666666666666667,0.25,0.023809523809523808,0.04347826086956521,0.022222222222222223,0.25,0.023809523809523808,0.04347826086956521,0.25,0.5,0.25,0.75,0.05454545454545454,0.023809523809523808,0.022222222222222223,0.06896551724137931,0.3,0.2,16,15,4,7,4
test_04371,primera_exact,0.5581395348837209,0.1702127659574468,0.2608695652173913,0.15,0.32,0.0898876404494382,0.14035087719298245,0.07547169811320754,0.5714285714285714,0.1111111111111111,0.18604651162790697,0.10256410256410256,0.1,0.02,0.03333333333333333,0.01694915254237288,0.1,0.02,0.03333333333333333,0.5,0.6,0.4,0.6,0.0821917808219178,0.02,0.01694915254237288,0.1111111111111111,0.2727272727272727,0.2,43,25,10,17,10
test_04371,primera_sentence,0.5581395348837209,0.1702127659574468,0.2608695652173913,0.15,0.32,0.0898876404494382,0.14035087719298245,0.07547169811320754,0.5714285714285714,0.1111111111111111,0.18604651162790697,0.10256410256410256,0.1,0.02,0.03333333333333333,0.01694915254237288,0.1,0.02,0.03333333333333333,0.5,0.6,0.4,0.6,0.0821917808219178,0.02,0.01694915254237288,0.1111111111111111,0.2727272727272727,0.2,43,25,10,17,10
test_04385,primera_exact,0.375,0.015410958904109588,0.029605263157894735,0.015025041736227046,0.5454545454545454,0.041379310344827586,0.07692307692307693,0.04,0.0,0.0,0.0,0.0,0.0,0.0,0.0,0.0,0.0,0.0,0.0,0.0,0.0,0.0,1.0,0.009259259259259259,0.0,0.0,0.0,0.13043478260869565,0.1,24,11,5,8,5
test_04385,primera_sentence,0.4,0.0136986301369863,0.026490066225165563,0.013422818791946308,0.5454545454545454,0.041379310344827586,0.07692307692307693,0.04,0.0,0.0,0.0,0.0,0.0,0.0,0.0,0.0,0.0,0.0,0.0,0.0,0.0,0.0,1.0,0.004629629629629629,0.0,0.0,0.0,0.13043478260869565,0.0,20,11,3,5,3
test_04387,primera_exact,0.8421052631578947,0.1391304347826087,0.23880597014925373,0.13559322033898305,0.75,0.15254237288135594,0.2535211267605634,0.14516129032258066,0.6666666666666666,0.14814814814814814,0.24242424242424243,0.13793103448275862,0.5,0.075,0.13043478260869565,0.06976744186046512,0.5,0.075,0.13043478260869565,0.6666666666666666,0.5,0.5,0.5,0.1509433962264151,0.075,0.06976744186046512,0.14814814814814814,0.375,0.3,19,12,6,11,6
test_04387,primera_sentence,0.8421052631578947,0.1391304347826087,0.23880597014925373,0.13559322033898305,0.75,0.15254237288135594,0.2535211267605634,0.14516129032258066,0.6666666666666666,0.14814814814814814,0.24242424242424243,0.13793103448275862,0.5,0.075,0.13043478260869565,0.06976744186046512,0.5,0.075,0.13043478260869565,0.6666666666666666,0.5,0.5,0.5,0.1509433962264151,0.075,0.06976744186046512,0.14814814814814814,0.375,0.3,19,12,6,11,6
test_04389,primera_exact,0.7837837837837838,0.3493975903614458,0.4833333333333334,0.31868131868131866,0.9375,0.38461538461538464,0.5454545454545454,0.375,1.0,0.13636363636363635,0.24000000000000002,0.13636363636363635,0.6666666666666666,0.07142857142857142,0.12903225806451613,0.06896551724137931,1.0,0.10714285714285714,0.19354838709677416,0.6666666666666666,1.0,0.6666666666666666,0.33333333333333337,0.0975609756097561,0.07142857142857142,0.06896551724137931,0.13636363636363635,0.6,0.2,37,16,3,5,3
test_04389,primera_sentence,0.7837837837837838,0.3493975903614458,0.4833333333333334,0.31868131868131866,0.9375,0.38461538461538464,0.5454545454545454,0.375,1.0,0.13636363636363635,0.24000000000000002,0.13636363636363635,0.6666666666666666,0.07142857142857142,0.12903225806451613,0.06896551724137931,1.0,0.10714285714285714,0.19354838709677416,0.6666666666666666,1.0,0.6666666666666666,0.33333333333333337,0.0975609756097561,0.07142857142857142,0.06896551724137931,0.13636363636363635,0.6,0.2,37,16,3,5,3
test_04407,primera_exact,0.5909090909090909,0.05963302752293578,0.10833333333333335,0.05726872246696035,0.7647058823529411,0.104,0.18309859154929578,0.10077519379844961,0.0,0.0,0.0,0.0,0.0,0.0,0.0,0.0,0.0,0.0,0.0,0.0,0.0,0.0,1.0,0.0,0.0,0.0,0.0,0.3333333333333333,0.0,44,17,4,6,4
test_04407,primera_sentence,0.5909090909090909,0.05963302752293578,0.10833333333333335,0.05726872246696035,0.7647058823529411,0.104,0.18309859154929578,0.10077519379844961,0.0,0.0,0.0,0.0,0.0,0.0,0.0,0.0,0.0,0.0,0.0,0.0,0.0,0.0,1.0,0.0,0.0,0.0,0.0,0.3333333333333333,0.0,44,17,4,6,4
test_04430,primera_exact,0.6956521739130435,0.08247422680412371,0.14746543778801843,0.07960199004975124,0.8571428571428571,0.15384615384615385,0.2608695652173913,0.15,0.5714285714285714,0.06451612903225806,0.11594202898550726,0.06153846153846154,0.2857142857142857,0.02631578947368421,0.04819277108433735,0.024691358024691357,0.2857142857142857,0.02631578947368421,0.04819277108433735,0.5714285714285714,0.42857142857142855,0.42857142857142855,0.5714285714285714,0.061855670103092786,0.02631578947368421,0.024691358024691357,0.06451612903225806,0.1,0.3,23,14,7,12,7
test_04430,primera_sentence,0.6956521739130435,0.08247422680412371,0.14746543778801843,0.07960199004975124,0.8571428571428571,0.15384615384615385,0.2608695652173913,0.15,0.5714285714285714,0.06451612903225806,0.11594202898550726,0.06153846153846154,0.2857142857142857,0.02631578947368421,0.04819277108433735,0.024691358024691357,0.2857142857142857,0.02631578947368421,0.04819277108433735,0.5714285714285714,0.42857142857142855,0.42857142857142855,0.5714285714285714,0.061855670103092786,0.02631578947368421,0.024691358024691357,0.06451612903225806,0.1,0.3,23,14,7,12,7
test_04441,primera_exact,0.9791666666666666,0.08867924528301886,0.16262975778546712,0.08851224105461393,1.0,0.12875536480686695,0.22813688212927757,0.12875536480686695,1.0,0.034482758620689655,0.06666666666666667,0.034482758620689655,0.5,0.012738853503184714,0.02484472049689441,0.012578616352201259,1.0,0.025477707006369428,0.04968944099378882,0.75,1.0,0.75,0.25,0.03431372549019608,0.012738853503184714,0.012578616352201259,0.034482758620689655,0.08571428571428572,0.2,48,30,4,7,4
test_04441,primera_sentence,0.9791666666666666,0.08867924528301886,0.16262975778546712,0.08851224105461393,1.0,0.12875536480686695,0.22813688212927757,0.12875536480686695,1.0,0.034482758620689655,0.06666666666666667,0.034482758620689655,0.5,0.012738853503184714,0.02484472049689441,0.012578616352201259,1.0,0.025477707006369428,0.04968944099378882,0.75,1.0,0.75,0.25,0.03431372549019608,0.012738853503184714,0.012578616352201259,0.034482758620689655,0.08571428571428572,0.2,48,30,4,7,4
test_04451,primera_exact,0.7358490566037735,0.2785714285714286,0.40414507772020725,0.2532467532467532,0.7058823529411765,0.23076923076923078,0.3478260869565218,0.21052631578947367,1.0,0.2857142857142857,0.4444444444444445,0.2857142857142857,0.5,0.125,0.2,0.1111111111111111,0.8333333333333334,0.20833333333333334,0.33333333333333337,0.8333333333333334,1.0,0.8333333333333334,0.16666666666666663,0.15,0.125,0.1111111111111111,0.2857142857142857,0.75,0.1,53,17,6,11,6
test_04451,primera_sentence,0.7358490566037735,0.2785714285714286,0.40414507772020725,0.2532467532467532,0.7058823529411765,0.23076923076923078,0.3478260869565218,0.21052631578947367,1.0,0.2857142857142857,0.4444444444444445,0.2857142857142857,0.5,0.125,0.2,0.1111111111111111,0.8333333333333334,0.20833333333333334,0.33333333333333337,0.8333333333333334,1.0,0.8333333333333334,0.16666666666666663,0.15,0.125,0.1111111111111111,0.2857142857142857,0.75,0.1,53,17,6,11,6
test_04454,primera_exact,0.9047619047619048,0.084070796460177,0.15384615384615385,0.08333333333333333,0.8333333333333334,0.12195121951219512,0.21276595744680848,0.11904761904761904,0.5,0.018518518518518517,0.03571428571428571,0.01818181818181818,0.0,0.0,0.0,0.0,0.0,0.0,0.0,0.5,0.0,0.0,1.0,0.021739130434782608,0.0,0.0,0.018518518518518517,0.06451612903225806,0.1,21,12,2,4,2
test_04454,primera_sentence,0.9047619047619048,0.084070796460177,0.15384615384615385,0.08333333333333333,0.8333333333333334,0.12195121951219512,0.21276595744680848,0.11904761904761904,0.5,0.018518518518518517,0.03571428571428571,0.01818181818181818,0.0,0.0,0.0,0.0,0.0,0.0,0.0,0.5,0.0,0.0,1.0,0.021739130434782608,0.0,0.0,0.018518518518518517,0.06451612903225806,0.1,21,12,2,4,2
test_04484,primera_exact,0.4666666666666667,0.07291666666666667,0.12612612612612614,0.0673076923076923,0.7142857142857143,0.11764705882352941,0.20202020202020202,0.11235955056179775,0.4,0.06666666666666667,0.1142857142857143,0.06060606060606061,0.0,0.0,0.0,0.0,0.0,0.0,0.0,0.2,0.4,0.0,1.0,0.0,0.0,0.0,0.06666666666666667,0.2727272727272727,0.0,30,14,5,8,5
test_04484,primera_sentence,0.4666666666666667,0.07291666666666667,0.12612612612612614,0.0673076923076923,0.7142857142857143,0.11764705882352941,0.20202020202020202,0.11235955056179775,0.4,0.06666666666666667,0.1142857142857143,0.06060606060606061,0.0,0.0,0.0,0.0,0.0,0.0,0.0,0.2,0.4,0.0,1.0,0.0,0.0,0.0,0.06666666666666667,0.2727272727272727,0.0,30,14,5,8,5
test_04499,primera_exact,0.5,0.14678899082568808,0.2269503546099291,0.128,0.5217391304347826,0.32432432432432434,0.4,0.25,0.0,0.0,0.0,0.0,0.0,0.0,0.0,0.0,0.0,0.0,0.0,0.0,0.0,0.0,1.0,0.038461538461538464,0.0,0.0,0.0,0.375,0.1,32,23,5,9,5
test_04499,primera_sentence,0.5,0.14678899082568808,0.2269503546099291,0.128,0.5217391304347826,0.32432432432432434,0.4,0.25,0.0,0.0,0.0,0.0,0.0,0.0,0.0,0.0,0.0,0.0,0.0,0.0,0.0,0.0,1.0,0.038461538461538464,0.0,0.0,0.0,0.375,0.1,32,23,5,9,5
test_04508,primera_exact,0.6153846153846154,0.0350109409190372,0.06625258799171842,0.034261241970021415,0.7,0.032407407407407406,0.06194690265486725,0.0319634703196347,0.0,0.0,0.0,0.0,0.0,0.0,0.0,0.0,0.0,0.0,0.0,0.0,0.0,0.0,1.0,0.0,0.0,0.0,0.0,0.045454545454545456,0.0,26,10,1,2,1
test_04508,primera_sentence,0.6153846153846154,0.0350109409190372,0.06625258799171842,0.034261241970021415,0.7,0.032407407407407406,0.06194690265486725,0.0319634703196347,0.0,0.0,0.0,0.0,0.0,0.0,0.0,0.0,0.0,0.0,0.0,0.0,0.0,0.0,1.0,0.0,0.0,0.0,0.0,0.045454545454545456,0.0,26,10,1,2,1
test_04525,primera_exact,0.8181818181818182,0.029801324503311258,0.05750798722044728,0.029605263157894735,1.0,0.10344827586206896,0.1875,0.10344827586206896,0.75,0.03488372093023256,0.06666666666666667,0.034482758620689655,0.75,0.0234375,0.045454545454545456,0.023255813953488372,0.75,0.0234375,0.045454545454545456,0.75,0.75,0.75,0.25,0.032,0.0234375,0.023255813953488372,0.03488372093023256,0.045454545454545456,0.1,11,12,4,6,4
test_04525,primera_sentence,0.8181818181818182,0.029801324503311258,0.05750798722044728,0.029605263157894735,1.0,0.10344827586206896,0.1875,0.10344827586206896,0.75,0.03488372093023256,0.06666666666666667,0.034482758620689655,0.75,0.0234375,0.045454545454545456,0.023255813953488372,0.75,0.0234375,0.045454545454545456,0.75,0.75,0.75,0.25,0.032,0.0234375,0.023255813953488372,0.03488372093023256,0.045454545454545456,0.1,11,12,4,6,4
test_04528,primera_exact,0.7142857142857143,0.10245901639344263,0.17921146953405018,0.0984251968503937,0.8947368421052632,0.15454545454545454,0.26356589147286824,0.15178571428571427,0.5,0.05263157894736842,0.09523809523809525,0.05,0.16666666666666666,0.013333333333333334,0.02469135802469136,0.0125,0.5,0.04,0.07407407407407407,0.3333333333333333,0.5,0.3333333333333333,0.6666666666666667,0.037037037037037035,0.013333333333333334,0.0125,0.05263157894736842,0.4444444444444444,0.0,35,19,6,10,6
test_04528,primera_sentence,0.7142857142857143,0.10245901639344263,0.17921146953405018,0.0984251968503937,0.8947368421052632,0.15454545454545454,0.26356589147286824,0.15178571428571427,0.5,0.05263157894736842,0.09523809523809525,0.05,0.16666666666666666,0.013333333333333334,0.02469135802469136,0.0125,0.5,0.04,0.07407407407407407,0.3333333333333333,0.5,0.3333333333333333,0.6666666666666667,0.037037037037037035,0.013333333333333334,0.0125,0.05263157894736842,0.4444444444444444,0.0,35,19,6,10,6
test_04546,primera_exact,0.75,0.23529411764705882,0.3582089552238805,0.21818181818181817,0.8333333333333334,0.19230769230769232,0.3125,0.18518518518518517,1.0,0.2,0.33333333333333337,0.2,0.6666666666666666,0.10256410256410256,0.17777777777777778,0.0975609756097561,0.8333333333333334,0.1282051282051282,0.2222222222222222,0.6666666666666666,1.0,0.6666666666666666,0.33333333333333337,0.13333333333333333,0.10256410256410256,0.0975609756097561,0.2,0.3333333333333333,0.2,32,12,6,11,6
test_04546,primera_sentence,0.75,0.23529411764705882,0.3582089552238805,0.21818181818181817,0.8333333333333334,0.19230769230769232,0.3125,0.18518518518518517,1.0,0.2,0.33333333333333337,0.2,0.6666666666666666,0.10256410256410256,0.17777777777777778,0.0975609756097561,0.8333333333333334,0.1282051282051282,0.2222222222222222,0.6666666666666666,1.0,0.6666666666666666,0.33333333333333337,0.13333333333333333,0.10256410256410256,0.0975609756097561,0.2,0.3333333333333333,0.2,32,12,6,11,6
test_04557,primera_exact,0.7878787878787878,0.2826086956521739,0.41600000000000004,0.26262626262626265,0.7,0.32558139534883723,0.44444444444444453,0.2857142857142857,0.8571428571428571,0.1935483870967742,0.3157894736842105,0.1875,0.42857142857142855,0.08333333333333333,0.13953488372093023,0.075,0.42857142857142855,0.08333333333333333,0.13953488372093023,0.8571428571428571,0.7142857142857143,0.7142857142857143,0.2857142857142857,0.14285714285714285,0.08333333333333333,0.075,0.1935483870967742,0.5,0.3,33,20,7,12,7
test_04557,primera_sentence,0.7878787878787878,0.2826086956521739,0.41600000000000004,0.26262626262626265,0.7,0.32558139534883723,0.44444444444444453,0.2857142857142857,0.8571428571428571,0.1935483870967742,0.3157894736842105,0.1875,0.42857142857142855,0.08333333333333333,0.13953488372093023,0.075,0.42857142857142855,0.08333333333333333,0.13953488372093023,0.8571428571428571,0.7142857142857143,0.7142857142857143,0.2857142857142857,0.14285714285714285,0.08333333333333333,0.075,0.1935483870967742,0.5,0.3,33,20,7,12,7
test_04571,primera_exact,0.5333333333333333,0.14457831325301204,0.22748815165876773,0.12834224598930483,0.6666666666666666,0.16666666666666666,0.26666666666666666,0.15384615384615385,0.14285714285714285,0.03571428571428571,0.05714285714285715,0.029411764705882353,0.125,0.03333333333333333,0.052631578947368425,0.02702702702702703,0.125,0.03333333333333333,0.052631578947368425,0.125,0.125,0.125,0.875,0.058823529411764705,0.03333333333333333,0.02702702702702703,0.03571428571428571,0.6666666666666666,0.1,45,15,8,14,8
test_04571,primera_sentence,0.5333333333333333,0.14457831325301204,0.22748815165876773,0.12834224598930483,0.6666666666666666,0.16666666666666666,0.26666666666666666,0.15384615384615385,0.14285714285714285,0.03571428571428571,0.05714285714285715,0.029411764705882353,0.125,0.03333333333333333,0.052631578947368425,0.02702702702702703,0.125,0.03333333333333333,0.052631578947368425,0.125,0.125,0.125,0.875,0.058823529411764705,0.03333333333333333,0.02702702702702703,0.03571428571428571,0.6666666666666666,0.1,45,15,8,14,8
test_04596,primera_exact,0.7380952380952381,0.14220183486238533,0.23846153846153847,0.13537117903930132,0.8571428571428571,0.19672131147540983,0.32000000000000006,0.19047619047619047,0.2857142857142857,0.04878048780487805,0.08333333333333334,0.043478260869565216,0.0,0.0,0.0,0.0,0.375,0.05660377358490566,0.09836065573770493,0.0,0.25,0.0,1.0,0.04285714285714286,0.0,0.0,0.04878048780487805,0.3333333333333333,0.0,42,14,8,11,8
test_04596,primera_sentence,0.7380952380952381,0.14220183486238533,0.23846153846153847,0.13537117903930132,0.8571428571428571,0.19672131147540983,0.32000000000000006,0.19047619047619047,0.2857142857142857,0.04878048780487805,0.08333333333333334,0.043478260869565216,0.0,0.0,0.0,0.0,0.375,0.05660377358490566,0.09836065573770493,0.0,0.25,0.0,1.0,0.04285714285714286,0.0,0.0,0.04878048780487805,0.3333333333333333,0.0,42,14,8,11,8
test_04604,primera_exact,0.8695652173913043,0.26490066225165565,0.40609137055837574,0.25477707006369427,0.6428571428571429,0.21951219512195122,0.32727272727272727,0.1956521739130435,0.8571428571428571,0.3,0.4444444444444444,0.2857142857142857,0.5714285714285714,0.18181818181818182,0.27586206896551724,0.16,0.8571428571428571,0.2727272727272727,0.41379310344827586,0.8571428571428571,0.8571428571428571,0.8571428571428571,0.1428571428571429,0.2222222222222222,0.18181818181818182,0.16,0.3,0.75,0.2,46,14,7,12,7
test_04604,primera_sentence,0.8695652173913043,0.26490066225165565,0.40609137055837574,0.25477707006369427,0.6428571428571429,0.21951219512195122,0.32727272727272727,0.1956521739130435,0.8571428571428571,0.3,0.4444444444444444,0.2857142857142857,0.5714285714285714,0.18181818181818182,0.27586206896551724,0.16,0.8571428571428571,0.2727272727272727,0.41379310344827586,0.8571428571428571,0.8571428571428571,0.8571428571428571,0.1428571428571429,0.2222222222222222,0.18181818181818182,0.16,0.3,0.75,0.2,46,14,7,12,7
test_04608,primera_exact,0.6226415094339622,0.25,0.3567567567567568,0.21710526315789475,0.65625,0.26582278481012656,0.37837837837837834,0.23333333333333334,0.6666666666666666,0.17391304347826086,0.27586206896551724,0.16,0.25,0.0625,0.1,0.05263157894736842,0.25,0.0625,0.1,0.375,0.75,0.25,0.75,0.125,0.0625,0.05263157894736842,0.17391304347826086,0.375,0.1,53,32,8,15,8
test_04608,primera_sentence,0.6226415094339622,0.25,0.3567567567567568,0.21710526315789475,0.65625,0.26582278481012656,0.37837837837837834,0.23333333333333334,0.6666666666666666,0.17391304347826086,0.27586206896551724,0.16,0.25,0.0625,0.1,0.05263157894736842,0.25,0.0625,0.1,0.375,0.75,0.25,0.75,0.125,0.0625,0.05263157894736842,0.17391304347826086,0.375,0.1,53,32,8,15,8
test_04619,primera_exact,0.82,0.4270833333333333,0.5616438356164383,0.3904761904761905,0.8,0.46153846153846156,0.5853658536585367,0.41379310344827586,0.7142857142857143,0.38461538461538464,0.5,0.3333333333333333,0.5,0.26666666666666666,0.3478260869565218,0.21052631578947367,0.625,0.3333333333333333,0.43478260869565216,0.75,0.75,0.75,0.25,0.36363636363636365,0.26666666666666666,0.21052631578947367,0.38461538461538464,0.42857142857142855,0.2,50,15,8,14,8
test_04619,primera_sentence,0.82,0.4270833333333333,0.5616438356164383,0.3904761904761905,0.8,0.46153846153846156,0.5853658536585367,0.41379310344827586,0.7142857142857143,0.38461538461538464,0.5,0.3333333333333333,0.5,0.26666666666666666,0.3478260869565218,0.21052631578947367,0.625,0.3333333333333333,0.43478260869565216,0.75,0.75,0.75,0.25,0.36363636363636365,0.26666666666666666,0.21052631578947367,0.38461538461538464,0.42857142857142855,0.2,50,15,8,14,8
test_04620,primera_exact,0.8333333333333334,0.10948905109489052,0.19354838709677422,0.10714285714285714,1.0,0.14864864864864866,0.25882352941176473,0.14864864864864866,1.0,0.2,0.33333333333333337,0.2,0.2857142857142857,0.03773584905660377,0.06666666666666667,0.034482758620689655,0.42857142857142855,0.05660377358490566,0.1,0.7142857142857143,1.0,0.7142857142857143,0.2857142857142857,0.10294117647058823,0.03773584905660377,0.034482758620689655,0.2,0.375,0.3,18,11,7,11,7
test_04620,primera_sentence,0.8666666666666667,0.0948905109489051,0.17105263157894737,0.09352517985611511,1.0,0.10810810810810811,0.1951219512195122,0.10810810810810811,1.0,0.14285714285714285,0.25,0.14285714285714285,0.4,0.03773584905660377,0.06896551724137931,0.03571428571428571,0.6,0.05660377358490566,0.10344827586206896,1.0,1.0,1.0,0.0,0.058823529411764705,0.03773584905660377,0.03571428571428571,0.14285714285714285,0.375,0.2,15,8,5,8,5
test_04632,primera_exact,0.68,0.05519480519480519,0.10210210210210209,0.05379746835443038,0.8,0.12121212121212122,0.2105263157894737,0.11764705882352941,0.25,0.030303030303030304,0.054054054054054064,0.027777777777777776,0.125,0.011111111111111112,0.020408163265306124,0.010309278350515464,0.125,0.011111111111111112,0.020408163265306124,0.25,0.25,0.25,0.75,0.03418803418803419,0.011111111111111112,0.010309278350515464,0.030303030303030304,0.10869565217391304,0.3,25,20,8,13,8
test_04632,primera_sentence,0.6666666666666666,0.05194805194805195,0.0963855421686747,0.05063291139240506,0.8,0.12121212121212122,0.2105263157894737,0.11764705882352941,0.2857142857142857,0.030303030303030304,0.054794520547945216,0.028169014084507043,0.14285714285714285,0.011111111111111112,0.02061855670103093,0.010416666666666666,0.14285714285714285,0.011111111111111112,0.02061855670103093,0.2857142857142857,0.2857142857142857,0.2857142857142857,0.7142857142857143,0.03418803418803419,0.011111111111111112,0.010416666666666666,0.030303030303030304,0.10869565217391304,0.3,24,20,7,11,7
test_04644,primera_exact,0.3953488372093023,0.18085106382978725,0.2481751824817518,0.14166666666666666,0.6842105263157895,0.23214285714285715,0.3466666666666667,0.20967741935483872,0.0,0.0,0.0,0.0,0.0,0.0,0.0,0.0,0.0,0.0,0.0,0.0,0.0,0.0,1.0,0.04878048780487805,0.0,0.0,0.0,0.5,0.1,43,19,3,6,3
test_04644,primera_sentence,0.3953488372093023,0.18085106382978725,0.2481751824817518,0.14166666666666666,0.6842105263157895,0.23214285714285715,0.3466666666666667,0.20967741935483872,0.0,0.0,0.0,0.0,0.0,0.0,0.0,0.0,0.0,0.0,0.0,0.0,0.0,0.0,1.0,0.04878048780487805,0.0,0.0,0.0,0.5,0.1,43,19,3,6,3
test_04646,primera_exact,0.7941176470588235,0.0967741935483871,0.17252396166134185,0.0944055944055944,0.8333333333333334,0.16129032258064516,0.27027027027027023,0.15625,0.8571428571428571,0.1276595744680851,0.2222222222222222,0.125,0.7142857142857143,0.06756756756756757,0.1234567901234568,0.06578947368421052,0.7142857142857143,0.06756756756756757,0.1234567901234568,0.7142857142857143,0.7142857142857143,0.7142857142857143,0.2857142857142857,0.0989010989010989,0.06756756756756757,0.06578947368421052,0.1276595744680851,0.2,0.3,34,18,7,13,7
test_04646,primera_sentence,0.7941176470588235,0.0967741935483871,0.17252396166134185,0.0944055944055944,0.8333333333333334,0.16129032258064516,0.27027027027027023,0.15625,0.8571428571428571,0.1276595744680851,0.2222222222222222,0.125,0.7142857142857143,0.06756756756756757,0.1234567901234568,0.06578947368421052,0.7142857142857143,0.06756756756756757,0.1234567901234568,0.7142857142857143,0.7142857142857143,0.7142857142857143,0.2857142857142857,0.0989010989010989,0.06756756756756757,0.06578947368421052,0.1276595744680851,0.2,0.3,34,18,7,13,7
test_04656,primera_exact,0.44,0.025522041763341066,0.04824561403508772,0.024719101123595506,0.7333333333333333,0.09166666666666666,0.16296296296296295,0.08870967741935484,0.5,0.031746031746031744,0.05970149253731343,0.03076923076923077,0.2,0.011363636363636364,0.021505376344086023,0.010869565217391304,0.2,0.011363636363636364,0.021505376344086023,0.6,0.2,0.2,0.8,0.03125,0.011363636363636364,0.010869565217391304,0.031746031746031744,0.16666666666666666,0.0,25,15,5,9,5
test_04656,primera_sentence,0.44,0.025522041763341066,0.04824561403508772,0.024719101123595506,0.7333333333333333,0.09166666666666666,0.16296296296296295,0.08870967741935484,0.5,0.031746031746031744,0.05970149253731343,0.03076923076923077,0.2,0.011363636363636364,0.021505376344086023,0.010869565217391304,0.2,0.011363636363636364,0.021505376344086023,0.6,0.2,0.2,0.8,0.03125,0.011363636363636364,0.010869565217391304,0.031746031746031744,0.16666666666666666,0.0,25,15,5,9,5
test_04662,primera_exact,0.7551020408163265,0.1796116504854369,0.2901960784313725,0.16972477064220184,0.7391304347826086,0.2073170731707317,0.3238095238095238,0.19318181818181818,1.0,0.12121212121212122,0.21621621621621626,0.12121212121212122,0.14285714285714285,0.023809523809523808,0.04081632653061224,0.020833333333333332,0.14285714285714285,0.023809523809523808,0.04081632653061224,0.14285714285714285,0.7142857142857143,0.14285714285714285,0.8571428571428572,0.09090909090909091,0.023809523809523808,0.020833333333333332,0.12121212121212122,0.6,0.1,49,23,7,11,7
test_04662,primera_sentence,0.7551020408163265,0.1796116504854369,0.2901960784313725,0.16972477064220184,0.7391304347826086,0.2073170731707317,0.3238095238095238,0.19318181818181818,1.0,0.12121212121212122,0.21621621621621626,0.12121212121212122,0.14285714285714285,0.023809523809523808,0.04081632653061224,0.020833333333333332,0.14285714285714285,0.023809523809523808,0.04081632653061224,0.14285714285714285,0.7142857142857143,0.14285714285714285,0.8571428571428572,0.09090909090909091,0.023809523809523808,0.020833333333333332,0.12121212121212122,0.6,0.1,49,23,7,11,7
test_04679,primera_exact,0.9375,0.08571428571428572,0.15706806282722516,0.08522727272727272,0.75,0.11688311688311688,0.20224719101123595,0.1125,1.0,0.02631578947368421,0.05128205128205127,0.02631578947368421,0.0,0.0,0.0,0.0,0.0,0.0,0.0,1.0,1.0,1.0,0.0,0.027777777777777776,0.0,0.0,0.02631578947368421,0.058823529411764705,0.1,16,12,1,2,1
test_04679,primera_sentence,0.9333333333333333,0.08,0.14736842105263157,0.07954545454545454,0.75,0.11688311688311688,0.20224719101123595,0.1125,0.0,0.0,0.0,0.0,0.0,0.0,0.0,0.0,0.0,0.0,0.0,0.0,0.0,0.0,0.0,0.0,0.0,0.0,0.0,0.0,0.0,15,12,0,0,0
test_04687,primera_exact,0.52,0.23423423423423423,0.32298136645962733,0.1925925925925926,0.6153846153846154,0.34782608695652173,0.4444444444444444,0.2857142857142857,0.6,0.125,0.20689655172413793,0.11538461538461539,0.4,0.08,0.13333333333333333,0.07142857142857142,0.4,0.08,0.13333333333333333,0.4,0.4,0.4,0.6,0.1111111111111111,0.08,0.07142857142857142,0.125,0.5,0.1,50,26,5,9,5
test_04687,primera_sentence,0.52,0.23423423423423423,0.32298136645962733,0.1925925925925926,0.6153846153846154,0.34782608695652173,0.4444444444444444,0.2857142857142857,0.6,0.125,0.20689655172413793,0.11538461538461539,0.4,0.08,0.13333333333333333,0.07142857142857142,0.4,0.08,0.13333333333333333,0.4,0.4,0.4,0.6,0.1111111111111111,0.08,0.07142857142857142,0.125,0.5,0.1,50,26,5,9,5
test_04688,primera_exact,0.75,0.14173228346456693,0.2384105960264901,0.13533834586466165,0.6363636363636364,0.19444444444444445,0.29787234042553196,0.175,0.3333333333333333,0.06896551724137931,0.1142857142857143,0.06060606060606061,0.0,0.0,0.0,0.0,0.0,0.0,0.0,0.16666666666666666,0.16666666666666666,0.16666666666666666,0.8333333333333334,0.08333333333333333,0.0,0.0,0.06896551724137931,0.375,0.2,24,11,6,10,6
test_04688,primera_sentence,0.75,0.14173228346456693,0.2384105960264901,0.13533834586466165,0.6363636363636364,0.19444444444444445,0.29787234042553196,0.175,0.3333333333333333,0.06896551724137931,0.1142857142857143,0.06060606060606061,0.0,0.0,0.0,0.0,0.0,0.0,0.0,0.16666666666666666,0.16666666666666666,0.16666666666666666,0.8333333333333334,0.08333333333333333,0.0,0.0,0.06896551724137931,0.375,0.2,24,11,6,10,6
test_04698,primera_exact,0.7678571428571429,0.2905405405405405,0.4215686274509804,0.2670807453416149,0.7307692307692307,0.2923076923076923,0.4175824175824176,0.2638888888888889,0.75,0.2571428571428571,0.3829787234042553,0.23684210526315788,0.46153846153846156,0.12244897959183673,0.1935483870967742,0.10714285714285714,0.6923076923076923,0.1836734693877551,0.2903225806451613,0.6923076923076923,0.7692307692307693,0.6923076923076923,0.3076923076923077,0.13432835820895522,0.12244897959183673,0.10714285714285714,0.2571428571428571,0.38095238095238093,0.3,56,26,13,17,13
test_04698,primera_sentence,0.7678571428571429,0.2905405405405405,0.4215686274509804,0.2670807453416149,0.7307692307692307,0.2923076923076923,0.4175824175824176,0.2638888888888889,0.75,0.2571428571428571,0.3829787234042553,0.23684210526315788,0.46153846153846156,0.12244897959183673,0.1935483870967742,0.10714285714285714,0.6923076923076923,0.1836734693877551,0.2903225806451613,0.6923076923076923,0.7692307692307693,0.6923076923076923,0.3076923076923077,0.13432835820895522,0.12244897959183673,0.10714285714285714,0.2571428571428571,0.38095238095238093,0.3,56,26,13,17,13
test_04713,primera_exact,0.8214285714285714,0.10222222222222223,0.18181818181818182,0.1,0.8823529411764706,0.16483516483516483,0.27777777777777773,0.16129032258064516,0.8,0.06557377049180328,0.12121212121212123,0.06451612903225806,0.2,0.012345679012345678,0.023255813953488372,0.011764705882352941,0.2,0.012345679012345678,0.023255813953488372,0.8,0.6,0.4,0.6,0.0380952380952381,0.012345679012345678,0.011764705882352941,0.06557377049180328,0.14705882352941177,0.0,28,17,5,7,5
test_04713,primera_sentence,0.8214285714285714,0.10222222222222223,0.18181818181818182,0.1,0.8823529411764706,0.16483516483516483,0.27777777777777773,0.16129032258064516,0.8,0.06557377049180328,0.12121212121212123,0.06451612903225806,0.2,0.012345679012345678,0.023255813953488372,0.011764705882352941,0.2,0.012345679012345678,0.023255813953488372,0.8,0.6,0.4,0.6,0.0380952380952381,0.012345679012345678,0.011764705882352941,0.06557377049180328,0.14705882352941177,0.0,28,17,5,7,5
test_04722,primera_exact,0.8260869565217391,0.06209150326797386,0.11550151975683892,0.06129032258064516,1.0,0.0603448275862069,0.11382113821138212,0.0603448275862069,0.8,0.1111111111111111,0.19512195121951217,0.10810810810810811,0.5454545454545454,0.06,0.10810810810810809,0.05714285714285714,0.5454545454545454,0.06,0.10810810810810809,0.7272727272727273,0.8181818181818182,0.7272727272727273,0.2727272727272727,0.09774436090225563,0.06,0.05714285714285714,0.1111111111111111,0.14285714285714285,0.3,23,7,11,18,11
test_04722,primera_sentence,0.8181818181818182,0.058823529411764705,0.10975609756097561,0.05806451612903226,1.0,0.0603448275862069,0.11382113821138212,0.0603448275862069,0.7777777777777778,0.09722222222222222,0.17283950617283952,0.0945945945945946,0.6,0.06,0.1090909090909091,0.057692307692307696,0.6,0.06,0.1090909090909091,0.7,0.8,0.7,0.30000000000000004,0.09022556390977443,0.06,0.057692307692307696,0.09722222222222222,0.14285714285714285,0.3,22,7,10,16,10
test_04724,primera_exact,0.56,0.028985507246376812,0.05511811023622047,0.02834008097165992,0.5714285714285714,0.06722689075630252,0.12030075187969926,0.064,0.6,0.03296703296703297,0.0625,0.03225806451612903,0.2,0.00909090909090909,0.017391304347826087,0.008771929824561403,0.6,0.02727272727272727,0.05217391304347826,0.6,0.6,0.6,0.4,0.017857142857142856,0.00909090909090909,0.008771929824561403,0.03296703296703297,0.3076923076923077,0.2,25,14,5,8,5
test_04724,primera_sentence,0.6086956521739131,0.028985507246376812,0.05533596837944663,0.028455284552845527,0.5714285714285714,0.06722689075630252,0.12030075187969926,0.064,0.75,0.03296703296703297,0.06315789473684211,0.03260869565217391,0.25,0.00909090909090909,0.017543859649122806,0.008849557522123894,0.75,0.02727272727272727,0.052631578947368425,0.75,0.75,0.75,0.25,0.017857142857142856,0.00909090909090909,0.008849557522123894,0.03296703296703297,0.3076923076923077,0.2,23,14,4,6,4
test_04731,primera_exact,0.5106382978723404,0.1256544502617801,0.20168067226890754,0.11214953271028037,0.6,0.25,0.35294117647058826,0.21428571428571427,0.3333333333333333,0.02857142857142857,0.05263157894736842,0.02702702702702703,0.0,0.0,0.0,0.0,0.0,0.0,0.0,0.0,0.3333333333333333,0.0,1.0,0.03225806451612903,0.0,0.0,0.02857142857142857,0.15384615384615385,0.1,47,20,3,6,3
test_04731,primera_sentence,0.5106382978723404,0.1256544502617801,0.20168067226890754,0.11214953271028037,0.6,0.25,0.35294117647058826,0.21428571428571427,0.3333333333333333,0.02857142857142857,0.05263157894736842,0.02702702702702703,0.0,0.0,0.0,0.0,0.0,0.0,0.0,0.0,0.3333333333333333,0.0,1.0,0.03225806451612903,0.0,0.0,0.02857142857142857,0.15384615384615385,0.1,47,20,3,6,3
test_04739,primera_exact,0.4117647058823529,0.08974358974358974,0.1473684210526316,0.07954545454545454,0.6818181818181818,0.2054794520547945,0.31578947368421045,0.1875,0.75,0.09090909090909091,0.16216216216216214,0.08823529411764706,0.0,0.0,0.0,0.0,0.16666666666666666,0.021739130434782608,0.03846153846153846,0.3333333333333333,0.8333333333333334,0.16666666666666666,0.8333333333333334,0.029850746268656716,0.0,0.0,0.09090909090909091,0.5,0.1,51,22,6,11,6
test_04739,primera_sentence,0.4117647058823529,0.08974358974358974,0.1473684210526316,0.07954545454545454,0.6818181818181818,0.2054794520547945,0.31578947368421045,0.1875,0.75,0.09090909090909091,0.16216216216216214,0.08823529411764706,0.0,0.0,0.0,0.0,0.16666666666666666,0.021739130434782608,0.03846153846153846,0.3333333333333333,0.8333333333333334,0.16666666666666666,0.8333333333333334,0.029850746268656716,0.0,0.0,0.09090909090909091,0.5,0.1,51,22,6,11,6
test_04747,primera_exact,0.918918918918919,0.10625,0.19047619047619047,0.10526315789473684,0.7037037037037037,0.19791666666666666,0.3089430894308943,0.18269230769230768,0.6666666666666666,0.09090909090909091,0.16,0.08695652173913043,0.5,0.06557377049180328,0.11594202898550726,0.06153846153846154,0.5,0.06557377049180328,0.11594202898550726,0.5,0.5,0.5,0.5,0.08045977011494253,0.06557377049180328,0.06153846153846154,0.09090909090909091,0.16666666666666666,0.1,37,27,8,15,8
test_04747,primera_sentence,0.918918918918919,0.10625,0.19047619047619047,0.10526315789473684,0.7037037037037037,0.19791666666666666,0.3089430894308943,0.18269230769230768,0.6666666666666666,0.09090909090909091,0.16,0.08695652173913043,0.5,0.06557377049180328,0.11594202898550726,0.06153846153846154,0.5,0.06557377049180328,0.11594202898550726,0.5,0.5,0.5,0.5,0.08045977011494253,0.06557377049180328,0.06153846153846154,0.09090909090909091,0.16666666666666666,0.1,37,27,8,15,8
test_04772,primera_exact,0.5625,0.025961538461538463,0.04963235294117647,0.02544769085768143,0.6923076923076923,0.03333333333333333,0.0636042402826855,0.032846715328467155,1.0,0.01910828025477707,0.0375,0.01910828025477707,0.0,0.0,0.0,0.0,0.0,0.0,0.0,0.6666666666666666,0.3333333333333333,0.3333333333333333,0.6666666666666667,0.0,0.0,0.0,0.01910828025477707,0.08695652173913043,0.0,48,13,3,6,3
test_04772,primera_sentence,0.5625,0.025961538461538463,0.04963235294117647,0.02544769085768143,0.6923076923076923,0.03333333333333333,0.0636042402826855,0.032846715328467155,1.0,0.01910828025477707,0.0375,0.01910828025477707,0.0,0.0,0.0,0.0,0.0,0.0,0.0,0.6666666666666666,0.3333333333333333,0.3333333333333333,0.6666666666666667,0.0,0.0,0.0,0.01910828025477707,0.08695652173913043,0.0,48,13,3,6,3
test_04773,primera_exact,0.8928571428571429,0.15337423312883436,0.26178010471204194,0.15060240963855423,0.8333333333333334,0.13513513513513514,0.23255813953488372,0.13157894736842105,0.6666666666666666,0.07142857142857142,0.12903225806451613,0.06896551724137931,0.6666666666666666,0.06060606060606061,0.1111111111111111,0.058823529411764705,0.6666666666666666,0.06060606060606061,0.1111111111111111,0.6666666666666666,0.6666666666666666,0.6666666666666666,0.33333333333333337,0.08695652173913043,0.06060606060606061,0.058823529411764705,0.07142857142857142,0.25,0.0,28,12,3,5,3
test_04773,primera_sentence,0.8928571428571429,0.15337423312883436,0.26178010471204194,0.15060240963855423,0.8333333333333334,0.13513513513513514,0.23255813953488372,0.13157894736842105,0.6666666666666666,0.07142857142857142,0.12903225806451613,0.06896551724137931,0.6666666666666666,0.06060606060606061,0.1111111111111111,0.058823529411764705,0.6666666666666666,0.06060606060606061,0.1111111111111111,0.6666666666666666,0.6666666666666666,0.6666666666666666,0.33333333333333337,0.08695652173913043,0.06060606060606061,0.058823529411764705,0.07142857142857142,0.25,0.0,28,12,3,5,3
test_04782,primera_exact,0.7058823529411765,0.3130434782608696,0.43373493975903615,0.27692307692307694,0.7142857142857143,0.3333333333333333,0.4545454545454545,0.29411764705882354,1.0,0.23529411764705882,0.38095238095238093,0.23529411764705882,0.25,0.03571428571428571,0.0625,0.03225806451612903,1.0,0.14285714285714285,0.25,0.5,1.0,0.5,0.5,0.11363636363636363,0.03571428571428571,0.03225806451612903,0.23529411764705882,0.5,0.2,51,14,4,7,4
test_04782,primera_sentence,0.7058823529411765,0.3130434782608696,0.43373493975903615,0.27692307692307694,0.7142857142857143,0.3333333333333333,0.4545454545454545,0.29411764705882354,1.0,0.23529411764705882,0.38095238095238093,0.23529411764705882,0.25,0.03571428571428571,0.0625,0.03225806451612903,1.0,0.14285714285714285,0.25,0.5,1.0,0.5,0.5,0.11363636363636363,0.03571428571428571,0.03225806451612903,0.23529411764705882,0.5,0.2,51,14,4,7,4
test_04788,primera_exact,0.7222222222222222,0.21138211382113822,0.3270440251572327,0.19548872180451127,0.5384615384615384,0.16279069767441862,0.25000000000000006,0.14285714285714285,0.5714285714285714,0.26666666666666666,0.36363636363636365,0.2222222222222222,0.1111111111111111,0.05263157894736842,0.07142857142857142,0.037037037037037035,0.1111111111111111,0.05263157894736842,0.07142857142857142,0.2222222222222222,0.3333333333333333,0.1111111111111111,0.8888888888888888,0.18181818181818182,0.05263157894736842,0.037037037037037035,0.26666666666666666,1.0,0.3,36,13,9,14,9
test_04788,primera_sentence,0.7222222222222222,0.21138211382113822,0.3270440251572327,0.19548872180451127,0.5384615384615384,0.16279069767441862,0.25000000000000006,0.14285714285714285,0.5714285714285714,0.26666666666666666,0.36363636363636365,0.2222222222222222,0.1111111111111111,0.05263157894736842,0.07142857142857142,0.037037037037037035,0.1111111111111111,0.05263157894736842,0.07142857142857142,0.2222222222222222,0.3333333333333333,0.1111111111111111,0.8888888888888888,0.18181818181818182,0.05263157894736842,0.037037037037037035,0.26666666666666666,1.0,0.3,36,13,9,14,9
test_04792,primera_exact,0.46153846153846156,0.4,0.42857142857142855,0.2727272727272727,0.6,0.3870967741935484,0.47058823529411764,0.3076923076923077,0.0,0.0,0.0,0.0,0.0,0.0,0.0,0.0,0.0,0.0,0.0,0.0,0.0,0.0,1.0,0.041666666666666664,0.0,0.0,0.0,0.5,0.1,52,20,3,5,3
test_04792,primera_sentence,0.46153846153846156,0.4,0.42857142857142855,0.2727272727272727,0.6,0.3870967741935484,0.47058823529411764,0.3076923076923077,0.0,0.0,0.0,0.0,0.0,0.0,0.0,0.0,0.0,0.0,0.0,0.0,0.0,0.0,1.0,0.041666666666666664,0.0,0.0,0.0,0.5,0.1,52,20,3,5,3
test_04819,primera_exact,0.8076923076923077,0.09767441860465116,0.17427385892116182,0.09545454545454546,0.8,0.14457831325301204,0.24489795918367346,0.13953488372093023,0.8571428571428571,0.11538461538461539,0.20338983050847456,0.11320754716981132,0.2857142857142857,0.03225806451612903,0.05797101449275363,0.029850746268656716,0.5714285714285714,0.06451612903225806,0.11594202898550726,0.8571428571428571,0.7142857142857143,0.7142857142857143,0.2857142857142857,0.07228915662650602,0.03225806451612903,0.029850746268656716,0.11538461538461539,0.2727272727272727,0.2,26,15,7,11,7
test_04819,primera_sentence,0.8076923076923077,0.09767441860465116,0.17427385892116182,0.09545454545454546,0.8,0.14457831325301204,0.24489795918367346,0.13953488372093023,0.8571428571428571,0.11538461538461539,0.20338983050847456,0.11320754716981132,0.2857142857142857,0.03225806451612903,0.05797101449275363,0.029850746268656716,0.5714285714285714,0.06451612903225806,0.11594202898550726,0.8571428571428571,0.7142857142857143,0.7142857142857143,0.2857142857142857,0.07228915662650602,0.03225806451612903,0.029850746268656716,0.11538461538461539,0.2727272727272727,0.2,26,15,7,11,7
test_04846,primera_exact,0.43636363636363634,0.34285714285714286,0.384,0.2376237623762376,0.5,0.2,0.28571428571428575,0.16666666666666666,0.5,0.07142857142857142,0.125,0.06666666666666667,0.5,0.06666666666666667,0.11764705882352941,0.0625,0.5,0.06666666666666667,0.11764705882352941,0.5,0.5,0.5,0.5,0.08,0.06666666666666667,0.0625,0.07142857142857142,0.5,0.0,55,12,2,4,2
test_04846,primera_sentence,0.43636363636363634,0.34285714285714286,0.384,0.2376237623762376,0.5,0.2,0.28571428571428575,0.16666666666666666,0.5,0.07142857142857142,0.125,0.06666666666666667,0.5,0.06666666666666667,0.11764705882352941,0.0625,0.5,0.06666666666666667,0.11764705882352941,0.5,0.5,0.5,0.5,0.08,0.06666666666666667,0.0625,0.07142857142857142,0.5,0.0,55,12,2,4,2
test_04849,primera_exact,0.5,0.0684931506849315,0.12048192771084336,0.0641025641025641,0.4666666666666667,0.08536585365853659,0.1443298969072165,0.07777777777777778,0.4,0.05714285714285714,0.09999999999999999,0.05263157894736842,0.0,0.0,0.0,0.0,0.0,0.0,0.0,0.0,0.0,0.0,1.0,0.0,0.0,0.0,0.05714285714285714,0.3076923076923077,0.0,20,15,5,8,5
test_04849,primera_sentence,0.5,0.0684931506849315,0.12048192771084336,0.0641025641025641,0.4666666666666667,0.08536585365853659,0.1443298969072165,0.07777777777777778,0.4,0.05714285714285714,0.09999999999999999,0.05263157894736842,0.0,0.0,0.0,0.0,0.0,0.0,0.0,0.0,0.0,0.0,1.0,0.0,0.0,0.0,0.05714285714285714,0.3076923076923077,0.0,20,15,5,8,5
test_04883,primera_exact,0.96,0.16666666666666666,0.2840236686390532,0.16551724137931034,0.9375,0.23076923076923078,0.37037037037037035,0.22727272727272727,0.375,0.08571428571428572,0.1395348837209302,0.075,0.3333333333333333,0.06818181818181818,0.11320754716981131,0.06,0.3333333333333333,0.06818181818181818,0.11320754716981131,0.3333333333333333,0.3333333333333333,0.3333333333333333,0.6666666666666667,0.12121212121212122,0.06818181818181818,0.06,0.08571428571428572,0.42857142857142855,0.3,25,16,9,15,9
test_04883,primera_sentence,0.9583333333333334,0.1597222222222222,0.2738095238095238,0.15862068965517243,0.9375,0.23076923076923078,0.37037037037037035,0.22727272727272727,0.375,0.08571428571428572,0.1395348837209302,0.075,0.25,0.045454545454545456,0.07692307692307693,0.04,0.25,0.045454545454545456,0.07692307692307693,0.25,0.25,0.25,0.75,0.09090909090909091,0.045454545454545456,0.04,0.08571428571428572,0.42857142857142855,0.2,24,16,8,13,8
test_04904,primera_exact,0.5238095238095238,0.054455445544554455,0.09865470852017937,0.05188679245283019,0.5625,0.11842105263157894,0.19565217391304343,0.10843373493975904,0.5,0.06896551724137931,0.1212121212121212,0.06451612903225806,0.0,0.0,0.0,0.0,0.2,0.027777777777777776,0.048780487804878044,0.2,0.4,0.2,0.8,0.05,0.0,0.0,0.06896551724137931,0.8,0.0,21,16,5,8,5
test_04904,primera_sentence,0.5238095238095238,0.054455445544554455,0.09865470852017937,0.05188679245283019,0.5625,0.11842105263157894,0.19565217391304343,0.10843373493975904,0.5,0.06896551724137931,0.1212121212121212,0.06451612903225806,0.0,0.0,0.0,0.0,0.2,0.027777777777777776,0.048780487804878044,0.2,0.4,0.2,0.8,0.05,0.0,0.0,0.06896551724137931,0.8,0.0,21,16,5,8,5
test_04905,primera_exact,0.6521739130434783,0.08064516129032258,0.14354066985645933,0.07731958762886598,0.6363636363636364,0.11290322580645161,0.1917808219178082,0.10606060606060606,0.0,0.0,0.0,0.0,0.0,0.0,0.0,0.0,0.0,0.0,0.0,0.0,0.0,0.0,1.0,0.016666666666666666,0.0,0.0,0.0,0.3,0.0,23,11,4,7,4
test_04905,primera_sentence,0.6521739130434783,0.08064516129032258,0.14354066985645933,0.07731958762886598,0.6363636363636364,0.11290322580645161,0.1917808219178082,0.10606060606060606,0.0,0.0,0.0,0.0,0.0,0.0,0.0,0.0,0.0,0.0,0.0,0.0,0.0,0.0,1.0,0.016666666666666666,0.0,0.0,0.0,0.3,0.0,23,11,4,7,4
test_04913,primera_exact,0.4838709677419355,0.06787330316742081,0.11904761904761904,0.06329113924050633,0.6666666666666666,0.13333333333333333,0.2222222222222222,0.125,0.0,0.0,0.0,0.0,0.0,0.0,0.0,0.0,0.0,0.0,0.0,0.0,0.0,0.0,1.0,0.011764705882352941,0.0,0.0,0.0,0.125,0.1,31,21,2,4,2
test_04913,primera_sentence,0.4838709677419355,0.06787330316742081,0.11904761904761904,0.06329113924050633,0.6666666666666666,0.13333333333333333,0.2222222222222222,0.125,0.0,0.0,0.0,0.0,0.0,0.0,0.0,0.0,0.0,0.0,0.0,0.0,0.0,0.0,1.0,0.011764705882352941,0.0,0.0,0.0,0.125,0.1,31,21,2,4,2
test_04921,primera_exact,0.6923076923076923,0.05572755417956656,0.10315186246418337,0.054380664652567974,0.8,0.13259668508287292,0.22748815165876776,0.12834224598930483,0.16666666666666666,0.016129032258064516,0.02941176470588235,0.014925373134328358,0.0,0.0,0.0,0.0,0.0,0.0,0.0,0.2857142857142857,0.2857142857142857,0.14285714285714285,0.8571428571428572,0.015748031496062992,0.0,0.0,0.016129032258064516,0.15,0.2,26,30,7,11,7
test_04921,primera_sentence,0.6923076923076923,0.05572755417956656,0.10315186246418337,0.054380664652567974,0.8,0.13259668508287292,0.22748815165876776,0.12834224598930483,0.16666666666666666,0.016129032258064516,0.02941176470588235,0.014925373134328358,0.0,0.0,0.0,0.0,0.0,0.0,0.0,0.2857142857142857,0.2857142857142857,0.14285714285714285,0.8571428571428572,0.015748031496062992,0.0,0.0,0.016129032258064516,0.15,0.2,26,30,7,11,7
test_04922,primera_exact,0.8780487804878049,0.5714285714285714,0.6923076923076923,0.5294117647058824,0.7692307692307693,0.4166666666666667,0.5405405405405406,0.37037037037037035,0.75,0.3,0.4285714285714285,0.2727272727272727,0.8,0.2857142857142857,0.4210526315789473,0.26666666666666666,0.8,0.2857142857142857,0.4210526315789473,0.8,0.8,0.8,0.19999999999999996,0.2727272727272727,0.2857142857142857,0.26666666666666666,0.3,1.0,0.3,41,13,5,6,5
test_04922,primera_sentence,0.8780487804878049,0.5714285714285714,0.6923076923076923,0.5294117647058824,0.7692307692307693,0.4166666666666667,0.5405405405405406,0.37037037037037035,0.75,0.3,0.4285714285714285,0.2727272727272727,0.8,0.2857142857142857,0.4210526315789473,0.26666666666666666,0.8,0.2857142857142857,0.4210526315789473,0.8,0.8,0.8,0.19999999999999996,0.2727272727272727,0.2857142857142857,0.26666666666666666,0.3,1.0,0.3,41,13,5,6,5
test_04935,primera_exact,0.4444444444444444,0.07142857142857142,0.12307692307692308,0.06557377049180328,0.47368421052631576,0.20454545454545456,0.28571428571428575,0.16666666666666666,0.5,0.06666666666666667,0.11764705882352941,0.0625,0.125,0.02702702702702703,0.044444444444444446,0.022727272727272728,0.125,0.02702702702702703,0.044444444444444446,0.125,0.125,0.125,0.875,0.1,0.02702702702702703,0.022727272727272728,0.06666666666666667,0.35,0.2,18,19,8,11,8
test_04935,primera_sentence,0.47058823529411764,0.07142857142857142,0.12403100775193798,0.06611570247933884,0.4444444444444444,0.18181818181818182,0.2580645161290322,0.14814814814814814,0.5,0.06666666666666667,0.11764705882352941,0.0625,0.14285714285714285,0.02702702702702703,0.045454545454545456,0.023255813953488372,0.14285714285714285,0.02702702702702703,0.045454545454545456,0.14285714285714285,0.14285714285714285,0.14285714285714285,0.8571428571428572,0.08,0.02702702702702703,0.023255813953488372,0.06666666666666667,0.35,0.1,17,18,7,9,7
test_04936,primera_exact,0.9512195121951219,0.10985915492957747,0.19696969696969696,0.1092436974789916,1.0,0.08383233532934131,0.15469613259668508,0.08383233532934131,1.0,0.08196721311475409,0.1515151515151515,0.08196721311475409,1.0,0.0625,0.11764705882352941,0.0625,1.0,0.0625,0.11764705882352941,1.0,1.0,1.0,0.0,0.0703125,0.0625,0.0625,0.08196721311475409,0.375,0.0,41,14,5,9,5
test_04936,primera_sentence,0.9310344827586207,0.07605633802816901,0.140625,0.07563025210084033,1.0,0.0718562874251497,0.1340782122905028,0.0718562874251497,1.0,0.06557377049180328,0.12307692307692307,0.06557377049180328,1.0,0.05,0.09523809523809523,0.05,1.0,0.05,0.09523809523809523,1.0,1.0,1.0,0.0,0.0546875,0.05,0.05,0.06557377049180328,0.375,0.0,29,12,4,7,4
test_04958,primera_exact,0.4782608695652174,0.061452513966480445,0.10891089108910891,0.05759162303664921,0.5833333333333334,0.08045977011494253,0.1414141414141414,0.07608695652173914,0.6,0.05263157894736842,0.09677419354838708,0.05084745762711865,0.18181818181818182,0.02564102564102564,0.0449438202247191,0.022988505747126436,0.18181818181818182,0.02564102564102564,0.0449438202247191,0.36363636363636365,0.36363636363636365,0.2727272727272727,0.7272727272727273,0.05,0.02564102564102564,0.022988505747126436,0.05263157894736842,0.30434782608695654,0.2,23,12,11,14,11
test_04958,primera_sentence,0.4782608695652174,0.061452513966480445,0.10891089108910891,0.05759162303664921,0.5833333333333334,0.08045977011494253,0.1414141414141414,0.07608695652173914,0.6,0.05263157894736842,0.09677419354838708,0.05084745762711865,0.18181818181818182,0.02564102564102564,0.0449438202247191,0.022988505747126436,0.18181818181818182,0.02564102564102564,0.0449438202247191,0.36363636363636365,0.36363636363636365,0.2727272727272727,0.7272727272727273,0.05,0.02564102564102564,0.022988505747126436,0.05263157894736842,0.30434782608695654,0.2,23,12,11,14,11
test_04973,primera_exact,0.7931034482758621,0.09126984126984126,0.16370106761565836,0.08914728682170543,0.8,0.08695652173913043,0.1568627450980392,0.0851063829787234,0.75,0.046153846153846156,0.08695652173913043,0.045454545454545456,0.0,0.0,0.0,0.0,0.0,0.0,0.0,0.5,0.75,0.5,0.5,0.03361344537815126,0.0,0.0,0.046153846153846156,0.375,0.0,29,10,4,7,4
test_04973,primera_sentence,0.7931034482758621,0.09126984126984126,0.16370106761565836,0.08914728682170543,0.8,0.08695652173913043,0.1568627450980392,0.0851063829787234,0.75,0.046153846153846156,0.08695652173913043,0.045454545454545456,0.0,0.0,0.0,0.0,0.0,0.0,0.0,0.5,0.75,0.5,0.5,0.03361344537815126,0.0,0.0,0.046153846153846156,0.375,0.0,29,10,4,7,4
test_04975,primera_exact,0.5492957746478874,0.04974489795918367,0.09122807017543859,0.04779411764705882,0.5434782608695652,0.04019292604501608,0.0748502994011976,0.038880248833592534,0.9333333333333333,0.08092485549132948,0.14893617021276595,0.08045977011494253,0.3888888888888889,0.025362318840579712,0.04761904761904762,0.024390243902439025,0.3888888888888889,0.025362318840579712,0.04761904761904762,0.8888888888888888,0.8888888888888888,0.8333333333333334,0.16666666666666663,0.05,0.025362318840579712,0.024390243902439025,0.08092485549132948,0.0847457627118644,0.2,71,46,18,28,18
test_04975,primera_sentence,0.5492957746478874,0.04974489795918367,0.09122807017543859,0.04779411764705882,0.5434782608695652,0.04019292604501608,0.0748502994011976,0.038880248833592534,0.9333333333333333,0.08092485549132948,0.14893617021276595,0.08045977011494253,0.3888888888888889,0.025362318840579712,0.04761904761904762,0.024390243902439025,0.3888888888888889,0.025362318840579712,0.04761904761904762,0.8888888888888888,0.8888888888888888,0.8333333333333334,0.16666666666666663,0.05,0.025362318840579712,0.024390243902439025,0.08092485549132948,0.0847457627118644,0.2,71,46,18,28,18
test_04976,primera_exact,0.4358974358974359,0.04927536231884058,0.08854166666666669,0.04632152588555858,0.75,0.10843373493975904,0.1894736842105263,0.10465116279069768,0.3333333333333333,0.020202020202020204,0.0380952380952381,0.019417475728155338,0.0,0.0,0.0,0.0,0.0,0.0,0.0,0.16666666666666666,0.16666666666666666,0.16666666666666666,0.8333333333333334,0.012195121951219513,0.0,0.0,0.020202020202020204,0.08771929824561403,0.1,39,24,6,8,6
test_04976,primera_sentence,0.4358974358974359,0.04927536231884058,0.08854166666666669,0.04632152588555858,0.75,0.10843373493975904,0.1894736842105263,0.10465116279069768,0.3333333333333333,0.020202020202020204,0.0380952380952381,0.019417475728155338,0.0,0.0,0.0,0.0,0.0,0.0,0.0,0.16666666666666666,0.16666666666666666,0.16666666666666666,0.8333333333333334,0.012195121951219513,0.0,0.0,0.020202020202020204,0.08771929824561403,0.1,39,24,6,8,6
test_05008,primera_exact,0.7666666666666667,0.1,0.17692307692307693,0.0970464135021097,0.8181818181818182,0.08823529411764706,0.15929203539823011,0.08653846153846154,0.3333333333333333,0.02127659574468085,0.04,0.02040816326530612,0.3333333333333333,0.018518518518518517,0.03508771929824561,0.017857142857142856,0.3333333333333333,0.018518518518518517,0.03508771929824561,0.3333333333333333,0.3333333333333333,0.3333333333333333,0.6666666666666667,0.05128205128205128,0.018518518518518517,0.017857142857142856,0.02127659574468085,0.25,0.1,30,11,3,6,3
test_05008,primera_sentence,0.7666666666666667,0.1,0.17692307692307693,0.0970464135021097,0.8181818181818182,0.08823529411764706,0.15929203539823011,0.08653846153846154,0.3333333333333333,0.02127659574468085,0.04,0.02040816326530612,0.3333333333333333,0.018518518518518517,0.03508771929824561,0.017857142857142856,0.3333333333333333,0.018518518518518517,0.03508771929824561,0.3333333333333333,0.3333333333333333,0.3333333333333333,0.6666666666666667,0.05128205128205128,0.018518518518518517,0.017857142857142856,0.02127659574468085,0.25,0.1,30,11,3,6,3
test_05010,primera_exact,0.9333333333333333,0.17073170731707318,0.288659793814433,0.1686746987951807,0.8666666666666667,0.18840579710144928,0.30952380952380953,0.18309859154929578,1.0,0.07692307692307693,0.14285714285714288,0.07692307692307693,0.0,0.0,0.0,0.0,0.3333333333333333,0.0196078431372549,0.037037037037037035,0.6666666666666666,1.0,0.3333333333333333,0.6666666666666667,0.02631578947368421,0.0,0.0,0.07692307692307693,0.2222222222222222,0.1,30,15,3,6,3
test_05010,primera_sentence,0.9333333333333333,0.17073170731707318,0.288659793814433,0.1686746987951807,0.8666666666666667,0.18840579710144928,0.30952380952380953,0.18309859154929578,1.0,0.07692307692307693,0.14285714285714288,0.07692307692307693,0.0,0.0,0.0,0.0,0.3333333333333333,0.0196078431372549,0.037037037037037035,0.6666666666666666,1.0,0.3333333333333333,0.6666666666666667,0.02631578947368421,0.0,0.0,0.07692307692307693,0.2222222222222222,0.1,30,15,3,6,3
test_05019,primera_exact,0.6857142857142857,0.13636363636363635,0.22748815165876773,0.12834224598930483,0.7777777777777778,0.2441860465116279,0.37168141592920356,0.22826086956521738,0.6666666666666666,0.0784313725490196,0.14035087719298245,0.07547169811320754,0.16666666666666666,0.014925373134328358,0.027397260273972605,0.013888888888888888,0.3333333333333333,0.029850746268656716,0.05479452054794521,0.16666666666666666,0.6666666666666666,0.16666666666666666,0.8333333333333334,0.031914893617021274,0.014925373134328358,0.013888888888888888,0.0784313725490196,0.3,0.0,35,27,6,11,6
test_05019,primera_sentence,0.6857142857142857,0.13636363636363635,0.22748815165876773,0.12834224598930483,0.7777777777777778,0.2441860465116279,0.37168141592920356,0.22826086956521738,0.6666666666666666,0.0784313725490196,0.14035087719298245,0.07547169811320754,0.16666666666666666,0.014925373134328358,0.027397260273972605,0.013888888888888888,0.3333333333333333,0.029850746268656716,0.05479452054794521,0.16666666666666666,0.6666666666666666,0.16666666666666666,0.8333333333333334,0.031914893617021274,0.014925373134328358,0.013888888888888888,0.0784313725490196,0.3,0.0,35,27,6,11,6
test_05021,primera_exact,0.8064516129032258,0.06157635467980296,0.11441647597254005,0.06067961165048544,0.8333333333333334,0.08333333333333333,0.15151515151515152,0.08196721311475409,0.0,0.0,0.0,0.0,0.0,0.0,0.0,0.0,0.0,0.0,0.0,0.0,0.0,0.0,1.0,0.0,0.0,0.0,0.0,0.04081632653061224,0.0,31,12,1,2,1
test_05021,primera_sentence,0.8064516129032258,0.06157635467980296,0.11441647597254005,0.06067961165048544,0.8333333333333334,0.08333333333333333,0.15151515151515152,0.08196721311475409,0.0,0.0,0.0,0.0,0.0,0.0,0.0,0.0,0.0,0.0,0.0,0.0,0.0,0.0,1.0,0.0,0.0,0.0,0.0,0.04081632653061224,0.0,31,12,1,2,1
test_05039,primera_exact,0.8461538461538461,0.08560311284046693,0.15547703180212016,0.0842911877394636,0.5714285714285714,0.08,0.14035087719298248,0.07547169811320754,0.5,0.023255813953488372,0.04444444444444444,0.022727272727272728,0.3333333333333333,0.017543859649122806,0.03333333333333333,0.01694915254237288,0.3333333333333333,0.017543859649122806,0.03333333333333333,0.3333333333333333,0.3333333333333333,0.3333333333333333,0.6666666666666667,0.022727272727272728,0.017543859649122806,0.01694915254237288,0.023255813953488372,0.2222222222222222,0.0,26,14,3,6,3
test_05039,primera_sentence,0.8461538461538461,0.08560311284046693,0.15547703180212016,0.0842911877394636,0.5714285714285714,0.08,0.14035087719298248,0.07547169811320754,0.0,0.0,0.0,0.0,0.0,0.0,0.0,0.0,0.0,0.0,0.0,0.0,0.0,0.0,1.0,0.0,0.0,0.0,0.0,0.2222222222222222,0.0,26,14,2,4,2
test_05061,primera_exact,0.4444444444444444,0.11173184357541899,0.17857142857142858,0.09803921568627451,0.6666666666666666,0.06177606177606178,0.11307420494699646,0.0599250936329588,0.5,0.16666666666666666,0.25,0.14285714285714285,0.09090909090909091,0.029411764705882353,0.04444444444444444,0.022727272727272728,0.09090909090909091,0.029411764705882353,0.04444444444444444,0.6363636363636364,0.45454545454545453,0.36363636363636365,0.6363636363636364,0.06779661016949153,0.029411764705882353,0.022727272727272728,0.16666666666666666,0.75,0.1,45,24,11,20,11
test_05061,primera_sentence,0.4444444444444444,0.11173184357541899,0.17857142857142858,0.09803921568627451,0.6666666666666666,0.06177606177606178,0.11307420494699646,0.0599250936329588,0.5,0.16666666666666666,0.25,0.14285714285714285,0.09090909090909091,0.029411764705882353,0.04444444444444444,0.022727272727272728,0.09090909090909091,0.029411764705882353,0.04444444444444444,0.6363636363636364,0.45454545454545453,0.36363636363636365,0.6363636363636364,0.06779661016949153,0.029411764705882353,0.022727272727272728,0.16666666666666666,0.75,0.1,45,24,11,20,11
test_05064,primera_exact,0.9166666666666666,0.1746031746031746,0.29333333333333333,0.171875,0.95,0.2753623188405797,0.42696629213483145,0.2714285714285714,0.75,0.1,0.17647058823529416,0.0967741935483871,0.75,0.09375,0.16666666666666666,0.09090909090909091,0.75,0.09375,0.16666666666666666,0.75,0.75,0.75,0.25,0.14285714285714285,0.09375,0.09090909090909091,0.1,0.3333333333333333,0.2,24,20,4,8,4
test_05064,primera_sentence,0.9166666666666666,0.1746031746031746,0.29333333333333333,0.171875,0.95,0.2753623188405797,0.42696629213483145,0.2714285714285714,0.75,0.1,0.17647058823529416,0.0967741935483871,0.75,0.09375,0.16666666666666666,0.09090909090909091,0.75,0.09375,0.16666666666666666,0.75,0.75,0.75,0.25,0.14285714285714285,0.09375,0.09090909090909091,0.1,0.3333333333333333,0.2,24,20,4,8,4
test_05075,primera_exact,0.4,0.038834951456310676,0.07079646017699115,0.03669724770642202,0.625,0.1724137931034483,0.2702702702702703,0.15625,0.0,0.0,0.0,0.0,0.0,0.0,0.0,0.0,0.0,0.0,0.0,0.0,0.0,0.0,1.0,0.0125,0.0,0.0,0.0,0.3,0.0,20,16,4,6,4
test_05075,primera_sentence,0.4,0.038834951456310676,0.07079646017699115,0.03669724770642202,0.625,0.1724137931034483,0.2702702702702703,0.15625,0.0,0.0,0.0,0.0,0.0,0.0,0.0,0.0,0.0,0.0,0.0,0.0,0.0,0.0,1.0,0.0125,0.0,0.0,0.0,0.3,0.0,20,16,4,6,4
test_05091,primera_exact,0.0,0.0,0.0,0.0,0.0,0.0,0.0,0.0,0.0,0.0,0.0,0.0,0.0,0.0,0.0,0.0,0.0,0.0,0.0,0.0,0.0,0.0,1.0,0.0,0.0,0.0,0.0,1.0,0.0,6,2,1,2,1
test_05091,primera_sentence,0.0,0.0,0.0,0.0,0.0,0.0,0.0,0.0,0.0,0.0,0.0,0.0,0.0,0.0,0.0,0.0,0.0,0.0,0.0,0.0,0.0,0.0,1.0,0.0,0.0,0.0,0.0,1.0,0.0,6,2,1,2,1
test_05093,primera_exact,0.6470588235294118,0.058981233243967826,0.10810810810810809,0.05714285714285714,0.7222222222222222,0.08904109589041095,0.15853658536585366,0.08609271523178808,0.7142857142857143,0.056179775280898875,0.10416666666666666,0.054945054945054944,0.2857142857142857,0.01680672268907563,0.031746031746031744,0.016129032258064516,0.2857142857142857,0.01680672268907563,0.031746031746031744,0.7142857142857143,0.42857142857142855,0.42857142857142855,0.5714285714285714,0.029585798816568046,0.01680672268907563,0.016129032258064516,0.056179775280898875,0.3333333333333333,0.3,34,18,7,10,7
test_05093,primera_sentence,0.6470588235294118,0.058981233243967826,0.10810810810810809,0.05714285714285714,0.7222222222222222,0.08904109589041095,0.15853658536585366,0.08609271523178808,0.7142857142857143,0.056179775280898875,0.10416666666666666,0.054945054945054944,0.2857142857142857,0.01680672268907563,0.031746031746031744,0.016129032258064516,0.2857142857142857,0.01680672268907563,0.031746031746031744,0.7142857142857143,0.42857142857142855,0.42857142857142855,0.5714285714285714,0.029585798816568046,0.01680672268907563,0.016129032258064516,0.056179775280898875,0.3333333333333333,0.3,34,18,7,10,7
test_05102,primera_exact,0.5409836065573771,0.39759036144578314,0.45833333333333337,0.2972972972972973,0.5833333333333334,0.3888888888888889,0.4666666666666666,0.30434782608695654,0.75,0.21428571428571427,0.3333333333333333,0.2,0.4,0.13333333333333333,0.2,0.1111111111111111,0.4,0.13333333333333333,0.2,0.6,0.8,0.6,0.4,0.22727272727272727,0.13333333333333333,0.1111111111111111,0.21428571428571427,0.5,0.3,61,12,5,9,5
test_05102,primera_sentence,0.5409836065573771,0.39759036144578314,0.45833333333333337,0.2972972972972973,0.5833333333333334,0.3888888888888889,0.4666666666666666,0.30434782608695654,0.75,0.21428571428571427,0.3333333333333333,0.2,0.4,0.13333333333333333,0.2,0.1111111111111111,0.4,0.13333333333333333,0.2,0.6,0.8,0.6,0.4,0.22727272727272727,0.13333333333333333,0.1111111111111111,0.21428571428571427,0.5,0.3,61,12,5,9,5
test_05131,primera_exact,0.4339622641509434,0.10550458715596331,0.16974169741697415,0.09274193548387097,0.5555555555555556,0.13761467889908258,0.22058823529411764,0.12396694214876033,0.5,0.038461538461538464,0.07142857142857144,0.037037037037037035,0.0,0.0,0.0,0.0,0.0,0.0,0.0,0.4,0.2,0.2,0.8,0.02608695652173913,0.0,0.0,0.038461538461538464,0.20833333333333334,0.2,53,27,5,7,5
test_05131,primera_sentence,0.4339622641509434,0.10550458715596331,0.16974169741697415,0.09274193548387097,0.5555555555555556,0.13761467889908258,0.22058823529411764,0.12396694214876033,0.5,0.038461538461538464,0.07142857142857144,0.037037037037037035,0.0,0.0,0.0,0.0,0.0,0.0,0.0,0.4,0.2,0.2,0.8,0.02608695652173913,0.0,0.0,0.038461538461538464,0.20833333333333334,0.2,53,27,5,7,5
test_05135,primera_exact,0.7931034482758621,0.11004784688995216,0.19327731092436976,0.10697674418604651,0.8947368421052632,0.13821138211382114,0.23943661971830985,0.136,1.0,0.13043478260869565,0.23076923076923078,0.13043478260869565,0.5,0.04838709677419355,0.08823529411764706,0.046153846153846156,0.6666666666666666,0.06451612903225806,0.1176470588235294,0.5,1.0,0.5,0.5,0.07317073170731707,0.04838709677419355,0.046153846153846156,0.13043478260869565,0.3333333333333333,0.2,29,19,6,9,6
test_05135,primera_sentence,0.7931034482758621,0.11004784688995216,0.19327731092436976,0.10697674418604651,0.8947368421052632,0.13821138211382114,0.23943661971830985,0.136,1.0,0.13043478260869565,0.23076923076923078,0.13043478260869565,0.5,0.04838709677419355,0.08823529411764706,0.046153846153846156,0.6666666666666666,0.06451612903225806,0.1176470588235294,0.5,1.0,0.5,0.5,0.07317073170731707,0.04838709677419355,0.046153846153846156,0.13043478260869565,0.3333333333333333,0.2,29,19,6,9,6
test_05147,primera_exact,0.6052631578947368,0.26136363636363635,0.36507936507936506,0.22330097087378642,0.6666666666666666,0.3333333333333333,0.4444444444444444,0.2857142857142857,0.6666666666666666,0.13333333333333333,0.2222222222222222,0.125,0.16666666666666666,0.05263157894736842,0.08,0.041666666666666664,0.16666666666666666,0.05263157894736842,0.08,0.16666666666666666,0.16666666666666666,0.16666666666666666,0.8333333333333334,0.07692307692307693,0.05263157894736842,0.041666666666666664,0.13333333333333333,0.6666666666666666,0.2,38,18,6,10,6
test_05147,primera_sentence,0.6052631578947368,0.26136363636363635,0.36507936507936506,0.22330097087378642,0.6666666666666666,0.3333333333333333,0.4444444444444444,0.2857142857142857,0.6666666666666666,0.13333333333333333,0.2222222222222222,0.125,0.16666666666666666,0.05263157894736842,0.08,0.041666666666666664,0.16666666666666666,0.05263157894736842,0.08,0.16666666666666666,0.16666666666666666,0.16666666666666666,0.8333333333333334,0.07692307692307693,0.05263157894736842,0.041666666666666664,0.13333333333333333,0.6666666666666666,0.2,38,18,6,10,6
test_05164,primera_exact,0.45454545454545453,0.14705882352941177,0.22222222222222224,0.125,0.7368421052631579,0.24561403508771928,0.3684210526315789,0.22580645161290322,0.5,0.038461538461538464,0.07142857142857144,0.037037037037037035,0.5,0.02702702702702703,0.05128205128205129,0.02631578947368421,0.5,0.02702702702702703,0.05128205128205129,0.5,0.5,0.5,0.5,0.03571428571428571,0.02702702702702703,0.02631578947368421,0.038461538461538464,0.4,0.0,55,19,2,4,2
test_05164,primera_sentence,0.45454545454545453,0.14705882352941177,0.22222222222222224,0.125,0.7368421052631579,0.24561403508771928,0.3684210526315789,0.22580645161290322,0.5,0.038461538461538464,0.07142857142857144,0.037037037037037035,0.5,0.02702702702702703,0.05128205128205129,0.02631578947368421,0.5,0.02702702702702703,0.05128205128205129,0.5,0.5,0.5,0.5,0.03571428571428571,0.02702702702702703,0.02631578947368421,0.038461538461538464,0.4,0.0,55,19,2,4,2
test_05192,primera_exact,0.3541666666666667,0.1440677966101695,0.20481927710843376,0.11409395973154363,0.4666666666666667,0.2692307692307692,0.3414634146341463,0.20588235294117646,0.3333333333333333,0.047619047619047616,0.08333333333333333,0.043478260869565216,0.0,0.0,0.0,0.0,0.0,0.0,0.0,0.3333333333333333,0.0,0.0,1.0,0.05,0.0,0.0,0.047619047619047616,0.42857142857142855,0.0,48,30,3,5,3
test_05192,primera_sentence,0.3541666666666667,0.1440677966101695,0.20481927710843376,0.11409395973154363,0.4666666666666667,0.2692307692307692,0.3414634146341463,0.20588235294117646,0.3333333333333333,0.047619047619047616,0.08333333333333333,0.043478260869565216,0.0,0.0,0.0,0.0,0.0,0.0,0.0,0.3333333333333333,0.0,0.0,1.0,0.05,0.0,0.0,0.047619047619047616,0.42857142857142855,0.0,48,30,3,5,3
test_05203,primera_exact,0.6538461538461539,0.27419354838709675,0.38636363636363635,0.23943661971830985,0.7777777777777778,0.2625,0.39252336448598135,0.2441860465116279,0.7272727272727273,0.25,0.37209302325581395,0.22857142857142856,0.4166666666666667,0.078125,0.13157894736842105,0.07042253521126761,0.5,0.09375,0.15789473684210525,0.6666666666666666,0.5833333333333334,0.5,0.5,0.1864406779661017,0.078125,0.07042253521126761,0.25,0.19047619047619047,0.1,52,27,12,20,12
test_05203,primera_sentence,0.6538461538461539,0.27419354838709675,0.38636363636363635,0.23943661971830985,0.7777777777777778,0.2625,0.39252336448598135,0.2441860465116279,0.7272727272727273,0.25,0.37209302325581395,0.22857142857142856,0.4166666666666667,0.078125,0.13157894736842105,0.07042253521126761,0.5,0.09375,0.15789473684210525,0.6666666666666666,0.5833333333333334,0.5,0.5,0.1864406779661017,0.078125,0.07042253521126761,0.25,0.19047619047619047,0.1,52,27,12,20,12
test_05238,primera_exact,0.9230769230769231,0.10480349344978165,0.18823529411764706,0.1038961038961039,0.6666666666666666,0.11904761904761904,0.20202020202020202,0.11235955056179775,1.0,0.08333333333333333,0.15384615384615385,0.08333333333333333,1.0,0.06382978723404255,0.12,0.06382978723404255,1.0,0.06382978723404255,0.12,1.0,1.0,1.0,0.0,0.06578947368421052,0.06382978723404255,0.06382978723404255,0.08333333333333333,0.3333333333333333,0.1,26,15,3,5,3
test_05238,primera_sentence,0.9230769230769231,0.10480349344978165,0.18823529411764706,0.1038961038961039,0.6666666666666666,0.11904761904761904,0.20202020202020202,0.11235955056179775,1.0,0.08333333333333333,0.15384615384615385,0.08333333333333333,1.0,0.06382978723404255,0.12,0.06382978723404255,1.0,0.06382978723404255,0.12,1.0,1.0,1.0,0.0,0.06578947368421052,0.06382978723404255,0.06382978723404255,0.08333333333333333,0.3333333333333333,0.1,26,15,3,5,3
test_05249,primera_exact,0.8857142857142857,0.16756756756756758,0.2818181818181818,0.164021164021164,0.9285714285714286,0.13978494623655913,0.24299065420560742,0.13829787234042554,0.6666666666666666,0.08333333333333333,0.14814814814814814,0.08,0.6666666666666666,0.05714285714285714,0.10526315789473684,0.05555555555555555,0.6666666666666666,0.05714285714285714,0.10526315789473684,0.6666666666666666,0.6666666666666666,0.6666666666666666,0.33333333333333337,0.08620689655172414,0.05714285714285714,0.05555555555555555,0.08333333333333333,0.18181818181818182,0.3,35,14,3,6,3
test_05249,primera_sentence,0.8857142857142857,0.16756756756756758,0.2818181818181818,0.164021164021164,0.9285714285714286,0.13978494623655913,0.24299065420560742,0.13829787234042554,0.6666666666666666,0.08333333333333333,0.14814814814814814,0.08,0.6666666666666666,0.05714285714285714,0.10526315789473684,0.05555555555555555,0.6666666666666666,0.05714285714285714,0.10526315789473684,0.6666666666666666,0.6666666666666666,0.6666666666666666,0.33333333333333337,0.08620689655172414,0.05714285714285714,0.05555555555555555,0.08333333333333333,0.18181818181818182,0.3,35,14,3,6,3
test_05250,primera_exact,0.896551724137931,0.05603448275862069,0.1054766734279919,0.055674518201284794,0.8214285714285714,0.07958477508650519,0.14511041009463724,0.0782312925170068,0.6666666666666666,0.03571428571428571,0.06779661016949153,0.03508771929824561,0.2857142857142857,0.014388489208633094,0.0273972602739726,0.013888888888888888,0.2857142857142857,0.014388489208633094,0.0273972602739726,0.7142857142857143,0.42857142857142855,0.42857142857142855,0.5714285714285714,0.02577319587628866,0.014388489208633094,0.013888888888888888,0.03571428571428571,0.23809523809523808,0.3,29,28,7,11,7
test_05250,primera_sentence,0.88,0.04741379310344827,0.08997955010224948,0.047109207708779445,0.8461538461538461,0.07612456747404844,0.13968253968253969,0.07508532423208192,0.3333333333333333,0.008928571428571428,0.017391304347826087,0.008771929824561403,0.0,0.0,0.0,0.0,0.0,0.0,0.0,0.3333333333333333,0.3333333333333333,0.3333333333333333,0.6666666666666667,0.010309278350515464,0.0,0.0,0.008928571428571428,0.09523809523809523,0.2,25,26,3,6,3
test_05254,primera_exact,0.5471698113207547,0.27884615384615385,0.3694267515923567,0.2265625,0.72,0.4186046511627907,0.5294117647058824,0.36,0.7142857142857143,0.25,0.37037037037037035,0.22727272727272727,0.42857142857142855,0.13043478260869565,0.2,0.1111111111111111,0.42857142857142855,0.13043478260869565,0.2,0.42857142857142855,0.7142857142857143,0.42857142857142855,0.5714285714285714,0.21621621621621623,0.13043478260869565,0.1111111111111111,0.25,0.6,0.4,53,25,7,12,7
test_05254,primera_sentence,0.52,0.25,0.33766233766233766,0.203125,0.72,0.4186046511627907,0.5294117647058824,0.36,0.7142857142857143,0.25,0.37037037037037035,0.22727272727272727,0.42857142857142855,0.13043478260869565,0.2,0.1111111111111111,0.42857142857142855,0.13043478260869565,0.2,0.42857142857142855,0.7142857142857143,0.42857142857142855,0.5714285714285714,0.21621621621621623,0.13043478260869565,0.1111111111111111,0.25,0.6,0.4,50,25,7,12,7
test_05259,primera_exact,0.4782608695652174,0.15942028985507245,0.2391304347826087,0.13580246913580246,0.9,0.45,0.6,0.42857142857142855,0.4,0.18181818181818182,0.25000000000000006,0.14285714285714285,0.2,0.08333333333333333,0.11764705882352941,0.0625,0.2,0.08333333333333333,0.11764705882352941,0.4,0.2,0.2,0.8,0.09523809523809523,0.08333333333333333,0.0625,0.18181818181818182,0.75,0.1,23,10,5,9,5
test_05259,primera_sentence,0.4782608695652174,0.15942028985507245,0.2391304347826087,0.13580246913580246,0.9,0.45,0.6,0.42857142857142855,0.4,0.18181818181818182,0.25000000000000006,0.14285714285714285,0.2,0.08333333333333333,0.11764705882352941,0.0625,0.2,0.08333333333333333,0.11764705882352941,0.4,0.2,0.2,0.8,0.09523809523809523,0.08333333333333333,0.0625,0.18181818181818182,0.75,0.1,23,10,5,9,5
test_05260,primera_exact,0.6875,0.15602836879432624,0.2543352601156069,0.1456953642384106,0.7647058823529411,0.21311475409836064,0.3333333333333333,0.2,0.3333333333333333,0.045454545454545456,0.08,0.041666666666666664,0.0,0.0,0.0,0.0,0.3333333333333333,0.043478260869565216,0.07692307692307691,0.3333333333333333,0.3333333333333333,0.3333333333333333,0.6666666666666667,0.05,0.0,0.0,0.045454545454545456,0.4,0.1,32,17,3,6,3
test_05260,primera_sentence,0.6875,0.15602836879432624,0.2543352601156069,0.1456953642384106,0.7647058823529411,0.21311475409836064,0.3333333333333333,0.2,0.3333333333333333,0.045454545454545456,0.08,0.041666666666666664,0.0,0.0,0.0,0.0,0.3333333333333333,0.043478260869565216,0.07692307692307691,0.3333333333333333,0.3333333333333333,0.3333333333333333,0.6666666666666667,0.05,0.0,0.0,0.045454545454545456,0.4,0.1,32,17,3,6,3
test_05283,primera_exact,0.6578947368421053,0.10460251046025104,0.18050541516245486,0.0992063492063492,0.3684210526315789,0.08235294117647059,0.1346153846153846,0.07216494845360824,1.0,0.021739130434782608,0.042553191489361694,0.021739130434782608,0.0,0.0,0.0,0.0,0.0,0.0,0.0,0.0,1.0,0.0,1.0,0.011111111111111112,0.0,0.0,0.021739130434782608,0.25,0.0,38,19,1,2,1
test_05283,primera_sentence,0.6578947368421053,0.10460251046025104,0.18050541516245486,0.0992063492063492,0.3684210526315789,0.08235294117647059,0.1346153846153846,0.07216494845360824,1.0,0.021739130434782608,0.042553191489361694,0.021739130434782608,0.0,0.0,0.0,0.0,0.0,0.0,0.0,0.0,1.0,0.0,1.0,0.011111111111111112,0.0,0.0,0.021739130434782608,0.25,0.0,38,19,1,2,1
test_05286,primera_exact,0.53125,0.05821917808219178,0.10493827160493827,0.05537459283387622,0.6923076923076923,0.06766917293233082,0.1232876712328767,0.06569343065693431,0.25,0.058823529411764705,0.09523809523809523,0.05,0.2,0.05128205128205128,0.0816326530612245,0.0425531914893617,0.2,0.05128205128205128,0.0816326530612245,0.2,0.2,0.2,0.8,0.09836065573770492,0.05128205128205128,0.0425531914893617,0.058823529411764705,0.5,0.2,32,13,10,15,10
test_05286,primera_sentence,0.53125,0.05821917808219178,0.10493827160493827,0.05537459283387622,0.6923076923076923,0.06766917293233082,0.1232876712328767,0.06569343065693431,0.25,0.058823529411764705,0.09523809523809523,0.05,0.2,0.05128205128205128,0.0816326530612245,0.0425531914893617,0.2,0.05128205128205128,0.0816326530612245,0.2,0.2,0.2,0.8,0.09836065573770492,0.05128205128205128,0.0425531914893617,0.058823529411764705,0.5,0.2,32,13,10,15,10
test_05290,primera_exact,0.8666666666666667,0.18571428571428572,0.3058823529411765,0.18055555555555555,0.7692307692307693,0.20833333333333334,0.32786885245901637,0.19607843137254902,0.75,0.06521739130434782,0.12,0.06382978723404255,0.0,0.0,0.0,0.0,0.0,0.0,0.0,0.5,0.75,0.5,0.5,0.02666666666666667,0.0,0.0,0.06521739130434782,0.2,0.0,45,26,4,8,4
test_05290,primera_sentence,0.8666666666666667,0.18571428571428572,0.3058823529411765,0.18055555555555555,0.7692307692307693,0.20833333333333334,0.32786885245901637,0.19607843137254902,0.75,0.06521739130434782,0.12,0.06382978723404255,0.0,0.0,0.0,0.0,0.0,0.0,0.0,0.5,0.75,0.5,0.5,0.02666666666666667,0.0,0.0,0.06521739130434782,0.2,0.0,45,26,4,8,4
test_05335,primera_exact,0.8048780487804879,0.10927152317880795,0.1924198250728863,0.1064516129032258,0.92,0.17164179104477612,0.2893081761006289,0.16911764705882354,0.75,0.05263157894736842,0.09836065573770492,0.05172413793103448,0.4,0.0273972602739726,0.05128205128205128,0.02631578947368421,0.6,0.0410958904109589,0.07692307692307691,0.6,0.8,0.6,0.4,0.06796116504854369,0.0273972602739726,0.02631578947368421,0.05263157894736842,0.16666666666666666,0.2,41,25,5,10,5
test_05335,primera_sentence,0.8048780487804879,0.10927152317880795,0.1924198250728863,0.1064516129032258,0.92,0.17164179104477612,0.2893081761006289,0.16911764705882354,0.75,0.05263157894736842,0.09836065573770492,0.05172413793103448,0.4,0.0273972602739726,0.05128205128205128,0.02631578947368421,0.6,0.0410958904109589,0.07692307692307691,0.6,0.8,0.6,0.4,0.06796116504854369,0.0273972602739726,0.02631578947368421,0.05263157894736842,0.16666666666666666,0.2,41,25,5,10,5
test_05357,primera_exact,0.5142857142857142,0.2222222222222222,0.31034482758620685,0.1836734693877551,0.6666666666666666,0.4,0.5,0.3333333333333333,1.0,0.25,0.4,0.25,1.0,0.2,0.33333333333333337,0.2,1.0,0.2,0.33333333333333337,1.0,1.0,1.0,0.0,0.22727272727272727,0.2,0.2,0.25,0.5,0.3,35,9,3,5,3
test_05357,primera_sentence,0.5142857142857142,0.2222222222222222,0.31034482758620685,0.1836734693877551,0.6666666666666666,0.4,0.5,0.3333333333333333,1.0,0.25,0.4,0.25,1.0,0.2,0.33333333333333337,0.2,1.0,0.2,0.33333333333333337,1.0,1.0,1.0,0.0,0.22727272727272727,0.2,0.2,0.25,0.5,0.3,35,9,3,5,3
test_05365,primera_exact,0.5581395348837209,0.22641509433962265,0.3221476510067114,0.192,0.625,0.3,0.4054054054054054,0.2542372881355932,0.5,0.07142857142857142,0.125,0.06666666666666667,0.0,0.0,0.0,0.0,0.3333333333333333,0.045454545454545456,0.08,0.3333333333333333,0.3333333333333333,0.3333333333333333,0.6666666666666667,0.05555555555555555,0.0,0.0,0.07142857142857142,0.4,0.2,43,24,3,6,3
test_05365,primera_sentence,0.5581395348837209,0.22641509433962265,0.3221476510067114,0.192,0.625,0.3,0.4054054054054054,0.2542372881355932,0.5,0.07142857142857142,0.125,0.06666666666666667,0.0,0.0,0.0,0.0,0.3333333333333333,0.045454545454545456,0.08,0.3333333333333333,0.3333333333333333,0.3333333333333333,0.6666666666666667,0.05555555555555555,0.0,0.0,0.07142857142857142,0.4,0.2,43,24,3,6,3
test_05369,primera_exact,0.4909090909090909,0.09310344827586207,0.1565217391304348,0.08490566037735849,0.6363636363636364,0.24705882352941178,0.3559322033898305,0.21649484536082475,0.25,0.02040816326530612,0.037735849056603765,0.019230769230769232,0.0,0.0,0.0,0.0,0.0,0.0,0.0,0.25,0.25,0.25,0.75,0.02197802197802198,0.0,0.0,0.02040816326530612,0.3,0.1,55,33,4,7,4
test_05369,primera_sentence,0.4909090909090909,0.09310344827586207,0.1565217391304348,0.08490566037735849,0.6363636363636364,0.24705882352941178,0.3559322033898305,0.21649484536082475,0.25,0.02040816326530612,0.037735849056603765,0.019230769230769232,0.0,0.0,0.0,0.0,0.0,0.0,0.0,0.25,0.25,0.25,0.75,0.02197802197802198,0.0,0.0,0.02040816326530612,0.3,0.1,55,33,4,7,4
test_05379,primera_exact,0.3116883116883117,0.14814814814814814,0.20083682008368198,0.11162790697674418,0.35555555555555557,0.0893854748603352,0.14285714285714285,0.07692307692307693,0.125,0.045454545454545456,0.06666666666666667,0.034482758620689655,0.0,0.0,0.0,0.0,0.0,0.0,0.0,0.0,0.09090909090909091,0.0,1.0,0.0,0.0,0.0,0.045454545454545456,0.11363636363636363,0.0,77,45,11,18,11
test_05379,primera_sentence,0.3116883116883117,0.14814814814814814,0.20083682008368198,0.11162790697674418,0.35555555555555557,0.0893854748603352,0.14285714285714285,0.07692307692307693,0.125,0.045454545454545456,0.06666666666666667,0.034482758620689655,0.0,0.0,0.0,0.0,0.0,0.0,0.0,0.0,0.09090909090909091,0.0,1.0,0.0,0.0,0.0,0.045454545454545456,0.11363636363636363,0.0,77,45,11,18,11
test_05412,primera_exact,0.8431372549019608,0.15925925925925927,0.2679127725856698,0.15467625899280577,0.75,0.23076923076923078,0.3529411764705882,0.21428571428571427,0.75,0.16666666666666666,0.27272727272727276,0.15789473684210525,0.2222222222222222,0.043478260869565216,0.07272727272727274,0.03773584905660377,0.3333333333333333,0.06521739130434782,0.10909090909090909,0.6666666666666666,0.4444444444444444,0.4444444444444444,0.5555555555555556,0.08333333333333333,0.043478260869565216,0.03773584905660377,0.16666666666666666,0.5,0.2,51,20,9,13,9
test_05412,primera_sentence,0.8431372549019608,0.15925925925925927,0.2679127725856698,0.15467625899280577,0.75,0.23076923076923078,0.3529411764705882,0.21428571428571427,0.75,0.16666666666666666,0.27272727272727276,0.15789473684210525,0.2222222222222222,0.043478260869565216,0.07272727272727274,0.03773584905660377,0.3333333333333333,0.06521739130434782,0.10909090909090909,0.6666666666666666,0.4444444444444444,0.4444444444444444,0.5555555555555556,0.08333333333333333,0.043478260869565216,0.03773584905660377,0.16666666666666666,0.5,0.2,51,20,9,13,9
test_05416,primera_exact,0.28205128205128205,0.1527777777777778,0.1981981981981982,0.11,0.5882352941176471,0.3448275862068966,0.4347826086956522,0.2777777777777778,1.0,0.15,0.2608695652173913,0.15,0.0,0.0,0.0,0.0,0.25,0.045454545454545456,0.07692307692307693,0.75,0.5,0.25,0.75,0.1,0.0,0.0,0.15,0.3333333333333333,0.1,39,17,4,7,4
test_05416,primera_sentence,0.28205128205128205,0.1527777777777778,0.1981981981981982,0.11,0.5882352941176471,0.3448275862068966,0.4347826086956522,0.2777777777777778,1.0,0.15,0.2608695652173913,0.15,0.0,0.0,0.0,0.0,0.25,0.045454545454545456,0.07692307692307693,0.75,0.5,0.25,0.75,0.1,0.0,0.0,0.15,0.3333333333333333,0.1,39,17,4,7,4
test_05423,primera_exact,0.4,0.3,0.34285714285714286,0.20689655172413793,0.6428571428571429,0.36,0.4615384615384615,0.3,0.6666666666666666,0.15384615384615385,0.25,0.14285714285714285,0.25,0.05263157894736842,0.08695652173913043,0.045454545454545456,0.25,0.05263157894736842,0.08695652173913043,0.25,0.75,0.25,0.75,0.15384615384615385,0.05263157894736842,0.045454545454545456,0.15384615384615385,0.6,0.1,45,14,4,7,4
test_05423,primera_sentence,0.4,0.3,0.34285714285714286,0.20689655172413793,0.6428571428571429,0.36,0.4615384615384615,0.3,0.6666666666666666,0.15384615384615385,0.25,0.14285714285714285,0.25,0.05263157894736842,0.08695652173913043,0.045454545454545456,0.25,0.05263157894736842,0.08695652173913043,0.25,0.75,0.25,0.75,0.15384615384615385,0.05263157894736842,0.045454545454545456,0.15384615384615385,0.6,0.1,45,14,4,7,4
test_05424,primera_exact,0.5135135135135135,0.05367231638418079,0.09718670076726342,0.051075268817204304,0.55,0.10784313725490197,0.180327868852459,0.0990990990990991,0.3333333333333333,0.01818181818181818,0.034482758620689655,0.017543859649122806,0.0,0.0,0.0,0.0,0.0,0.0,0.0,0.3333333333333333,0.3333333333333333,0.3333333333333333,0.6666666666666667,0.019417475728155338,0.0,0.0,0.01818181818181818,0.18181818181818182,0.2,37,20,3,6,3
test_05424,primera_sentence,0.5135135135135135,0.05367231638418079,0.09718670076726342,0.051075268817204304,0.55,0.10784313725490197,0.180327868852459,0.0990990990990991,0.3333333333333333,0.01818181818181818,0.034482758620689655,0.017543859649122806,0.0,0.0,0.0,0.0,0.0,0.0,0.0,0.3333333333333333,0.3333333333333333,0.3333333333333333,0.6666666666666667,0.019417475728155338,0.0,0.0,0.01818181818181818,0.18181818181818182,0.2,37,20,3,6,3
test_05447,primera_exact,0.5813953488372093,0.4716981132075472,0.5208333333333334,0.352112676056338,0.8666666666666667,0.4642857142857143,0.6046511627906976,0.43333333333333335,0.5,0.375,0.42857142857142855,0.2727272727272727,0.5,0.3333333333333333,0.4,0.25,0.5,0.3333333333333333,0.4,0.5,0.5,0.5,0.5,0.3125,0.3333333333333333,0.25,0.375,1.3333333333333333,0.3,43,15,6,9,6
test_05447,primera_sentence,0.5813953488372093,0.4716981132075472,0.5208333333333334,0.352112676056338,0.8666666666666667,0.4642857142857143,0.6046511627906976,0.43333333333333335,0.5,0.375,0.42857142857142855,0.2727272727272727,0.5,0.3333333333333333,0.4,0.25,0.5,0.3333333333333333,0.4,0.5,0.5,0.5,0.5,0.3125,0.3333333333333333,0.25,0.375,1.3333333333333333,0.3,43,15,6,9,6
test_05454,primera_exact,0.9032258064516129,0.11522633744855967,0.20437956204379562,0.11382113821138211,0.9230769230769231,0.10256410256410256,0.1846153846153846,0.1016949152542373,0.5,0.017543859649122806,0.033898305084745756,0.017241379310344827,0.6666666666666666,0.024691358024691357,0.047619047619047616,0.024390243902439025,0.6666666666666666,0.024691358024691357,0.047619047619047616,0.6666666666666666,0.6666666666666666,0.6666666666666666,0.33333333333333337,0.02631578947368421,0.024691358024691357,0.024390243902439025,0.017543859649122806,0.21052631578947367,0.1,31,13,3,4,3
test_05454,primera_sentence,0.9032258064516129,0.11522633744855967,0.20437956204379562,0.11382113821138211,0.9230769230769231,0.10256410256410256,0.1846153846153846,0.1016949152542373,0.5,0.017543859649122806,0.033898305084745756,0.017241379310344827,0.6666666666666666,0.024691358024691357,0.047619047619047616,0.024390243902439025,0.6666666666666666,0.024691358024691357,0.047619047619047616,0.6666666666666666,0.6666666666666666,0.6666666666666666,0.33333333333333337,0.02631578947368421,0.024691358024691357,0.024390243902439025,0.017543859649122806,0.21052631578947367,0.1,31,13,3,4,3
test_05464,primera_exact,0.6285714285714286,0.17054263565891473,0.2682926829268293,0.15492957746478872,0.7,0.24561403508771928,0.3636363636363636,0.2222222222222222,1.0,0.1111111111111111,0.19999999999999998,0.1111111111111111,0.0,0.0,0.0,0.0,0.0,0.0,0.0,0.0,0.6666666666666666,0.0,1.0,0.03773584905660377,0.0,0.0,0.1111111111111111,0.5,0.0,35,20,3,6,3
test_05464,primera_sentence,0.6285714285714286,0.17054263565891473,0.2682926829268293,0.15492957746478872,0.7,0.24561403508771928,0.3636363636363636,0.2222222222222222,1.0,0.1111111111111111,0.19999999999999998,0.1111111111111111,0.0,0.0,0.0,0.0,0.0,0.0,0.0,0.0,0.6666666666666666,0.0,1.0,0.03773584905660377,0.0,0.0,0.1111111111111111,0.5,0.0,35,20,3,6,3
test_05481,primera_exact,0.6792452830188679,0.4090909090909091,0.5106382978723405,0.34285714285714286,0.7692307692307693,0.45454545454545453,0.5714285714285714,0.4,0.5454545454545454,0.35294117647058826,0.42857142857142855,0.2727272727272727,0.3333333333333333,0.2,0.25,0.14285714285714285,0.3333333333333333,0.2,0.25,0.3333333333333333,0.5,0.3333333333333333,0.6666666666666667,0.36,0.2,0.14285714285714285,0.35294117647058826,0.5,0.3,53,13,12,17,12
test_05481,primera_sentence,0.6792452830188679,0.4090909090909091,0.5106382978723405,0.34285714285714286,0.7692307692307693,0.45454545454545453,0.5714285714285714,0.4,0.5454545454545454,0.35294117647058826,0.42857142857142855,0.2727272727272727,0.3333333333333333,0.2,0.25,0.14285714285714285,0.3333333333333333,0.2,0.25,0.3333333333333333,0.5,0.3333333333333333,0.6666666666666667,0.36,0.2,0.14285714285714285,0.35294117647058826,0.5,0.3,53,13,12,17,12
test_05489,primera_exact,0.2571428571428571,0.06923076923076923,0.1090909090909091,0.057692307692307696,0.75,0.21428571428571427,0.3333333333333333,0.2,0.5,0.058823529411764705,0.10526315789473684,0.05555555555555555,0.5,0.05,0.09090909090909091,0.047619047619047616,0.5,0.05,0.09090909090909091,0.5,0.5,0.5,0.5,0.06060606060606061,0.05,0.047619047619047616,0.058823529411764705,0.5,0.0,35,16,2,4,2
test_05489,primera_sentence,0.2571428571428571,0.06923076923076923,0.1090909090909091,0.057692307692307696,0.75,0.21428571428571427,0.3333333333333333,0.2,0.5,0.058823529411764705,0.10526315789473684,0.05555555555555555,0.5,0.05,0.09090909090909091,0.047619047619047616,0.5,0.05,0.09090909090909091,0.5,0.5,0.5,0.5,0.06060606060606061,0.05,0.047619047619047616,0.058823529411764705,0.5,0.0,35,16,2,4,2
test_05509,primera_exact,0.5106382978723404,0.22018348623853212,0.3076923076923077,0.18181818181818182,0.8,0.40816326530612246,0.5405405405405406,0.37037037037037035,0.25,0.09090909090909091,0.13333333333333333,0.07142857142857142,0.0,0.0,0.0,0.0,0.25,0.09090909090909091,0.13333333333333333,0.25,0.25,0.25,0.75,0.05263157894736842,0.0,0.0,0.09090909090909091,1.0,0.1,47,25,4,7,4
test_05509,primera_sentence,0.5106382978723404,0.22018348623853212,0.3076923076923077,0.18181818181818182,0.8,0.40816326530612246,0.5405405405405406,0.37037037037037035,0.25,0.09090909090909091,0.13333333333333333,0.07142857142857142,0.0,0.0,0.0,0.0,0.25,0.09090909090909091,0.13333333333333333,0.25,0.25,0.25,0.75,0.05263157894736842,0.0,0.0,0.09090909090909091,1.0,0.1,47,25,4,7,4
test_05511,primera_exact,0.7,0.14685314685314685,0.24277456647398843,0.13815789473684212,0.7777777777777778,0.14,0.23728813559322035,0.1346153846153846,1.0,0.18518518518518517,0.3125,0.18518518518518517,0.6,0.09090909090909091,0.15789473684210525,0.08571428571428572,0.6,0.09090909090909091,0.15789473684210525,1.0,1.0,1.0,0.0,0.1320754716981132,0.09090909090909091,0.08571428571428572,0.18518518518518517,0.4,0.1,30,9,5,10,5
test_05511,primera_sentence,0.7,0.14685314685314685,0.24277456647398843,0.13815789473684212,0.7777777777777778,0.14,0.23728813559322035,0.1346153846153846,1.0,0.18518518518518517,0.3125,0.18518518518518517,0.6,0.09090909090909091,0.15789473684210525,0.08571428571428572,0.6,0.09090909090909091,0.15789473684210525,1.0,1.0,1.0,0.0,0.1320754716981132,0.09090909090909091,0.08571428571428572,0.18518518518518517,0.4,0.1,30,9,5,10,5
test_05526,primera_exact,0.9782608695652174,0.14705882352941177,0.2556818181818182,0.1465798045602606,1.0,0.1308411214953271,0.23140495867768593,0.1308411214953271,0.8888888888888888,0.1509433962264151,0.25806451612903225,0.14814814814814814,0.8333333333333334,0.13157894736842105,0.22727272727272727,0.1282051282051282,0.8333333333333334,0.13157894736842105,0.22727272727272727,0.9166666666666666,0.9166666666666666,0.9166666666666666,0.08333333333333337,0.1452991452991453,0.13157894736842105,0.1282051282051282,0.1509433962264151,0.35714285714285715,0.4,46,14,12,19,12
test_05526,primera_sentence,0.9782608695652174,0.14705882352941177,0.2556818181818182,0.1465798045602606,1.0,0.1308411214953271,0.23140495867768593,0.1308411214953271,0.8888888888888888,0.1509433962264151,0.25806451612903225,0.14814814814814814,0.8333333333333334,0.13157894736842105,0.22727272727272727,0.1282051282051282,0.8333333333333334,0.13157894736842105,0.22727272727272727,0.9166666666666666,0.9166666666666666,0.9166666666666666,0.08333333333333337,0.1452991452991453,0.13157894736842105,0.1282051282051282,0.1509433962264151,0.35714285714285715,0.4,46,14,12,19,12
test_05530,primera_exact,0.45652173913043476,0.38181818181818183,0.4158415841584158,0.2625,0.75,0.5294117647058824,0.6206896551724139,0.45,0.2857142857142857,0.2,0.23529411764705882,0.13333333333333333,0.0,0.0,0.0,0.0,0.0,0.0,0.0,0.2857142857142857,0.2857142857142857,0.2857142857142857,0.7142857142857143,0.1875,0.0,0.0,0.2,0.6,0.1,46,12,7,13,7
test_05530,primera_sentence,0.45652173913043476,0.38181818181818183,0.4158415841584158,0.2625,0.75,0.5294117647058824,0.6206896551724139,0.45,0.2857142857142857,0.2,0.23529411764705882,0.13333333333333333,0.0,0.0,0.0,0.0,0.0,0.0,0.0,0.2857142857142857,0.2857142857142857,0.2857142857142857,0.7142857142857143,0.1875,0.0,0.0,0.2,0.6,0.1,46,12,7,13,7
test_05532,primera_exact,0.7619047619047619,0.15384615384615385,0.256,0.14678899082568808,0.6666666666666666,0.24390243902439024,0.35714285714285715,0.21739130434782608,0.6,0.09090909090909091,0.15789473684210525,0.08571428571428572,0.0,0.0,0.0,0.0,0.0,0.0,0.0,0.0,0.4,0.0,1.0,0.05660377358490566,0.0,0.0,0.09090909090909091,0.2727272727272727,0.1,21,15,5,9,5
test_05532,primera_sentence,0.7894736842105263,0.14423076923076922,0.24390243902439024,0.1388888888888889,0.6428571428571429,0.21951219512195122,0.32727272727272727,0.1956521739130435,0.6,0.09090909090909091,0.15789473684210525,0.08571428571428572,0.0,0.0,0.0,0.0,0.0,0.0,0.0,0.0,0.4,0.0,1.0,0.05660377358490566,0.0,0.0,0.09090909090909091,0.2727272727272727,0.1,19,14,5,9,5
test_05538,primera_exact,0.5714285714285714,0.1,0.1702127659574468,0.09302325581395349,0.6470588235294118,0.08870967741935484,0.15602836879432624,0.08461538461538462,0.1111111111111111,0.045454545454545456,0.06451612903225805,0.03333333333333333,0.0,0.0,0.0,0.0,0.0,0.0,0.0,0.0,0.0,0.0,1.0,0.06,0.0,0.0,0.045454545454545456,0.6,0.0,35,17,10,18,10
test_05538,primera_sentence,0.5714285714285714,0.1,0.1702127659574468,0.09302325581395349,0.6470588235294118,0.08870967741935484,0.15602836879432624,0.08461538461538462,0.1111111111111111,0.045454545454545456,0.06451612903225805,0.03333333333333333,0.0,0.0,0.0,0.0,0.0,0.0,0.0,0.0,0.0,0.0,1.0,0.06,0.0,0.0,0.045454545454545456,0.6,0.0,35,17,10,18,10
test_05551,primera_exact,0.5833333333333334,0.07720588235294118,0.13636363636363635,0.07317073170731707,0.7272727272727273,0.06956521739130435,0.12698412698412698,0.06779661016949153,1.0,0.017857142857142856,0.03508771929824561,0.017857142857142856,0.0,0.0,0.0,0.0,1.0,0.013513513513513514,0.026666666666666665,1.0,1.0,1.0,0.0,0.009433962264150943,0.0,0.0,0.017857142857142856,0.1,0.0,36,11,1,2,1
test_05551,primera_sentence,0.5833333333333334,0.07720588235294118,0.13636363636363635,0.07317073170731707,0.7272727272727273,0.06956521739130435,0.12698412698412698,0.06779661016949153,1.0,0.017857142857142856,0.03508771929824561,0.017857142857142856,0.0,0.0,0.0,0.0,1.0,0.013513513513513514,0.026666666666666665,1.0,1.0,1.0,0.0,0.009433962264150943,0.0,0.0,0.017857142857142856,0.1,0.0,36,11,1,2,1
test_05555,primera_exact,0.5641025641025641,0.03151862464183381,0.059701492537313425,0.03076923076923077,0.46153846153846156,0.029850746268656716,0.05607476635514019,0.028846153846153848,0.4,0.015748031496062992,0.030303030303030304,0.015384615384615385,0.0,0.0,0.0,0.0,0.0,0.0,0.0,0.2,0.2,0.2,0.8,0.007272727272727273,0.0,0.0,0.015748031496062992,0.04411764705882353,0.0,39,13,5,9,5
test_05555,primera_sentence,0.5833333333333334,0.03008595988538682,0.057220708446866476,0.029453015427769985,0.46153846153846156,0.029850746268656716,0.05607476635514019,0.028846153846153848,0.25,0.007874015748031496,0.015267175572519085,0.007692307692307693,0.0,0.0,0.0,0.0,0.0,0.0,0.0,0.0,0.0,0.0,1.0,0.0036363636363636364,0.0,0.0,0.007874015748031496,0.04411764705882353,0.0,36,13,4,7,4
test_05561,primera_exact,0.7435897435897436,0.14646464646464646,0.24472573839662448,0.13942307692307693,0.5833333333333334,0.15555555555555556,0.2456140350877193,0.14,0.0,0.0,0.0,0.0,0.0,0.0,0.0,0.0,0.0,0.0,0.0,0.0,0.0,0.0,0.0,0.0,0.0,0.0,0.0,0.0,0.0,39,12,0,0,0
test_05561,primera_sentence,0.7435897435897436,0.14646464646464646,0.24472573839662448,0.13942307692307693,0.5833333333333334,0.15555555555555556,0.2456140350877193,0.14,0.0,0.0,0.0,0.0,0.0,0.0,0.0,0.0,0.0,0.0,0.0,0.0,0.0,0.0,0.0,0.0,0.0,0.0,0.0,0.0,0.0,39,12,0,0,0
test_05564,primera_exact,0.7608695652173914,0.10294117647058823,0.18134715025906736,0.09971509971509972,0.8571428571428571,0.17391304347826086,0.2891566265060241,0.16901408450704225,0.35714285714285715,0.07142857142857142,0.11904761904761904,0.06329113924050633,0.05,0.009523809523809525,0.016,0.008064516129032258,0.05,0.009523809523809525,0.016,0.25,0.3,0.2,0.8,0.06837606837606838,0.009523809523809525,0.008064516129032258,0.07142857142857142,0.208955223880597,0.2,46,14,20,22,20
test_05564,primera_sentence,0.7608695652173914,0.10294117647058823,0.18134715025906736,0.09971509971509972,0.8571428571428571,0.17391304347826086,0.2891566265060241,0.16901408450704225,0.35714285714285715,0.07142857142857142,0.11904761904761904,0.06329113924050633,0.05,0.009523809523809525,0.016,0.008064516129032258,0.05,0.009523809523809525,0.016,0.25,0.3,0.2,0.8,0.06837606837606838,0.009523809523809525,0.008064516129032258,0.07142857142857142,0.208955223880597,0.2,46,14,20,22,20
test_05578,primera_exact,0.8918918918918919,0.10963455149501661,0.1952662721893491,0.10819672131147541,1.0,0.10126582278481013,0.18390804597701146,0.10126582278481013,0.5,0.015873015873015872,0.03076923076923077,0.015625,0.0,0.0,0.0,0.0,0.0,0.0,0.0,0.5,0.5,0.5,0.5,0.008264462809917356,0.0,0.0,0.015873015873015872,0.1,0.1,37,8,2,4,2
test_05578,primera_sentence,0.8918918918918919,0.10963455149501661,0.1952662721893491,0.10819672131147541,1.0,0.10126582278481013,0.18390804597701146,0.10126582278481013,0.5,0.015873015873015872,0.03076923076923077,0.015625,0.0,0.0,0.0,0.0,0.0,0.0,0.0,0.5,0.5,0.5,0.5,0.008264462809917356,0.0,0.0,0.015873015873015872,0.1,0.1,37,8,2,4,2
test_05580,primera_exact,0.65,0.04779411764705882,0.08904109589041097,0.04659498207885305,0.8235294117647058,0.1308411214953271,0.2258064516129032,0.12727272727272726,1.0,0.10526315789473684,0.1904761904761905,0.10526315789473684,0.5,0.038461538461538464,0.07142857142857144,0.037037037037037035,0.5,0.038461538461538464,0.07142857142857144,0.6666666666666666,0.6666666666666666,0.6666666666666666,0.33333333333333337,0.05660377358490566,0.038461538461538464,0.037037037037037035,0.10526315789473684,0.36363636363636365,0.3,20,17,6,9,6
test_05580,primera_sentence,0.65,0.04779411764705882,0.08904109589041097,0.04659498207885305,0.8235294117647058,0.1308411214953271,0.2258064516129032,0.12727272727272726,1.0,0.10526315789473684,0.1904761904761905,0.10526315789473684,0.5,0.038461538461538464,0.07142857142857144,0.037037037037037035,0.5,0.038461538461538464,0.07142857142857144,0.6666666666666666,0.6666666666666666,0.6666666666666666,0.33333333333333337,0.05660377358490566,0.038461538461538464,0.037037037037037035,0.10526315789473684,0.36363636363636365,0.3,20,17,6,9,6
test_05600,primera_exact,0.35714285714285715,0.14150943396226415,0.2027027027027027,0.11278195488721804,0.23529411764705882,0.07272727272727272,0.11111111111111113,0.058823529411764705,0.0,0.0,0.0,0.0,0.0,0.0,0.0,0.0,0.0,0.0,0.0,0.0,0.0,0.0,1.0,0.0,0.0,0.0,0.0,0.6,0.0,42,17,4,6,4
test_05600,primera_sentence,0.35714285714285715,0.14150943396226415,0.2027027027027027,0.11278195488721804,0.23529411764705882,0.07272727272727272,0.11111111111111113,0.058823529411764705,0.0,0.0,0.0,0.0,0.0,0.0,0.0,0.0,0.0,0.0,0.0,0.0,0.0,0.0,1.0,0.0,0.0,0.0,0.0,0.6,0.0,42,17,4,6,4
test_05603,primera_exact,0.125,0.10526315789473684,0.11428571428571428,0.06060606060606061,0.0,0.0,0.0,0.0,0.25,1.0,0.4,0.25,0.0,0.0,0.0,0.0,0.0,0.0,0.0,0.25,0.0,0.0,1.0,0.3333333333333333,0.0,0.0,1.0,0.6666666666666666,0.3333333333333333,16,7,4,8,4
test_05603,primera_sentence,0.125,0.10526315789473684,0.11428571428571428,0.06060606060606061,0.0,0.0,0.0,0.0,0.25,1.0,0.4,0.25,0.0,0.0,0.0,0.0,0.0,0.0,0.0,0.25,0.0,0.0,1.0,0.3333333333333333,0.0,0.0,1.0,0.6666666666666666,0.3333333333333333,16,7,4,8,4
test_05605,primera_exact,0.7307692307692307,0.08520179372197309,0.15261044176706826,0.08260869565217391,0.8181818181818182,0.09183673469387756,0.1651376146788991,0.09,0.5,0.06818181818181818,0.12000000000000001,0.06382978723404255,0.16666666666666666,0.017543859649122806,0.031746031746031744,0.016129032258064516,0.16666666666666666,0.017543859649122806,0.031746031746031744,0.5,0.5,0.5,0.5,0.06329113924050633,0.017543859649122806,0.016129032258064516,0.06818181818181818,0.6,0.1,26,11,6,8,6
test_05605,primera_sentence,0.7307692307692307,0.08520179372197309,0.15261044176706826,0.08260869565217391,0.8181818181818182,0.09183673469387756,0.1651376146788991,0.09,0.5,0.06818181818181818,0.12000000000000001,0.06382978723404255,0.16666666666666666,0.017543859649122806,0.031746031746031744,0.016129032258064516,0.16666666666666666,0.017543859649122806,0.031746031746031744,0.5,0.5,0.5,0.5,0.06329113924050633,0.017543859649122806,0.016129032258064516,0.06818181818181818,0.6,0.1,26,11,6,8,6
test_05608,primera_exact,0.5081967213114754,0.34065934065934067,0.4078947368421053,0.256198347107438,0.5,0.3939393939393939,0.4406779661016949,0.2826086956521739,0.125,0.07142857142857142,0.09090909090909091,0.047619047619047616,0.0,0.0,0.0,0.0,0.0,0.0,0.0,0.0,0.0,0.0,1.0,0.09090909090909091,0.0,0.0,0.07142857142857142,0.5714285714285714,0.0,61,26,8,13,8
test_05608,primera_sentence,0.5081967213114754,0.34065934065934067,0.4078947368421053,0.256198347107438,0.5,0.3939393939393939,0.4406779661016949,0.2826086956521739,0.125,0.07142857142857142,0.09090909090909091,0.047619047619047616,0.0,0.0,0.0,0.0,0.0,0.0,0.0,0.0,0.0,0.0,1.0,0.09090909090909091,0.0,0.0,0.07142857142857142,0.5714285714285714,0.0,61,26,8,13,8
test_05609,primera_exact,0.8387096774193549,0.05752212389380531,0.10766045548654245,0.05689277899343545,0.8571428571428571,0.08108108108108109,0.14814814814814817,0.08,0.5,0.0273972602739726,0.051948051948051945,0.02666666666666667,0.25,0.00847457627118644,0.01639344262295082,0.008264462809917356,0.25,0.00847457627118644,0.01639344262295082,0.5,0.5,0.5,0.5,0.026490066225165563,0.00847457627118644,0.008264462809917356,0.0273972602739726,0.028985507246376812,0.1,31,7,4,8,4
test_05609,primera_sentence,0.8387096774193549,0.05752212389380531,0.10766045548654245,0.05689277899343545,0.8571428571428571,0.08108108108108109,0.14814814814814817,0.08,0.5,0.0273972602739726,0.051948051948051945,0.02666666666666667,0.25,0.00847457627118644,0.01639344262295082,0.008264462809917356,0.25,0.00847457627118644,0.01639344262295082,0.5,0.5,0.5,0.5,0.026490066225165563,0.00847457627118644,0.008264462809917356,0.0273972602739726,0.028985507246376812,0.1,31,7,4,8,4
