cluster_id,variant,alpha_topic,beta_pattern,delta_redundancy,summary_words,run82_target_words,absolute_budget_mismatch_pct,concept_precision,concept_recall,concept_f1,concept_jaccard,entity_precision,entity_recall,entity_f1,entity_jaccard,relation_precision,relation_recall,relation_f1,relation_jaccard,exact_triple_precision,exact_triple_recall,exact_triple_f1,exact_triple_jaccard,soft_triple_precision,soft_triple_recall,soft_triple_f1,domain_accuracy,range_accuracy,domain_range_pair_accuracy,schema_violation_rate,node_retention,edge_retention,edge_jaccard,relation_type_retention,lcc_ratio,central_node_preservation_at10,candidate_concepts,candidate_entities,candidate_triples,candidate_nodes,candidate_edges
test_00023,full_run82,0.3,0.7,1.0,194,194,0.0,0.9696969696969697,0.14096916299559473,0.2461538461538462,0.14035087719298245,1.0,0.25316455696202533,0.4040404040404041,0.25316455696202533,1.0,0.10869565217391304,0.19607843137254902,0.10869565217391304,1.0,0.08620689655172414,0.15873015873015872,0.08620689655172414,1.0,0.08620689655172414,0.15873015873015872,1.0,1.0,1.0,0.0,0.08888888888888889,0.08620689655172414,0.08620689655172414,0.10869565217391304,0.3333333333333333,0.1,33,20,5,8,5
test_00023,no_topic,0.0,1.0,1.0,250,194,28.865979381443296,0.975609756097561,0.1762114537444934,0.29850746268656714,0.17543859649122806,1.0,0.22784810126582278,0.3711340206185567,0.22784810126582278,1.0,0.13043478260869565,0.23076923076923078,0.13043478260869565,1.0,0.10344827586206896,0.1875,0.10344827586206896,1.0,0.10344827586206896,0.1875,1.0,1.0,1.0,0.0,0.12222222222222222,0.10344827586206896,0.10344827586206896,0.13043478260869565,0.3333333333333333,0.1,41,18,6,11,6
test_00023,no_pattern,1.0,0.0,1.0,130,194,32.98969072164948,0.96,0.10572687224669604,0.1904761904761905,0.10526315789473684,1.0,0.0759493670886076,0.1411764705882353,0.0759493670886076,1.0,0.17391304347826086,0.29629629629629634,0.17391304347826086,1.0,0.13793103448275862,0.2424242424242424,0.13793103448275862,1.0,0.13793103448275862,0.2424242424242424,1.0,1.0,1.0,0.0,0.13333333333333333,0.13793103448275862,0.13793103448275862,0.17391304347826086,0.3333333333333333,0.3,25,6,8,12,8
test_00023,no_redundancy,0.3,0.7,0.0,251,194,29.381443298969074,1.0,0.14537444933920704,0.25384615384615383,0.14537444933920704,1.0,0.24050632911392406,0.38775510204081637,0.24050632911392406,1.0,0.17391304347826086,0.29629629629629634,0.17391304347826086,1.0,0.13793103448275862,0.2424242424242424,0.13793103448275862,1.0,0.13793103448275862,0.2424242424242424,0.875,1.0,0.875,0.125,0.15555555555555556,0.13793103448275862,0.13793103448275862,0.17391304347826086,0.3333333333333333,0.3,33,19,8,14,8
test_00030,full_run82,0.3,0.7,1.0,244,244,0.0,1.0,0.2905405405405405,0.450261780104712,0.2905405405405405,1.0,0.38636363636363635,0.5573770491803279,0.38636363636363635,1.0,0.4782608695652174,0.6470588235294118,0.4782608695652174,1.0,0.40625,0.5777777777777777,0.40625,1.0,0.40625,0.5777777777777777,0.6923076923076923,1.0,0.6923076923076923,0.3076923076923077,0.4666666666666667,0.40625,0.40625,0.4782608695652174,0.8333333333333334,0.5,43,17,13,21,13
test_00030,no_topic,0.0,1.0,1.0,272,244,11.475409836065573,1.0,0.34459459459459457,0.5125628140703518,0.34459459459459457,1.0,0.4090909090909091,0.5806451612903226,0.4090909090909091,0.75,0.391304347826087,0.5142857142857143,0.34615384615384615,0.8,0.375,0.5106382978723405,0.34285714285714286,0.8,0.375,0.5106382978723405,0.8,0.8,0.8,0.19999999999999996,0.4222222222222222,0.375,0.34285714285714286,0.391304347826087,0.8333333333333334,0.4,51,18,15,22,15
test_00030,no_pattern,1.0,0.0,1.0,225,244,7.786885245901639,1.0,0.25675675675675674,0.4086021505376344,0.25675675675675674,1.0,0.36363636363636365,0.5333333333333333,0.36363636363636365,1.0,0.43478260869565216,0.6060606060606061,0.43478260869565216,1.0,0.34375,0.5116279069767442,0.34375,1.0,0.34375,0.5116279069767442,1.0,1.0,1.0,0.0,0.4444444444444444,0.34375,0.34375,0.43478260869565216,0.5,0.4,38,16,11,20,11
test_00030,no_redundancy,0.3,0.7,0.0,471,244,93.0327868852459,1.0,0.4527027027027027,0.6232558139534884,0.4527027027027027,1.0,0.6590909090909091,0.7945205479452054,0.6590909090909091,0.9230769230769231,0.5217391304347826,0.6666666666666667,0.5,0.9411764705882353,0.5,0.6530612244897959,0.48484848484848486,0.9411764705882353,0.5,0.6530612244897959,0.9411764705882353,0.9411764705882353,0.9411764705882353,0.05882352941176472,0.4666666666666667,0.5,0.48484848484848486,0.5217391304347826,0.8333333333333334,0.5,67,29,17,23,17
test_00042,full_run82,0.3,0.7,1.0,194,194,0.0,1.0,0.17365269461077845,0.2959183673469388,0.17365269461077845,1.0,0.3088235294117647,0.4719101123595506,0.3088235294117647,1.0,0.23684210526315788,0.38297872340425526,0.23684210526315788,1.0,0.2,0.33333333333333337,0.2,1.0,0.2,0.33333333333333337,1.0,1.0,1.0,0.0,0.21518987341772153,0.2,0.2,0.23684210526315788,0.5454545454545454,0.2,29,21,11,17,11
test_00042,no_topic,0.0,1.0,1.0,232,194,19.587628865979383,1.0,0.2215568862275449,0.3627450980392157,0.2215568862275449,1.0,0.25,0.4,0.25,1.0,0.23684210526315788,0.38297872340425526,0.23684210526315788,1.0,0.2,0.33333333333333337,0.2,1.0,0.2,0.33333333333333337,1.0,1.0,1.0,0.0,0.22784810126582278,0.2,0.2,0.23684210526315788,0.45454545454545453,0.3,37,17,11,18,11
test_00042,no_pattern,1.0,0.0,1.0,167,194,13.917525773195877,1.0,0.1377245508982036,0.2421052631578947,0.1377245508982036,1.0,0.14705882352941177,0.25641025641025644,0.14705882352941177,1.0,0.23684210526315788,0.38297872340425526,0.23684210526315788,1.0,0.18181818181818182,0.3076923076923077,0.18181818181818182,1.0,0.18181818181818182,0.3076923076923077,1.0,1.0,1.0,0.0,0.17721518987341772,0.18181818181818182,0.18181818181818182,0.23684210526315788,0.6363636363636364,0.2,23,10,10,14,10
test_00042,no_redundancy,0.3,0.7,0.0,321,194,65.4639175257732,1.0,0.2275449101796407,0.37073170731707317,0.2275449101796407,1.0,0.27941176470588236,0.4367816091954023,0.27941176470588236,1.0,0.13157894736842105,0.23255813953488372,0.13157894736842105,1.0,0.10909090909090909,0.19672131147540983,0.10909090909090909,1.0,0.10909090909090909,0.19672131147540983,1.0,1.0,1.0,0.0,0.12658227848101267,0.10909090909090909,0.10909090909090909,0.13157894736842105,0.2727272727272727,0.3,38,19,6,10,6
test_00049,full_run82,0.3,0.7,1.0,549,549,0.0,0.75,0.048561151079136694,0.09121621621621621,0.047787610619469026,0.8571428571428571,0.06,0.11214953271028037,0.0594059405940594,1.0,0.017241379310344827,0.03389830508474576,0.017241379310344827,0.0,0.0,0.0,0.0,1.0,0.010869565217391304,0.02150537634408602,1.0,1.0,1.0,0.0,0.007874015748031496,0.0,0.0,0.017241379310344827,0.16666666666666666,0.0,36,35,1,2,1
test_00049,no_topic,0.0,1.0,1.0,627,549,14.207650273224044,0.84375,0.048561151079136694,0.09183673469387756,0.0481283422459893,0.8717948717948718,0.068,0.1261595547309833,0.06732673267326733,1.0,0.017241379310344827,0.03389830508474576,0.017241379310344827,0.0,0.0,0.0,0.0,1.0,0.010869565217391304,0.02150537634408602,1.0,1.0,1.0,0.0,0.007874015748031496,0.0,0.0,0.017241379310344827,0.16666666666666666,0.0,32,39,1,2,1
test_00049,no_pattern,1.0,0.0,1.0,166,549,69.76320582877959,0.9,0.03237410071942446,0.0625,0.03225806451612903,0.875,0.028,0.05426356589147287,0.027888446215139442,1.0,0.10344827586206896,0.1875,0.10344827586206896,1.0,0.07608695652173914,0.1414141414141414,0.07608695652173914,1.0,0.07608695652173914,0.1414141414141414,1.0,1.0,1.0,0.0,0.09448818897637795,0.07608695652173914,0.07608695652173914,0.10344827586206896,0.25,0.2,20,16,7,12,7
test_00049,no_redundancy,0.3,0.7,0.0,948,549,72.6775956284153,0.8181818181818182,0.06474820143884892,0.12,0.06382978723404255,0.9,0.09,0.16363636363636364,0.0891089108910891,1.0,0.05172413793103448,0.09836065573770492,0.05172413793103448,1.0,0.06521739130434782,0.12244897959183672,0.06521739130434782,1.0,0.06521739130434782,0.12244897959183672,1.0,1.0,1.0,0.0,0.06299212598425197,0.06521739130434782,0.06521739130434782,0.05172413793103448,0.3333333333333333,0.1,44,50,6,8,6
test_00064,full_run82,0.3,0.7,1.0,210,210,0.0,0.975609756097561,0.09803921568627451,0.17817371937639195,0.097799511002445,0.9565217391304348,0.08695652173913043,0.15942028985507248,0.08661417322834646,1.0,0.06153846153846154,0.11594202898550725,0.06153846153846154,1.0,0.054945054945054944,0.10416666666666666,0.054945054945054944,1.0,0.054945054945054944,0.10416666666666666,1.0,1.0,1.0,0.0,0.0625,0.054945054945054944,0.054945054945054944,0.06153846153846154,0.375,0.0,41,23,5,9,5
test_00064,no_topic,0.0,1.0,1.0,258,210,22.857142857142858,1.0,0.11519607843137254,0.20659340659340658,0.11519607843137254,1.0,0.11067193675889328,0.199288256227758,0.11067193675889328,1.0,0.13846153846153847,0.24324324324324326,0.13846153846153847,1.0,0.10989010989010989,0.198019801980198,0.10989010989010989,1.0,0.10989010989010989,0.198019801980198,1.0,1.0,1.0,0.0,0.11805555555555555,0.10989010989010989,0.10989010989010989,0.13846153846153847,0.5,0.2,47,28,10,17,10
test_00064,no_pattern,1.0,0.0,1.0,193,210,8.095238095238095,0.975,0.09558823529411764,0.17410714285714285,0.09535452322738386,0.9473684210526315,0.07114624505928854,0.1323529411764706,0.07086614173228346,1.0,0.1076923076923077,0.19444444444444445,0.1076923076923077,1.0,0.08791208791208792,0.16161616161616163,0.08791208791208792,1.0,0.08791208791208792,0.16161616161616163,1.0,1.0,1.0,0.0,0.09722222222222222,0.08791208791208792,0.08791208791208792,0.1076923076923077,0.375,0.1,40,19,8,14,8
test_00064,no_redundancy,0.3,0.7,0.0,422,210,100.95238095238095,1.0,0.14215686274509803,0.24892703862660945,0.14215686274509803,1.0,0.17391304347826086,0.29629629629629634,0.17391304347826086,1.0,0.07692307692307693,0.14285714285714288,0.07692307692307693,1.0,0.06593406593406594,0.12371134020618557,0.06593406593406594,1.0,0.06593406593406594,0.12371134020618557,1.0,1.0,1.0,0.0,0.0763888888888889,0.06593406593406594,0.06593406593406594,0.07692307692307693,0.375,0.3,58,44,6,11,6
test_00083,full_run82,0.3,0.7,1.0,280,280,0.0,1.0,0.8,0.888888888888889,0.8,1.0,0.84,0.9130434782608696,0.84,1.0,0.6363636363636364,0.7777777777777778,0.6363636363636364,1.0,0.6153846153846154,0.761904761904762,0.6153846153846154,1.0,0.6153846153846154,0.761904761904762,1.0,1.0,1.0,0.0,0.7142857142857143,0.6153846153846154,0.6153846153846154,0.6363636363636364,0.6,0.8,44,21,8,15,8
test_00083,no_topic,0.0,1.0,1.0,301,280,7.5,1.0,0.9090909090909091,0.9523809523809523,0.9090909090909091,1.0,0.92,0.9583333333333334,0.92,1.0,0.9090909090909091,0.9523809523809523,0.9090909090909091,1.0,0.9230769230769231,0.9600000000000001,0.9230769230769231,1.0,0.9230769230769231,0.9600000000000001,1.0,1.0,1.0,0.0,0.9523809523809523,0.9230769230769231,0.9230769230769231,0.9090909090909091,0.8,1.0,50,23,12,20,12
test_00083,no_pattern,1.0,0.0,1.0,271,280,3.214285714285714,1.0,0.7454545454545455,0.8541666666666666,0.7454545454545455,1.0,0.84,0.9130434782608696,0.84,1.0,0.7272727272727273,0.8421052631578948,0.7272727272727273,1.0,0.7692307692307693,0.8695652173913044,0.7692307692307693,1.0,0.7692307692307693,0.8695652173913044,1.0,1.0,1.0,0.0,0.8571428571428571,0.7692307692307693,0.7692307692307693,0.7272727272727273,0.6,0.9,41,21,10,18,10
test_00083,no_redundancy,0.3,0.7,0.0,297,280,6.071428571428571,1.0,0.8181818181818182,0.9,0.8181818181818182,1.0,0.8,0.888888888888889,0.8,1.0,0.6363636363636364,0.7777777777777778,0.6363636363636364,1.0,0.6153846153846154,0.761904761904762,0.6153846153846154,1.0,0.6153846153846154,0.761904761904762,1.0,1.0,1.0,0.0,0.7142857142857143,0.6153846153846154,0.6153846153846154,0.6363636363636364,0.6,0.8,45,20,8,15,8
test_00090,full_run82,0.3,0.7,1.0,358,358,0.0,1.0,0.6235294117647059,0.7681159420289855,0.6235294117647059,1.0,0.8125,0.896551724137931,0.8125,1.0,0.4666666666666667,0.6363636363636364,0.4666666666666667,1.0,0.3333333333333333,0.5,0.3333333333333333,1.0,0.3333333333333333,0.5,1.0,1.0,1.0,0.0,0.3783783783783784,0.3333333333333333,0.3333333333333333,0.4666666666666667,0.5,0.5,53,39,8,14,8
test_00090,no_topic,0.0,1.0,1.0,371,358,3.6312849162011176,1.0,0.6588235294117647,0.7943262411347518,0.6588235294117647,1.0,0.6875,0.8148148148148148,0.6875,1.0,0.4,0.5714285714285715,0.4,0.75,0.25,0.375,0.23076923076923078,0.875,0.2916666666666667,0.43750000000000006,0.875,1.0,0.875,0.125,0.32432432432432434,0.25,0.23076923076923078,0.4,0.5,0.4,56,33,8,13,8
test_00090,no_pattern,1.0,0.0,1.0,280,358,21.787709497206702,0.9767441860465116,0.49411764705882355,0.65625,0.4883720930232558,1.0,0.6666666666666666,0.8,0.6666666666666666,1.0,0.5333333333333333,0.6956521739130436,0.5333333333333333,1.0,0.4166666666666667,0.5882352941176471,0.4166666666666667,1.0,0.4166666666666667,0.5882352941176471,1.0,1.0,1.0,0.0,0.4864864864864865,0.4166666666666667,0.4166666666666667,0.5333333333333333,0.5,0.6,43,32,10,18,10
test_00090,no_redundancy,0.3,0.7,0.0,394,358,10.05586592178771,1.0,0.5882352941176471,0.7407407407407407,0.5882352941176471,1.0,0.5,0.6666666666666666,0.5,1.0,0.4666666666666667,0.6363636363636364,0.4666666666666667,0.9090909090909091,0.4166666666666667,0.5714285714285715,0.4,0.9090909090909091,0.4166666666666667,0.5714285714285715,1.0,1.0,1.0,0.0,0.40540540540540543,0.4166666666666667,0.4,0.4666666666666667,1.0,0.3,50,24,11,15,11
test_00104,full_run82,0.3,0.7,1.0,410,410,0.0,1.0,0.8181818181818182,0.9,0.8181818181818182,1.0,0.95,0.9743589743589743,0.95,1.0,0.8333333333333334,0.9090909090909091,0.8333333333333334,1.0,0.85,0.9189189189189189,0.85,1.0,0.85,0.9189189189189189,1.0,1.0,1.0,0.0,0.896551724137931,0.85,0.85,0.8333333333333334,1.0,0.9,63,38,17,26,17
test_00104,no_topic,0.0,1.0,1.0,411,410,0.24390243902439024,1.0,0.8051948051948052,0.8920863309352518,0.8051948051948052,1.0,0.95,0.9743589743589743,0.95,1.0,0.8333333333333334,0.9090909090909091,0.8333333333333334,1.0,0.85,0.9189189189189189,0.85,1.0,0.85,0.9189189189189189,1.0,1.0,1.0,0.0,0.896551724137931,0.85,0.85,0.8333333333333334,1.0,0.9,62,38,17,26,17
test_00104,no_pattern,1.0,0.0,1.0,294,410,28.292682926829265,1.0,0.7012987012987013,0.8244274809160306,0.7012987012987013,1.0,0.75,0.8571428571428571,0.75,1.0,0.5,0.6666666666666666,0.5,1.0,0.45,0.6206896551724138,0.45,1.0,0.45,0.6206896551724138,0.8888888888888888,1.0,0.8888888888888888,0.11111111111111116,0.4827586206896552,0.45,0.45,0.5,0.8,0.6,54,30,9,14,9
test_00104,no_redundancy,0.3,0.7,0.0,398,410,2.9268292682926833,1.0,0.7662337662337663,0.8676470588235293,0.7662337662337663,1.0,0.825,0.9041095890410958,0.825,1.0,0.7222222222222222,0.8387096774193548,0.7222222222222222,1.0,0.75,0.8571428571428571,0.75,1.0,0.75,0.8571428571428571,1.0,1.0,1.0,0.0,0.7931034482758621,0.75,0.75,0.7222222222222222,1.0,0.7,59,33,15,23,15
test_00106,full_run82,0.3,0.7,1.0,263,263,0.0,1.0,0.28313253012048195,0.44131455399061037,0.28313253012048195,1.0,0.421875,0.5934065934065934,0.421875,1.0,0.15,0.2608695652173913,0.15,1.0,0.12244897959183673,0.2181818181818182,0.12244897959183673,1.0,0.12244897959183673,0.2181818181818182,1.0,1.0,1.0,0.0,0.17142857142857143,0.12244897959183673,0.12244897959183673,0.15,0.1,0.1,47,27,6,12,6
test_00106,no_topic,0.0,1.0,1.0,279,263,6.083650190114068,1.0,0.3072289156626506,0.4700460829493087,0.3072289156626506,1.0,0.40625,0.5777777777777777,0.40625,1.0,0.175,0.2978723404255319,0.175,1.0,0.14285714285714285,0.25,0.14285714285714285,1.0,0.14285714285714285,0.25,1.0,1.0,1.0,0.0,0.2,0.14285714285714285,0.14285714285714285,0.175,0.1,0.3,51,26,7,14,7
test_00106,no_pattern,1.0,0.0,1.0,201,263,23.574144486692013,1.0,0.2289156626506024,0.37254901960784315,0.2289156626506024,1.0,0.328125,0.49411764705882355,0.328125,1.0,0.25,0.4,0.25,1.0,0.20408163265306123,0.3389830508474576,0.20408163265306123,1.0,0.20408163265306123,0.3389830508474576,1.0,1.0,1.0,0.0,0.2714285714285714,0.20408163265306123,0.20408163265306123,0.25,0.15,0.1,38,21,10,19,10
test_00106,no_redundancy,0.3,0.7,0.0,348,263,32.31939163498099,1.0,0.3132530120481928,0.47706422018348627,0.3132530120481928,0.9473684210526315,0.28125,0.43373493975903615,0.27692307692307694,1.0,0.325,0.4905660377358491,0.325,1.0,0.2857142857142857,0.4444444444444445,0.2857142857142857,1.0,0.2857142857142857,0.4444444444444445,0.7857142857142857,1.0,0.7857142857142857,0.2142857142857143,0.22857142857142856,0.2857142857142857,0.2857142857142857,0.325,0.6,0.4,52,19,14,16,14
test_00128,full_run82,0.3,0.7,1.0,194,194,0.0,1.0,0.0967741935483871,0.17647058823529413,0.0967741935483871,1.0,0.19047619047619047,0.32,0.19047619047619047,1.0,0.08695652173913043,0.16,0.08695652173913043,1.0,0.06666666666666667,0.125,0.06666666666666667,1.0,0.06666666666666667,0.125,1.0,1.0,1.0,0.0,0.08163265306122448,0.06666666666666667,0.06666666666666667,0.08695652173913043,0.3333333333333333,0.2,33,20,4,8,4
test_00128,no_topic,0.0,1.0,1.0,303,194,56.18556701030928,1.0,0.17888563049853373,0.3034825870646766,0.17888563049853373,1.0,0.18095238095238095,0.3064516129032258,0.18095238095238095,0.8,0.08695652173913043,0.1568627450980392,0.0851063829787234,0.8,0.06666666666666667,0.12307692307692308,0.06557377049180328,0.8,0.06666666666666667,0.12307692307692308,0.8,0.8,0.8,0.19999999999999996,0.08163265306122448,0.06666666666666667,0.06557377049180328,0.08695652173913043,0.3333333333333333,0.1,61,19,5,10,5
test_00128,no_pattern,1.0,0.0,1.0,214,194,10.309278350515463,1.0,0.10263929618768329,0.18617021276595747,0.10263929618768329,1.0,0.24761904761904763,0.3969465648854962,0.24761904761904763,1.0,0.08695652173913043,0.16,0.08695652173913043,1.0,0.08333333333333333,0.15384615384615385,0.08333333333333333,1.0,0.08333333333333333,0.15384615384615385,0.8,1.0,0.8,0.19999999999999996,0.10204081632653061,0.08333333333333333,0.08333333333333333,0.08695652173913043,0.3333333333333333,0.1,35,26,5,10,5
test_00128,no_redundancy,0.3,0.7,0.0,408,194,110.30927835051547,1.0,0.17595307917888564,0.29925187032418954,0.17595307917888564,1.0,0.06666666666666667,0.125,0.06666666666666667,0.0,0.0,0.0,0.0,0.0,0.0,0.0,0.0,0.0,0.0,0.0,0.0,0.0,0.0,0.0,0.0,0.0,0.0,0.0,0.0,0.0,60,7,0,0,0
test_00141,full_run82,0.3,0.7,1.0,249,249,0.0,0.9512195121951219,0.4431818181818182,0.6046511627906976,0.43333333333333335,0.96,0.5106382978723404,0.6666666666666666,0.5,1.0,0.42105263157894735,0.5925925925925926,0.42105263157894735,0.8888888888888888,0.2962962962962963,0.4444444444444444,0.2857142857142857,0.8888888888888888,0.2962962962962963,0.4444444444444444,0.6666666666666666,1.0,0.6666666666666666,0.33333333333333337,0.40540540540540543,0.2962962962962963,0.2857142857142857,0.42105263157894735,0.3333333333333333,0.4,41,25,9,15,9
test_00141,no_topic,0.0,1.0,1.0,249,249,0.0,0.9512195121951219,0.4431818181818182,0.6046511627906976,0.43333333333333335,0.96,0.5106382978723404,0.6666666666666666,0.5,1.0,0.42105263157894735,0.5925925925925926,0.42105263157894735,0.8888888888888888,0.2962962962962963,0.4444444444444444,0.2857142857142857,0.8888888888888888,0.2962962962962963,0.4444444444444444,0.6666666666666666,1.0,0.6666666666666666,0.33333333333333337,0.40540540540540543,0.2962962962962963,0.2857142857142857,0.42105263157894735,0.3333333333333333,0.4,41,25,9,15,9
test_00141,no_pattern,1.0,0.0,1.0,223,249,10.441767068273093,0.9696969696969697,0.36363636363636365,0.5289256198347106,0.3595505617977528,0.9583333333333334,0.48936170212765956,0.6478873239436619,0.4791666666666667,1.0,0.3157894736842105,0.4799999999999999,0.3157894736842105,1.0,0.2222222222222222,0.3636363636363636,0.2222222222222222,1.0,0.2222222222222222,0.3636363636363636,0.8333333333333334,1.0,0.8333333333333334,0.16666666666666663,0.2972972972972973,0.2222222222222222,0.2222222222222222,0.3157894736842105,0.25,0.5,33,24,6,11,6
test_00141,no_redundancy,0.3,0.7,0.0,342,249,37.34939759036144,1.0,0.4431818181818182,0.6141732283464567,0.4431818181818182,1.0,0.5531914893617021,0.7123287671232876,0.5531914893617021,1.0,0.42105263157894735,0.5925925925925926,0.42105263157894735,1.0,0.4444444444444444,0.6153846153846153,0.4444444444444444,1.0,0.4444444444444444,0.6153846153846153,0.9166666666666666,1.0,0.9166666666666666,0.08333333333333337,0.4864864864864865,0.4444444444444444,0.4444444444444444,0.42105263157894735,0.5,0.6,39,26,12,18,12
test_00147,full_run82,0.3,0.7,1.0,289,289,0.0,1.0,0.04411764705882353,0.08450704225352113,0.04411764705882353,0.975609756097561,0.07168458781362007,0.1335559265442404,0.07155635062611806,1.0,0.040697674418604654,0.0782122905027933,0.040697674418604654,1.0,0.026402640264026403,0.05144694533762057,0.026402640264026403,1.0,0.026402640264026403,0.05144694533762057,1.0,1.0,1.0,0.0,0.03218390804597701,0.026402640264026403,0.026402640264026403,0.040697674418604654,0.075,0.0,57,41,8,14,8
test_00147,no_topic,0.0,1.0,1.0,394,289,36.332179930795846,1.0,0.06114551083591331,0.11524434719183077,0.06114551083591331,1.0,0.06810035842293907,0.12751677852348994,0.06810035842293907,1.0,0.03488372093023256,0.06741573033707865,0.03488372093023256,1.0,0.019801980198019802,0.038834951456310676,0.019801980198019802,1.0,0.019801980198019802,0.038834951456310676,1.0,1.0,1.0,0.0,0.02528735632183908,0.019801980198019802,0.019801980198019802,0.03488372093023256,0.075,0.1,79,38,6,11,6
test_00147,no_pattern,1.0,0.0,1.0,227,289,21.453287197231834,0.9772727272727273,0.033281733746130034,0.06437125748502995,0.033255993812838364,1.0,0.05734767025089606,0.10847457627118644,0.05734767025089606,1.0,0.05232558139534884,0.09944751381215469,0.05232558139534884,1.0,0.0297029702970297,0.05769230769230769,0.0297029702970297,1.0,0.0297029702970297,0.05769230769230769,1.0,1.0,1.0,0.0,0.03218390804597701,0.0297029702970297,0.0297029702970297,0.05232558139534884,0.1,0.2,44,32,9,14,9
test_00147,no_redundancy,0.3,0.7,0.0,489,289,69.20415224913495,1.0,0.05030959752321981,0.09579955784819455,0.05030959752321981,1.0,0.06630824372759857,0.12436974789915967,0.06630824372759857,1.0,0.01744186046511628,0.03428571428571429,0.01744186046511628,1.0,0.009900990099009901,0.0196078431372549,0.009900990099009901,1.0,0.009900990099009901,0.0196078431372549,1.0,1.0,1.0,0.0,0.013793103448275862,0.009900990099009901,0.009900990099009901,0.01744186046511628,0.05,0.1,65,37,3,6,3
test_00151,full_run82,0.3,0.7,1.0,492,492,0.0,1.0,0.5304347826086957,0.6931818181818182,0.5304347826086957,1.0,0.7466666666666667,0.8549618320610688,0.7466666666666667,1.0,0.4666666666666667,0.6363636363636364,0.4666666666666667,1.0,0.46875,0.6382978723404256,0.46875,1.0,0.46875,0.6382978723404256,1.0,1.0,1.0,0.0,0.4883720930232558,0.46875,0.46875,0.4666666666666667,0.5454545454545454,0.6,61,56,15,21,15
test_00151,no_topic,0.0,1.0,1.0,492,492,0.0,1.0,0.5304347826086957,0.6931818181818182,0.5304347826086957,1.0,0.7466666666666667,0.8549618320610688,0.7466666666666667,1.0,0.4666666666666667,0.6363636363636364,0.4666666666666667,1.0,0.46875,0.6382978723404256,0.46875,1.0,0.46875,0.6382978723404256,1.0,1.0,1.0,0.0,0.4883720930232558,0.46875,0.46875,0.4666666666666667,0.5454545454545454,0.6,61,56,15,21,15
test_00151,no_pattern,1.0,0.0,1.0,336,492,31.70731707317073,1.0,0.3739130434782609,0.5443037974683544,0.3739130434782609,1.0,0.4,0.5714285714285715,0.4,1.0,0.43333333333333335,0.6046511627906976,0.43333333333333335,1.0,0.40625,0.5777777777777777,0.40625,1.0,0.40625,0.5777777777777777,1.0,1.0,1.0,0.0,0.4186046511627907,0.40625,0.40625,0.43333333333333335,0.5454545454545454,0.5,43,30,13,18,13
test_00151,no_redundancy,0.3,0.7,0.0,605,492,22.96747967479675,1.0,0.591304347826087,0.7431693989071038,0.591304347826087,1.0,0.6666666666666666,0.8,0.6666666666666666,1.0,0.4,0.5714285714285715,0.4,1.0,0.40625,0.5777777777777777,0.40625,1.0,0.40625,0.5777777777777777,1.0,1.0,1.0,0.0,0.4883720930232558,0.40625,0.40625,0.4,0.2727272727272727,0.5,68,50,13,21,13
test_00170,full_run82,0.3,0.7,1.0,172,172,0.0,0.9666666666666667,0.20422535211267606,0.3372093023255814,0.20279720279720279,1.0,0.12790697674418605,0.2268041237113402,0.12790697674418605,1.0,0.23529411764705882,0.38095238095238093,0.23529411764705882,1.0,0.21951219512195122,0.36,0.21951219512195122,1.0,0.21951219512195122,0.36,1.0,1.0,1.0,0.0,0.21666666666666667,0.21951219512195122,0.21951219512195122,0.23529411764705882,0.5454545454545454,0.2,30,11,9,13,9
test_00170,no_topic,0.0,1.0,1.0,143,172,16.86046511627907,0.9523809523809523,0.14084507042253522,0.245398773006135,0.13986013986013987,1.0,0.16279069767441862,0.28,0.16279069767441862,1.0,0.14705882352941177,0.25641025641025644,0.14705882352941177,1.0,0.14634146341463414,0.2553191489361702,0.14634146341463414,1.0,0.14634146341463414,0.2553191489361702,1.0,1.0,1.0,0.0,0.15,0.14634146341463414,0.14634146341463414,0.14705882352941177,0.36363636363636365,0.2,21,14,6,9,6
test_00170,no_pattern,1.0,0.0,1.0,122,172,29.069767441860467,1.0,0.14084507042253522,0.2469135802469136,0.14084507042253522,1.0,0.12790697674418605,0.2268041237113402,0.12790697674418605,1.0,0.2647058823529412,0.4186046511627907,0.2647058823529412,1.0,0.24390243902439024,0.39215686274509803,0.24390243902439024,1.0,0.24390243902439024,0.39215686274509803,1.0,1.0,1.0,0.0,0.3,0.24390243902439024,0.24390243902439024,0.2647058823529412,0.2727272727272727,0.3,20,11,10,18,10
test_00170,no_redundancy,0.3,0.7,0.0,358,172,108.13953488372093,0.9787234042553191,0.323943661971831,0.48677248677248686,0.32167832167832167,0.9705882352941176,0.38372093023255816,0.55,0.3793103448275862,0.9090909090909091,0.29411764705882354,0.4444444444444445,0.2857142857142857,0.9285714285714286,0.3170731707317073,0.4727272727272727,0.30952380952380953,0.9285714285714286,0.3170731707317073,0.4727272727272727,0.8571428571428571,0.9285714285714286,0.8571428571428571,0.1428571428571429,0.2833333333333333,0.3170731707317073,0.30952380952380953,0.29411764705882354,0.9090909090909091,0.6,47,34,14,18,14
test_00174,full_run82,0.3,0.7,1.0,405,405,0.0,1.0,1.0,1.0,1.0,1.0,1.0,1.0,1.0,1.0,1.0,1.0,1.0,1.0,1.0,1.0,1.0,1.0,1.0,1.0,1.0,1.0,1.0,0.0,1.0,1.0,1.0,1.0,1.0,1.0,59,37,7,13,7
test_00174,no_topic,0.0,1.0,1.0,405,405,0.0,1.0,1.0,1.0,1.0,1.0,1.0,1.0,1.0,1.0,1.0,1.0,1.0,1.0,1.0,1.0,1.0,1.0,1.0,1.0,1.0,1.0,1.0,0.0,1.0,1.0,1.0,1.0,1.0,1.0,59,37,7,13,7
test_00174,no_pattern,1.0,0.0,1.0,405,405,0.0,1.0,1.0,1.0,1.0,1.0,1.0,1.0,1.0,1.0,1.0,1.0,1.0,1.0,1.0,1.0,1.0,1.0,1.0,1.0,1.0,1.0,1.0,0.0,1.0,1.0,1.0,1.0,1.0,1.0,59,37,7,13,7
test_00174,no_redundancy,0.3,0.7,0.0,405,405,0.0,1.0,1.0,1.0,1.0,1.0,1.0,1.0,1.0,1.0,1.0,1.0,1.0,1.0,1.0,1.0,1.0,1.0,1.0,1.0,1.0,1.0,1.0,0.0,1.0,1.0,1.0,1.0,1.0,1.0,59,37,7,13,7
test_00180,full_run82,0.3,0.7,1.0,187,187,0.0,1.0,0.0576271186440678,0.10897435897435898,0.0576271186440678,1.0,0.1348314606741573,0.23762376237623764,0.1348314606741573,0.8888888888888888,0.08,0.14678899082568808,0.07920792079207921,0.8888888888888888,0.06722689075630252,0.125,0.06666666666666667,0.8888888888888888,0.06722689075630252,0.125,0.8888888888888888,0.8888888888888888,0.8888888888888888,0.11111111111111116,0.06936416184971098,0.06722689075630252,0.06666666666666667,0.08,0.3333333333333333,0.2,34,24,9,14,9
test_00180,no_topic,0.0,1.0,1.0,270,187,44.38502673796791,1.0,0.08813559322033898,0.161993769470405,0.08813559322033898,1.0,0.15730337078651685,0.27184466019417475,0.15730337078651685,1.0,0.13,0.23008849557522126,0.13,1.0,0.1092436974789916,0.19696969696969696,0.1092436974789916,1.0,0.1092436974789916,0.19696969696969696,1.0,1.0,1.0,0.0,0.12716763005780346,0.1092436974789916,0.1092436974789916,0.13,0.3333333333333333,0.1,52,28,13,22,13
test_00180,no_pattern,1.0,0.0,1.0,149,187,20.32085561497326,1.0,0.04067796610169491,0.0781758957654723,0.04067796610169491,1.0,0.09550561797752809,0.17435897435897438,0.09550561797752809,0.8333333333333334,0.05,0.09433962264150944,0.04950495049504951,0.8571428571428571,0.05042016806722689,0.09523809523809523,0.05,0.8571428571428571,0.05042016806722689,0.09523809523809523,0.8571428571428571,0.8571428571428571,0.8571428571428571,0.1428571428571429,0.057803468208092484,0.05042016806722689,0.05,0.05,0.3333333333333333,0.2,24,17,7,12,7
test_00180,no_redundancy,0.3,0.7,0.0,484,187,158.8235294117647,1.0,0.13220338983050847,0.23353293413173654,0.13220338983050847,1.0,0.15168539325842698,0.2634146341463415,0.15168539325842698,1.0,0.14,0.24561403508771928,0.14,1.0,0.12605042016806722,0.22388059701492538,0.12605042016806722,1.0,0.12605042016806722,0.22388059701492538,1.0,1.0,1.0,0.0,0.12716763005780346,0.12605042016806722,0.12605042016806722,0.14,0.4166666666666667,0.3,78,27,15,22,15
test_00187,full_run82,0.3,0.7,1.0,232,232,0.0,0.9787234042553191,0.13031161473087818,0.22999999999999998,0.12994350282485875,1.0,0.16304347826086957,0.2803738317757009,0.16304347826086957,1.0,0.22,0.36065573770491804,0.22,1.0,0.12359550561797752,0.21999999999999997,0.12359550561797752,1.0,0.12359550561797752,0.21999999999999997,1.0,1.0,1.0,0.0,0.1746031746031746,0.12359550561797752,0.12359550561797752,0.22,0.0625,0.3,47,15,11,22,11
test_00187,no_topic,0.0,1.0,1.0,282,232,21.551724137931032,1.0,0.18696883852691218,0.315035799522673,0.18696883852691218,1.0,0.09782608695652174,0.17821782178217824,0.09782608695652174,1.0,0.22,0.36065573770491804,0.22,1.0,0.14606741573033707,0.25490196078431376,0.14606741573033707,1.0,0.14606741573033707,0.25490196078431376,1.0,1.0,1.0,0.0,0.1746031746031746,0.14606741573033707,0.14606741573033707,0.22,0.15625,0.2,66,9,13,22,13
test_00187,no_pattern,1.0,0.0,1.0,211,232,9.051724137931034,0.9761904761904762,0.11614730878186968,0.20759493670886073,0.11581920903954802,1.0,0.13043478260869565,0.23076923076923078,0.13043478260869565,1.0,0.2,0.33333333333333337,0.2,1.0,0.12359550561797752,0.21999999999999997,0.12359550561797752,1.0,0.12359550561797752,0.21999999999999997,1.0,1.0,1.0,0.0,0.15873015873015872,0.12359550561797752,0.12359550561797752,0.2,0.09375,0.3,42,12,11,20,11
test_00187,no_redundancy,0.3,0.7,0.0,30,232,87.06896551724138,0.0,0.0,0.0,0.0,1.0,0.16304347826086957,0.2803738317757009,0.16304347826086957,0.0,0.0,0.0,0.0,0.0,0.0,0.0,0.0,0.0,0.0,0.0,0.0,0.0,0.0,0.0,0.0,0.0,0.0,0.0,0.0,0.0,0,15,0,0,0
test_00191,full_run82,0.3,0.7,1.0,216,216,0.0,1.0,0.5230769230769231,0.686868686868687,0.5230769230769231,1.0,0.5918367346938775,0.7435897435897436,0.5918367346938775,1.0,0.3157894736842105,0.4799999999999999,0.3157894736842105,1.0,0.35,0.5185185185185185,0.35,1.0,0.35,0.5185185185185185,1.0,1.0,1.0,0.0,0.41935483870967744,0.35,0.35,0.3157894736842105,0.42857142857142855,0.5,34,29,7,13,7
test_00191,no_topic,0.0,1.0,1.0,280,216,29.629629629629626,1.0,0.676923076923077,0.8073394495412844,0.676923076923077,1.0,0.6530612244897959,0.7901234567901235,0.6530612244897959,1.0,0.42105263157894735,0.5925925925925926,0.42105263157894735,1.0,0.45,0.6206896551724138,0.45,1.0,0.45,0.6206896551724138,1.0,1.0,1.0,0.0,0.5161290322580645,0.45,0.45,0.42105263157894735,0.42857142857142855,0.5,44,32,9,16,9
test_00191,no_pattern,1.0,0.0,1.0,225,216,4.166666666666666,1.0,0.46153846153846156,0.631578947368421,0.46153846153846156,1.0,0.7551020408163265,0.8604651162790697,0.7551020408163265,1.0,0.631578947368421,0.7741935483870968,0.631578947368421,1.0,0.65,0.787878787878788,0.65,1.0,0.65,0.787878787878788,1.0,1.0,1.0,0.0,0.6451612903225806,0.65,0.65,0.631578947368421,0.5714285714285714,0.7,30,37,13,20,13
test_00191,no_redundancy,0.3,0.7,0.0,396,216,83.33333333333334,1.0,0.8,0.888888888888889,0.8,1.0,0.8163265306122449,0.898876404494382,0.8163265306122449,0.8125,0.6842105263157895,0.742857142857143,0.5909090909090909,0.8235294117647058,0.7,0.7567567567567567,0.6086956521739131,0.8235294117647058,0.7,0.7567567567567567,0.8235294117647058,0.8235294117647058,0.8235294117647058,0.17647058823529416,0.6451612903225806,0.7,0.6086956521739131,0.6842105263157895,1.0,0.6,52,40,17,23,17
test_00208,full_run82,0.3,0.7,1.0,208,208,0.0,1.0,0.12552301255230125,0.22304832713754646,0.12552301255230125,1.0,0.1721311475409836,0.2937062937062937,0.1721311475409836,1.0,0.16666666666666666,0.2857142857142857,0.16666666666666666,1.0,0.15625,0.2702702702702703,0.15625,1.0,0.15625,0.2702702702702703,1.0,1.0,1.0,0.0,0.1956521739130435,0.15625,0.15625,0.16666666666666666,0.3,0.2,30,21,10,18,10
test_00208,no_topic,0.0,1.0,1.0,313,208,50.480769230769226,1.0,0.1799163179916318,0.3049645390070922,0.1799163179916318,1.0,0.23770491803278687,0.3841059602649007,0.23770491803278687,1.0,0.11666666666666667,0.208955223880597,0.11666666666666667,1.0,0.109375,0.19718309859154928,0.109375,1.0,0.109375,0.19718309859154928,1.0,1.0,1.0,0.0,0.14130434782608695,0.109375,0.109375,0.11666666666666667,0.3,0.1,43,29,7,13,7
test_00208,no_pattern,1.0,0.0,1.0,164,208,21.153846153846153,1.0,0.11715481171548117,0.2097378277153558,0.11715481171548117,1.0,0.1557377049180328,0.2695035460992908,0.1557377049180328,1.0,0.16666666666666666,0.2857142857142857,0.16666666666666666,1.0,0.15625,0.2702702702702703,0.15625,1.0,0.15625,0.2702702702702703,1.0,1.0,1.0,0.0,0.18478260869565216,0.15625,0.15625,0.16666666666666666,0.5,0.1,28,19,10,17,10
test_00208,no_redundancy,0.3,0.7,0.0,324,208,55.769230769230774,0.9743589743589743,0.1589958158995816,0.2733812949640288,0.15833333333333333,1.0,0.22950819672131148,0.37333333333333335,0.22950819672131148,1.0,0.16666666666666666,0.2857142857142857,0.16666666666666666,1.0,0.15625,0.2702702702702703,0.15625,1.0,0.15625,0.2702702702702703,1.0,1.0,1.0,0.0,0.16304347826086957,0.15625,0.15625,0.16666666666666666,0.5,0.3,39,28,10,15,10
test_00215,full_run82,0.3,0.7,1.0,274,274,0.0,1.0,0.15656565656565657,0.27074235807860264,0.15656565656565657,1.0,0.17391304347826086,0.29629629629629634,0.17391304347826086,1.0,0.23333333333333334,0.37837837837837834,0.23333333333333334,1.0,0.16279069767441862,0.28,0.16279069767441862,1.0,0.16279069767441862,0.28,1.0,1.0,1.0,0.0,0.19696969696969696,0.16279069767441862,0.16279069767441862,0.23333333333333334,0.42857142857142855,0.3,31,20,7,13,7
test_00215,no_topic,0.0,1.0,1.0,334,274,21.897810218978105,0.9777777777777777,0.2222222222222222,0.3621399176954732,0.22110552763819097,1.0,0.21739130434782608,0.3571428571428571,0.21739130434782608,1.0,0.26666666666666666,0.4210526315789474,0.26666666666666666,0.9,0.20930232558139536,0.339622641509434,0.20454545454545456,0.9,0.20930232558139536,0.339622641509434,0.9,1.0,0.9,0.09999999999999998,0.25757575757575757,0.20930232558139536,0.20454545454545456,0.26666666666666666,0.42857142857142855,0.4,45,25,10,18,10
test_00215,no_pattern,1.0,0.0,1.0,196,274,28.467153284671532,1.0,0.09595959595959595,0.17511520737327188,0.09595959595959595,1.0,0.09565217391304348,0.17460317460317462,0.09565217391304348,1.0,0.13333333333333333,0.23529411764705882,0.13333333333333333,1.0,0.11627906976744186,0.20833333333333334,0.11627906976744186,1.0,0.11627906976744186,0.20833333333333334,1.0,1.0,1.0,0.0,0.13636363636363635,0.11627906976744186,0.11627906976744186,0.13333333333333333,0.42857142857142855,0.3,19,11,5,9,5
test_00215,no_redundancy,0.3,0.7,0.0,489,274,78.46715328467153,0.9833333333333333,0.29797979797979796,0.45736434108527124,0.2964824120603015,0.9666666666666667,0.25217391304347825,0.39999999999999997,0.25,1.0,0.2,0.33333333333333337,0.2,1.0,0.13953488372093023,0.24489795918367346,0.13953488372093023,1.0,0.13953488372093023,0.24489795918367346,1.0,1.0,1.0,0.0,0.16666666666666666,0.13953488372093023,0.13953488372093023,0.2,0.42857142857142855,0.2,60,30,6,11,6
test_00240,full_run82,0.3,0.7,1.0,245,245,0.0,1.0,0.3081761006289308,0.47115384615384615,0.3081761006289308,1.0,0.265625,0.41975308641975306,0.265625,1.0,0.20512820512820512,0.3404255319148936,0.20512820512820512,0.9,0.18,0.3,0.17647058823529413,1.0,0.2,0.33333333333333337,1.0,1.0,1.0,0.0,0.20833333333333334,0.18,0.17647058823529413,0.20512820512820512,0.3333333333333333,0.2,49,17,10,16,10
test_00240,no_topic,0.0,1.0,1.0,254,245,3.6734693877551026,1.0,0.3081761006289308,0.47115384615384615,0.3081761006289308,1.0,0.28125,0.43902439024390244,0.28125,1.0,0.20512820512820512,0.3404255319148936,0.20512820512820512,0.9,0.18,0.3,0.17647058823529413,1.0,0.2,0.33333333333333337,1.0,1.0,1.0,0.0,0.20833333333333334,0.18,0.17647058823529413,0.20512820512820512,0.3333333333333333,0.2,49,18,10,16,10
test_00240,no_pattern,1.0,0.0,1.0,171,245,30.20408163265306,0.9666666666666667,0.18238993710691823,0.30687830687830686,0.18125,1.0,0.1875,0.3157894736842105,0.1875,1.0,0.10256410256410256,0.18604651162790695,0.10256410256410256,0.75,0.06,0.1111111111111111,0.058823529411764705,1.0,0.08,0.14814814814814814,0.75,1.0,0.75,0.25,0.09722222222222222,0.06,0.058823529411764705,0.10256410256410256,0.16666666666666666,0.0,30,12,4,8,4
test_00240,no_redundancy,0.3,0.7,0.0,399,245,62.857142857142854,1.0,0.3522012578616352,0.5209302325581395,0.3522012578616352,1.0,0.4375,0.6086956521739131,0.4375,1.0,0.28205128205128205,0.44000000000000006,0.28205128205128205,1.0,0.26,0.41269841269841273,0.26,1.0,0.26,0.41269841269841273,1.0,1.0,1.0,0.0,0.3055555555555556,0.26,0.26,0.28205128205128205,0.3333333333333333,0.3,56,28,13,22,13
test_00245,full_run82,0.3,0.7,1.0,395,395,0.0,0.9661016949152542,0.48717948717948717,0.6477272727272727,0.4789915966386555,1.0,0.3333333333333333,0.5,0.3333333333333333,1.0,0.4090909090909091,0.5806451612903226,0.4090909090909091,1.0,0.36,0.5294117647058824,0.36,1.0,0.36,0.5294117647058824,1.0,1.0,1.0,0.0,0.38636363636363635,0.36,0.36,0.4090909090909091,0.75,0.1,59,11,9,17,9
test_00245,no_topic,0.0,1.0,1.0,449,395,13.670886075949367,1.0,0.48717948717948717,0.6551724137931034,0.48717948717948717,1.0,0.36363636363636365,0.5333333333333333,0.36363636363636365,1.0,0.36363636363636365,0.5333333333333333,0.36363636363636365,1.0,0.32,0.48484848484848486,0.32,1.0,0.32,0.48484848484848486,1.0,1.0,1.0,0.0,0.3409090909090909,0.32,0.32,0.36363636363636365,0.75,0.1,57,12,8,15,8
test_00245,no_pattern,1.0,0.0,1.0,217,395,45.063291139240505,0.9534883720930233,0.3504273504273504,0.5125,0.3445378151260504,1.0,0.3939393939393939,0.5652173913043478,0.3939393939393939,1.0,0.5454545454545454,0.7058823529411764,0.5454545454545454,0.75,0.36,0.48648648648648657,0.32142857142857145,1.0,0.48,0.6486486486486487,1.0,1.0,1.0,0.0,0.45454545454545453,0.36,0.32142857142857145,0.5454545454545454,1.0,0.5,43,13,12,21,12
test_00245,no_redundancy,0.3,0.7,0.0,427,395,8.10126582278481,1.0,0.39316239316239315,0.5644171779141104,0.39316239316239315,1.0,0.3939393939393939,0.5652173913043478,0.3939393939393939,1.0,0.36363636363636365,0.5333333333333333,0.36363636363636365,1.0,0.36,0.5294117647058824,0.36,1.0,0.36,0.5294117647058824,1.0,1.0,1.0,0.0,0.38636363636363635,0.36,0.36,0.36363636363636365,0.75,0.2,46,13,9,17,9
test_00252,full_run82,0.3,0.7,1.0,192,192,0.0,0.8974358974358975,0.1483050847457627,0.2545454545454545,0.14583333333333334,0.9230769230769231,0.11214953271028037,0.19999999999999998,0.1111111111111111,0.9090909090909091,0.2777777777777778,0.4255319148936171,0.2702702702702703,0.8181818181818182,0.1836734693877551,0.3,0.17647058823529413,0.9090909090909091,0.20408163265306123,0.33333333333333337,0.9090909090909091,0.9090909090909091,0.9090909090909091,0.09090909090909094,0.21621621621621623,0.1836734693877551,0.17647058823529413,0.2777777777777778,0.7142857142857143,0.1,39,13,11,18,11
test_00252,no_topic,0.0,1.0,1.0,232,192,20.833333333333336,0.9302325581395349,0.1694915254237288,0.28673835125448033,0.16736401673640167,0.9444444444444444,0.1588785046728972,0.272,0.1574074074074074,0.8571428571428571,0.16666666666666666,0.27906976744186046,0.16216216216216217,0.7777777777777778,0.14285714285714285,0.24137931034482757,0.13725490196078433,0.8888888888888888,0.16326530612244897,0.27586206896551724,0.8888888888888888,0.8888888888888888,0.8888888888888888,0.11111111111111116,0.14864864864864866,0.14285714285714285,0.13725490196078433,0.16666666666666666,0.5714285714285714,0.2,43,18,9,13,9
test_00252,no_pattern,1.0,0.0,1.0,164,192,14.583333333333334,0.8857142857142857,0.13135593220338984,0.22878228782287824,0.12916666666666668,1.0,0.056074766355140186,0.10619469026548672,0.056074766355140186,1.0,0.25,0.4,0.25,1.0,0.1836734693877551,0.3103448275862069,0.1836734693877551,1.0,0.1836734693877551,0.3103448275862069,1.0,1.0,1.0,0.0,0.20270270270270271,0.1836734693877551,0.1836734693877551,0.25,0.7142857142857143,0.2,35,6,9,15,9
test_00252,no_redundancy,0.3,0.7,0.0,233,192,21.354166666666664,0.9743589743589743,0.16101694915254236,0.27636363636363637,0.16033755274261605,1.0,0.2336448598130841,0.3787878787878788,0.2336448598130841,1.0,0.16666666666666666,0.2857142857142857,0.16666666666666666,1.0,0.14285714285714285,0.25,0.14285714285714285,1.0,0.14285714285714285,0.25,1.0,1.0,1.0,0.0,0.12162162162162163,0.14285714285714285,0.14285714285714285,0.16666666666666666,1.0,0.3,39,25,7,9,7
test_00254,full_run82,0.3,0.7,1.0,318,318,0.0,0.9830508474576272,0.42028985507246375,0.5888324873096445,0.4172661870503597,1.0,0.375,0.5454545454545454,0.375,1.0,0.2222222222222222,0.3636363636363636,0.2222222222222222,1.0,0.21052631578947367,0.34782608695652173,0.21052631578947367,1.0,0.21052631578947367,0.34782608695652173,1.0,1.0,1.0,0.0,0.25806451612903225,0.21052631578947367,0.21052631578947367,0.2222222222222222,0.5,0.3,59,24,4,8,4
test_00254,no_topic,0.0,1.0,1.0,401,318,26.10062893081761,0.9722222222222222,0.5072463768115942,0.6666666666666666,0.5,1.0,0.46875,0.6382978723404256,0.46875,1.0,0.2777777777777778,0.4347826086956522,0.2777777777777778,0.8,0.21052631578947367,0.3333333333333333,0.2,0.8,0.21052631578947367,0.3333333333333333,1.0,1.0,1.0,0.0,0.2903225806451613,0.21052631578947367,0.2,0.2777777777777778,0.5,0.3,72,30,5,10,5
test_00254,no_pattern,1.0,0.0,1.0,208,318,34.59119496855346,1.0,0.2608695652173913,0.41379310344827586,0.2608695652173913,1.0,0.28125,0.43902439024390244,0.28125,1.0,0.3333333333333333,0.5,0.3333333333333333,1.0,0.3157894736842105,0.4799999999999999,0.3157894736842105,1.0,0.3157894736842105,0.4799999999999999,1.0,1.0,1.0,0.0,0.3225806451612903,0.3157894736842105,0.3157894736842105,0.3333333333333333,1.0,0.3,36,18,6,10,6
test_00254,no_redundancy,0.3,0.7,0.0,439,318,38.05031446540881,0.9861111111111112,0.5144927536231884,0.6761904761904761,0.5107913669064749,1.0,0.453125,0.6236559139784946,0.453125,1.0,0.5,0.6666666666666666,0.5,1.0,0.5263157894736842,0.6896551724137931,0.5263157894736842,1.0,0.5263157894736842,0.6896551724137931,1.0,1.0,1.0,0.0,0.5161290322580645,0.5263157894736842,0.5263157894736842,0.5,1.0,0.5,72,29,10,16,10
test_00270,full_run82,0.3,0.7,1.0,190,190,0.0,1.0,0.09872611464968153,0.17971014492753623,0.09872611464968153,0.9545454545454546,0.15328467153284672,0.26415094339622647,0.15217391304347827,1.0,0.13953488372093023,0.24489795918367346,0.13953488372093023,0.8333333333333334,0.07462686567164178,0.136986301369863,0.07352941176470588,1.0,0.08955223880597014,0.1643835616438356,0.8333333333333334,1.0,0.8333333333333334,0.16666666666666663,0.09183673469387756,0.07462686567164178,0.07352941176470588,0.13953488372093023,0.12,0.2,31,22,6,10,6
test_00270,no_topic,0.0,1.0,1.0,177,190,6.842105263157896,1.0,0.10828025477707007,0.19540229885057472,0.10828025477707007,0.9473684210526315,0.13138686131386862,0.23076923076923078,0.13043478260869565,1.0,0.16279069767441862,0.28,0.16279069767441862,0.7142857142857143,0.07462686567164178,0.13513513513513511,0.07246376811594203,0.8571428571428571,0.08955223880597014,0.16216216216216214,0.8571428571428571,1.0,0.8571428571428571,0.1428571428571429,0.09183673469387756,0.07462686567164178,0.07246376811594203,0.16279069767441862,0.12,0.2,34,19,7,12,7
test_00270,no_pattern,1.0,0.0,1.0,186,190,2.1052631578947367,0.9655172413793104,0.08917197452229299,0.16326530612244894,0.08888888888888889,0.95,0.1386861313868613,0.24203821656050956,0.13768115942028986,1.0,0.11627906976744186,0.20833333333333334,0.11627906976744186,0.8,0.05970149253731343,0.11111111111111112,0.058823529411764705,1.0,0.07462686567164178,0.13888888888888887,0.8,1.0,0.8,0.19999999999999996,0.08163265306122448,0.05970149253731343,0.058823529411764705,0.11627906976744186,0.12,0.1,29,20,5,9,5
test_00270,no_redundancy,0.3,0.7,0.0,464,190,144.21052631578948,1.0,0.15286624203821655,0.26519337016574585,0.15286624203821655,1.0,0.3284671532846715,0.4945054945054945,0.3284671532846715,1.0,0.13953488372093023,0.24489795918367346,0.13953488372093023,1.0,0.13432835820895522,0.2368421052631579,0.13432835820895522,1.0,0.13432835820895522,0.2368421052631579,1.0,1.0,1.0,0.0,0.15306122448979592,0.13432835820895522,0.13432835820895522,0.13953488372093023,0.16,0.1,48,45,9,15,9
test_00287,full_run82,0.3,0.7,1.0,124,124,0.0,1.0,0.04645476772616137,0.08878504672897197,0.04645476772616137,1.0,0.052083333333333336,0.09900990099009901,0.052083333333333336,1.0,0.046875,0.08955223880597014,0.046875,1.0,0.030303030303030304,0.05882352941176471,0.030303030303030304,1.0,0.030303030303030304,0.05882352941176471,1.0,1.0,1.0,0.0,0.03968253968253968,0.030303030303030304,0.030303030303030304,0.046875,0.05263157894736842,0.2,19,5,3,5,3
test_00287,no_topic,0.0,1.0,1.0,122,124,1.6129032258064515,1.0,0.044009779951100246,0.08430913348946135,0.044009779951100246,1.0,0.08333333333333333,0.15384615384615385,0.08333333333333333,1.0,0.03125,0.06060606060606061,0.03125,1.0,0.020202020202020204,0.03960396039603961,0.020202020202020204,1.0,0.020202020202020204,0.03960396039603961,1.0,1.0,1.0,0.0,0.031746031746031744,0.020202020202020204,0.020202020202020204,0.03125,0.03508771929824561,0.2,18,8,2,4,2
test_00287,no_pattern,1.0,0.0,1.0,104,124,16.129032258064516,1.0,0.03667481662591687,0.07075471698113209,0.03667481662591687,1.0,0.041666666666666664,0.07999999999999999,0.041666666666666664,1.0,0.0625,0.11764705882352941,0.0625,1.0,0.04040404040404041,0.07766990291262137,0.04040404040404041,1.0,0.04040404040404041,0.07766990291262137,1.0,1.0,1.0,0.0,0.05555555555555555,0.04040404040404041,0.04040404040404041,0.0625,0.05263157894736842,0.3,15,4,4,7,4
test_00287,no_redundancy,0.3,0.7,0.0,439,124,254.03225806451616,1.0,0.17359413202933985,0.2958333333333333,0.17359413202933985,0.9583333333333334,0.23958333333333334,0.38333333333333336,0.23711340206185566,1.0,0.078125,0.14492753623188406,0.078125,1.0,0.08080808080808081,0.14953271028037382,0.08080808080808081,1.0,0.08080808080808081,0.14953271028037382,0.75,0.875,0.625,0.375,0.1111111111111111,0.08080808080808081,0.08080808080808081,0.078125,0.05263157894736842,0.2,71,24,8,14,8
test_00296,full_run82,0.3,0.7,1.0,324,324,0.0,1.0,0.33121019108280253,0.49760765550239233,0.33121019108280253,1.0,0.4142857142857143,0.5858585858585859,0.4142857142857143,1.0,0.32432432432432434,0.489795918367347,0.32432432432432434,1.0,0.2926829268292683,0.45283018867924524,0.2926829268292683,1.0,0.2926829268292683,0.45283018867924524,1.0,1.0,1.0,0.0,0.3220338983050847,0.2926829268292683,0.2926829268292683,0.32432432432432434,0.5,0.4,52,29,12,19,12
test_00296,no_topic,0.0,1.0,1.0,358,324,10.493827160493826,1.0,0.36942675159235666,0.5395348837209303,0.36942675159235666,1.0,0.44285714285714284,0.6138613861386139,0.44285714285714284,1.0,0.35135135135135137,0.52,0.35135135135135137,1.0,0.3170731707317073,0.48148148148148145,0.3170731707317073,1.0,0.3170731707317073,0.48148148148148145,1.0,1.0,1.0,0.0,0.3728813559322034,0.3170731707317073,0.3170731707317073,0.35135135135135137,0.4,0.4,58,31,13,22,13
test_00296,no_pattern,1.0,0.0,1.0,275,324,15.123456790123457,1.0,0.3248407643312102,0.49038461538461536,0.3248407643312102,1.0,0.3,0.4615384615384615,0.3,1.0,0.43243243243243246,0.6037735849056604,0.43243243243243246,1.0,0.4146341463414634,0.5862068965517241,0.4146341463414634,1.0,0.4146341463414634,0.5862068965517241,1.0,1.0,1.0,0.0,0.423728813559322,0.4146341463414634,0.4146341463414634,0.43243243243243246,0.5,0.5,51,21,17,25,17
test_00296,no_redundancy,0.3,0.7,0.0,436,324,34.5679012345679,1.0,0.3821656050955414,0.5529953917050692,0.3821656050955414,1.0,0.5,0.6666666666666666,0.5,1.0,0.43243243243243246,0.6037735849056604,0.43243243243243246,1.0,0.4146341463414634,0.5862068965517241,0.4146341463414634,1.0,0.4146341463414634,0.5862068965517241,1.0,1.0,1.0,0.0,0.423728813559322,0.4146341463414634,0.4146341463414634,0.43243243243243246,0.6,0.6,60,35,17,25,17
test_00318,full_run82,0.3,0.7,1.0,205,205,0.0,1.0,0.3140495867768595,0.4779874213836478,0.3140495867768595,1.0,0.20930232558139536,0.3461538461538462,0.20930232558139536,1.0,0.24,0.3870967741935484,0.24,1.0,0.1935483870967742,0.3243243243243243,0.1935483870967742,1.0,0.1935483870967742,0.3243243243243243,1.0,1.0,1.0,0.0,0.23404255319148937,0.1935483870967742,0.1935483870967742,0.24,0.3333333333333333,0.4,38,9,6,11,6
test_00318,no_topic,0.0,1.0,1.0,211,205,2.9268292682926833,1.0,0.35537190082644626,0.524390243902439,0.35537190082644626,1.0,0.18604651162790697,0.3137254901960785,0.18604651162790697,1.0,0.32,0.48484848484848486,0.32,1.0,0.25806451612903225,0.41025641025641024,0.25806451612903225,1.0,0.25806451612903225,0.41025641025641024,1.0,1.0,1.0,0.0,0.2978723404255319,0.25806451612903225,0.25806451612903225,0.32,0.3333333333333333,0.4,43,8,8,14,8
test_00318,no_pattern,1.0,0.0,1.0,106,205,48.292682926829265,0.8888888888888888,0.1322314049586777,0.2302158273381295,0.13008130081300814,1.0,0.18604651162790697,0.3137254901960785,0.18604651162790697,1.0,0.24,0.3870967741935484,0.24,1.0,0.1935483870967742,0.3243243243243243,0.1935483870967742,1.0,0.1935483870967742,0.3243243243243243,1.0,1.0,1.0,0.0,0.19148936170212766,0.1935483870967742,0.1935483870967742,0.24,0.4444444444444444,0.5,18,8,6,9,6
test_00318,no_redundancy,0.3,0.7,0.0,362,205,76.58536585365854,1.0,0.36363636363636365,0.5333333333333333,0.36363636363636365,1.0,0.3488372093023256,0.5172413793103449,0.3488372093023256,1.0,0.4,0.5714285714285715,0.4,1.0,0.3548387096774194,0.5238095238095238,0.3548387096774194,1.0,0.3548387096774194,0.5238095238095238,1.0,1.0,1.0,0.0,0.3829787234042553,0.3548387096774194,0.3548387096774194,0.4,0.4444444444444444,0.3,44,15,11,18,11
test_00320,full_run82,0.3,0.7,1.0,286,286,0.0,0.9795918367346939,0.43636363636363634,0.6037735849056604,0.43243243243243246,1.0,0.5384615384615384,0.7000000000000001,0.5384615384615384,1.0,0.46153846153846156,0.631578947368421,0.46153846153846156,1.0,0.5,0.6666666666666666,0.5,1.0,0.5,0.6666666666666666,1.0,1.0,1.0,0.0,0.5,0.5,0.5,0.46153846153846156,1.0,0.5,49,21,8,14,8
test_00320,no_topic,0.0,1.0,1.0,286,286,0.0,0.9795918367346939,0.43636363636363634,0.6037735849056604,0.43243243243243246,1.0,0.5384615384615384,0.7000000000000001,0.5384615384615384,1.0,0.46153846153846156,0.631578947368421,0.46153846153846156,1.0,0.5,0.6666666666666666,0.5,1.0,0.5,0.6666666666666666,1.0,1.0,1.0,0.0,0.5,0.5,0.5,0.46153846153846156,1.0,0.5,49,21,8,14,8
test_00320,no_pattern,1.0,0.0,1.0,281,286,1.7482517482517483,0.9821428571428571,0.5,0.6626506024096385,0.4954954954954955,1.0,0.4358974358974359,0.6071428571428571,0.4358974358974359,1.0,0.46153846153846156,0.631578947368421,0.46153846153846156,1.0,0.5,0.6666666666666666,0.5,1.0,0.5,0.6666666666666666,1.0,1.0,1.0,0.0,0.5,0.5,0.5,0.46153846153846156,1.0,0.8,56,17,8,14,8
test_00320,no_redundancy,0.3,0.7,0.0,411,286,43.70629370629371,1.0,0.5545454545454546,0.7134502923976608,0.5545454545454546,1.0,0.8205128205128205,0.9014084507042254,0.8205128205128205,1.0,0.46153846153846156,0.631578947368421,0.46153846153846156,1.0,0.375,0.5454545454545454,0.375,1.0,0.375,0.5454545454545454,1.0,1.0,1.0,0.0,0.42857142857142855,0.375,0.375,0.46153846153846156,0.5,0.4,61,32,6,12,6
test_00326,full_run82,0.3,0.7,1.0,236,236,0.0,1.0,0.24161073825503357,0.38918918918918916,0.24161073825503357,1.0,0.25806451612903225,0.41025641025641024,0.25806451612903225,0.8,0.25,0.38095238095238093,0.23529411764705882,0.8181818181818182,0.20454545454545456,0.3272727272727273,0.1956521739130435,0.8181818181818182,0.20454545454545456,0.3272727272727273,0.8181818181818182,0.8181818181818182,0.8181818181818182,0.18181818181818177,0.2535211267605634,0.20454545454545456,0.1956521739130435,0.25,0.5,0.1,36,24,11,20,11
test_00326,no_topic,0.0,1.0,1.0,237,236,0.423728813559322,0.975609756097561,0.2684563758389262,0.42105263157894735,0.26666666666666666,1.0,0.23655913978494625,0.3826086956521739,0.23655913978494625,1.0,0.25,0.4,0.25,1.0,0.18181818181818182,0.3076923076923077,0.18181818181818182,1.0,0.18181818181818182,0.3076923076923077,1.0,1.0,1.0,0.0,0.22535211267605634,0.18181818181818182,0.18181818181818182,0.25,0.3333333333333333,0.3,41,22,8,16,8
test_00326,no_pattern,1.0,0.0,1.0,207,236,12.288135593220339,1.0,0.2483221476510067,0.39784946236559143,0.2483221476510067,1.0,0.22580645161290322,0.3684210526315789,0.22580645161290322,1.0,0.28125,0.43902439024390244,0.28125,1.0,0.20454545454545456,0.339622641509434,0.20454545454545456,1.0,0.20454545454545456,0.339622641509434,1.0,1.0,1.0,0.0,0.23943661971830985,0.20454545454545456,0.20454545454545456,0.28125,0.5,0.2,37,21,9,17,9
test_00326,no_redundancy,0.3,0.7,0.0,286,236,21.1864406779661,1.0,0.2080536912751678,0.34444444444444444,0.2080536912751678,1.0,0.3010752688172043,0.4628099173553719,0.3010752688172043,1.0,0.1875,0.3157894736842105,0.1875,1.0,0.22727272727272727,0.37037037037037035,0.22727272727272727,1.0,0.22727272727272727,0.37037037037037035,1.0,1.0,1.0,0.0,0.18309859154929578,0.22727272727272727,0.22727272727272727,0.1875,0.8333333333333334,0.6,31,28,10,13,10
test_00384,full_run82,0.3,0.7,1.0,268,268,0.0,0.9782608695652174,0.21634615384615385,0.3543307086614173,0.215311004784689,1.0,0.3181818181818182,0.4827586206896552,0.3181818181818182,1.0,0.3448275862068966,0.5128205128205129,0.3448275862068966,1.0,0.3125,0.47619047619047616,0.3125,1.0,0.3125,0.47619047619047616,1.0,1.0,1.0,0.0,0.32,0.3125,0.3125,0.3448275862068966,0.8,0.3,46,28,10,16,10
test_00384,no_topic,0.0,1.0,1.0,282,268,5.223880597014925,1.0,0.24519230769230768,0.3938223938223938,0.24519230769230768,1.0,0.32954545454545453,0.4957264957264957,0.32954545454545453,1.0,0.20689655172413793,0.34285714285714286,0.20689655172413793,1.0,0.21875,0.358974358974359,0.21875,1.0,0.21875,0.358974358974359,1.0,1.0,1.0,0.0,0.24,0.21875,0.21875,0.20689655172413793,0.6,0.2,51,29,7,12,7
test_00384,no_pattern,1.0,0.0,1.0,246,268,8.208955223880597,0.9523809523809523,0.19230769230769232,0.32,0.19047619047619047,0.9642857142857143,0.3068181818181818,0.4655172413793104,0.30337078651685395,1.0,0.2413793103448276,0.3888888888888889,0.2413793103448276,1.0,0.21875,0.358974358974359,0.21875,1.0,0.21875,0.358974358974359,1.0,1.0,1.0,0.0,0.24,0.21875,0.21875,0.2413793103448276,0.6,0.2,42,28,7,12,7
test_00384,no_redundancy,0.3,0.7,0.0,443,268,65.29850746268657,1.0,0.2644230769230769,0.41825095057034223,0.2644230769230769,1.0,0.38636363636363635,0.5573770491803279,0.38636363636363635,1.0,0.13793103448275862,0.2424242424242424,0.13793103448275862,0.75,0.09375,0.16666666666666666,0.09090909090909091,0.75,0.09375,0.16666666666666666,1.0,0.75,0.75,0.25,0.1,0.09375,0.09090909090909091,0.13793103448275862,0.6,0.1,55,34,4,7,4
test_00426,full_run82,0.3,0.7,1.0,198,198,0.0,1.0,0.15822784810126583,0.273224043715847,0.15822784810126583,1.0,0.14,0.24561403508771928,0.14,1.0,0.175,0.2978723404255319,0.175,1.0,0.12962962962962962,0.22950819672131148,0.12962962962962962,1.0,0.12962962962962962,0.22950819672131148,1.0,1.0,1.0,0.0,0.18309859154929578,0.12962962962962962,0.12962962962962962,0.175,0.13043478260869565,0.3,25,7,7,13,7
test_00426,no_topic,0.0,1.0,1.0,253,198,27.77777777777778,1.0,0.25949367088607594,0.41206030150753764,0.25949367088607594,1.0,0.22,0.36065573770491804,0.22,1.0,0.125,0.2222222222222222,0.125,1.0,0.09259259259259259,0.1694915254237288,0.09259259259259259,1.0,0.09259259259259259,0.1694915254237288,1.0,1.0,1.0,0.0,0.09859154929577464,0.09259259259259259,0.09259259259259259,0.125,0.13043478260869565,0.2,41,11,5,7,5
test_00426,no_pattern,1.0,0.0,1.0,133,198,32.82828282828283,1.0,0.08860759493670886,0.1627906976744186,0.08860759493670886,1.0,0.14,0.24561403508771928,0.14,1.0,0.225,0.36734693877551017,0.225,1.0,0.16666666666666666,0.2857142857142857,0.16666666666666666,1.0,0.16666666666666666,0.2857142857142857,1.0,1.0,1.0,0.0,0.18309859154929578,0.16666666666666666,0.16666666666666666,0.225,0.17391304347826086,0.4,14,7,9,13,9
test_00426,no_redundancy,0.3,0.7,0.0,341,198,72.22222222222221,1.0,0.3227848101265823,0.4880382775119617,0.3227848101265823,1.0,0.3,0.4615384615384615,0.3,1.0,0.15,0.2608695652173913,0.15,1.0,0.12962962962962962,0.22950819672131148,0.12962962962962962,1.0,0.12962962962962962,0.22950819672131148,1.0,1.0,1.0,0.0,0.16901408450704225,0.12962962962962962,0.12962962962962962,0.15,0.17391304347826086,0.5,51,15,7,12,7
test_00439,full_run82,0.3,0.7,1.0,255,255,0.0,1.0,0.18303571428571427,0.30943396226415093,0.18303571428571427,1.0,0.2976190476190476,0.4587155963302752,0.2976190476190476,1.0,0.3125,0.47619047619047616,0.3125,1.0,0.2682926829268293,0.4230769230769231,0.2682926829268293,1.0,0.2682926829268293,0.4230769230769231,1.0,1.0,1.0,0.0,0.26153846153846155,0.2682926829268293,0.2682926829268293,0.3125,0.5714285714285714,0.3,41,25,11,17,11
test_00439,no_topic,0.0,1.0,1.0,296,255,16.07843137254902,1.0,0.20982142857142858,0.34686346863468637,0.20982142857142858,1.0,0.2857142857142857,0.4444444444444445,0.2857142857142857,1.0,0.28125,0.43902439024390244,0.28125,1.0,0.24390243902439024,0.39215686274509803,0.24390243902439024,1.0,0.24390243902439024,0.39215686274509803,1.0,1.0,1.0,0.0,0.23076923076923078,0.24390243902439024,0.24390243902439024,0.28125,0.5714285714285714,0.4,47,24,10,15,10
test_00439,no_pattern,1.0,0.0,1.0,239,255,6.2745098039215685,1.0,0.17857142857142858,0.30303030303030304,0.17857142857142858,1.0,0.2261904761904762,0.36893203883495146,0.2261904761904762,1.0,0.3125,0.47619047619047616,0.3125,1.0,0.2682926829268293,0.4230769230769231,0.2682926829268293,1.0,0.2682926829268293,0.4230769230769231,1.0,1.0,1.0,0.0,0.27692307692307694,0.2682926829268293,0.2682926829268293,0.3125,0.5714285714285714,0.4,40,19,11,18,11
test_00439,no_redundancy,0.3,0.7,0.0,500,255,96.07843137254902,1.0,0.35267857142857145,0.5214521452145215,0.35267857142857145,1.0,0.36904761904761907,0.5391304347826087,0.36904761904761907,0.8,0.25,0.38095238095238093,0.23529411764705882,0.8,0.1951219512195122,0.3137254901960785,0.18604651162790697,0.8,0.1951219512195122,0.3137254901960785,0.8,0.8,0.8,0.19999999999999996,0.2,0.1951219512195122,0.18604651162790697,0.25,0.42857142857142855,0.2,79,31,10,16,10
test_00448,full_run82,0.3,0.7,1.0,327,327,0.0,0.9827586206896551,0.8636363636363636,0.9193548387096775,0.8507462686567164,1.0,0.8125,0.896551724137931,0.8125,1.0,0.6153846153846154,0.761904761904762,0.6153846153846154,0.8888888888888888,0.5333333333333333,0.6666666666666667,0.5,0.8888888888888888,0.5333333333333333,0.6666666666666667,0.8888888888888888,1.0,0.8888888888888888,0.11111111111111116,0.625,0.5333333333333333,0.5,0.6153846153846154,0.75,0.6,58,26,9,16,9
test_00448,no_topic,0.0,1.0,1.0,327,327,0.0,0.9827586206896551,0.8636363636363636,0.9193548387096775,0.8507462686567164,1.0,0.8125,0.896551724137931,0.8125,1.0,0.6153846153846154,0.761904761904762,0.6153846153846154,0.8888888888888888,0.5333333333333333,0.6666666666666667,0.5,0.8888888888888888,0.5333333333333333,0.6666666666666667,0.8888888888888888,1.0,0.8888888888888888,0.11111111111111116,0.625,0.5333333333333333,0.5,0.6153846153846154,0.75,0.6,58,26,9,16,9
test_00448,no_pattern,1.0,0.0,1.0,282,327,13.761467889908257,0.98,0.7424242424242424,0.8448275862068965,0.7313432835820896,1.0,0.78125,0.8771929824561403,0.78125,1.0,0.7692307692307693,0.8695652173913044,0.7692307692307693,1.0,0.8,0.888888888888889,0.8,1.0,0.8,0.888888888888889,1.0,1.0,1.0,0.0,0.7916666666666666,0.8,0.8,0.7692307692307693,0.75,0.8,50,25,12,19,12
test_00448,no_redundancy,0.3,0.7,0.0,307,327,6.116207951070336,1.0,0.5,0.6666666666666666,0.5,1.0,0.65625,0.7924528301886793,0.65625,1.0,0.6923076923076923,0.8181818181818181,0.6923076923076923,1.0,0.6,0.7499999999999999,0.6,1.0,0.6,0.7499999999999999,1.0,1.0,1.0,0.0,0.625,0.6,0.6,0.6923076923076923,0.75,0.6,33,21,9,15,9
test_00449,full_run82,0.3,0.7,1.0,278,278,0.0,1.0,0.21800947867298578,0.35797665369649806,0.21800947867298578,1.0,0.23880597014925373,0.38554216867469876,0.23880597014925373,1.0,0.15625,0.2702702702702703,0.15625,1.0,0.125,0.2222222222222222,0.125,1.0,0.125,0.2222222222222222,1.0,1.0,1.0,0.0,0.16393442622950818,0.125,0.125,0.15625,0.25,0.0,46,16,5,10,5
test_00449,no_topic,0.0,1.0,1.0,269,278,3.237410071942446,1.0,0.24644549763033174,0.3954372623574145,0.24644549763033174,1.0,0.2537313432835821,0.40476190476190477,0.2537313432835821,1.0,0.25,0.4,0.25,1.0,0.225,0.36734693877551017,0.225,1.0,0.225,0.36734693877551017,1.0,1.0,1.0,0.0,0.2459016393442623,0.225,0.225,0.25,0.375,0.2,52,17,9,15,9
test_00449,no_pattern,1.0,0.0,1.0,228,278,17.985611510791365,1.0,0.1990521327014218,0.3320158102766798,0.1990521327014218,1.0,0.23880597014925373,0.38554216867469876,0.23880597014925373,1.0,0.15625,0.2702702702702703,0.15625,1.0,0.15,0.2608695652173913,0.15,1.0,0.15,0.2608695652173913,1.0,1.0,1.0,0.0,0.18032786885245902,0.15,0.15,0.15625,0.375,0.1,42,16,6,11,6
test_00449,no_redundancy,0.3,0.7,0.0,335,278,20.503597122302157,1.0,0.21800947867298578,0.35797665369649806,0.21800947867298578,1.0,0.23880597014925373,0.38554216867469876,0.23880597014925373,1.0,0.125,0.2222222222222222,0.125,1.0,0.125,0.2222222222222222,0.125,1.0,0.125,0.2222222222222222,1.0,1.0,1.0,0.0,0.14754098360655737,0.125,0.125,0.125,0.375,0.1,46,16,5,9,5
test_00451,full_run82,0.3,0.7,1.0,247,247,0.0,1.0,0.29285714285714287,0.4530386740331492,0.29285714285714287,1.0,0.2753623188405797,0.4318181818181819,0.2753623188405797,1.0,0.3142857142857143,0.4782608695652174,0.3142857142857143,0.9166666666666666,0.2558139534883721,0.4,0.25,0.9166666666666666,0.2558139534883721,0.4,0.9166666666666666,1.0,0.9166666666666666,0.08333333333333337,0.2647058823529412,0.2558139534883721,0.25,0.3142857142857143,0.8333333333333334,0.2,41,19,12,19,12
test_00451,no_topic,0.0,1.0,1.0,262,247,6.0728744939271255,1.0,0.30714285714285716,0.46994535519125685,0.30714285714285716,1.0,0.2753623188405797,0.4318181818181819,0.2753623188405797,0.9,0.2571428571428571,0.39999999999999997,0.25,0.9,0.20930232558139536,0.339622641509434,0.20454545454545456,0.9,0.20930232558139536,0.339622641509434,0.9,0.9,0.9,0.09999999999999998,0.20588235294117646,0.20930232558139536,0.20454545454545456,0.2571428571428571,0.8333333333333334,0.2,43,19,10,15,10
test_00451,no_pattern,1.0,0.0,1.0,194,247,21.45748987854251,0.9714285714285714,0.24285714285714285,0.3885714285714286,0.24113475177304963,1.0,0.17391304347826086,0.29629629629629634,0.17391304347826086,1.0,0.17142857142857143,0.2926829268292683,0.17142857142857143,1.0,0.16279069767441862,0.28,0.16279069767441862,1.0,0.16279069767441862,0.28,0.8571428571428571,1.0,0.8571428571428571,0.1428571428571429,0.19117647058823528,0.16279069767441862,0.16279069767441862,0.17142857142857143,0.5,0.1,35,12,7,13,7
test_00451,no_redundancy,0.3,0.7,0.0,423,247,71.25506072874494,1.0,0.37857142857142856,0.5492227979274611,0.37857142857142856,1.0,0.4782608695652174,0.6470588235294118,0.4782608695652174,1.0,0.22857142857142856,0.3720930232558139,0.22857142857142856,1.0,0.23255813953488372,0.37735849056603776,0.23255813953488372,1.0,0.23255813953488372,0.37735849056603776,1.0,1.0,1.0,0.0,0.23529411764705882,0.23255813953488372,0.23255813953488372,0.22857142857142856,0.8333333333333334,0.2,53,33,10,16,10
test_00455,full_run82,0.3,0.7,1.0,226,226,0.0,0.975,0.17972350230414746,0.30350194552529186,0.17889908256880735,1.0,0.16666666666666666,0.2857142857142857,0.16666666666666666,1.0,0.2727272727272727,0.42857142857142855,0.2727272727272727,1.0,0.21951219512195122,0.36,0.21951219512195122,1.0,0.21951219512195122,0.36,1.0,1.0,1.0,0.0,0.23333333333333334,0.21951219512195122,0.21951219512195122,0.2727272727272727,0.4444444444444444,0.4,40,8,9,14,9
test_00455,no_topic,0.0,1.0,1.0,217,226,3.982300884955752,1.0,0.17972350230414746,0.3046875,0.17972350230414746,1.0,0.16666666666666666,0.2857142857142857,0.16666666666666666,1.0,0.30303030303030304,0.4651162790697675,0.30303030303030304,1.0,0.24390243902439024,0.39215686274509803,0.24390243902439024,1.0,0.24390243902439024,0.39215686274509803,1.0,1.0,1.0,0.0,0.2833333333333333,0.24390243902439024,0.24390243902439024,0.30303030303030304,0.3333333333333333,0.3,39,8,10,17,10
test_00455,no_pattern,1.0,0.0,1.0,156,226,30.973451327433626,1.0,0.11981566820276497,0.2139917695473251,0.11981566820276497,1.0,0.10416666666666667,0.18867924528301885,0.10416666666666667,1.0,0.18181818181818182,0.3076923076923077,0.18181818181818182,1.0,0.14634146341463414,0.2553191489361702,0.14634146341463414,1.0,0.14634146341463414,0.2553191489361702,1.0,1.0,1.0,0.0,0.16666666666666666,0.14634146341463414,0.14634146341463414,0.18181818181818182,0.4444444444444444,0.3,26,5,6,10,6
test_00455,no_redundancy,0.3,0.7,0.0,401,226,77.43362831858407,1.0,0.2764976958525346,0.4332129963898917,0.2764976958525346,1.0,0.3958333333333333,0.5671641791044776,0.3958333333333333,1.0,0.21212121212121213,0.35,0.21212121212121213,1.0,0.1951219512195122,0.326530612244898,0.1951219512195122,1.0,0.1951219512195122,0.326530612244898,1.0,1.0,1.0,0.0,0.21666666666666667,0.1951219512195122,0.1951219512195122,0.21212121212121213,0.4444444444444444,0.3,60,19,8,13,8
test_00474,full_run82,0.3,0.7,1.0,165,165,0.0,1.0,0.1792452830188679,0.30399999999999994,0.1792452830188679,1.0,0.2972972972972973,0.4583333333333333,0.2972972972972973,1.0,0.1111111111111111,0.19999999999999998,0.1111111111111111,1.0,0.13333333333333333,0.23529411764705882,0.13333333333333333,1.0,0.13333333333333333,0.23529411764705882,1.0,1.0,1.0,0.0,0.1794871794871795,0.13333333333333333,0.13333333333333333,0.1111111111111111,0.17647058823529413,0.3,19,11,4,7,4
test_00474,no_topic,0.0,1.0,1.0,186,165,12.727272727272727,1.0,0.2358490566037736,0.38167938931297707,0.2358490566037736,1.0,0.35135135135135137,0.52,0.35135135135135137,1.0,0.2222222222222222,0.3636363636363636,0.2222222222222222,1.0,0.2,0.33333333333333337,0.2,1.0,0.2,0.33333333333333337,1.0,1.0,1.0,0.0,0.23076923076923078,0.2,0.2,0.2222222222222222,0.29411764705882354,0.3,25,13,6,9,6
test_00474,no_pattern,1.0,0.0,1.0,141,165,14.545454545454545,0.9,0.16981132075471697,0.2857142857142857,0.16666666666666666,1.0,0.1891891891891892,0.3181818181818182,0.1891891891891892,1.0,0.25925925925925924,0.4117647058823529,0.25925925925925924,1.0,0.23333333333333334,0.37837837837837834,0.23333333333333334,1.0,0.23333333333333334,0.37837837837837834,1.0,1.0,1.0,0.0,0.2564102564102564,0.23333333333333334,0.23333333333333334,0.25925925925925924,0.29411764705882354,0.3,20,7,7,10,7
test_00474,no_redundancy,0.3,0.7,0.0,321,165,94.54545454545455,0.9803921568627451,0.4716981132075472,0.6369426751592356,0.4672897196261682,1.0,0.6216216216216216,0.7666666666666667,0.6216216216216216,1.0,0.25925925925925924,0.4117647058823529,0.25925925925925924,1.0,0.23333333333333334,0.37837837837837834,0.23333333333333334,1.0,0.23333333333333334,0.37837837837837834,1.0,1.0,1.0,0.0,0.3076923076923077,0.23333333333333334,0.23333333333333334,0.25925925925925924,0.17647058823529413,0.4,51,23,7,12,7
test_00475,full_run82,0.3,0.7,1.0,213,213,0.0,0.9736842105263158,0.11935483870967742,0.21264367816091956,0.1189710610932476,1.0,0.09649122807017543,0.176,0.09649122807017543,1.0,0.11320754716981132,0.2033898305084746,0.11320754716981132,1.0,0.12195121951219512,0.21739130434782605,0.12195121951219512,1.0,0.12195121951219512,0.21739130434782605,1.0,1.0,1.0,0.0,0.1592920353982301,0.12195121951219512,0.12195121951219512,0.11320754716981132,0.15789473684210525,0.1,38,11,10,18,10
test_00475,no_topic,0.0,1.0,1.0,284,213,33.33333333333333,1.0,0.13870967741935483,0.24362606232294617,0.13870967741935483,1.0,0.14035087719298245,0.24615384615384614,0.14035087719298245,1.0,0.16981132075471697,0.2903225806451613,0.16981132075471697,1.0,0.14634146341463414,0.2553191489361702,0.14634146341463414,1.0,0.14634146341463414,0.2553191489361702,1.0,1.0,1.0,0.0,0.17699115044247787,0.14634146341463414,0.14634146341463414,0.16981132075471697,0.21052631578947367,0.2,43,16,12,20,12
test_00475,no_pattern,1.0,0.0,1.0,191,213,10.328638497652582,0.9666666666666667,0.0935483870967742,0.17058823529411765,0.0932475884244373,1.0,0.14035087719298245,0.24615384615384614,0.14035087719298245,1.0,0.16981132075471697,0.2903225806451613,0.16981132075471697,1.0,0.14634146341463414,0.2553191489361702,0.14634146341463414,1.0,0.14634146341463414,0.2553191489361702,1.0,1.0,1.0,0.0,0.18584070796460178,0.14634146341463414,0.14634146341463414,0.16981132075471697,0.15789473684210525,0.3,30,16,12,21,12
test_00475,no_redundancy,0.3,0.7,0.0,454,213,113.14553990610328,1.0,0.15806451612903225,0.27298050139275765,0.15806451612903225,1.0,0.16666666666666666,0.2857142857142857,0.16666666666666666,1.0,0.09433962264150944,0.1724137931034483,0.09433962264150944,1.0,0.06097560975609756,0.11494252873563218,0.06097560975609756,1.0,0.06097560975609756,0.11494252873563218,1.0,1.0,1.0,0.0,0.07964601769911504,0.06097560975609756,0.06097560975609756,0.09433962264150944,0.15789473684210525,0.3,49,19,5,9,5
test_00489,full_run82,0.3,0.7,1.0,232,232,0.0,0.9795918367346939,0.3380281690140845,0.5026178010471204,0.3356643356643357,1.0,0.3898305084745763,0.5609756097560975,0.3898305084745763,1.0,0.34375,0.5116279069767442,0.34375,1.0,0.2857142857142857,0.4444444444444445,0.2857142857142857,1.0,0.2857142857142857,0.4444444444444445,1.0,1.0,1.0,0.0,0.3387096774193548,0.2857142857142857,0.2857142857142857,0.34375,0.5555555555555556,0.3,49,23,14,21,14
test_00489,no_topic,0.0,1.0,1.0,193,232,16.810344827586206,1.0,0.3028169014084507,0.46486486486486484,0.3028169014084507,1.0,0.288135593220339,0.4473684210526315,0.288135593220339,1.0,0.28125,0.43902439024390244,0.28125,1.0,0.22448979591836735,0.36666666666666664,0.22448979591836735,1.0,0.22448979591836735,0.36666666666666664,1.0,1.0,1.0,0.0,0.27419354838709675,0.22448979591836735,0.22448979591836735,0.28125,0.4444444444444444,0.4,43,17,11,17,11
test_00489,no_pattern,1.0,0.0,1.0,180,232,22.413793103448278,0.9705882352941176,0.2323943661971831,0.375,0.23076923076923078,1.0,0.2033898305084746,0.33802816901408456,0.2033898305084746,1.0,0.25,0.4,0.25,1.0,0.20408163265306123,0.3389830508474576,0.20408163265306123,1.0,0.20408163265306123,0.3389830508474576,1.0,1.0,1.0,0.0,0.24193548387096775,0.20408163265306123,0.20408163265306123,0.25,0.6666666666666666,0.2,34,12,10,15,10
test_00489,no_redundancy,0.3,0.7,0.0,342,232,47.41379310344828,1.0,0.39436619718309857,0.5656565656565656,0.39436619718309857,1.0,0.4745762711864407,0.6436781609195402,0.4745762711864407,1.0,0.46875,0.6382978723404256,0.46875,1.0,0.3877551020408163,0.5588235294117647,0.3877551020408163,1.0,0.3877551020408163,0.5588235294117647,1.0,1.0,0.9473684210526315,0.052631578947368474,0.41935483870967744,0.3877551020408163,0.3877551020408163,0.46875,0.5555555555555556,0.6,56,28,19,26,19
test_00507,full_run82,0.3,0.7,1.0,208,208,0.0,1.0,0.17061611374407584,0.29149797570850206,0.17061611374407584,1.0,0.16417910447761194,0.28205128205128205,0.16417910447761194,1.0,0.15789473684210525,0.2727272727272727,0.15789473684210525,1.0,0.13636363636363635,0.24000000000000002,0.13636363636363635,1.0,0.13636363636363635,0.24000000000000002,1.0,1.0,1.0,0.0,0.1791044776119403,0.13636363636363635,0.13636363636363635,0.15789473684210525,0.4,0.1,36,11,6,12,6
test_00507,no_topic,0.0,1.0,1.0,324,208,55.769230769230774,1.0,0.26066350710900477,0.41353383458646625,0.26066350710900477,0.9411764705882353,0.23880597014925373,0.38095238095238093,0.23529411764705882,1.0,0.15789473684210525,0.2727272727272727,0.15789473684210525,1.0,0.13636363636363635,0.24000000000000002,0.13636363636363635,1.0,0.13636363636363635,0.24000000000000002,1.0,1.0,1.0,0.0,0.1791044776119403,0.13636363636363635,0.13636363636363635,0.15789473684210525,0.4,0.0,55,17,6,12,6
test_00507,no_pattern,1.0,0.0,1.0,160,208,23.076923076923077,1.0,0.13744075829383887,0.24166666666666667,0.13744075829383887,1.0,0.11940298507462686,0.21333333333333335,0.11940298507462686,1.0,0.15789473684210525,0.2727272727272727,0.15789473684210525,1.0,0.13636363636363635,0.24000000000000002,0.13636363636363635,1.0,0.13636363636363635,0.24000000000000002,1.0,1.0,1.0,0.0,0.16417910447761194,0.13636363636363635,0.13636363636363635,0.15789473684210525,0.6,0.0,29,8,6,11,6
test_00507,no_redundancy,0.3,0.7,0.0,482,208,131.73076923076923,1.0,0.2843601895734597,0.44280442804428044,0.2843601895734597,0.9629629629629629,0.3880597014925373,0.553191489361702,0.38235294117647056,1.0,0.07894736842105263,0.14634146341463414,0.07894736842105263,1.0,0.06818181818181818,0.1276595744680851,0.06818181818181818,1.0,0.06818181818181818,0.1276595744680851,1.0,1.0,1.0,0.0,0.08955223880597014,0.06818181818181818,0.06818181818181818,0.07894736842105263,0.4,0.0,60,27,3,6,3
test_00509,full_run82,0.3,0.7,1.0,330,330,0.0,1.0,0.3769230769230769,0.547486033519553,0.3769230769230769,1.0,0.42,0.5915492957746479,0.42,1.0,0.3076923076923077,0.47058823529411764,0.3076923076923077,1.0,0.3103448275862069,0.4736842105263158,0.3103448275862069,1.0,0.3103448275862069,0.4736842105263158,1.0,1.0,1.0,0.0,0.35714285714285715,0.3103448275862069,0.3103448275862069,0.3076923076923077,0.45454545454545453,0.3,49,21,9,15,9
test_00509,no_topic,0.0,1.0,1.0,318,330,3.6363636363636362,1.0,0.3769230769230769,0.547486033519553,0.3769230769230769,1.0,0.46,0.6301369863013699,0.46,1.0,0.34615384615384615,0.5142857142857142,0.34615384615384615,1.0,0.41379310344827586,0.5853658536585366,0.41379310344827586,1.0,0.41379310344827586,0.5853658536585366,1.0,1.0,1.0,0.0,0.42857142857142855,0.41379310344827586,0.41379310344827586,0.34615384615384615,0.45454545454545453,0.5,49,23,12,18,12
test_00509,no_pattern,1.0,0.0,1.0,180,330,45.45454545454545,1.0,0.2230769230769231,0.36477987421383645,0.2230769230769231,1.0,0.16,0.2758620689655173,0.16,1.0,0.3076923076923077,0.47058823529411764,0.3076923076923077,1.0,0.27586206896551724,0.4324324324324324,0.27586206896551724,1.0,0.27586206896551724,0.4324324324324324,1.0,1.0,1.0,0.0,0.30952380952380953,0.27586206896551724,0.27586206896551724,0.3076923076923077,0.45454545454545453,0.3,29,8,8,13,8
test_00509,no_redundancy,0.3,0.7,0.0,423,330,28.18181818181818,1.0,0.46923076923076923,0.6387434554973821,0.46923076923076923,1.0,0.68,0.8095238095238095,0.68,1.0,0.4230769230769231,0.5945945945945945,0.4230769230769231,1.0,0.3793103448275862,0.5499999999999999,0.3793103448275862,1.0,0.3793103448275862,0.5499999999999999,1.0,1.0,1.0,0.0,0.38095238095238093,0.3793103448275862,0.3793103448275862,0.4230769230769231,0.6363636363636364,0.4,61,34,11,16,11
test_00533,full_run82,0.3,0.7,1.0,376,376,0.0,1.0,0.6881720430107527,0.8152866242038217,0.6881720430107527,1.0,0.8421052631578947,0.9142857142857143,0.8421052631578947,1.0,0.7142857142857143,0.8333333333333333,0.7142857142857143,1.0,0.7142857142857143,0.8333333333333333,0.7142857142857143,1.0,0.7142857142857143,0.8333333333333333,1.0,1.0,1.0,0.0,0.68,0.7142857142857143,0.7142857142857143,0.7142857142857143,1.0,0.8,64,48,10,17,10
test_00533,no_topic,0.0,1.0,1.0,377,376,0.26595744680851063,1.0,0.6881720430107527,0.8152866242038217,0.6881720430107527,1.0,0.8070175438596491,0.8932038834951457,0.8070175438596491,1.0,0.7142857142857143,0.8333333333333333,0.7142857142857143,1.0,0.7142857142857143,0.8333333333333333,0.7142857142857143,1.0,0.7142857142857143,0.8333333333333333,1.0,1.0,1.0,0.0,0.68,0.7142857142857143,0.7142857142857143,0.7142857142857143,1.0,0.7,64,46,10,17,10
test_00533,no_pattern,1.0,0.0,1.0,299,376,20.47872340425532,1.0,0.6559139784946236,0.7922077922077922,0.6559139784946236,1.0,0.7368421052631579,0.8484848484848484,0.7368421052631579,1.0,0.7857142857142857,0.88,0.7857142857142857,1.0,0.7857142857142857,0.88,0.7857142857142857,1.0,0.7857142857142857,0.88,1.0,1.0,1.0,0.0,0.8,0.7857142857142857,0.7857142857142857,0.7857142857142857,1.0,0.8,61,42,11,20,11
test_00533,no_redundancy,0.3,0.7,0.0,363,376,3.4574468085106385,1.0,0.6774193548387096,0.8076923076923077,0.6774193548387096,1.0,0.631578947368421,0.7741935483870968,0.631578947368421,1.0,0.6428571428571429,0.782608695652174,0.6428571428571429,1.0,0.6428571428571429,0.782608695652174,0.6428571428571429,1.0,0.6428571428571429,0.782608695652174,1.0,1.0,1.0,0.0,0.64,0.6428571428571429,0.6428571428571429,0.6428571428571429,1.0,0.7,63,36,9,16,9
test_00539,full_run82,0.3,0.7,1.0,120,120,0.0,1.0,0.03460837887067395,0.06690140845070422,0.03460837887067395,1.0,0.02575107296137339,0.0502092050209205,0.02575107296137339,1.0,0.03333333333333333,0.06451612903225806,0.03333333333333333,1.0,0.0223463687150838,0.04371584699453552,0.0223463687150838,1.0,0.0223463687150838,0.04371584699453552,1.0,1.0,1.0,0.0,0.02564102564102564,0.0223463687150838,0.0223463687150838,0.03333333333333333,0.046153846153846156,0.1,19,6,4,6,4
test_00539,no_topic,0.0,1.0,1.0,176,120,46.666666666666664,1.0,0.052823315118397086,0.10034602076124569,0.052823315118397086,1.0,0.034334763948497854,0.06639004149377593,0.034334763948497854,1.0,0.058333333333333334,0.11023622047244094,0.058333333333333334,1.0,0.03910614525139665,0.07526881720430108,0.03910614525139665,1.0,0.03910614525139665,0.07526881720430108,1.0,1.0,1.0,0.0,0.05128205128205128,0.03910614525139665,0.03910614525139665,0.058333333333333334,0.046153846153846156,0.1,29,8,7,12,7
test_00539,no_pattern,1.0,0.0,1.0,116,120,3.3333333333333335,1.0,0.0273224043715847,0.05319148936170212,0.0273224043715847,1.0,0.04291845493562232,0.0823045267489712,0.04291845493562232,1.0,0.03333333333333333,0.06451612903225806,0.03333333333333333,1.0,0.0223463687150838,0.04371584699453552,0.0223463687150838,1.0,0.0223463687150838,0.04371584699453552,1.0,1.0,1.0,0.0,0.02564102564102564,0.0223463687150838,0.0223463687150838,0.03333333333333333,0.06153846153846154,0.2,15,10,4,6,4
test_00539,no_redundancy,0.3,0.7,0.0,215,120,79.16666666666666,1.0,0.04918032786885246,0.09375,0.04918032786885246,1.0,0.07296137339055794,0.136,0.07296137339055794,1.0,0.025,0.04878048780487806,0.025,1.0,0.01675977653631285,0.03296703296703297,0.01675977653631285,1.0,0.01675977653631285,0.03296703296703297,1.0,1.0,1.0,0.0,0.02564102564102564,0.01675977653631285,0.01675977653631285,0.025,0.03076923076923077,0.2,27,17,3,6,3
test_00546,full_run82,0.3,0.7,1.0,307,307,0.0,1.0,0.32460732984293195,0.4901185770750988,0.32460732984293195,1.0,0.3448275862068966,0.5128205128205129,0.3448275862068966,1.0,0.2608695652173913,0.41379310344827586,0.2608695652173913,1.0,0.25806451612903225,0.41025641025641024,0.25806451612903225,1.0,0.25806451612903225,0.41025641025641024,1.0,1.0,1.0,0.0,0.27450980392156865,0.25806451612903225,0.25806451612903225,0.2608695652173913,0.5,0.3,62,20,8,14,8
test_00546,no_topic,0.0,1.0,1.0,315,307,2.6058631921824107,1.0,0.3036649214659686,0.465863453815261,0.3036649214659686,1.0,0.39655172413793105,0.5679012345679012,0.39655172413793105,1.0,0.2608695652173913,0.41379310344827586,0.2608695652173913,1.0,0.1935483870967742,0.3243243243243243,0.1935483870967742,1.0,0.1935483870967742,0.3243243243243243,1.0,1.0,1.0,0.0,0.21568627450980393,0.1935483870967742,0.1935483870967742,0.2608695652173913,0.5,0.3,58,23,6,11,6
test_00546,no_pattern,1.0,0.0,1.0,249,307,18.892508143322477,1.0,0.24083769633507854,0.38818565400843885,0.24083769633507854,1.0,0.2413793103448276,0.3888888888888889,0.2413793103448276,1.0,0.17391304347826086,0.29629629629629634,0.17391304347826086,0.75,0.0967741935483871,0.1714285714285714,0.09375,0.75,0.0967741935483871,0.1714285714285714,1.0,0.75,0.75,0.25,0.13725490196078433,0.0967741935483871,0.09375,0.17391304347826086,0.3333333333333333,0.1,46,14,4,8,4
test_00546,no_redundancy,0.3,0.7,0.0,470,307,53.09446254071661,1.0,0.39790575916230364,0.5692883895131086,0.39790575916230364,1.0,0.4827586206896552,0.6511627906976745,0.4827586206896552,1.0,0.21739130434782608,0.3571428571428571,0.21739130434782608,1.0,0.1935483870967742,0.3243243243243243,0.1935483870967742,1.0,0.1935483870967742,0.3243243243243243,1.0,1.0,1.0,0.0,0.21568627450980393,0.1935483870967742,0.1935483870967742,0.21739130434782608,0.5,0.2,76,28,6,11,6
test_00550,full_run82,0.3,0.7,1.0,206,206,0.0,0.9714285714285714,0.17258883248730963,0.29310344827586204,0.1717171717171717,1.0,0.189873417721519,0.3191489361702127,0.189873417721519,1.0,0.15217391304347827,0.2641509433962264,0.15217391304347827,1.0,0.12727272727272726,0.22580645161290322,0.12727272727272726,1.0,0.12727272727272726,0.22580645161290322,1.0,1.0,1.0,0.0,0.14864864864864866,0.12727272727272726,0.12727272727272726,0.15217391304347827,0.35714285714285715,0.1,35,15,7,11,7
test_00550,no_topic,0.0,1.0,1.0,267,206,29.61165048543689,1.0,0.2639593908629442,0.4176706827309237,0.2639593908629442,1.0,0.21518987341772153,0.3541666666666667,0.21518987341772153,1.0,0.2391304347826087,0.3859649122807018,0.2391304347826087,1.0,0.21818181818181817,0.3582089552238806,0.21818181818181817,1.0,0.21818181818181817,0.3582089552238806,1.0,1.0,1.0,0.0,0.22972972972972974,0.21818181818181817,0.21818181818181817,0.2391304347826087,0.5,0.1,52,17,12,17,12
test_00550,no_pattern,1.0,0.0,1.0,128,206,37.86407766990291,0.9523809523809523,0.10152284263959391,0.18348623853211007,0.10101010101010101,1.0,0.11392405063291139,0.20454545454545456,0.11392405063291139,1.0,0.08695652173913043,0.16,0.08695652173913043,0.8,0.07272727272727272,0.13333333333333333,0.07142857142857142,0.8,0.07272727272727272,0.13333333333333333,0.8,1.0,0.8,0.19999999999999996,0.10810810810810811,0.07272727272727272,0.07142857142857142,0.08695652173913043,0.21428571428571427,0.2,21,9,5,9,5
test_00550,no_redundancy,0.3,0.7,0.0,401,206,94.66019417475728,1.0,0.3401015228426396,0.5075757575757576,0.3401015228426396,0.9615384615384616,0.31645569620253167,0.47619047619047616,0.3125,1.0,0.32608695652173914,0.4918032786885246,0.32608695652173914,1.0,0.2909090909090909,0.45070422535211263,0.2909090909090909,1.0,0.2909090909090909,0.45070422535211263,1.0,1.0,1.0,0.0,0.3108108108108108,0.2909090909090909,0.2909090909090909,0.32608695652173914,0.5,0.4,67,26,16,23,16
test_00562,full_run82,0.3,0.7,1.0,210,210,0.0,1.0,0.509090909090909,0.6746987951807228,0.509090909090909,1.0,0.6086956521739131,0.7567567567567568,0.6086956521739131,1.0,0.7272727272727273,0.8421052631578948,0.7272727272727273,1.0,0.7142857142857143,0.8333333333333333,0.7142857142857143,1.0,0.7142857142857143,0.8333333333333333,1.0,1.0,0.9,0.09999999999999998,0.6956521739130435,0.7142857142857143,0.7142857142857143,0.7272727272727273,1.0,0.8,28,14,10,16,10
test_00562,no_topic,0.0,1.0,1.0,253,210,20.476190476190474,1.0,0.5636363636363636,0.7209302325581396,0.5636363636363636,1.0,0.6086956521739131,0.7567567567567568,0.6086956521739131,1.0,0.6363636363636364,0.7777777777777778,0.6363636363636364,1.0,0.5714285714285714,0.7272727272727273,0.5714285714285714,1.0,0.5714285714285714,0.7272727272727273,1.0,1.0,1.0,0.0,0.5217391304347826,0.5714285714285714,0.5714285714285714,0.6363636363636364,1.0,0.5,31,14,8,12,8
test_00562,no_pattern,1.0,0.0,1.0,170,210,19.047619047619047,1.0,0.45454545454545453,0.625,0.45454545454545453,1.0,0.4782608695652174,0.6470588235294118,0.4782608695652174,1.0,0.45454545454545453,0.625,0.45454545454545453,1.0,0.5,0.6666666666666666,0.5,1.0,0.5,0.6666666666666666,1.0,1.0,1.0,0.0,0.4782608695652174,0.5,0.5,0.45454545454545453,1.0,0.5,25,11,7,11,7
test_00562,no_redundancy,0.3,0.7,0.0,216,210,2.857142857142857,1.0,0.4,0.5714285714285715,0.4,1.0,0.43478260869565216,0.6060606060606061,0.43478260869565216,1.0,0.36363636363636365,0.5333333333333333,0.36363636363636365,1.0,0.35714285714285715,0.5263157894736842,0.35714285714285715,1.0,0.35714285714285715,0.5263157894736842,1.0,1.0,1.0,0.0,0.391304347826087,0.35714285714285715,0.35714285714285715,0.36363636363636365,0.75,0.4,22,10,5,9,5
test_00564,full_run82,0.3,0.7,1.0,159,159,0.0,1.0,1.0,1.0,1.0,1.0,1.0,1.0,1.0,1.0,1.0,1.0,1.0,1.0,1.0,1.0,1.0,1.0,1.0,1.0,1.0,1.0,1.0,0.0,1.0,1.0,1.0,1.0,1.0,1.0,29,14,11,17,11
test_00564,no_topic,0.0,1.0,1.0,159,159,0.0,1.0,1.0,1.0,1.0,1.0,1.0,1.0,1.0,1.0,1.0,1.0,1.0,1.0,1.0,1.0,1.0,1.0,1.0,1.0,1.0,1.0,1.0,0.0,1.0,1.0,1.0,1.0,1.0,1.0,29,14,11,17,11
test_00564,no_pattern,1.0,0.0,1.0,159,159,0.0,1.0,1.0,1.0,1.0,1.0,1.0,1.0,1.0,1.0,1.0,1.0,1.0,1.0,1.0,1.0,1.0,1.0,1.0,1.0,1.0,1.0,1.0,0.0,1.0,1.0,1.0,1.0,1.0,1.0,29,14,11,17,11
test_00564,no_redundancy,0.3,0.7,0.0,159,159,0.0,1.0,1.0,1.0,1.0,1.0,1.0,1.0,1.0,1.0,1.0,1.0,1.0,1.0,1.0,1.0,1.0,1.0,1.0,1.0,1.0,1.0,1.0,0.0,1.0,1.0,1.0,1.0,1.0,1.0,29,14,11,17,11
test_00565,full_run82,0.3,0.7,1.0,397,397,0.0,1.0,0.3090128755364807,0.4721311475409836,0.3090128755364807,1.0,0.375,0.5454545454545454,0.375,1.0,0.30303030303030304,0.4651162790697675,0.30303030303030304,1.0,0.25,0.4,0.25,1.0,0.25,0.4,0.9090909090909091,1.0,0.9090909090909091,0.09090909090909094,0.2923076923076923,0.25,0.25,0.30303030303030304,0.625,0.1,72,48,11,19,11
test_00565,no_topic,0.0,1.0,1.0,361,397,9.06801007556675,1.0,0.296137339055794,0.45695364238410596,0.296137339055794,1.0,0.3203125,0.48520710059171596,0.3203125,1.0,0.3333333333333333,0.5,0.3333333333333333,0.9166666666666666,0.25,0.3928571428571429,0.24444444444444444,1.0,0.2727272727272727,0.42857142857142855,1.0,1.0,1.0,0.0,0.3076923076923077,0.25,0.24444444444444444,0.3333333333333333,0.625,0.1,69,41,12,21,12
test_00565,no_pattern,1.0,0.0,1.0,269,397,32.241813602015114,1.0,0.2317596566523605,0.3763066202090592,0.2317596566523605,1.0,0.2265625,0.36942675159235666,0.2265625,1.0,0.36363636363636365,0.5333333333333333,0.36363636363636365,1.0,0.3181818181818182,0.4827586206896552,0.3181818181818182,1.0,0.3181818181818182,0.4827586206896552,1.0,1.0,1.0,0.0,0.36923076923076925,0.3181818181818182,0.3181818181818182,0.36363636363636365,0.625,0.3,54,29,14,24,14
test_00565,no_redundancy,0.3,0.7,0.0,476,397,19.899244332493705,1.0,0.30042918454935624,0.46204620462046203,0.30042918454935624,1.0,0.3359375,0.5029239766081871,0.3359375,1.0,0.24242424242424243,0.3902439024390244,0.24242424242424243,1.0,0.20454545454545456,0.339622641509434,0.20454545454545456,1.0,0.20454545454545456,0.339622641509434,1.0,1.0,1.0,0.0,0.2153846153846154,0.20454545454545456,0.20454545454545456,0.24242424242424243,0.5,0.4,70,43,9,14,9
test_00585,full_run82,0.3,0.7,1.0,317,317,0.0,0.9787234042553191,0.6764705882352942,0.8,0.6666666666666666,1.0,0.7058823529411765,0.8275862068965517,0.7058823529411765,1.0,0.2857142857142857,0.4444444444444445,0.2857142857142857,1.0,0.2857142857142857,0.4444444444444445,0.2857142857142857,1.0,0.2857142857142857,0.4444444444444445,1.0,1.0,1.0,0.0,0.2916666666666667,0.2857142857142857,0.2857142857142857,0.2857142857142857,0.75,0.3,47,24,4,7,4
test_00585,no_topic,0.0,1.0,1.0,315,317,0.6309148264984227,0.9787234042553191,0.6764705882352942,0.8,0.6666666666666666,1.0,0.7058823529411765,0.8275862068965517,0.7058823529411765,1.0,0.2857142857142857,0.4444444444444445,0.2857142857142857,1.0,0.2857142857142857,0.4444444444444445,0.2857142857142857,1.0,0.2857142857142857,0.4444444444444445,1.0,1.0,1.0,0.0,0.2916666666666667,0.2857142857142857,0.2857142857142857,0.2857142857142857,0.75,0.3,47,24,4,7,4
test_00585,no_pattern,1.0,0.0,1.0,262,317,17.350157728706623,1.0,0.5882352941176471,0.7407407407407407,0.5882352941176471,1.0,0.6470588235294118,0.7857142857142858,0.6470588235294118,1.0,0.35714285714285715,0.5263157894736842,0.35714285714285715,1.0,0.35714285714285715,0.5263157894736842,0.35714285714285715,1.0,0.35714285714285715,0.5263157894736842,1.0,1.0,1.0,0.0,0.375,0.35714285714285715,0.35714285714285715,0.35714285714285715,0.75,0.3,40,22,5,9,5
test_00585,no_redundancy,0.3,0.7,0.0,310,317,2.2082018927444795,1.0,0.6617647058823529,0.7964601769911505,0.6617647058823529,0.9615384615384616,0.7352941176470589,0.8333333333333333,0.7142857142857143,1.0,0.6428571428571429,0.782608695652174,0.6428571428571429,1.0,0.6428571428571429,0.782608695652174,0.6428571428571429,1.0,0.6428571428571429,0.782608695652174,0.8888888888888888,1.0,0.8888888888888888,0.11111111111111116,0.5833333333333334,0.6428571428571429,0.6428571428571429,0.6428571428571429,1.0,0.6,45,26,9,14,9
test_00591,full_run82,0.3,0.7,1.0,458,458,0.0,1.0,0.35172413793103446,0.520408163265306,0.35172413793103446,1.0,0.5084745762711864,0.6741573033707865,0.5084745762711864,1.0,0.2608695652173913,0.41379310344827586,0.2608695652173913,1.0,0.3333333333333333,0.5,0.3333333333333333,1.0,0.3333333333333333,0.5,1.0,1.0,1.0,0.0,0.38636363636363635,0.3333333333333333,0.3333333333333333,0.2608695652173913,0.375,0.4,51,30,10,17,10
test_00591,no_topic,0.0,1.0,1.0,537,458,17.248908296943235,1.0,0.4482758620689655,0.6190476190476191,0.4482758620689655,1.0,0.5254237288135594,0.688888888888889,0.5254237288135594,1.0,0.30434782608695654,0.4666666666666667,0.30434782608695654,1.0,0.4,0.5714285714285715,0.4,1.0,0.4,0.5714285714285715,1.0,1.0,1.0,0.0,0.4090909090909091,0.4,0.4,0.30434782608695654,0.75,0.3,65,31,12,18,12
test_00591,no_pattern,1.0,0.0,1.0,263,458,42.5764192139738,1.0,0.31724137931034485,0.48167539267015713,0.31724137931034485,1.0,0.4406779661016949,0.611764705882353,0.4406779661016949,1.0,0.43478260869565216,0.6060606060606061,0.43478260869565216,1.0,0.3333333333333333,0.5,0.3333333333333333,1.0,0.3333333333333333,0.5,0.9,1.0,0.9,0.09999999999999998,0.36363636363636365,0.3333333333333333,0.3333333333333333,0.43478260869565216,0.625,0.4,46,26,10,16,10
test_00591,no_redundancy,0.3,0.7,0.0,480,458,4.8034934497816595,1.0,0.30344827586206896,0.46560846560846564,0.30344827586206896,1.0,0.4745762711864407,0.6436781609195402,0.4745762711864407,1.0,0.21739130434782608,0.3571428571428571,0.21739130434782608,1.0,0.3,0.4615384615384615,0.3,1.0,0.3,0.4615384615384615,1.0,1.0,1.0,0.0,0.3409090909090909,0.3,0.3,0.21739130434782608,0.375,0.4,44,28,9,15,9
test_00600,full_run82,0.3,0.7,1.0,219,219,0.0,0.975,0.13978494623655913,0.24451410658307207,0.1392857142857143,1.0,0.13008130081300814,0.2302158273381295,0.13008130081300814,1.0,0.1875,0.3157894736842105,0.1875,1.0,0.13333333333333333,0.23529411764705882,0.13333333333333333,1.0,0.13333333333333333,0.23529411764705882,1.0,1.0,1.0,0.0,0.12162162162162163,0.13333333333333333,0.13333333333333333,0.1875,0.6666666666666666,0.3,40,16,6,9,6
test_00600,no_topic,0.0,1.0,1.0,245,219,11.87214611872146,0.98,0.17562724014336917,0.2978723404255319,0.175,1.0,0.13008130081300814,0.2302158273381295,0.13008130081300814,1.0,0.125,0.2222222222222222,0.125,1.0,0.08888888888888889,0.163265306122449,0.08888888888888889,1.0,0.08888888888888889,0.163265306122449,1.0,1.0,1.0,0.0,0.0945945945945946,0.08888888888888889,0.08888888888888889,0.125,0.5,0.3,50,16,4,7,4
test_00600,no_pattern,1.0,0.0,1.0,187,219,14.61187214611872,0.9714285714285714,0.12186379928315412,0.21656050955414016,0.12142857142857143,1.0,0.14634146341463414,0.2553191489361702,0.14634146341463414,1.0,0.3125,0.47619047619047616,0.3125,1.0,0.2222222222222222,0.3636363636363636,0.2222222222222222,1.0,0.2222222222222222,0.3636363636363636,1.0,1.0,1.0,0.0,0.21621621621621623,0.2222222222222222,0.2222222222222222,0.3125,0.6666666666666666,0.3,35,18,10,16,10
test_00600,no_redundancy,0.3,0.7,0.0,444,219,102.73972602739727,1.0,0.27956989247311825,0.43697478991596633,0.27956989247311825,1.0,0.17073170731707318,0.2916666666666667,0.17073170731707318,1.0,0.3125,0.47619047619047616,0.3125,1.0,0.26666666666666666,0.4210526315789474,0.26666666666666666,1.0,0.26666666666666666,0.4210526315789474,1.0,1.0,1.0,0.0,0.25675675675675674,0.26666666666666666,0.26666666666666666,0.3125,0.6666666666666666,0.4,78,21,12,19,12
test_00616,full_run82,0.3,0.7,1.0,247,247,0.0,1.0,0.15879828326180256,0.2740740740740741,0.15879828326180256,1.0,0.208955223880597,0.345679012345679,0.208955223880597,0.875,0.18421052631578946,0.30434782608695654,0.1794871794871795,0.8888888888888888,0.17391304347826086,0.29090909090909095,0.1702127659574468,0.8888888888888888,0.17391304347826086,0.29090909090909095,0.8888888888888888,0.8888888888888888,0.8888888888888888,0.11111111111111116,0.2028985507246377,0.17391304347826086,0.1702127659574468,0.18421052631578946,0.6666666666666666,0.2,37,14,9,16,9
test_00616,no_topic,0.0,1.0,1.0,332,247,34.41295546558704,1.0,0.21888412017167383,0.3591549295774648,0.21888412017167383,1.0,0.3582089552238806,0.5274725274725275,0.3582089552238806,1.0,0.2631578947368421,0.4166666666666667,0.2631578947368421,1.0,0.2391304347826087,0.3859649122807018,0.2391304347826087,1.0,0.2391304347826087,0.3859649122807018,1.0,1.0,1.0,0.0,0.2753623188405797,0.2391304347826087,0.2391304347826087,0.2631578947368421,0.6666666666666666,0.3,51,24,11,19,11
test_00616,no_pattern,1.0,0.0,1.0,218,247,11.740890688259109,0.9696969696969697,0.13733905579399142,0.24060150375939848,0.13675213675213677,1.0,0.11940298507462686,0.21333333333333335,0.11940298507462686,0.875,0.18421052631578946,0.30434782608695654,0.1794871794871795,0.875,0.15217391304347827,0.2592592592592593,0.14893617021276595,0.875,0.15217391304347827,0.2592592592592593,0.75,0.875,0.75,0.25,0.2028985507246377,0.15217391304347827,0.14893617021276595,0.18421052631578946,0.3333333333333333,0.2,33,8,8,16,8
test_00616,no_redundancy,0.3,0.7,0.0,560,247,126.72064777327935,1.0,0.3261802575107296,0.4919093851132686,0.3261802575107296,0.9642857142857143,0.40298507462686567,0.5684210526315789,0.39705882352941174,1.0,0.3157894736842105,0.4799999999999999,0.3157894736842105,1.0,0.2826086956521739,0.4406779661016949,0.2826086956521739,1.0,0.2826086956521739,0.4406779661016949,1.0,1.0,1.0,0.0,0.2753623188405797,0.2826086956521739,0.2826086956521739,0.3157894736842105,1.0,0.3,76,28,13,19,13
test_00617,full_run82,0.3,0.7,1.0,259,259,0.0,1.0,0.2626728110599078,0.4160583941605839,0.2626728110599078,1.0,0.34831460674157305,0.5166666666666667,0.34831460674157305,1.0,0.3235294117647059,0.48888888888888893,0.3235294117647059,0.9285714285714286,0.3023255813953488,0.456140350877193,0.29545454545454547,0.9285714285714286,0.3023255813953488,0.456140350877193,1.0,0.9285714285714286,0.9285714285714286,0.0714285714285714,0.32857142857142857,0.3023255813953488,0.29545454545454547,0.3235294117647059,0.42857142857142855,0.3,57,31,14,25,14
test_00617,no_topic,0.0,1.0,1.0,231,259,10.81081081081081,1.0,0.22580645161290322,0.3684210526315789,0.22580645161290322,1.0,0.3258426966292135,0.4915254237288135,0.3258426966292135,1.0,0.2647058823529412,0.4186046511627907,0.2647058823529412,0.9090909090909091,0.23255813953488372,0.3703703703703703,0.22727272727272727,0.9090909090909091,0.23255813953488372,0.3703703703703703,1.0,0.9090909090909091,0.9090909090909091,0.09090909090909094,0.2714285714285714,0.23255813953488372,0.22727272727272727,0.2647058823529412,0.42857142857142855,0.1,49,29,11,21,11
test_00617,no_pattern,1.0,0.0,1.0,209,259,19.305019305019304,1.0,0.2073732718894009,0.3435114503816794,0.2073732718894009,1.0,0.2696629213483146,0.4247787610619469,0.2696629213483146,1.0,0.3235294117647059,0.48888888888888893,0.3235294117647059,1.0,0.3023255813953488,0.46428571428571425,0.3023255813953488,1.0,0.3023255813953488,0.46428571428571425,1.0,1.0,1.0,0.0,0.3,0.3023255813953488,0.3023255813953488,0.3235294117647059,0.7142857142857143,0.4,45,24,13,21,13
test_00617,no_redundancy,0.3,0.7,0.0,323,259,24.71042471042471,1.0,0.2304147465437788,0.3745318352059925,0.2304147465437788,1.0,0.30337078651685395,0.46551724137931033,0.30337078651685395,1.0,0.23529411764705882,0.38095238095238093,0.23529411764705882,1.0,0.20930232558139536,0.3461538461538462,0.20930232558139536,1.0,0.20930232558139536,0.3461538461538462,1.0,1.0,1.0,0.0,0.2,0.20930232558139536,0.20930232558139536,0.23529411764705882,0.8571428571428571,0.2,50,27,9,14,9
test_00622,full_run82,0.3,0.7,1.0,288,288,0.0,1.0,0.16279069767441862,0.28,0.16279069767441862,1.0,0.18478260869565216,0.3119266055045872,0.18478260869565216,1.0,0.17391304347826086,0.29629629629629634,0.17391304347826086,1.0,0.14285714285714285,0.25,0.14285714285714285,1.0,0.14285714285714285,0.25,1.0,1.0,1.0,0.0,0.16279069767441862,0.14285714285714285,0.14285714285714285,0.17391304347826086,0.375,0.4,35,17,8,14,8
test_00622,no_topic,0.0,1.0,1.0,300,288,4.166666666666666,1.0,0.19069767441860466,0.3203125,0.19069767441860466,1.0,0.21739130434782608,0.3571428571428571,0.21739130434782608,1.0,0.17391304347826086,0.29629629629629634,0.17391304347826086,1.0,0.16071428571428573,0.27692307692307694,0.16071428571428573,1.0,0.16071428571428573,0.27692307692307694,1.0,1.0,1.0,0.0,0.1744186046511628,0.16071428571428573,0.16071428571428573,0.17391304347826086,0.375,0.4,41,20,9,15,9
test_00622,no_pattern,1.0,0.0,1.0,231,288,19.791666666666664,1.0,0.14883720930232558,0.2591093117408907,0.14883720930232558,1.0,0.18478260869565216,0.3119266055045872,0.18478260869565216,1.0,0.10869565217391304,0.19607843137254902,0.10869565217391304,1.0,0.125,0.2222222222222222,0.125,1.0,0.125,0.2222222222222222,1.0,1.0,1.0,0.0,0.13953488372093023,0.125,0.125,0.10869565217391304,0.375,0.2,32,17,7,12,7
test_00622,no_redundancy,0.3,0.7,0.0,382,288,32.63888888888889,1.0,0.22790697674418606,0.3712121212121212,0.22790697674418606,1.0,0.4673913043478261,0.6370370370370371,0.4673913043478261,1.0,0.2608695652173913,0.41379310344827586,0.2608695652173913,1.0,0.23214285714285715,0.37681159420289856,0.23214285714285715,1.0,0.23214285714285715,0.37681159420289856,1.0,1.0,1.0,0.0,0.2558139534883721,0.23214285714285715,0.23214285714285715,0.2608695652173913,0.375,0.3,49,43,13,22,13
test_00636,full_run82,0.3,0.7,1.0,239,239,0.0,1.0,0.14814814814814814,0.25806451612903225,0.14814814814814814,1.0,0.26666666666666666,0.4210526315789474,0.26666666666666666,1.0,0.12857142857142856,0.22784810126582278,0.12857142857142856,1.0,0.11363636363636363,0.20408163265306123,0.11363636363636363,1.0,0.11363636363636363,0.20408163265306123,1.0,1.0,1.0,0.0,0.14285714285714285,0.11363636363636363,0.11363636363636363,0.12857142857142856,0.09090909090909091,0.2,44,28,10,18,10
test_00636,no_topic,0.0,1.0,1.0,225,239,5.857740585774058,1.0,0.1414141414141414,0.24778761061946902,0.1414141414141414,1.0,0.22857142857142856,0.3720930232558139,0.22857142857142856,1.0,0.08571428571428572,0.15789473684210528,0.08571428571428572,1.0,0.09090909090909091,0.16666666666666669,0.09090909090909091,1.0,0.09090909090909091,0.16666666666666669,1.0,1.0,1.0,0.0,0.10317460317460317,0.09090909090909091,0.09090909090909091,0.08571428571428572,0.09090909090909091,0.1,42,24,8,13,8
test_00636,no_pattern,1.0,0.0,1.0,187,239,21.75732217573222,1.0,0.12121212121212122,0.21621621621621626,0.12121212121212122,1.0,0.20952380952380953,0.3464566929133859,0.20952380952380953,1.0,0.14285714285714285,0.25,0.14285714285714285,1.0,0.14772727272727273,0.25742574257425743,0.14772727272727273,1.0,0.14772727272727273,0.25742574257425743,1.0,1.0,1.0,0.0,0.1746031746031746,0.14772727272727273,0.14772727272727273,0.14285714285714285,0.12121212121212122,0.2,36,22,13,22,13
test_00636,no_redundancy,0.3,0.7,0.0,426,239,78.24267782426779,1.0,0.18518518518518517,0.3125,0.18518518518518517,1.0,0.3142857142857143,0.4782608695652174,0.3142857142857143,1.0,0.18571428571428572,0.3132530120481928,0.18571428571428572,1.0,0.14772727272727273,0.25742574257425743,0.14772727272727273,1.0,0.14772727272727273,0.25742574257425743,1.0,1.0,1.0,0.0,0.14285714285714285,0.14772727272727273,0.14772727272727273,0.18571428571428572,0.2727272727272727,0.3,55,33,13,18,13
test_00638,full_run82,0.3,0.7,1.0,307,307,0.0,1.0,0.5882352941176471,0.7407407407407407,0.5882352941176471,0.9583333333333334,0.6388888888888888,0.7666666666666666,0.6216216216216216,1.0,0.5,0.6666666666666666,0.5,1.0,0.42105263157894735,0.5925925925925926,0.42105263157894735,1.0,0.42105263157894735,0.5925925925925926,0.875,1.0,0.875,0.125,0.4827586206896552,0.42105263157894735,0.42105263157894735,0.5,0.5,0.5,50,24,8,14,8
test_00638,no_topic,0.0,1.0,1.0,302,307,1.6286644951140066,1.0,0.5529411764705883,0.7121212121212122,0.5529411764705883,0.9642857142857143,0.75,0.8437499999999999,0.7297297297297297,1.0,0.5,0.6666666666666666,0.5,1.0,0.47368421052631576,0.6428571428571429,0.47368421052631576,1.0,0.47368421052631576,0.6428571428571429,0.8888888888888888,1.0,0.8888888888888888,0.11111111111111116,0.5172413793103449,0.47368421052631576,0.47368421052631576,0.5,0.6666666666666666,0.6,47,28,9,15,9
test_00638,no_pattern,1.0,0.0,1.0,242,307,21.172638436482085,1.0,0.43529411764705883,0.6065573770491803,0.43529411764705883,0.9473684210526315,0.5,0.6545454545454545,0.4864864864864865,1.0,0.7142857142857143,0.8333333333333333,0.7142857142857143,1.0,0.6842105263157895,0.8125000000000001,0.6842105263157895,1.0,0.6842105263157895,0.8125000000000001,0.9230769230769231,1.0,0.9230769230769231,0.07692307692307687,0.6551724137931034,0.6842105263157895,0.6842105263157895,0.7142857142857143,1.0,0.6,37,19,13,19,13
test_00638,no_redundancy,0.3,0.7,0.0,322,307,4.88599348534202,0.9777777777777777,0.5176470588235295,0.676923076923077,0.5116279069767442,1.0,0.7777777777777778,0.8750000000000001,0.7777777777777778,1.0,0.7142857142857143,0.8333333333333333,0.7142857142857143,1.0,0.5263157894736842,0.6896551724137931,0.5263157894736842,1.0,0.5263157894736842,0.6896551724137931,1.0,1.0,1.0,0.0,0.5862068965517241,0.5263157894736842,0.5263157894736842,0.7142857142857143,0.5,0.8,45,28,10,17,10
test_00641,full_run82,0.3,0.7,1.0,200,200,0.0,1.0,0.1901840490797546,0.3195876288659794,0.1901840490797546,1.0,0.27380952380952384,0.4299065420560748,0.27380952380952384,1.0,0.23076923076923078,0.375,0.23076923076923078,1.0,0.1875,0.3157894736842105,0.1875,1.0,0.1875,0.3157894736842105,1.0,1.0,1.0,0.0,0.2361111111111111,0.1875,0.1875,0.23076923076923078,0.375,0.0,31,23,9,17,9
test_00641,no_topic,0.0,1.0,1.0,240,200,20.0,1.0,0.27607361963190186,0.4326923076923077,0.27607361963190186,1.0,0.27380952380952384,0.4299065420560748,0.27380952380952384,1.0,0.15384615384615385,0.2666666666666667,0.15384615384615385,1.0,0.125,0.2222222222222222,0.125,1.0,0.125,0.2222222222222222,1.0,1.0,1.0,0.0,0.16666666666666666,0.125,0.125,0.15384615384615385,0.25,0.0,45,23,6,12,6
test_00641,no_pattern,1.0,0.0,1.0,186,200,7.000000000000001,1.0,0.17177914110429449,0.29319371727748694,0.17177914110429449,1.0,0.21428571428571427,0.35294117647058826,0.21428571428571427,1.0,0.23076923076923078,0.375,0.23076923076923078,1.0,0.20833333333333334,0.3448275862068966,0.20833333333333334,1.0,0.20833333333333334,0.3448275862068966,0.9,1.0,0.9,0.09999999999999998,0.2638888888888889,0.20833333333333334,0.20833333333333334,0.23076923076923078,0.375,0.5,28,18,10,19,10
test_00641,no_redundancy,0.3,0.7,0.0,433,200,116.5,0.9827586206896551,0.3496932515337423,0.5158371040723981,0.3475609756097561,1.0,0.4523809523809524,0.6229508196721312,0.4523809523809524,1.0,0.15384615384615385,0.2666666666666667,0.15384615384615385,0.7142857142857143,0.10416666666666667,0.18181818181818182,0.1,0.7142857142857143,0.10416666666666667,0.18181818181818182,1.0,1.0,0.7142857142857143,0.2857142857142857,0.125,0.10416666666666667,0.1,0.15384615384615385,0.375,0.2,58,38,7,12,7
test_00657,full_run82,0.3,0.7,1.0,367,367,0.0,1.0,0.863013698630137,0.9264705882352942,0.863013698630137,1.0,0.9090909090909091,0.9523809523809523,0.9090909090909091,1.0,0.6666666666666666,0.8,0.6666666666666666,1.0,0.5833333333333334,0.7368421052631579,0.5833333333333334,1.0,0.5833333333333334,0.7368421052631579,1.0,1.0,1.0,0.0,0.6842105263157895,0.5833333333333334,0.5833333333333334,0.6666666666666666,0.75,0.7,63,30,7,13,7
test_00657,no_topic,0.0,1.0,1.0,367,367,0.0,1.0,0.863013698630137,0.9264705882352942,0.863013698630137,1.0,0.9090909090909091,0.9523809523809523,0.9090909090909091,1.0,0.6666666666666666,0.8,0.6666666666666666,1.0,0.5833333333333334,0.7368421052631579,0.5833333333333334,1.0,0.5833333333333334,0.7368421052631579,1.0,1.0,1.0,0.0,0.6842105263157895,0.5833333333333334,0.5833333333333334,0.6666666666666666,0.75,0.7,63,30,7,13,7
test_00657,no_pattern,1.0,0.0,1.0,252,367,31.33514986376022,1.0,0.4931506849315068,0.6605504587155963,0.4931506849315068,1.0,0.6666666666666666,0.8,0.6666666666666666,1.0,0.6666666666666666,0.8,0.6666666666666666,1.0,0.6666666666666666,0.8,0.6666666666666666,1.0,0.6666666666666666,0.8,1.0,1.0,1.0,0.0,0.631578947368421,0.6666666666666666,0.6666666666666666,0.6666666666666666,1.0,0.7,36,22,8,12,8
test_00657,no_redundancy,0.3,0.7,0.0,367,367,0.0,0.9827586206896551,0.7808219178082192,0.8702290076335878,0.7702702702702703,1.0,0.7575757575757576,0.8620689655172413,0.7575757575757576,1.0,0.5555555555555556,0.7142857142857143,0.5555555555555556,1.0,0.5,0.6666666666666666,0.5,1.0,0.5,0.6666666666666666,1.0,1.0,1.0,0.0,0.5789473684210527,0.5,0.5,0.5555555555555556,0.75,0.5,58,25,6,11,6
test_00707,full_run82,0.3,0.7,1.0,386,386,0.0,1.0,0.3872549019607843,0.5583038869257951,0.3872549019607843,0.9545454545454546,0.3387096774193548,0.5,0.3333333333333333,1.0,0.46875,0.6382978723404256,0.46875,1.0,0.3333333333333333,0.5,0.3333333333333333,1.0,0.3333333333333333,0.5,1.0,1.0,1.0,0.0,0.38461538461538464,0.3333333333333333,0.3333333333333333,0.46875,0.3076923076923077,0.4,79,22,15,25,15
test_00707,no_topic,0.0,1.0,1.0,364,386,5.699481865284974,1.0,0.35784313725490197,0.5270758122743682,0.35784313725490197,0.9545454545454546,0.3387096774193548,0.5,0.3333333333333333,1.0,0.4375,0.6086956521739131,0.4375,1.0,0.3111111111111111,0.4745762711864407,0.3111111111111111,1.0,0.3111111111111111,0.4745762711864407,1.0,1.0,1.0,0.0,0.35384615384615387,0.3111111111111111,0.3111111111111111,0.4375,0.3076923076923077,0.4,73,22,14,23,14
test_00707,no_pattern,1.0,0.0,1.0,293,386,24.093264248704664,0.9827586206896551,0.27941176470588236,0.4351145038167939,0.2780487804878049,0.9333333333333333,0.22580645161290322,0.36363636363636365,0.2222222222222222,1.0,0.25,0.4,0.25,1.0,0.17777777777777778,0.3018867924528302,0.17777777777777778,1.0,0.17777777777777778,0.3018867924528302,1.0,1.0,1.0,0.0,0.23076923076923078,0.17777777777777778,0.17777777777777778,0.25,0.23076923076923078,0.2,58,15,8,15,8
test_00707,no_redundancy,0.3,0.7,0.0,420,386,8.808290155440414,1.0,0.36764705882352944,0.5376344086021506,0.36764705882352944,1.0,0.25806451612903225,0.41025641025641024,0.25806451612903225,1.0,0.34375,0.5116279069767442,0.34375,1.0,0.3333333333333333,0.5,0.3333333333333333,1.0,0.3333333333333333,0.5,1.0,1.0,1.0,0.0,0.35384615384615387,0.3333333333333333,0.3333333333333333,0.34375,0.3076923076923077,0.4,75,16,15,23,15
test_00729,full_run82,0.3,0.7,1.0,311,311,0.0,1.0,0.22641509433962265,0.36923076923076925,0.22641509433962265,1.0,0.23333333333333334,0.37837837837837834,0.23333333333333334,1.0,0.15517241379310345,0.26865671641791045,0.15517241379310345,1.0,0.1388888888888889,0.24390243902439027,0.1388888888888889,1.0,0.1388888888888889,0.24390243902439027,1.0,1.0,1.0,0.0,0.17757009345794392,0.1388888888888889,0.1388888888888889,0.15517241379310345,0.25,0.1,60,21,10,19,10
test_00729,no_topic,0.0,1.0,1.0,334,311,7.395498392282958,1.0,0.25660377358490566,0.4084084084084084,0.25660377358490566,1.0,0.2,0.33333333333333337,0.2,1.0,0.1896551724137931,0.3188405797101449,0.1896551724137931,1.0,0.20833333333333334,0.3448275862068966,0.20833333333333334,1.0,0.20833333333333334,0.3448275862068966,1.0,1.0,1.0,0.0,0.2336448598130841,0.20833333333333334,0.20833333333333334,0.1896551724137931,0.3333333333333333,0.2,68,18,15,25,15
test_00729,no_pattern,1.0,0.0,1.0,182,311,41.47909967845659,0.9736842105263158,0.13962264150943396,0.24422442244224418,0.13909774436090225,1.0,0.15555555555555556,0.2692307692307693,0.15555555555555556,1.0,0.1896551724137931,0.3188405797101449,0.1896551724137931,1.0,0.1527777777777778,0.26506024096385544,0.1527777777777778,1.0,0.1527777777777778,0.26506024096385544,1.0,1.0,1.0,0.0,0.18691588785046728,0.1527777777777778,0.1527777777777778,0.1896551724137931,0.25,0.2,38,14,11,20,11
test_00729,no_redundancy,0.3,0.7,0.0,555,311,78.45659163987139,1.0,0.3283018867924528,0.4943181818181818,0.3283018867924528,1.0,0.4111111111111111,0.5826771653543308,0.4111111111111111,1.0,0.27586206896551724,0.4324324324324324,0.27586206896551724,1.0,0.25,0.4,0.25,1.0,0.25,0.4,1.0,1.0,1.0,0.0,0.27102803738317754,0.25,0.25,0.27586206896551724,0.3333333333333333,0.4,87,37,18,29,18
test_00734,full_run82,0.3,0.7,1.0,228,228,0.0,1.0,0.18468468468468469,0.31178707224334595,0.18468468468468469,1.0,0.17391304347826086,0.29629629629629634,0.17391304347826086,1.0,0.18032786885245902,0.3055555555555556,0.18032786885245902,1.0,0.14634146341463414,0.2553191489361702,0.14634146341463414,1.0,0.14634146341463414,0.2553191489361702,1.0,1.0,1.0,0.0,0.17346938775510204,0.14634146341463414,0.14634146341463414,0.18032786885245902,0.23333333333333334,0.3,41,12,12,17,12
test_00734,no_topic,0.0,1.0,1.0,298,228,30.701754385964914,1.0,0.25675675675675674,0.4086021505376344,0.25675675675675674,1.0,0.15942028985507245,0.27499999999999997,0.15942028985507245,1.0,0.11475409836065574,0.2058823529411765,0.11475409836065574,1.0,0.10975609756097561,0.1978021978021978,0.10975609756097561,1.0,0.10975609756097561,0.1978021978021978,1.0,1.0,1.0,0.0,0.11224489795918367,0.10975609756097561,0.10975609756097561,0.11475409836065574,0.16666666666666666,0.3,57,11,9,11,9
test_00734,no_pattern,1.0,0.0,1.0,153,228,32.89473684210527,1.0,0.1036036036036036,0.1877551020408163,0.1036036036036036,1.0,0.17391304347826086,0.29629629629629634,0.17391304347826086,1.0,0.16393442622950818,0.28169014084507044,0.16393442622950818,1.0,0.13414634146341464,0.23655913978494622,0.13414634146341464,1.0,0.13414634146341464,0.23655913978494622,1.0,1.0,1.0,0.0,0.17346938775510204,0.13414634146341464,0.13414634146341464,0.16393442622950818,0.23333333333333334,0.3,23,12,11,17,11
test_00734,no_redundancy,0.3,0.7,0.0,277,228,21.49122807017544,1.0,0.19369369369369369,0.32452830188679244,0.19369369369369369,1.0,0.2608695652173913,0.41379310344827586,0.2608695652173913,1.0,0.06557377049180328,0.12307692307692307,0.06557377049180328,1.0,0.06097560975609756,0.11494252873563218,0.06097560975609756,1.0,0.06097560975609756,0.11494252873563218,1.0,1.0,1.0,0.0,0.08163265306122448,0.06097560975609756,0.06097560975609756,0.06557377049180328,0.1,0.1,43,18,5,8,5
test_00751,full_run82,0.3,0.7,1.0,300,300,0.0,1.0,1.0,1.0,1.0,1.0,1.0,1.0,1.0,1.0,1.0,1.0,1.0,1.0,1.0,1.0,1.0,1.0,1.0,1.0,1.0,1.0,1.0,0.0,1.0,1.0,1.0,1.0,1.0,1.0,55,28,12,19,12
test_00751,no_topic,0.0,1.0,1.0,300,300,0.0,1.0,1.0,1.0,1.0,1.0,1.0,1.0,1.0,1.0,1.0,1.0,1.0,1.0,1.0,1.0,1.0,1.0,1.0,1.0,1.0,1.0,1.0,0.0,1.0,1.0,1.0,1.0,1.0,1.0,55,28,12,19,12
test_00751,no_pattern,1.0,0.0,1.0,300,300,0.0,1.0,1.0,1.0,1.0,1.0,1.0,1.0,1.0,1.0,1.0,1.0,1.0,1.0,1.0,1.0,1.0,1.0,1.0,1.0,1.0,1.0,1.0,0.0,1.0,1.0,1.0,1.0,1.0,1.0,55,28,12,19,12
test_00751,no_redundancy,0.3,0.7,0.0,300,300,0.0,1.0,1.0,1.0,1.0,1.0,1.0,1.0,1.0,1.0,1.0,1.0,1.0,1.0,1.0,1.0,1.0,1.0,1.0,1.0,1.0,1.0,1.0,0.0,1.0,1.0,1.0,1.0,1.0,1.0,55,28,12,19,12
test_00753,full_run82,0.3,0.7,1.0,215,215,0.0,1.0,0.5909090909090909,0.7428571428571429,0.5909090909090909,1.0,0.6666666666666666,0.8,0.6666666666666666,1.0,0.5294117647058824,0.6923076923076924,0.5294117647058824,0.9090909090909091,0.5263157894736842,0.6666666666666666,0.5,0.9090909090909091,0.5263157894736842,0.6666666666666666,1.0,0.9090909090909091,0.9090909090909091,0.09090909090909094,0.5357142857142857,0.5263157894736842,0.5,0.5294117647058824,1.1666666666666667,0.3,39,18,11,16,11
test_00753,no_topic,0.0,1.0,1.0,223,215,3.7209302325581395,1.0,0.4696969696969697,0.6391752577319588,0.4696969696969697,1.0,0.5185185185185185,0.6829268292682926,0.5185185185185185,0.8888888888888888,0.47058823529411764,0.6153846153846153,0.4444444444444444,0.9,0.47368421052631576,0.6206896551724138,0.45,0.9,0.47368421052631576,0.6206896551724138,0.9,0.9,0.9,0.09999999999999998,0.4642857142857143,0.47368421052631576,0.45,0.47058823529411764,1.0,0.3,31,14,10,14,10
test_00753,no_pattern,1.0,0.0,1.0,158,215,26.51162790697674,1.0,0.42424242424242425,0.5957446808510638,0.42424242424242425,1.0,0.4444444444444444,0.6153846153846153,0.4444444444444444,1.0,0.17647058823529413,0.3,0.17647058823529413,0.8,0.21052631578947367,0.3333333333333333,0.2,0.8,0.21052631578947367,0.3333333333333333,1.0,0.8,0.8,0.19999999999999996,0.25,0.21052631578947367,0.2,0.17647058823529413,0.6666666666666666,0.2,28,12,5,8,5
test_00753,no_redundancy,0.3,0.7,0.0,221,215,2.7906976744186047,1.0,0.3939393939393939,0.5652173913043478,0.3939393939393939,1.0,0.4074074074074074,0.5789473684210525,0.4074074074074074,1.0,0.35294117647058826,0.5217391304347826,0.35294117647058826,1.0,0.3157894736842105,0.4799999999999999,0.3157894736842105,1.0,0.3157894736842105,0.4799999999999999,1.0,1.0,1.0,0.0,0.2857142857142857,0.3157894736842105,0.3157894736842105,0.35294117647058826,0.8333333333333334,0.2,26,11,6,8,6
test_00762,full_run82,0.3,0.7,1.0,182,182,0.0,0.9655172413793104,0.12280701754385964,0.21789883268482488,0.1222707423580786,1.0,0.19736842105263158,0.32967032967032966,0.19736842105263158,1.0,0.12727272727272726,0.22580645161290322,0.12727272727272726,1.0,0.12162162162162163,0.21686746987951808,0.12162162162162163,1.0,0.12162162162162163,0.21686746987951808,1.0,1.0,1.0,0.0,0.13274336283185842,0.12162162162162163,0.12162162162162163,0.12727272727272726,0.2,0.1,29,15,9,15,9
test_00762,no_topic,0.0,1.0,1.0,194,182,6.593406593406594,1.0,0.12719298245614036,0.22568093385214008,0.12719298245614036,1.0,0.21052631578947367,0.34782608695652173,0.21052631578947367,1.0,0.14545454545454545,0.25396825396825395,0.14545454545454545,1.0,0.10810810810810811,0.1951219512195122,0.10810810810810811,1.0,0.10810810810810811,0.1951219512195122,1.0,1.0,1.0,0.0,0.12389380530973451,0.10810810810810811,0.10810810810810811,0.14545454545454545,0.2,0.1,29,16,8,14,8
test_00762,no_pattern,1.0,0.0,1.0,130,182,28.57142857142857,0.9523809523809523,0.08771929824561403,0.1606425702811245,0.08733624454148471,1.0,0.13157894736842105,0.23255813953488372,0.13157894736842105,1.0,0.12727272727272726,0.22580645161290322,0.12727272727272726,1.0,0.13513513513513514,0.2380952380952381,0.13513513513513514,1.0,0.13513513513513514,0.2380952380952381,1.0,1.0,1.0,0.0,0.1504424778761062,0.13513513513513514,0.13513513513513514,0.12727272727272726,0.3333333333333333,0.2,21,10,10,17,10
test_00762,no_redundancy,0.3,0.7,0.0,412,182,126.37362637362637,1.0,0.25,0.4,0.25,0.9666666666666667,0.3815789473684211,0.5471698113207547,0.37662337662337664,1.0,0.12727272727272726,0.22580645161290322,0.12727272727272726,1.0,0.12162162162162163,0.21686746987951808,0.12162162162162163,1.0,0.12162162162162163,0.21686746987951808,0.8888888888888888,1.0,0.8888888888888888,0.11111111111111116,0.1415929203539823,0.12162162162162163,0.12162162162162163,0.12727272727272726,0.26666666666666666,0.2,57,30,9,16,9
test_00770,full_run82,0.3,0.7,1.0,205,205,0.0,1.0,0.09655172413793103,0.1761006289308176,0.09655172413793103,1.0,0.1037344398340249,0.18796992481203006,0.1037344398340249,1.0,0.09333333333333334,0.17073170731707318,0.09333333333333334,1.0,0.056910569105691054,0.10769230769230768,0.056910569105691054,1.0,0.056910569105691054,0.10769230769230768,1.0,1.0,1.0,0.0,0.07317073170731707,0.056910569105691054,0.056910569105691054,0.09333333333333334,0.12,0.1,28,25,7,12,7
test_00770,no_topic,0.0,1.0,1.0,215,205,4.878048780487805,1.0,0.08275862068965517,0.15286624203821655,0.08275862068965517,1.0,0.12448132780082988,0.22140221402214022,0.12448132780082988,1.0,0.12,0.21428571428571425,0.12,1.0,0.07317073170731707,0.13636363636363635,0.07317073170731707,1.0,0.07317073170731707,0.13636363636363635,1.0,1.0,1.0,0.0,0.08536585365853659,0.07317073170731707,0.07317073170731707,0.12,0.16,0.1,24,30,9,14,9
test_00770,no_pattern,1.0,0.0,1.0,166,205,19.024390243902438,1.0,0.05862068965517241,0.11074918566775244,0.05862068965517241,0.9545454545454546,0.08713692946058091,0.1596958174904943,0.08677685950413223,1.0,0.09333333333333334,0.17073170731707318,0.09333333333333334,1.0,0.056910569105691054,0.10769230769230768,0.056910569105691054,1.0,0.056910569105691054,0.10769230769230768,1.0,1.0,1.0,0.0,0.07317073170731707,0.056910569105691054,0.056910569105691054,0.09333333333333334,0.12,0.1,17,22,7,12,7
test_00770,no_redundancy,0.3,0.7,0.0,311,205,51.707317073170735,1.0,0.1206896551724138,0.21538461538461542,0.1206896551724138,1.0,0.18672199170124482,0.3146853146853147,0.18672199170124482,1.0,0.10666666666666667,0.1927710843373494,0.10666666666666667,1.0,0.07317073170731707,0.13636363636363635,0.07317073170731707,1.0,0.07317073170731707,0.13636363636363635,1.0,1.0,1.0,0.0,0.08536585365853659,0.07317073170731707,0.07317073170731707,0.10666666666666667,0.16,0.1,35,45,9,14,9
test_00792,full_run82,0.3,0.7,1.0,187,187,0.0,1.0,0.17582417582417584,0.2990654205607477,0.17582417582417584,1.0,0.16216216216216217,0.27906976744186046,0.16216216216216217,1.0,0.1875,0.3157894736842105,0.1875,1.0,0.1590909090909091,0.2745098039215686,0.1590909090909091,1.0,0.1590909090909091,0.2745098039215686,1.0,1.0,1.0,0.0,0.1935483870967742,0.1590909090909091,0.1590909090909091,0.1875,0.23076923076923078,0.2,32,6,7,12,7
test_00792,no_topic,0.0,1.0,1.0,220,187,17.647058823529413,0.9736842105263158,0.2032967032967033,0.3363636363636363,0.20218579234972678,0.9090909090909091,0.2702702702702703,0.4166666666666667,0.2631578947368421,1.0,0.28125,0.43902439024390244,0.28125,1.0,0.20454545454545456,0.339622641509434,0.20454545454545456,1.0,0.20454545454545456,0.339622641509434,0.8888888888888888,1.0,0.8888888888888888,0.11111111111111116,0.24193548387096775,0.20454545454545456,0.20454545454545456,0.28125,0.3076923076923077,0.2,38,11,9,15,9
test_00792,no_pattern,1.0,0.0,1.0,203,187,8.55614973262032,1.0,0.19230769230769232,0.32258064516129037,0.19230769230769232,1.0,0.16216216216216217,0.27906976744186046,0.16216216216216217,1.0,0.15625,0.2702702702702703,0.15625,1.0,0.13636363636363635,0.24000000000000002,0.13636363636363635,1.0,0.13636363636363635,0.24000000000000002,1.0,1.0,1.0,0.0,0.1774193548387097,0.13636363636363635,0.13636363636363635,0.15625,0.23076923076923078,0.2,35,6,6,11,6
test_00792,no_redundancy,0.3,0.7,0.0,368,187,96.79144385026738,1.0,0.24725274725274726,0.39647577092511016,0.24725274725274726,1.0,0.35135135135135137,0.52,0.35135135135135137,1.0,0.21875,0.358974358974359,0.21875,1.0,0.1590909090909091,0.2745098039215686,0.1590909090909091,1.0,0.1590909090909091,0.2745098039215686,1.0,1.0,1.0,0.0,0.22580645161290322,0.1590909090909091,0.1590909090909091,0.21875,0.15384615384615385,0.0,45,13,7,14,7
test_00793,full_run82,0.3,0.7,1.0,228,228,0.0,0.9574468085106383,0.08181818181818182,0.1507537688442211,0.08152173913043478,1.0,0.13157894736842105,0.23255813953488372,0.13157894736842105,1.0,0.12359550561797752,0.21999999999999997,0.12359550561797752,0.8181818181818182,0.0743801652892562,0.13636363636363638,0.07317073170731707,0.8181818181818182,0.0743801652892562,0.13636363636363638,1.0,1.0,1.0,0.0,0.10734463276836158,0.0743801652892562,0.07317073170731707,0.12359550561797752,0.15,0.1,47,35,11,20,11
test_00793,no_topic,0.0,1.0,1.0,260,228,14.035087719298245,0.96,0.08727272727272728,0.15999999999999998,0.08695652173913043,1.0,0.13533834586466165,0.23841059602649003,0.13533834586466165,1.0,0.11235955056179775,0.20202020202020202,0.11235955056179775,0.7,0.05785123966942149,0.10687022900763359,0.056451612903225805,0.8,0.06611570247933884,0.12213740458015268,0.9,1.0,0.9,0.09999999999999998,0.0903954802259887,0.05785123966942149,0.056451612903225805,0.11235955056179775,0.15,0.3,50,36,10,18,10
test_00793,no_pattern,1.0,0.0,1.0,170,228,25.438596491228072,0.967741935483871,0.05454545454545454,0.10327022375215147,0.0544464609800363,0.972972972972973,0.13533834586466165,0.23762376237623767,0.1348314606741573,1.0,0.10112359550561797,0.18367346938775508,0.10112359550561797,1.0,0.08264462809917356,0.15267175572519084,0.08264462809917356,1.0,0.08264462809917356,0.15267175572519084,1.0,1.0,1.0,0.0,0.096045197740113,0.08264462809917356,0.08264462809917356,0.10112359550561797,0.15,0.1,31,37,10,17,10
test_00793,no_redundancy,0.3,0.7,0.0,590,228,158.7719298245614,1.0,0.1709090909090909,0.2919254658385093,0.1709090909090909,1.0,0.20300751879699247,0.3375,0.20300751879699247,1.0,0.056179775280898875,0.10638297872340426,0.056179775280898875,1.0,0.04132231404958678,0.07936507936507936,0.04132231404958678,1.0,0.04132231404958678,0.07936507936507936,1.0,1.0,1.0,0.0,0.05084745762711865,0.04132231404958678,0.04132231404958678,0.056179775280898875,0.15,0.1,94,54,5,9,5
test_00812,full_run82,0.3,0.7,1.0,435,435,0.0,0.984375,0.43448275862068964,0.6028708133971292,0.4315068493150685,1.0,0.6341463414634146,0.7761194029850745,0.6341463414634146,1.0,0.3,0.4615384615384615,0.3,1.0,0.35714285714285715,0.5263157894736842,0.35714285714285715,1.0,0.35714285714285715,0.5263157894736842,1.0,1.0,1.0,0.0,0.4444444444444444,0.35714285714285715,0.35714285714285715,0.3,0.19047619047619047,0.5,64,26,10,16,10
test_00812,no_topic,0.0,1.0,1.0,440,435,1.1494252873563218,0.9848484848484849,0.4482758620689655,0.6161137440758294,0.4452054794520548,1.0,0.6097560975609756,0.7575757575757575,0.6097560975609756,1.0,0.45,0.6206896551724138,0.45,1.0,0.39285714285714285,0.5641025641025641,0.39285714285714285,1.0,0.39285714285714285,0.5641025641025641,1.0,1.0,1.0,0.0,0.5,0.39285714285714285,0.39285714285714285,0.45,0.2857142857142857,0.6,66,25,11,18,11
test_00812,no_pattern,1.0,0.0,1.0,310,435,28.735632183908045,1.0,0.4,0.5714285714285715,0.4,1.0,0.3170731707317073,0.48148148148148145,0.3170731707317073,1.0,0.65,0.787878787878788,0.65,1.0,0.5,0.6666666666666666,0.5,1.0,0.5,0.6666666666666666,1.0,1.0,1.0,0.0,0.5277777777777778,0.5,0.5,0.65,0.42857142857142855,0.8,58,13,14,19,14
test_00812,no_redundancy,0.3,0.7,0.0,491,435,12.873563218390805,1.0,0.4413793103448276,0.6124401913875598,0.4413793103448276,1.0,0.7073170731707317,0.8285714285714285,0.7073170731707317,1.0,0.25,0.4,0.25,1.0,0.35714285714285715,0.5263157894736842,0.35714285714285715,1.0,0.35714285714285715,0.5263157894736842,1.0,1.0,1.0,0.0,0.4444444444444444,0.35714285714285715,0.35714285714285715,0.25,0.2857142857142857,0.5,64,29,10,16,10
test_00818,full_run82,0.3,0.7,1.0,479,479,0.0,1.0,0.2087912087912088,0.3454545454545455,0.2087912087912088,0.9859154929577465,0.35,0.5166051660516604,0.3482587064676617,1.0,0.1320754716981132,0.23333333333333334,0.1320754716981132,1.0,0.08045977011494253,0.14893617021276595,0.08045977011494253,1.0,0.08045977011494253,0.14893617021276595,1.0,1.0,1.0,0.0,0.104,0.08045977011494253,0.08045977011494253,0.1320754716981132,0.1875,0.1,57,71,7,13,7
test_00818,no_topic,0.0,1.0,1.0,480,479,0.20876826722338201,1.0,0.21245421245421245,0.3504531722054381,0.21245421245421245,0.9866666666666667,0.37,0.5381818181818181,0.3681592039800995,1.0,0.1320754716981132,0.23333333333333334,0.1320754716981132,1.0,0.08045977011494253,0.14893617021276595,0.08045977011494253,1.0,0.08045977011494253,0.14893617021276595,1.0,1.0,1.0,0.0,0.104,0.08045977011494253,0.08045977011494253,0.1320754716981132,0.1875,0.0,58,75,7,13,7
test_00818,no_pattern,1.0,0.0,1.0,231,479,51.774530271398746,1.0,0.14285714285714285,0.25,0.14285714285714285,1.0,0.095,0.17351598173515984,0.095,1.0,0.20754716981132076,0.34375000000000006,0.20754716981132076,1.0,0.12643678160919541,0.22448979591836737,0.12643678160919541,1.0,0.12643678160919541,0.22448979591836737,1.0,1.0,1.0,0.0,0.128,0.12643678160919541,0.12643678160919541,0.20754716981132076,0.4375,0.1,39,19,11,16,11
test_00818,no_redundancy,0.3,0.7,0.0,464,479,3.1315240083507305,1.0,0.17216117216117216,0.29375,0.17216117216117216,0.9868421052631579,0.375,0.5434782608695652,0.373134328358209,1.0,0.16981132075471697,0.2903225806451613,0.16981132075471697,0.6,0.06896551724137931,0.12371134020618556,0.06593406593406594,0.6,0.06896551724137931,0.12371134020618556,0.8,1.0,0.8,0.19999999999999996,0.096,0.06896551724137931,0.06593406593406594,0.16981132075471697,0.25,0.1,47,76,10,18,10
test_00827,full_run82,0.3,0.7,1.0,278,278,0.0,1.0,0.5555555555555556,0.7142857142857143,0.5555555555555556,1.0,0.5510204081632653,0.7105263157894737,0.5510204081632653,1.0,0.631578947368421,0.7741935483870968,0.631578947368421,1.0,0.5652173913043478,0.7222222222222222,0.5652173913043478,1.0,0.5652173913043478,0.7222222222222222,1.0,1.0,1.0,0.0,0.5526315789473685,0.5652173913043478,0.5652173913043478,0.631578947368421,1.0,0.6,40,27,13,21,13
test_00827,no_topic,0.0,1.0,1.0,294,278,5.755395683453238,1.0,0.625,0.7692307692307693,0.625,1.0,0.6122448979591837,0.759493670886076,0.6122448979591837,1.0,0.7368421052631579,0.8484848484848484,0.7368421052631579,1.0,0.6521739130434783,0.7894736842105263,0.6521739130434783,1.0,0.6521739130434783,0.7894736842105263,1.0,1.0,1.0,0.0,0.6578947368421053,0.6521739130434783,0.6521739130434783,0.7368421052631579,1.0,0.7,45,30,15,25,15
test_00827,no_pattern,1.0,0.0,1.0,259,278,6.83453237410072,1.0,0.5277777777777778,0.6909090909090909,0.5277777777777778,1.0,0.5510204081632653,0.7105263157894737,0.5510204081632653,1.0,0.6842105263157895,0.8125000000000001,0.6842105263157895,1.0,0.6086956521739131,0.7567567567567568,0.6086956521739131,1.0,0.6086956521739131,0.7567567567567568,1.0,1.0,1.0,0.0,0.5789473684210527,0.6086956521739131,0.6086956521739131,0.6842105263157895,1.0,0.5,38,27,14,22,14
test_00827,no_redundancy,0.3,0.7,0.0,370,278,33.093525179856115,1.0,0.7222222222222222,0.8387096774193548,0.7222222222222222,1.0,0.7959183673469388,0.8863636363636364,0.7959183673469388,1.0,0.5263157894736842,0.6896551724137931,0.5263157894736842,1.0,0.5652173913043478,0.7222222222222222,0.5652173913043478,1.0,0.5652173913043478,0.7222222222222222,1.0,1.0,1.0,0.0,0.631578947368421,0.5652173913043478,0.5652173913043478,0.5263157894736842,0.6,0.6,52,39,13,24,13
test_00828,full_run82,0.3,0.7,1.0,203,203,0.0,0.9459459459459459,0.10416666666666667,0.18766756032171583,0.10355029585798817,1.0,0.23863636363636365,0.38532110091743116,0.23863636363636365,1.0,0.13924050632911392,0.2444444444444444,0.13924050632911392,1.0,0.13829787234042554,0.24299065420560748,0.13829787234042554,1.0,0.13829787234042554,0.24299065420560748,1.0,1.0,1.0,0.0,0.17094017094017094,0.13829787234042554,0.13829787234042554,0.13924050632911392,0.09090909090909091,0.1,37,21,13,20,13
test_00828,no_topic,0.0,1.0,1.0,289,203,42.364532019704434,1.0,0.15476190476190477,0.2680412371134021,0.15476190476190477,1.0,0.18181818181818182,0.3076923076923077,0.18181818181818182,1.0,0.17721518987341772,0.3010752688172043,0.17721518987341772,1.0,0.1702127659574468,0.2909090909090909,0.1702127659574468,1.0,0.1702127659574468,0.2909090909090909,1.0,1.0,1.0,0.0,0.1794871794871795,0.1702127659574468,0.1702127659574468,0.17721518987341772,0.09090909090909091,0.4,52,16,16,21,16
test_00828,no_pattern,1.0,0.0,1.0,175,203,13.793103448275861,1.0,0.09523809523809523,0.17391304347826084,0.09523809523809523,1.0,0.19318181818181818,0.3238095238095238,0.19318181818181818,1.0,0.189873417721519,0.3191489361702127,0.189873417721519,1.0,0.1595744680851064,0.27522935779816515,0.1595744680851064,1.0,0.1595744680851064,0.27522935779816515,1.0,1.0,1.0,0.0,0.19658119658119658,0.1595744680851064,0.1595744680851064,0.189873417721519,0.11363636363636363,0.4,32,17,15,23,15
test_00828,no_redundancy,0.3,0.7,0.0,487,203,139.9014778325123,0.9893617021276596,0.2767857142857143,0.43255813953488376,0.27596439169139464,1.0,0.375,0.5454545454545454,0.375,1.0,0.11392405063291139,0.20454545454545456,0.11392405063291139,1.0,0.13829787234042554,0.24299065420560748,0.13829787234042554,1.0,0.13829787234042554,0.24299065420560748,1.0,1.0,1.0,0.0,0.1623931623931624,0.13829787234042554,0.13829787234042554,0.11392405063291139,0.09090909090909091,0.0,94,33,13,19,13
test_00839,full_run82,0.3,0.7,1.0,241,241,0.0,1.0,0.09285714285714286,0.1699346405228758,0.09285714285714286,1.0,0.14857142857142858,0.25870646766169153,0.14857142857142858,1.0,0.16666666666666666,0.2857142857142857,0.16666666666666666,1.0,0.13414634146341464,0.23655913978494622,0.13414634146341464,1.0,0.13414634146341464,0.23655913978494622,1.0,1.0,1.0,0.0,0.15254237288135594,0.13414634146341464,0.13414634146341464,0.16666666666666666,0.25,0.2,39,26,11,18,11
test_00839,no_topic,0.0,1.0,1.0,273,241,13.278008298755188,1.0,0.10714285714285714,0.19354838709677416,0.10714285714285714,1.0,0.12,0.21428571428571425,0.12,1.0,0.12121212121212122,0.21621621621621626,0.12121212121212122,1.0,0.0975609756097561,0.17777777777777776,0.0975609756097561,1.0,0.0975609756097561,0.17777777777777776,1.0,1.0,1.0,0.0,0.11864406779661017,0.0975609756097561,0.0975609756097561,0.12121212121212122,0.25,0.2,45,21,8,14,8
test_00839,no_pattern,1.0,0.0,1.0,197,241,18.25726141078838,1.0,0.07142857142857142,0.13333333333333333,0.07142857142857142,1.0,0.09142857142857143,0.16753926701570682,0.09142857142857143,1.0,0.09090909090909091,0.16666666666666669,0.09090909090909091,1.0,0.08536585365853659,0.15730337078651685,0.08536585365853659,1.0,0.08536585365853659,0.15730337078651685,1.0,1.0,1.0,0.0,0.1016949152542373,0.08536585365853659,0.08536585365853659,0.09090909090909091,0.1875,0.1,30,16,7,12,7
test_00839,no_redundancy,0.3,0.7,0.0,540,241,124.06639004149378,1.0,0.19523809523809524,0.32669322709163345,0.19523809523809524,1.0,0.2057142857142857,0.34123222748815163,0.2057142857142857,1.0,0.13636363636363635,0.24000000000000002,0.13636363636363635,1.0,0.12195121951219512,0.21739130434782605,0.12195121951219512,1.0,0.12195121951219512,0.21739130434782605,0.9,1.0,0.9,0.09999999999999998,0.1694915254237288,0.12195121951219512,0.12195121951219512,0.13636363636363635,0.125,0.1,82,36,10,20,10
test_00848,full_run82,0.3,0.7,1.0,244,244,0.0,1.0,0.11497326203208556,0.20623501199040767,0.11497326203208556,0.96875,0.16145833333333334,0.27678571428571436,0.16062176165803108,1.0,0.16071428571428573,0.27692307692307694,0.16071428571428573,0.9090909090909091,0.11494252873563218,0.20408163265306123,0.11363636363636363,0.9090909090909091,0.11494252873563218,0.20408163265306123,1.0,1.0,1.0,0.0,0.1276595744680851,0.11494252873563218,0.11363636363636363,0.16071428571428573,0.5,0.3,43,32,11,19,11
test_00848,no_topic,0.0,1.0,1.0,304,244,24.59016393442623,1.0,0.14171122994652408,0.2482435597189696,0.14171122994652408,0.9722222222222222,0.18229166666666666,0.30701754385964913,0.18134715025906736,1.0,0.17857142857142858,0.30303030303030304,0.17857142857142858,0.7692307692307693,0.11494252873563218,0.2,0.1111111111111111,0.7692307692307693,0.11494252873563218,0.2,1.0,0.9230769230769231,0.9230769230769231,0.07692307692307687,0.1276595744680851,0.11494252873563218,0.1111111111111111,0.17857142857142858,0.625,0.3,53,36,13,21,13
test_00848,no_pattern,1.0,0.0,1.0,224,244,8.19672131147541,1.0,0.07754010695187166,0.14392059553349876,0.07754010695187166,0.9473684210526315,0.1875,0.3130434782608696,0.18556701030927836,1.0,0.10714285714285714,0.19354838709677416,0.10714285714285714,0.8571428571428571,0.06896551724137931,0.1276595744680851,0.06818181818181818,0.8571428571428571,0.06896551724137931,0.1276595744680851,0.8571428571428571,1.0,0.8571428571428571,0.1428571428571429,0.0851063829787234,0.06896551724137931,0.06818181818181818,0.10714285714285714,0.375,0.0,29,38,7,13,7
test_00848,no_redundancy,0.3,0.7,0.0,449,244,84.01639344262296,1.0,0.23529411764705882,0.38095238095238093,0.23529411764705882,1.0,0.17708333333333334,0.3008849557522124,0.17708333333333334,1.0,0.16071428571428573,0.27692307692307694,0.16071428571428573,1.0,0.10344827586206896,0.1875,0.10344827586206896,1.0,0.10344827586206896,0.1875,1.0,1.0,1.0,0.0,0.12056737588652482,0.10344827586206896,0.10344827586206896,0.16071428571428573,0.375,0.3,88,34,9,17,9
test_00861,full_run82,0.3,0.7,1.0,242,242,0.0,1.0,0.5882352941176471,0.7407407407407407,0.5882352941176471,1.0,0.5636363636363636,0.7209302325581396,0.5636363636363636,1.0,0.5384615384615384,0.7000000000000001,0.5384615384615384,1.0,0.4166666666666667,0.5882352941176471,0.4166666666666667,1.0,0.4166666666666667,0.5882352941176471,1.0,1.0,1.0,0.0,0.48148148148148145,0.4166666666666667,0.4166666666666667,0.5384615384615384,0.42857142857142855,0.5,40,31,15,26,15
test_00861,no_topic,0.0,1.0,1.0,237,242,2.066115702479339,0.9767441860465116,0.6176470588235294,0.7567567567567568,0.6086956521739131,1.0,0.5454545454545454,0.7058823529411764,0.5454545454545454,1.0,0.5384615384615384,0.7000000000000001,0.5384615384615384,0.8823529411764706,0.4166666666666667,0.5660377358490566,0.39473684210526316,0.8823529411764706,0.4166666666666667,0.5660377358490566,1.0,1.0,1.0,0.0,0.4444444444444444,0.4166666666666667,0.39473684210526316,0.5384615384615384,0.8571428571428571,0.5,43,30,17,25,17
test_00861,no_pattern,1.0,0.0,1.0,204,242,15.702479338842975,1.0,0.5147058823529411,0.6796116504854368,0.5147058823529411,1.0,0.5272727272727272,0.6904761904761904,0.5272727272727272,1.0,0.5769230769230769,0.7317073170731707,0.5769230769230769,1.0,0.4444444444444444,0.6153846153846153,0.4444444444444444,1.0,0.4444444444444444,0.6153846153846153,1.0,1.0,1.0,0.0,0.48148148148148145,0.4444444444444444,0.4444444444444444,0.5769230769230769,0.42857142857142855,0.5,35,29,16,26,16
test_00861,no_redundancy,0.3,0.7,0.0,268,242,10.743801652892563,1.0,0.5441176470588235,0.7047619047619048,0.5441176470588235,1.0,0.7272727272727273,0.8421052631578948,0.7272727272727273,1.0,0.6153846153846154,0.761904761904762,0.6153846153846154,0.9523809523809523,0.5555555555555556,0.7017543859649122,0.5405405405405406,1.0,0.5833333333333334,0.7368421052631579,1.0,1.0,0.9523809523809523,0.04761904761904767,0.5370370370370371,0.5555555555555556,0.5405405405405406,0.6153846153846154,0.8571428571428571,0.6,37,40,21,30,21
test_00875,full_run82,0.3,0.7,1.0,332,332,0.0,1.0,0.14204545454545456,0.24875621890547264,0.14204545454545456,1.0,0.27522935779816515,0.4316546762589928,0.27522935779816515,1.0,0.17073170731707318,0.2916666666666667,0.17073170731707318,1.0,0.14,0.24561403508771928,0.14,1.0,0.14,0.24561403508771928,1.0,1.0,1.0,0.0,0.15384615384615385,0.14,0.14,0.17073170731707318,0.13114754098360656,0.3,50,30,14,18,14
test_00875,no_topic,0.0,1.0,1.0,426,332,28.313253012048197,1.0,0.18181818181818182,0.3076923076923077,0.18181818181818182,1.0,0.1834862385321101,0.31007751937984496,0.1834862385321101,1.0,0.15853658536585366,0.2736842105263158,0.15853658536585366,1.0,0.14,0.24561403508771928,0.14,1.0,0.14,0.24561403508771928,1.0,1.0,1.0,0.0,0.17094017094017094,0.14,0.14,0.15853658536585366,0.08196721311475409,0.4,64,20,14,20,14
test_00875,no_pattern,1.0,0.0,1.0,168,332,49.39759036144578,1.0,0.08238636363636363,0.15223097112860892,0.08238636363636363,1.0,0.13761467889908258,0.24193548387096775,0.13761467889908258,1.0,0.0975609756097561,0.17777777777777776,0.0975609756097561,1.0,0.09,0.16513761467889906,0.09,1.0,0.09,0.16513761467889906,1.0,1.0,1.0,0.0,0.1111111111111111,0.09,0.09,0.0975609756097561,0.06557377049180328,0.4,29,15,9,13,9
test_00875,no_redundancy,0.3,0.7,0.0,406,332,22.289156626506024,1.0,0.15056818181818182,0.2617283950617284,0.15056818181818182,1.0,0.2018348623853211,0.33587786259541985,0.2018348623853211,1.0,0.08536585365853659,0.15730337078651685,0.08536585365853659,1.0,0.09,0.16513761467889906,0.09,1.0,0.09,0.16513761467889906,1.0,1.0,1.0,0.0,0.10256410256410256,0.09,0.09,0.08536585365853659,0.09836065573770492,0.4,53,22,9,12,9
test_00879,full_run82,0.3,0.7,1.0,180,180,0.0,0.96,0.10256410256410256,0.1853281853281853,0.10212765957446808,1.0,0.234375,0.379746835443038,0.234375,0.7777777777777778,0.11666666666666667,0.2028985507246377,0.11290322580645161,0.6363636363636364,0.09333333333333334,0.1627906976744186,0.08860759493670886,0.7272727272727273,0.10666666666666667,0.186046511627907,0.8181818181818182,0.7272727272727273,0.7272727272727273,0.2727272727272727,0.14018691588785046,0.09333333333333334,0.08860759493670886,0.11666666666666667,0.4,0.0,25,30,11,19,11
test_00879,no_topic,0.0,1.0,1.0,241,180,33.88888888888889,1.0,0.17094017094017094,0.291970802919708,0.17094017094017094,1.0,0.203125,0.33766233766233766,0.203125,0.8333333333333334,0.08333333333333333,0.15151515151515152,0.08196721311475409,0.625,0.06666666666666667,0.12048192771084337,0.0641025641025641,0.75,0.08,0.14457831325301204,0.875,0.75,0.75,0.25,0.102803738317757,0.06666666666666667,0.0641025641025641,0.08333333333333333,0.4,0.0,40,26,8,13,8
test_00879,no_pattern,1.0,0.0,1.0,164,180,8.88888888888889,0.9259259259259259,0.10683760683760683,0.19157088122605365,0.1059322033898305,1.0,0.1875,0.3157894736842105,0.1875,0.8,0.13333333333333333,0.2285714285714286,0.12903225806451613,0.8181818181818182,0.12,0.20930232558139536,0.11688311688311688,0.8181818181818182,0.12,0.20930232558139536,0.8181818181818182,0.8181818181818182,0.8181818181818182,0.18181818181818177,0.14953271028037382,0.12,0.11688311688311688,0.13333333333333333,0.4,0.1,27,24,11,19,11
test_00879,no_redundancy,0.3,0.7,0.0,398,180,121.1111111111111,1.0,0.25213675213675213,0.40273037542662116,0.25213675213675213,1.0,0.2421875,0.389937106918239,0.2421875,1.0,0.15,0.2608695652173913,0.15,0.8,0.10666666666666667,0.18823529411764706,0.1038961038961039,0.9,0.12,0.21176470588235294,1.0,0.9,0.9,0.09999999999999998,0.14953271028037382,0.10666666666666667,0.1038961038961039,0.15,0.4,0.1,59,31,10,17,10
test_00880,full_run82,0.3,0.7,1.0,227,227,0.0,1.0,0.12056737588652482,0.2151898734177215,0.12056737588652482,1.0,0.1889763779527559,0.3178807947019867,0.1889763779527559,1.0,0.09259259259259259,0.1694915254237288,0.09259259259259259,1.0,0.06493506493506493,0.12195121951219512,0.06493506493506493,1.0,0.06493506493506493,0.12195121951219512,1.0,1.0,1.0,0.0,0.09615384615384616,0.06493506493506493,0.06493506493506493,0.09259259259259259,0.09523809523809523,0.1,34,24,5,10,5
test_00880,no_topic,0.0,1.0,1.0,248,227,9.251101321585903,1.0,0.1347517730496454,0.2375,0.1347517730496454,1.0,0.2440944881889764,0.3924050632911393,0.2440944881889764,1.0,0.05555555555555555,0.10526315789473684,0.05555555555555555,1.0,0.03896103896103896,0.07500000000000001,0.03896103896103896,1.0,0.03896103896103896,0.07500000000000001,1.0,1.0,1.0,0.0,0.04807692307692308,0.03896103896103896,0.03896103896103896,0.05555555555555555,0.14285714285714285,0.0,38,31,3,5,3
test_00880,no_pattern,1.0,0.0,1.0,135,227,40.52863436123348,1.0,0.07801418439716312,0.14473684210526316,0.07801418439716312,0.9166666666666666,0.08661417322834646,0.15827338129496404,0.0859375,1.0,0.14814814814814814,0.25806451612903225,0.14814814814814814,1.0,0.1038961038961039,0.18823529411764706,0.1038961038961039,1.0,0.1038961038961039,0.18823529411764706,1.0,1.0,1.0,0.0,0.125,0.1038961038961039,0.1038961038961039,0.14814814814814814,0.19047619047619047,0.2,22,12,8,13,8
test_00880,no_redundancy,0.3,0.7,0.0,457,227,101.32158590308372,1.0,0.25177304964539005,0.4022662889518413,0.25177304964539005,1.0,0.31496062992125984,0.4790419161676647,0.31496062992125984,1.0,0.16666666666666666,0.2857142857142857,0.16666666666666666,1.0,0.15584415584415584,0.2696629213483146,0.15584415584415584,1.0,0.15584415584415584,0.2696629213483146,0.9166666666666666,1.0,0.9166666666666666,0.08333333333333337,0.15384615384615385,0.15584415584415584,0.15584415584415584,0.16666666666666666,0.47619047619047616,0.3,71,40,12,16,12
test_00916,full_run82,0.3,0.7,1.0,364,364,0.0,0.9622641509433962,0.6144578313253012,0.75,0.6,1.0,0.8461538461538461,0.9166666666666666,0.8461538461538461,1.0,0.7,0.8235294117647058,0.7,0.8571428571428571,0.6,0.7058823529411764,0.5454545454545454,0.8571428571428571,0.6,0.7058823529411764,1.0,0.8571428571428571,0.8571428571428571,0.1428571428571429,0.6923076923076923,0.6,0.5454545454545454,0.7,0.625,0.7,53,11,7,10,7
test_00916,no_topic,0.0,1.0,1.0,364,364,0.0,0.9622641509433962,0.6144578313253012,0.75,0.6,1.0,0.8461538461538461,0.9166666666666666,0.8461538461538461,1.0,0.7,0.8235294117647058,0.7,0.8571428571428571,0.6,0.7058823529411764,0.5454545454545454,0.8571428571428571,0.6,0.7058823529411764,1.0,0.8571428571428571,0.8571428571428571,0.1428571428571429,0.6923076923076923,0.6,0.5454545454545454,0.7,0.625,0.7,53,11,7,10,7
test_00916,no_pattern,1.0,0.0,1.0,318,364,12.637362637362637,1.0,0.5662650602409639,0.7230769230769232,0.5662650602409639,1.0,0.7692307692307693,0.8695652173913044,0.7692307692307693,1.0,0.5,0.6666666666666666,0.5,1.0,0.5,0.6666666666666666,0.5,1.0,0.5,0.6666666666666666,1.0,1.0,1.0,0.0,0.5384615384615384,0.5,0.5,0.5,0.5,0.6,47,10,5,7,5
test_00916,no_redundancy,0.3,0.7,0.0,415,364,14.010989010989011,1.0,0.6385542168674698,0.7794117647058824,0.6385542168674698,1.0,0.6153846153846154,0.761904761904762,0.6153846153846154,1.0,0.6,0.7499999999999999,0.6,1.0,0.6,0.7499999999999999,0.6,1.0,0.6,0.7499999999999999,1.0,1.0,1.0,0.0,0.6153846153846154,0.6,0.6,0.6,0.75,0.7,53,8,6,8,6
test_00922,full_run82,0.3,0.7,1.0,255,255,0.0,1.0,0.18081180811808117,0.30624999999999997,0.18081180811808117,1.0,0.2911392405063291,0.45098039215686275,0.2911392405063291,1.0,0.27419354838709675,0.430379746835443,0.27419354838709675,1.0,0.20481927710843373,0.34,0.20481927710843373,1.0,0.20481927710843373,0.34,0.9411764705882353,1.0,0.9411764705882353,0.05882352941176472,0.23076923076923078,0.20481927710843373,0.20481927710843373,0.27419354838709675,0.16,0.3,49,23,17,27,17
test_00922,no_topic,0.0,1.0,1.0,283,255,10.980392156862745,1.0,0.21033210332103322,0.34756097560975613,0.21033210332103322,1.0,0.2911392405063291,0.45098039215686275,0.2911392405063291,1.0,0.2903225806451613,0.45000000000000007,0.2903225806451613,1.0,0.21686746987951808,0.3564356435643564,0.21686746987951808,1.0,0.21686746987951808,0.3564356435643564,0.9444444444444444,1.0,0.9444444444444444,0.05555555555555558,0.24786324786324787,0.21686746987951808,0.21686746987951808,0.2903225806451613,0.16,0.3,57,23,18,29,18
test_00922,no_pattern,1.0,0.0,1.0,236,255,7.450980392156863,1.0,0.1918819188191882,0.3219814241486068,0.1918819188191882,1.0,0.22784810126582278,0.3711340206185567,0.22784810126582278,1.0,0.11290322580645161,0.2028985507246377,0.11290322580645161,1.0,0.10843373493975904,0.1956521739130435,0.10843373493975904,1.0,0.10843373493975904,0.1956521739130435,1.0,1.0,1.0,0.0,0.1452991452991453,0.10843373493975904,0.10843373493975904,0.11290322580645161,0.12,0.1,52,18,9,17,9
test_00922,no_redundancy,0.3,0.7,0.0,373,255,46.27450980392157,1.0,0.22878228782287824,0.37237237237237236,0.22878228782287824,1.0,0.25316455696202533,0.4040404040404041,0.25316455696202533,1.0,0.25806451612903225,0.41025641025641024,0.25806451612903225,1.0,0.2289156626506024,0.37254901960784315,0.2289156626506024,1.0,0.2289156626506024,0.37254901960784315,1.0,1.0,1.0,0.0,0.20512820512820512,0.2289156626506024,0.2289156626506024,0.25806451612903225,0.4,0.2,62,20,19,24,19
test_00923,full_run82,0.3,0.7,1.0,180,180,0.0,1.0,0.1910828025477707,0.3208556149732621,0.1910828025477707,1.0,0.20987654320987653,0.346938775510204,0.20987654320987653,1.0,0.25,0.4,0.25,1.0,0.21621621621621623,0.35555555555555557,0.21621621621621623,1.0,0.21621621621621623,0.35555555555555557,1.0,1.0,1.0,0.0,0.27450980392156865,0.21621621621621623,0.21621621621621623,0.25,0.3333333333333333,0.3,30,17,8,14,8
test_00923,no_topic,0.0,1.0,1.0,187,180,3.888888888888889,1.0,0.20382165605095542,0.33862433862433866,0.20382165605095542,1.0,0.20987654320987653,0.346938775510204,0.20987654320987653,1.0,0.17857142857142858,0.30303030303030304,0.17857142857142858,1.0,0.16216216216216217,0.27906976744186046,0.16216216216216217,1.0,0.16216216216216217,0.27906976744186046,1.0,1.0,1.0,0.0,0.19607843137254902,0.16216216216216217,0.16216216216216217,0.17857142857142858,0.3333333333333333,0.2,32,17,6,10,6
test_00923,no_pattern,1.0,0.0,1.0,140,180,22.22222222222222,1.0,0.11464968152866242,0.2057142857142857,0.11464968152866242,1.0,0.09876543209876543,0.1797752808988764,0.09876543209876543,1.0,0.25,0.4,0.25,1.0,0.2702702702702703,0.4255319148936171,0.2702702702702703,1.0,0.2702702702702703,0.4255319148936171,1.0,1.0,1.0,0.0,0.2549019607843137,0.2702702702702703,0.2702702702702703,0.25,0.5555555555555556,0.6,18,8,10,13,10
test_00923,no_redundancy,0.3,0.7,0.0,266,180,47.77777777777778,1.0,0.22929936305732485,0.3730569948186529,0.22929936305732485,1.0,0.19753086419753085,0.32989690721649484,0.19753086419753085,1.0,0.14285714285714285,0.25,0.14285714285714285,1.0,0.10810810810810811,0.1951219512195122,0.10810810810810811,1.0,0.10810810810810811,0.1951219512195122,1.0,1.0,1.0,0.0,0.13725490196078433,0.10810810810810811,0.10810810810810811,0.14285714285714285,0.3333333333333333,0.0,36,16,4,7,4
test_00966,full_run82,0.3,0.7,1.0,174,174,0.0,0.9285714285714286,0.26262626262626265,0.4094488188976378,0.25742574257425743,0.9285714285714286,0.2708333333333333,0.41935483870967744,0.2653061224489796,0.8333333333333334,0.25,0.3846153846153846,0.23809523809523808,0.6666666666666666,0.14285714285714285,0.23529411764705882,0.13333333333333333,0.8333333333333334,0.17857142857142858,0.29411764705882354,0.6666666666666666,0.8333333333333334,0.6666666666666666,0.33333333333333337,0.18181818181818182,0.14285714285714285,0.13333333333333333,0.25,0.42857142857142855,0.1,28,14,6,11,6
test_00966,no_topic,0.0,1.0,1.0,144,174,17.24137931034483,0.92,0.23232323232323232,0.3709677419354839,0.22772277227722773,0.9090909090909091,0.20833333333333334,0.3389830508474576,0.20408163265306123,0.75,0.15,0.24999999999999997,0.14285714285714285,0.5,0.07142857142857142,0.125,0.06666666666666667,0.75,0.10714285714285714,0.1875,0.5,0.75,0.5,0.5,0.11363636363636363,0.07142857142857142,0.06666666666666667,0.15,0.2857142857142857,0.0,25,11,4,8,4
test_00966,no_pattern,1.0,0.0,1.0,168,174,3.4482758620689653,0.9615384615384616,0.25252525252525254,0.4000000000000001,0.25,0.9230769230769231,0.25,0.39344262295081966,0.24489795918367346,1.0,0.1,0.18181818181818182,0.1,1.0,0.07142857142857142,0.13333333333333333,0.07142857142857142,1.0,0.07142857142857142,0.13333333333333333,0.5,1.0,0.5,0.5,0.09090909090909091,0.07142857142857142,0.07142857142857142,0.1,0.2857142857142857,0.1,26,13,2,4,2
test_00966,no_redundancy,0.3,0.7,0.0,326,174,87.35632183908046,1.0,0.42424242424242425,0.5957446808510638,0.42424242424242425,1.0,0.3958333333333333,0.5671641791044776,0.3958333333333333,1.0,0.15,0.2608695652173913,0.15,1.0,0.10714285714285714,0.19354838709677416,0.10714285714285714,1.0,0.10714285714285714,0.19354838709677416,1.0,1.0,1.0,0.0,0.13636363636363635,0.10714285714285714,0.10714285714285714,0.15,0.2857142857142857,0.1,42,19,3,6,3
test_00969,full_run82,0.3,0.7,1.0,191,191,0.0,1.0,0.10232558139534884,0.18565400843881857,0.10232558139534884,1.0,0.18867924528301888,0.3174603174603175,0.18867924528301888,1.0,0.21428571428571427,0.35294117647058826,0.21428571428571427,1.0,0.1388888888888889,0.24390243902439027,0.1388888888888889,1.0,0.1388888888888889,0.24390243902439027,1.0,1.0,1.0,0.0,0.2,0.1388888888888889,0.1388888888888889,0.21428571428571427,0.125,0.4,22,10,10,17,10
test_00969,no_topic,0.0,1.0,1.0,241,191,26.17801047120419,1.0,0.1813953488372093,0.30708661417322836,0.1813953488372093,1.0,0.16981132075471697,0.2903225806451613,0.16981132075471697,1.0,0.16666666666666666,0.2857142857142857,0.16666666666666666,1.0,0.125,0.2222222222222222,0.125,1.0,0.125,0.2222222222222222,1.0,1.0,1.0,0.0,0.16470588235294117,0.125,0.125,0.16666666666666666,0.15,0.4,39,9,9,14,9
test_00969,no_pattern,1.0,0.0,1.0,166,191,13.089005235602095,1.0,0.11162790697674418,0.20083682008368198,0.11162790697674418,1.0,0.1509433962264151,0.26229508196721313,0.1509433962264151,1.0,0.19047619047619047,0.32,0.19047619047619047,0.9,0.125,0.21951219512195125,0.1232876712328767,1.0,0.1388888888888889,0.24390243902439027,1.0,1.0,1.0,0.0,0.2,0.125,0.1232876712328767,0.19047619047619047,0.1,0.3,24,8,10,18,10
test_00969,no_redundancy,0.3,0.7,0.0,366,191,91.62303664921467,1.0,0.15348837209302327,0.2661290322580645,0.15348837209302327,1.0,0.37735849056603776,0.5479452054794521,0.37735849056603776,1.0,0.16666666666666666,0.2857142857142857,0.16666666666666666,1.0,0.09722222222222222,0.17721518987341772,0.09722222222222222,1.0,0.09722222222222222,0.17721518987341772,1.0,0.8571428571428571,0.8571428571428571,0.1428571428571429,0.11764705882352941,0.09722222222222222,0.09722222222222222,0.16666666666666666,0.1,0.3,33,20,7,10,7
test_00975,full_run82,0.3,0.7,1.0,367,367,0.0,1.0,0.92,0.9583333333333334,0.92,1.0,0.8148148148148148,0.8979591836734693,0.8148148148148148,1.0,0.7142857142857143,0.8333333333333333,0.7142857142857143,1.0,0.7142857142857143,0.8333333333333333,0.7142857142857143,1.0,0.7142857142857143,0.8333333333333333,1.0,1.0,1.0,0.0,0.6923076923076923,0.7142857142857143,0.7142857142857143,0.7142857142857143,1.0,0.7,46,22,5,9,5
test_00975,no_topic,0.0,1.0,1.0,369,367,0.544959128065395,1.0,0.94,0.9690721649484536,0.94,1.0,0.8148148148148148,0.8979591836734693,0.8148148148148148,1.0,0.7142857142857143,0.8333333333333333,0.7142857142857143,1.0,0.7142857142857143,0.8333333333333333,0.7142857142857143,1.0,0.7142857142857143,0.8333333333333333,1.0,1.0,1.0,0.0,0.6923076923076923,0.7142857142857143,0.7142857142857143,0.7142857142857143,1.0,0.7,47,22,5,9,5
test_00975,no_pattern,1.0,0.0,1.0,282,367,23.160762942779293,0.8809523809523809,0.74,0.8043478260869565,0.6727272727272727,1.0,0.7407407407407407,0.851063829787234,0.7407407407407407,1.0,0.5714285714285714,0.7272727272727273,0.5714285714285714,1.0,0.5714285714285714,0.7272727272727273,0.5714285714285714,1.0,0.5714285714285714,0.7272727272727273,1.0,1.0,1.0,0.0,0.5384615384615384,0.5714285714285714,0.5714285714285714,0.5714285714285714,1.0,0.6,42,20,4,7,4
test_00975,no_redundancy,0.3,0.7,0.0,395,367,7.629427792915531,1.0,0.86,0.924731182795699,0.86,1.0,0.9259259259259259,0.9615384615384615,0.9259259259259259,1.0,1.0,1.0,1.0,1.0,1.0,1.0,1.0,1.0,1.0,1.0,1.0,1.0,1.0,0.0,1.0,1.0,1.0,1.0,1.0,1.0,43,25,7,13,7
test_00977,full_run82,0.3,0.7,1.0,292,292,0.0,1.0,0.7164179104477612,0.8347826086956522,0.7164179104477612,0.9333333333333333,0.8484848484848485,0.888888888888889,0.8,1.0,0.6363636363636364,0.7777777777777778,0.6363636363636364,1.0,0.5833333333333334,0.7368421052631579,0.5833333333333334,1.0,0.5833333333333334,0.7368421052631579,0.8571428571428571,0.8571428571428571,0.7142857142857143,0.2857142857142857,0.6086956521739131,0.5833333333333334,0.5833333333333334,0.6363636363636364,0.6666666666666666,0.5,48,30,7,14,7
test_00977,no_topic,0.0,1.0,1.0,302,292,3.4246575342465753,1.0,0.7313432835820896,0.8448275862068965,0.7313432835820896,0.9285714285714286,0.7878787878787878,0.8524590163934426,0.7428571428571429,1.0,0.5454545454545454,0.7058823529411764,0.5454545454545454,1.0,0.5833333333333334,0.7368421052631579,0.5833333333333334,1.0,0.5833333333333334,0.7368421052631579,0.8571428571428571,0.8571428571428571,0.7142857142857143,0.2857142857142857,0.5652173913043478,0.5833333333333334,0.5833333333333334,0.5454545454545454,1.0,0.5,49,28,7,13,7
test_00977,no_pattern,1.0,0.0,1.0,249,292,14.726027397260275,1.0,0.5970149253731343,0.7476635514018691,0.5970149253731343,0.9230769230769231,0.7272727272727273,0.8135593220338984,0.6857142857142857,1.0,0.8181818181818182,0.9,0.8181818181818182,1.0,0.75,0.8571428571428571,0.75,1.0,0.75,0.8571428571428571,1.0,0.8888888888888888,0.8888888888888888,0.11111111111111116,0.782608695652174,0.75,0.75,0.8181818181818182,0.6666666666666666,0.9,40,26,9,18,9
test_00977,no_redundancy,0.3,0.7,0.0,283,292,3.0821917808219177,1.0,0.6417910447761194,0.7818181818181819,0.6417910447761194,1.0,0.5757575757575758,0.7307692307692308,0.5757575757575758,1.0,0.6363636363636364,0.7777777777777778,0.6363636363636364,0.875,0.5833333333333334,0.7000000000000001,0.5384615384615384,0.875,0.5833333333333334,0.7000000000000001,0.875,1.0,0.875,0.125,0.6086956521739131,0.5833333333333334,0.5384615384615384,0.6363636363636364,1.0,0.8,43,19,8,15,8
test_00985,full_run82,0.3,0.7,1.0,374,374,0.0,1.0,0.4957983193277311,0.6629213483146068,0.4957983193277311,0.9636363636363636,0.5824175824175825,0.7260273972602741,0.5698924731182796,1.0,0.56,0.717948717948718,0.56,0.9444444444444444,0.5,0.6538461538461539,0.4857142857142857,1.0,0.5294117647058824,0.6923076923076924,0.9444444444444444,0.8888888888888888,0.8333333333333334,0.16666666666666663,0.574468085106383,0.5,0.4857142857142857,0.56,0.6666666666666666,0.6,59,55,18,27,18
test_00985,no_topic,0.0,1.0,1.0,413,374,10.427807486631016,1.0,0.5714285714285714,0.7272727272727273,0.5714285714285714,1.0,0.6263736263736264,0.7702702702702703,0.6263736263736264,1.0,0.48,0.6486486486486487,0.48,0.9375,0.4411764705882353,0.6,0.42857142857142855,1.0,0.47058823529411764,0.6399999999999999,1.0,0.9375,0.9375,0.0625,0.5106382978723404,0.4411764705882353,0.42857142857142855,0.48,0.5555555555555556,0.4,68,57,16,24,16
test_00985,no_pattern,1.0,0.0,1.0,235,374,37.16577540106952,1.0,0.36134453781512604,0.5308641975308642,0.36134453781512604,0.9777777777777777,0.4835164835164835,0.6470588235294118,0.4782608695652174,1.0,0.36,0.5294117647058824,0.36,1.0,0.2647058823529412,0.4186046511627907,0.2647058823529412,1.0,0.2647058823529412,0.4186046511627907,1.0,0.8888888888888888,0.8888888888888888,0.11111111111111116,0.2765957446808511,0.2647058823529412,0.2647058823529412,0.36,0.5555555555555556,0.4,43,45,9,13,9
test_00985,no_redundancy,0.3,0.7,0.0,501,374,33.9572192513369,0.9857142857142858,0.5798319327731093,0.7301587301587302,0.575,1.0,0.7692307692307693,0.8695652173913044,0.7692307692307693,1.0,0.52,0.6842105263157895,0.52,0.9473684210526315,0.5294117647058824,0.679245283018868,0.5142857142857142,1.0,0.5588235294117647,0.7169811320754718,1.0,0.9473684210526315,0.9473684210526315,0.052631578947368474,0.5319148936170213,0.5294117647058824,0.5142857142857142,0.52,0.8888888888888888,0.7,70,70,19,25,19
test_00990,full_run82,0.3,0.7,1.0,233,233,0.0,1.0,0.16334661354581673,0.28082191780821913,0.16334661354581673,1.0,0.20833333333333334,0.3448275862068966,0.20833333333333334,1.0,0.16901408450704225,0.2891566265060241,0.16901408450704225,1.0,0.13402061855670103,0.23636363636363636,0.13402061855670103,1.0,0.13402061855670103,0.23636363636363636,1.0,1.0,1.0,0.0,0.1721311475409836,0.13402061855670103,0.13402061855670103,0.16901408450704225,0.13043478260869565,0.2,41,25,13,21,13
test_00990,no_topic,0.0,1.0,1.0,273,233,17.167381974248926,1.0,0.18326693227091634,0.30976430976430974,0.18326693227091634,1.0,0.25833333333333336,0.41059602649006627,0.25833333333333336,1.0,0.1267605633802817,0.22499999999999998,0.1267605633802817,1.0,0.12371134020618557,0.22018348623853212,0.12371134020618557,1.0,0.12371134020618557,0.22018348623853212,0.8333333333333334,1.0,0.8333333333333334,0.16666666666666663,0.16393442622950818,0.12371134020618557,0.12371134020618557,0.1267605633802817,0.17391304347826086,0.1,46,31,12,20,12
test_00990,no_pattern,1.0,0.0,1.0,195,233,16.30901287553648,1.0,0.12749003984063745,0.22614840989399296,0.12749003984063745,1.0,0.16666666666666666,0.2857142857142857,0.16666666666666666,1.0,0.18309859154929578,0.30952380952380953,0.18309859154929578,1.0,0.13402061855670103,0.23636363636363636,0.13402061855670103,1.0,0.13402061855670103,0.23636363636363636,0.8461538461538461,1.0,0.8461538461538461,0.15384615384615385,0.16393442622950818,0.13402061855670103,0.13402061855670103,0.18309859154929578,0.13043478260869565,0.4,32,20,13,20,13
test_00990,no_redundancy,0.3,0.7,0.0,490,233,110.30042918454936,1.0,0.2749003984063745,0.43124999999999997,0.2749003984063745,1.0,0.4666666666666667,0.6363636363636364,0.4666666666666667,1.0,0.19718309859154928,0.32941176470588235,0.19718309859154928,1.0,0.1958762886597938,0.3275862068965517,0.1958762886597938,1.0,0.1958762886597938,0.3275862068965517,1.0,1.0,1.0,0.0,0.23770491803278687,0.1958762886597938,0.1958762886597938,0.19718309859154928,0.21739130434782608,0.2,69,56,19,29,19
test_01005,full_run82,0.3,0.7,1.0,314,314,0.0,1.0,0.2688679245283019,0.42379182156133827,0.2688679245283019,1.0,0.25,0.4,0.25,1.0,0.1956521739130435,0.32727272727272727,0.1956521739130435,1.0,0.1746031746031746,0.29729729729729726,0.1746031746031746,1.0,0.1746031746031746,0.29729729729729726,1.0,1.0,1.0,0.0,0.2222222222222222,0.1746031746031746,0.1746031746031746,0.1956521739130435,0.26666666666666666,0.2,57,24,11,18,11
test_01005,no_topic,0.0,1.0,1.0,381,314,21.337579617834397,1.0,0.3113207547169811,0.4748201438848921,0.3113207547169811,1.0,0.25,0.4,0.25,1.0,0.1956521739130435,0.32727272727272727,0.1956521739130435,1.0,0.1746031746031746,0.29729729729729726,0.1746031746031746,1.0,0.1746031746031746,0.29729729729729726,1.0,1.0,1.0,0.0,0.20987654320987653,0.1746031746031746,0.1746031746031746,0.1956521739130435,0.26666666666666666,0.4,66,24,11,17,11
test_01005,no_pattern,1.0,0.0,1.0,152,314,51.59235668789809,1.0,0.1179245283018868,0.2109704641350211,0.1179245283018868,0.9411764705882353,0.16666666666666666,0.2831858407079646,0.16494845360824742,1.0,0.15217391304347827,0.2641509433962264,0.15217391304347827,1.0,0.12698412698412698,0.22535211267605632,0.12698412698412698,1.0,0.12698412698412698,0.22535211267605632,1.0,1.0,1.0,0.0,0.1728395061728395,0.12698412698412698,0.12698412698412698,0.15217391304347827,0.2,0.3,25,17,8,14,8
test_01005,no_redundancy,0.3,0.7,0.0,521,314,65.92356687898089,1.0,0.33490566037735847,0.5017667844522967,0.33490566037735847,1.0,0.3645833333333333,0.5343511450381679,0.3645833333333333,1.0,0.32608695652173914,0.4918032786885246,0.32608695652173914,1.0,0.30158730158730157,0.46341463414634143,0.30158730158730157,1.0,0.30158730158730157,0.46341463414634143,1.0,1.0,1.0,0.0,0.3333333333333333,0.30158730158730157,0.30158730158730157,0.32608695652173914,0.4666666666666667,0.4,71,35,19,27,19
test_01007,full_run82,0.3,0.7,1.0,190,190,0.0,1.0,0.25210084033613445,0.40268456375838924,0.25210084033613445,1.0,0.21428571428571427,0.35294117647058826,0.21428571428571427,1.0,0.2857142857142857,0.4444444444444445,0.2857142857142857,1.0,0.3103448275862069,0.4736842105263158,0.3103448275862069,1.0,0.3103448275862069,0.4736842105263158,1.0,1.0,1.0,0.0,0.30434782608695654,0.3103448275862069,0.3103448275862069,0.2857142857142857,1.0,0.3,30,12,9,14,9
test_01007,no_topic,0.0,1.0,1.0,220,190,15.789473684210526,1.0,0.2605042016806723,0.4133333333333334,0.2605042016806723,1.0,0.25,0.4,0.25,1.0,0.25,0.4,0.25,1.0,0.2413793103448276,0.3888888888888889,0.2413793103448276,1.0,0.2413793103448276,0.3888888888888889,1.0,1.0,1.0,0.0,0.2608695652173913,0.2413793103448276,0.2413793103448276,0.25,1.0,0.1,31,14,7,12,7
test_01007,no_pattern,1.0,0.0,1.0,130,190,31.57894736842105,0.95,0.15966386554621848,0.27338129496402874,0.15833333333333333,1.0,0.17857142857142858,0.30303030303030304,0.17857142857142858,1.0,0.17857142857142858,0.30303030303030304,0.17857142857142858,1.0,0.20689655172413793,0.34285714285714286,0.20689655172413793,1.0,0.20689655172413793,0.34285714285714286,1.0,1.0,1.0,0.0,0.21739130434782608,0.20689655172413793,0.20689655172413793,0.17857142857142858,0.75,0.4,20,10,6,10,6
test_01007,no_redundancy,0.3,0.7,0.0,386,190,103.15789473684211,1.0,0.453781512605042,0.6242774566473989,0.453781512605042,1.0,0.6071428571428571,0.7555555555555554,0.6071428571428571,1.0,0.5,0.6666666666666666,0.5,1.0,0.4827586206896552,0.6511627906976745,0.4827586206896552,1.0,0.4827586206896552,0.6511627906976745,1.0,1.0,1.0,0.0,0.4782608695652174,0.4827586206896552,0.4827586206896552,0.5,1.0,0.5,54,34,14,22,14
test_01015,full_run82,0.3,0.7,1.0,454,454,0.0,1.0,0.24085365853658536,0.38820638820638825,0.24085365853658536,1.0,0.2621951219512195,0.41545893719806765,0.2621951219512195,1.0,0.15254237288135594,0.2647058823529412,0.15254237288135594,0.9523809523809523,0.11363636363636363,0.20304568527918782,0.11299435028248588,0.9523809523809523,0.11363636363636363,0.20304568527918782,0.8571428571428571,1.0,0.8571428571428571,0.1428571428571429,0.145,0.11363636363636363,0.11299435028248588,0.15254237288135594,0.07142857142857142,0.1,79,43,21,30,21
test_01015,no_topic,0.0,1.0,1.0,457,454,0.6607929515418502,1.0,0.23170731707317074,0.37623762376237624,0.23170731707317074,1.0,0.2621951219512195,0.41545893719806765,0.2621951219512195,1.0,0.13559322033898305,0.23880597014925373,0.13559322033898305,0.95,0.10795454545454546,0.19387755102040818,0.10734463276836158,0.95,0.10795454545454546,0.19387755102040818,0.85,1.0,0.85,0.15000000000000002,0.13,0.10795454545454546,0.10734463276836158,0.13559322033898305,0.07142857142857142,0.1,76,43,20,27,20
test_01015,no_pattern,1.0,0.0,1.0,172,454,62.11453744493392,1.0,0.09451219512195122,0.17270194986072424,0.09451219512195122,0.9615384615384616,0.1524390243902439,0.2631578947368421,0.15151515151515152,1.0,0.13559322033898305,0.23880597014925373,0.13559322033898305,1.0,0.09659090909090909,0.17616580310880828,0.09659090909090909,1.0,0.09659090909090909,0.17616580310880828,1.0,1.0,1.0,0.0,0.13,0.09659090909090909,0.09659090909090909,0.13559322033898305,0.07142857142857142,0.4,31,26,17,26,17
test_01015,no_redundancy,0.3,0.7,0.0,426,454,6.167400881057269,1.0,0.1798780487804878,0.30490956072351416,0.1798780487804878,1.0,0.1951219512195122,0.326530612244898,0.1951219512195122,1.0,0.11864406779661017,0.21212121212121215,0.11864406779661017,1.0,0.125,0.2222222222222222,0.125,1.0,0.125,0.2222222222222222,1.0,1.0,1.0,0.0,0.125,0.125,0.125,0.11864406779661017,0.11904761904761904,0.0,59,32,22,25,22
test_01030,full_run82,0.3,0.7,1.0,328,328,0.0,1.0,1.0,1.0,1.0,1.0,1.0,1.0,1.0,1.0,1.0,1.0,1.0,1.0,1.0,1.0,1.0,1.0,1.0,1.0,1.0,1.0,1.0,0.0,1.0,1.0,1.0,1.0,1.0,1.0,49,21,9,16,9
test_01030,no_topic,0.0,1.0,1.0,328,328,0.0,1.0,1.0,1.0,1.0,1.0,1.0,1.0,1.0,1.0,1.0,1.0,1.0,1.0,1.0,1.0,1.0,1.0,1.0,1.0,1.0,1.0,1.0,0.0,1.0,1.0,1.0,1.0,1.0,1.0,49,21,9,16,9
test_01030,no_pattern,1.0,0.0,1.0,305,328,7.01219512195122,1.0,1.0,1.0,1.0,1.0,1.0,1.0,1.0,1.0,1.0,1.0,1.0,1.0,1.0,1.0,1.0,1.0,1.0,1.0,1.0,1.0,1.0,0.0,1.0,1.0,1.0,1.0,1.0,1.0,49,21,9,16,9
test_01030,no_redundancy,0.3,0.7,0.0,323,328,1.524390243902439,1.0,0.9591836734693877,0.9791666666666666,0.9591836734693877,1.0,0.9047619047619048,0.9500000000000001,0.9047619047619048,1.0,1.0,1.0,1.0,1.0,1.0,1.0,1.0,1.0,1.0,1.0,1.0,1.0,1.0,0.0,1.0,1.0,1.0,1.0,1.0,1.0,47,19,9,16,9
test_01048,full_run82,0.3,0.7,1.0,222,222,0.0,1.0,0.09898477157360407,0.18013856812933027,0.09898477157360407,1.0,0.12658227848101267,0.22471910112359553,0.12658227848101267,1.0,0.11666666666666667,0.208955223880597,0.11666666666666667,1.0,0.08536585365853659,0.15730337078651685,0.08536585365853659,1.0,0.08536585365853659,0.15730337078651685,1.0,1.0,1.0,0.0,0.10344827586206896,0.08536585365853659,0.08536585365853659,0.11666666666666667,0.25,0.4,39,20,7,12,7
test_01048,no_topic,0.0,1.0,1.0,210,222,5.405405405405405,1.0,0.08883248730964467,0.16317016317016317,0.08883248730964467,0.95,0.12025316455696203,0.21348314606741575,0.11949685534591195,1.0,0.08333333333333333,0.15384615384615385,0.08333333333333333,0.8333333333333334,0.06097560975609756,0.11363636363636363,0.060240963855421686,0.8333333333333334,0.06097560975609756,0.11363636363636363,1.0,1.0,1.0,0.0,0.08620689655172414,0.06097560975609756,0.060240963855421686,0.08333333333333333,0.25,0.3,35,20,6,11,6
test_01048,no_pattern,1.0,0.0,1.0,176,222,20.72072072072072,1.0,0.08375634517766498,0.15456674473067913,0.08375634517766498,1.0,0.06329113924050633,0.11904761904761907,0.06329113924050633,1.0,0.16666666666666666,0.2857142857142857,0.16666666666666666,1.0,0.14634146341463414,0.2553191489361702,0.14634146341463414,1.0,0.14634146341463414,0.2553191489361702,1.0,1.0,1.0,0.0,0.15517241379310345,0.14634146341463414,0.14634146341463414,0.16666666666666666,0.25,0.4,33,10,12,18,12
test_01048,no_redundancy,0.3,0.7,0.0,510,222,129.72972972972974,0.9875,0.20050761421319796,0.33333333333333337,0.2,1.0,0.21518987341772153,0.3541666666666667,0.21518987341772153,1.0,0.16666666666666666,0.2857142857142857,0.16666666666666666,1.0,0.12195121951219512,0.21739130434782605,0.12195121951219512,1.0,0.12195121951219512,0.21739130434782605,1.0,1.0,1.0,0.0,0.15517241379310345,0.12195121951219512,0.12195121951219512,0.16666666666666666,0.25,0.0,80,34,10,18,10
test_01050,full_run82,0.3,0.7,1.0,313,313,0.0,1.0,0.17288135593220338,0.2947976878612717,0.17288135593220338,1.0,0.16883116883116883,0.2888888888888889,0.16883116883116883,1.0,0.12087912087912088,0.21568627450980393,0.12087912087912088,1.0,0.09243697478991597,0.1692307692307692,0.09243697478991597,1.0,0.09243697478991597,0.1692307692307692,1.0,1.0,1.0,0.0,0.13138686131386862,0.09243697478991597,0.09243697478991597,0.12087912087912088,0.08333333333333333,0.4,51,13,11,18,11
test_01050,no_topic,0.0,1.0,1.0,414,313,32.26837060702875,1.0,0.21016949152542372,0.3473389355742297,0.21016949152542372,1.0,0.18181818181818182,0.3076923076923077,0.18181818181818182,1.0,0.12087912087912088,0.21568627450980393,0.12087912087912088,1.0,0.09243697478991597,0.1692307692307692,0.09243697478991597,1.0,0.09243697478991597,0.1692307692307692,1.0,1.0,1.0,0.0,0.12408759124087591,0.09243697478991597,0.09243697478991597,0.12087912087912088,0.1,0.4,62,14,11,17,11
test_01050,no_pattern,1.0,0.0,1.0,241,313,23.003194888178914,1.0,0.1423728813559322,0.24925816023738873,0.1423728813559322,1.0,0.38961038961038963,0.5607476635514019,0.38961038961038963,1.0,0.07692307692307693,0.14285714285714288,0.07692307692307693,1.0,0.058823529411764705,0.1111111111111111,0.058823529411764705,1.0,0.058823529411764705,0.1111111111111111,1.0,1.0,1.0,0.0,0.08759124087591241,0.058823529411764705,0.058823529411764705,0.07692307692307693,0.05,0.3,42,30,7,12,7
test_01050,no_redundancy,0.3,0.7,0.0,363,313,15.974440894568689,1.0,0.12203389830508475,0.2175226586102719,0.12203389830508475,1.0,0.12987012987012986,0.22988505747126434,0.12987012987012986,1.0,0.15384615384615385,0.2666666666666667,0.15384615384615385,1.0,0.13445378151260504,0.23703703703703705,0.13445378151260504,1.0,0.13445378151260504,0.23703703703703705,1.0,1.0,1.0,0.0,0.15328467153284672,0.13445378151260504,0.13445378151260504,0.15384615384615385,0.2,0.4,36,10,16,21,16
test_01053,full_run82,0.3,0.7,1.0,175,175,0.0,1.0,0.06412825651302605,0.12052730696798492,0.06412825651302605,1.0,0.09774436090225563,0.1780821917808219,0.09774436090225563,1.0,0.08411214953271028,0.15517241379310345,0.08411214953271028,1.0,0.07801418439716312,0.14473684210526316,0.07801418439716312,1.0,0.07801418439716312,0.14473684210526316,1.0,1.0,1.0,0.0,0.07920792079207921,0.07801418439716312,0.07801418439716312,0.08411214953271028,0.21052631578947367,0.2,32,26,11,16,11
test_01053,no_topic,0.0,1.0,1.0,245,175,40.0,1.0,0.08216432865731463,0.15185185185185185,0.08216432865731463,1.0,0.09774436090225563,0.1780821917808219,0.09774436090225563,1.0,0.04672897196261682,0.08928571428571429,0.04672897196261682,1.0,0.06382978723404255,0.12,0.06382978723404255,1.0,0.06382978723404255,0.12,1.0,1.0,1.0,0.0,0.06435643564356436,0.06382978723404255,0.06382978723404255,0.04672897196261682,0.21052631578947367,0.3,41,26,9,13,9
test_01053,no_pattern,1.0,0.0,1.0,120,175,31.428571428571427,0.9583333333333334,0.04609218436873747,0.08795411089866156,0.046,0.8888888888888888,0.06015037593984962,0.11267605633802817,0.05970149253731343,1.0,0.07476635514018691,0.1391304347826087,0.07476635514018691,0.875,0.04964539007092199,0.09395973154362416,0.04929577464788732,0.875,0.04964539007092199,0.09395973154362416,1.0,1.0,1.0,0.0,0.06435643564356436,0.04964539007092199,0.04929577464788732,0.07476635514018691,0.15789473684210525,0.2,24,18,8,14,8
test_01053,no_redundancy,0.3,0.7,0.0,431,175,146.28571428571428,1.0,0.13827655310621242,0.24295774647887322,0.13827655310621242,1.0,0.14285714285714285,0.25,0.14285714285714285,1.0,0.14018691588785046,0.2459016393442623,0.14018691588785046,1.0,0.12056737588652482,0.2151898734177215,0.12056737588652482,1.0,0.12056737588652482,0.2151898734177215,0.9411764705882353,1.0,0.9411764705882353,0.05882352941176472,0.1188118811881188,0.12056737588652482,0.12056737588652482,0.14018691588785046,0.2631578947368421,0.3,69,38,17,24,17
test_01055,full_run82,0.3,0.7,1.0,306,306,0.0,1.0,0.19601328903654486,0.3277777777777778,0.19601328903654486,1.0,0.2807017543859649,0.4383561643835616,0.2807017543859649,1.0,0.1951219512195122,0.326530612244898,0.1951219512195122,1.0,0.13793103448275862,0.2424242424242424,0.13793103448275862,1.0,0.13793103448275862,0.2424242424242424,1.0,1.0,1.0,0.0,0.16470588235294117,0.13793103448275862,0.13793103448275862,0.1951219512195122,0.3,0.2,59,32,8,14,8
test_01055,no_topic,0.0,1.0,1.0,378,306,23.52941176470588,0.984375,0.20930232558139536,0.3452054794520548,0.20860927152317882,1.0,0.30701754385964913,0.4697986577181208,0.30701754385964913,1.0,0.0975609756097561,0.17777777777777776,0.0975609756097561,1.0,0.06896551724137931,0.12903225806451613,0.06896551724137931,1.0,0.06896551724137931,0.12903225806451613,1.0,1.0,1.0,0.0,0.09411764705882353,0.06896551724137931,0.06896551724137931,0.0975609756097561,0.2,0.2,64,35,4,8,4
test_01055,no_pattern,1.0,0.0,1.0,189,306,38.23529411764706,1.0,0.11960132890365449,0.2136498516320475,0.11960132890365449,1.0,0.17543859649122806,0.29850746268656714,0.17543859649122806,1.0,0.2682926829268293,0.4230769230769231,0.2682926829268293,1.0,0.1896551724137931,0.3188405797101449,0.1896551724137931,1.0,0.1896551724137931,0.3188405797101449,1.0,1.0,1.0,0.0,0.21176470588235294,0.1896551724137931,0.1896551724137931,0.2682926829268293,0.3,0.4,36,20,11,18,11
test_01055,no_redundancy,0.3,0.7,0.0,455,306,48.69281045751634,1.0,0.21926910299003322,0.3596730245231608,0.21926910299003322,0.9555555555555556,0.37719298245614036,0.5408805031446542,0.3706896551724138,1.0,0.12195121951219512,0.21739130434782605,0.12195121951219512,1.0,0.08620689655172414,0.15873015873015872,0.08620689655172414,1.0,0.08620689655172414,0.15873015873015872,1.0,1.0,1.0,0.0,0.10588235294117647,0.08620689655172414,0.08620689655172414,0.12195121951219512,0.3,0.2,66,45,5,9,5
test_01057,full_run82,0.3,0.7,1.0,201,201,0.0,1.0,0.16748768472906403,0.2869198312236287,0.16748768472906403,1.0,0.2153846153846154,0.35443037974683544,0.2153846153846154,1.0,0.16216216216216217,0.27906976744186046,0.16216216216216217,1.0,0.1346153846153846,0.23728813559322035,0.1346153846153846,1.0,0.1346153846153846,0.23728813559322035,1.0,1.0,1.0,0.0,0.16455696202531644,0.1346153846153846,0.1346153846153846,0.16216216216216217,0.21428571428571427,0.3,34,14,7,13,7
test_01057,no_topic,0.0,1.0,1.0,294,201,46.26865671641791,1.0,0.22167487684729065,0.3629032258064516,0.22167487684729065,1.0,0.3384615384615385,0.5057471264367815,0.3384615384615385,1.0,0.1891891891891892,0.3181818181818182,0.1891891891891892,1.0,0.17307692307692307,0.29508196721311475,0.17307692307692307,1.0,0.17307692307692307,0.29508196721311475,1.0,1.0,1.0,0.0,0.21518987341772153,0.17307692307692307,0.17307692307692307,0.1891891891891892,0.21428571428571427,0.3,45,22,9,17,9
test_01057,no_pattern,1.0,0.0,1.0,172,201,14.427860696517413,1.0,0.1625615763546798,0.2796610169491526,0.1625615763546798,1.0,0.2,0.33333333333333337,0.2,1.0,0.21621621621621623,0.35555555555555557,0.21621621621621623,1.0,0.17307692307692307,0.29508196721311475,0.17307692307692307,1.0,0.17307692307692307,0.29508196721311475,1.0,1.0,1.0,0.0,0.21518987341772153,0.17307692307692307,0.17307692307692307,0.21621621621621623,0.21428571428571427,0.2,33,13,9,17,9
test_01057,no_redundancy,0.3,0.7,0.0,373,201,85.57213930348259,1.0,0.3103448275862069,0.4736842105263158,0.3103448275862069,1.0,0.36923076923076925,0.5393258426966292,0.36923076923076925,1.0,0.3783783783783784,0.5490196078431372,0.3783783783783784,1.0,0.28846153846153844,0.44776119402985076,0.28846153846153844,1.0,0.28846153846153844,0.44776119402985076,1.0,1.0,1.0,0.0,0.2911392405063291,0.28846153846153844,0.28846153846153844,0.3783783783783784,0.5,0.6,63,24,15,23,15
test_01060,full_run82,0.3,0.7,1.0,520,520,0.0,1.0,0.2803030303030303,0.43786982248520706,0.2803030303030303,1.0,0.4155844155844156,0.5871559633027523,0.4155844155844156,1.0,0.2962962962962963,0.45714285714285713,0.2962962962962963,1.0,0.2571428571428571,0.40909090909090906,0.2571428571428571,1.0,0.2571428571428571,0.40909090909090906,0.8888888888888888,1.0,0.8888888888888888,0.11111111111111116,0.2777777777777778,0.2571428571428571,0.2571428571428571,0.2962962962962963,0.8,0.4,37,32,9,15,9
test_01060,no_topic,0.0,1.0,1.0,520,520,0.0,1.0,0.2803030303030303,0.43786982248520706,0.2803030303030303,1.0,0.4155844155844156,0.5871559633027523,0.4155844155844156,1.0,0.2962962962962963,0.45714285714285713,0.2962962962962963,1.0,0.2571428571428571,0.40909090909090906,0.2571428571428571,1.0,0.2571428571428571,0.40909090909090906,0.8888888888888888,1.0,0.8888888888888888,0.11111111111111116,0.2777777777777778,0.2571428571428571,0.2571428571428571,0.2962962962962963,0.8,0.4,37,32,9,15,9
test_01060,no_pattern,1.0,0.0,1.0,220,520,57.692307692307686,1.0,0.2727272727272727,0.42857142857142855,0.2727272727272727,1.0,0.35064935064935066,0.5192307692307693,0.35064935064935066,1.0,0.3333333333333333,0.5,0.3333333333333333,1.0,0.2857142857142857,0.4444444444444445,0.2857142857142857,1.0,0.2857142857142857,0.4444444444444445,1.0,1.0,1.0,0.0,0.2962962962962963,0.2857142857142857,0.2857142857142857,0.3333333333333333,0.6,0.3,36,27,10,16,10
test_01060,no_redundancy,0.3,0.7,0.0,558,520,7.307692307692308,1.0,0.2196969696969697,0.36024844720496896,0.2196969696969697,1.0,0.33766233766233766,0.5048543689320388,0.33766233766233766,1.0,0.18518518518518517,0.3125,0.18518518518518517,1.0,0.22857142857142856,0.3720930232558139,0.22857142857142856,1.0,0.22857142857142856,0.3720930232558139,1.0,1.0,1.0,0.0,0.2037037037037037,0.22857142857142856,0.22857142857142856,0.18518518518518517,0.8,0.4,29,26,8,11,8
test_01073,full_run82,0.3,0.7,1.0,351,351,0.0,1.0,0.22529644268774704,0.36774193548387096,0.22529644268774704,1.0,0.3770491803278688,0.5476190476190476,0.3770491803278688,1.0,0.11538461538461539,0.20689655172413793,0.11538461538461539,1.0,0.11290322580645161,0.2028985507246377,0.11290322580645161,1.0,0.11290322580645161,0.2028985507246377,1.0,1.0,1.0,0.0,0.13414634146341464,0.11290322580645161,0.11290322580645161,0.11538461538461539,0.15789473684210525,0.4,57,23,7,11,7
test_01073,no_topic,0.0,1.0,1.0,356,351,1.4245014245014245,1.0,0.22924901185770752,0.3729903536977492,0.22924901185770752,1.0,0.32786885245901637,0.49382716049382713,0.32786885245901637,1.0,0.17307692307692307,0.29508196721311475,0.17307692307692307,1.0,0.16129032258064516,0.27777777777777773,0.16129032258064516,1.0,0.16129032258064516,0.27777777777777773,1.0,1.0,1.0,0.0,0.15853658536585366,0.16129032258064516,0.16129032258064516,0.17307692307692307,0.2631578947368421,0.3,58,20,10,13,10
test_01073,no_pattern,1.0,0.0,1.0,197,351,43.87464387464387,1.0,0.12648221343873517,0.22456140350877193,0.12648221343873517,1.0,0.16393442622950818,0.28169014084507044,0.16393442622950818,1.0,0.17307692307692307,0.29508196721311475,0.17307692307692307,1.0,0.16129032258064516,0.27777777777777773,0.16129032258064516,1.0,0.16129032258064516,0.27777777777777773,1.0,1.0,1.0,0.0,0.1951219512195122,0.16129032258064516,0.16129032258064516,0.17307692307692307,0.3157894736842105,0.2,32,10,10,16,10
test_01073,no_redundancy,0.3,0.7,0.0,499,351,42.16524216524217,1.0,0.2450592885375494,0.3936507936507937,0.2450592885375494,1.0,0.3442622950819672,0.5121951219512195,0.3442622950819672,1.0,0.15384615384615385,0.2666666666666667,0.15384615384615385,1.0,0.14516129032258066,0.2535211267605634,0.14516129032258066,1.0,0.14516129032258066,0.2535211267605634,0.8888888888888888,1.0,0.8888888888888888,0.11111111111111116,0.18292682926829268,0.14516129032258066,0.14516129032258066,0.15384615384615385,0.21052631578947367,0.3,62,21,9,15,9
test_01093,full_run82,0.3,0.7,1.0,404,404,0.0,1.0,0.3958333333333333,0.5671641791044776,0.3958333333333333,1.0,0.4473684210526316,0.6181818181818182,0.4473684210526316,1.0,0.19230769230769232,0.32258064516129037,0.19230769230769232,1.0,0.18181818181818182,0.3076923076923077,0.18181818181818182,1.0,0.18181818181818182,0.3076923076923077,1.0,1.0,0.8333333333333334,0.16666666666666663,0.21428571428571427,0.18181818181818182,0.18181818181818182,0.19230769230769232,0.3333333333333333,0.2,76,34,6,12,6
test_01093,no_topic,0.0,1.0,1.0,459,404,13.613861386138614,1.0,0.3854166666666667,0.556390977443609,0.3854166666666667,1.0,0.5657894736842105,0.7226890756302521,0.5657894736842105,1.0,0.19230769230769232,0.32258064516129037,0.19230769230769232,1.0,0.15151515151515152,0.2631578947368421,0.15151515151515152,1.0,0.15151515151515152,0.2631578947368421,1.0,1.0,0.8,0.19999999999999996,0.16071428571428573,0.15151515151515152,0.15151515151515152,0.19230769230769232,0.5,0.3,74,43,5,9,5
test_01093,no_pattern,1.0,0.0,1.0,274,404,32.17821782178218,1.0,0.3177083333333333,0.48221343873517786,0.3177083333333333,1.0,0.2236842105263158,0.3655913978494624,0.2236842105263158,1.0,0.3076923076923077,0.47058823529411764,0.3076923076923077,1.0,0.2727272727272727,0.42857142857142855,0.2727272727272727,1.0,0.2727272727272727,0.42857142857142855,1.0,1.0,1.0,0.0,0.30357142857142855,0.2727272727272727,0.2727272727272727,0.3076923076923077,0.5,0.1,61,17,9,17,9
test_01093,no_redundancy,0.3,0.7,0.0,524,404,29.7029702970297,1.0,0.4010416666666667,0.5724907063197026,0.4010416666666667,1.0,0.5657894736842105,0.7226890756302521,0.5657894736842105,1.0,0.23076923076923078,0.375,0.23076923076923078,1.0,0.18181818181818182,0.3076923076923077,0.18181818181818182,1.0,0.18181818181818182,0.3076923076923077,1.0,1.0,1.0,0.0,0.19642857142857142,0.18181818181818182,0.18181818181818182,0.23076923076923078,0.5,0.1,77,43,6,11,6
test_01107,full_run82,0.3,0.7,1.0,257,257,0.0,1.0,0.26046511627906976,0.41328413284132837,0.26046511627906976,1.0,0.22,0.36065573770491804,0.22,1.0,0.225,0.36734693877551017,0.225,1.0,0.20833333333333334,0.3448275862068966,0.20833333333333334,1.0,0.20833333333333334,0.3448275862068966,1.0,1.0,1.0,0.0,0.2537313432835821,0.20833333333333334,0.20833333333333334,0.225,0.2857142857142857,0.3,56,11,10,17,10
test_01107,no_topic,0.0,1.0,1.0,270,257,5.058365758754864,1.0,0.24651162790697675,0.3955223880597015,0.24651162790697675,1.0,0.24,0.3870967741935484,0.24,1.0,0.25,0.4,0.25,1.0,0.25,0.4,0.25,1.0,0.25,0.4,1.0,1.0,1.0,0.0,0.2835820895522388,0.25,0.25,0.25,0.2857142857142857,0.3,53,12,12,19,12
test_01107,no_pattern,1.0,0.0,1.0,293,257,14.007782101167315,1.0,0.2744186046511628,0.43065693430656937,0.2744186046511628,1.0,0.26,0.41269841269841273,0.26,1.0,0.25,0.4,0.25,1.0,0.25,0.4,0.25,1.0,0.25,0.4,1.0,1.0,1.0,0.0,0.2835820895522388,0.25,0.25,0.25,0.2857142857142857,0.4,59,13,12,19,12
test_01107,no_redundancy,0.3,0.7,0.0,442,257,71.98443579766537,1.0,0.3395348837209302,0.5069444444444444,0.3395348837209302,1.0,0.3,0.4615384615384615,0.3,1.0,0.325,0.4905660377358491,0.325,1.0,0.3125,0.47619047619047616,0.3125,1.0,0.3125,0.47619047619047616,1.0,1.0,1.0,0.0,0.31343283582089554,0.3125,0.3125,0.325,0.6428571428571429,0.3,73,15,15,21,15
test_01113,full_run82,0.3,0.7,1.0,306,306,0.0,1.0,0.6031746031746031,0.7524752475247524,0.6031746031746031,0.9473684210526315,0.5806451612903226,0.72,0.5625,1.0,0.5263157894736842,0.6896551724137931,0.5263157894736842,1.0,0.41379310344827586,0.5853658536585366,0.41379310344827586,1.0,0.41379310344827586,0.5853658536585366,1.0,1.0,1.0,0.0,0.4411764705882353,0.41379310344827586,0.41379310344827586,0.5263157894736842,0.5833333333333334,0.4,38,19,12,15,12
test_01113,no_topic,0.0,1.0,1.0,300,306,1.9607843137254901,1.0,0.6190476190476191,0.7647058823529412,0.6190476190476191,1.0,0.6129032258064516,0.76,0.6129032258064516,1.0,0.631578947368421,0.7741935483870968,0.631578947368421,1.0,0.41379310344827586,0.5853658536585366,0.41379310344827586,1.0,0.41379310344827586,0.5853658536585366,1.0,1.0,1.0,0.0,0.5,0.41379310344827586,0.41379310344827586,0.631578947368421,0.5,0.6,39,19,12,17,12
test_01113,no_pattern,1.0,0.0,1.0,240,306,21.568627450980394,1.0,0.5396825396825397,0.7010309278350516,0.5396825396825397,0.9565217391304348,0.7096774193548387,0.8148148148148149,0.6875,1.0,0.7368421052631579,0.8484848484848484,0.7368421052631579,1.0,0.5517241379310345,0.7111111111111111,0.5517241379310345,1.0,0.5517241379310345,0.7111111111111111,1.0,1.0,1.0,0.0,0.5882352941176471,0.5517241379310345,0.5517241379310345,0.7368421052631579,0.6666666666666666,0.7,34,23,16,20,16
test_01113,no_redundancy,0.3,0.7,0.0,367,306,19.934640522875817,1.0,0.4444444444444444,0.6153846153846153,0.4444444444444444,1.0,0.41935483870967744,0.5909090909090909,0.41935483870967744,1.0,0.15789473684210525,0.2727272727272727,0.15789473684210525,1.0,0.13793103448275862,0.2424242424242424,0.13793103448275862,1.0,0.13793103448275862,0.2424242424242424,1.0,1.0,1.0,0.0,0.17647058823529413,0.13793103448275862,0.13793103448275862,0.15789473684210525,0.3333333333333333,0.2,28,13,4,6,4
test_01133,full_run82,0.3,0.7,1.0,370,370,0.0,1.0,0.6363636363636364,0.7777777777777778,0.6363636363636364,1.0,0.896551724137931,0.9454545454545454,0.896551724137931,1.0,0.65,0.787878787878788,0.65,1.0,0.6521739130434783,0.7894736842105263,0.6521739130434783,1.0,0.6521739130434783,0.7894736842105263,1.0,1.0,1.0,0.0,0.6,0.6521739130434783,0.6521739130434783,0.65,1.0,0.8,63,26,15,24,15
test_01133,no_topic,0.0,1.0,1.0,375,370,1.3513513513513513,1.0,0.6666666666666666,0.8,0.6666666666666666,1.0,0.8620689655172413,0.9259259259259259,0.8620689655172413,1.0,0.55,0.7096774193548387,0.55,1.0,0.5652173913043478,0.7222222222222222,0.5652173913043478,1.0,0.5652173913043478,0.7222222222222222,1.0,1.0,1.0,0.0,0.55,0.5652173913043478,0.5652173913043478,0.55,0.6,0.8,66,25,13,22,13
test_01133,no_pattern,1.0,0.0,1.0,314,370,15.135135135135137,0.9824561403508771,0.5656565656565656,0.7179487179487178,0.56,1.0,0.6551724137931034,0.7916666666666666,0.6551724137931034,1.0,0.55,0.7096774193548387,0.55,1.0,0.5652173913043478,0.7222222222222222,0.5652173913043478,1.0,0.5652173913043478,0.7222222222222222,1.0,1.0,1.0,0.0,0.575,0.5652173913043478,0.5652173913043478,0.55,0.6,0.7,57,19,13,23,13
test_01133,no_redundancy,0.3,0.7,0.0,385,370,4.054054054054054,1.0,0.5151515151515151,0.6799999999999999,0.5151515151515151,1.0,0.7241379310344828,0.8400000000000001,0.7241379310344828,1.0,0.45,0.6206896551724138,0.45,1.0,0.43478260869565216,0.6060606060606061,0.43478260869565216,1.0,0.43478260869565216,0.6060606060606061,1.0,1.0,1.0,0.0,0.45,0.43478260869565216,0.43478260869565216,0.45,0.6,0.6,51,21,10,18,10
test_01148,full_run82,0.3,0.7,1.0,273,273,0.0,1.0,0.36024844720496896,0.5296803652968036,0.36024844720496896,1.0,0.4074074074074074,0.5789473684210525,0.4074074074074074,1.0,0.25,0.4,0.25,1.0,0.2692307692307692,0.42424242424242425,0.2692307692307692,1.0,0.2692307692307692,0.42424242424242425,1.0,1.0,1.0,0.0,0.3023255813953488,0.2692307692307692,0.2692307692307692,0.25,0.5,0.4,58,11,7,13,7
test_01148,no_topic,0.0,1.0,1.0,257,273,5.86080586080586,1.0,0.33540372670807456,0.5023255813953489,0.33540372670807456,1.0,0.2962962962962963,0.45714285714285713,0.2962962962962963,1.0,0.35,0.5185185185185185,0.35,1.0,0.34615384615384615,0.5142857142857142,0.34615384615384615,1.0,0.34615384615384615,0.5142857142857142,1.0,1.0,1.0,0.0,0.37209302325581395,0.34615384615384615,0.34615384615384615,0.35,0.5,0.5,54,8,9,16,9
test_01148,no_pattern,1.0,0.0,1.0,261,273,4.395604395604396,1.0,0.36024844720496896,0.5296803652968036,0.36024844720496896,1.0,0.4074074074074074,0.5789473684210525,0.4074074074074074,1.0,0.4,0.5714285714285715,0.4,1.0,0.38461538461538464,0.5555555555555556,0.38461538461538464,1.0,0.38461538461538464,0.5555555555555556,1.0,1.0,1.0,0.0,0.37209302325581395,0.38461538461538464,0.38461538461538464,0.4,0.8333333333333334,0.3,58,11,10,16,10
test_01148,no_redundancy,0.3,0.7,0.0,397,273,45.42124542124542,1.0,0.45962732919254656,0.6297872340425532,0.45962732919254656,1.0,0.37037037037037035,0.5405405405405406,0.37037037037037035,1.0,0.45,0.6206896551724138,0.45,1.0,0.34615384615384615,0.5142857142857142,0.34615384615384615,1.0,0.34615384615384615,0.5142857142857142,1.0,1.0,1.0,0.0,0.3953488372093023,0.34615384615384615,0.34615384615384615,0.45,0.5,0.5,74,10,9,17,9
test_01165,full_run82,0.3,0.7,1.0,237,237,0.0,1.0,0.25,0.4,0.25,1.0,0.24561403508771928,0.3943661971830986,0.24561403508771928,1.0,0.25,0.4,0.25,1.0,0.2,0.33333333333333337,0.2,1.0,0.2,0.33333333333333337,1.0,1.0,1.0,0.0,0.2545454545454545,0.2,0.2,0.25,0.375,0.2,40,14,8,14,8
test_01165,no_topic,0.0,1.0,1.0,254,237,7.172995780590717,1.0,0.28125,0.43902439024390244,0.28125,1.0,0.2807017543859649,0.4383561643835616,0.2807017543859649,1.0,0.2857142857142857,0.4444444444444445,0.2857142857142857,1.0,0.225,0.36734693877551017,0.225,1.0,0.225,0.36734693877551017,1.0,1.0,1.0,0.0,0.2909090909090909,0.225,0.225,0.2857142857142857,0.375,0.2,45,16,9,16,9
test_01165,no_pattern,1.0,0.0,1.0,225,237,5.063291139240507,1.0,0.225,0.36734693877551017,0.225,1.0,0.17543859649122806,0.29850746268656714,0.17543859649122806,1.0,0.25,0.4,0.25,0.8571428571428571,0.15,0.2553191489361702,0.14634146341463414,1.0,0.175,0.2978723404255319,1.0,1.0,1.0,0.0,0.21818181818181817,0.15,0.14634146341463414,0.25,0.375,0.2,36,10,7,13,7
test_01165,no_redundancy,0.3,0.7,0.0,424,237,78.90295358649789,1.0,0.34375,0.5116279069767442,0.34375,1.0,0.3684210526315789,0.5384615384615384,0.3684210526315789,1.0,0.25,0.4,0.25,1.0,0.225,0.36734693877551017,0.225,1.0,0.225,0.36734693877551017,1.0,1.0,1.0,0.0,0.2727272727272727,0.225,0.225,0.25,0.375,0.3,55,21,9,15,9
test_01192,full_run82,0.3,0.7,1.0,438,438,0.0,0.9883720930232558,0.35864978902953587,0.5263157894736842,0.35714285714285715,1.0,0.39344262295081966,0.5647058823529412,0.39344262295081966,0.8,0.12903225806451613,0.2222222222222222,0.125,0.6666666666666666,0.10810810810810811,0.18604651162790697,0.10256410256410256,0.6666666666666666,0.10810810810810811,0.18604651162790697,0.6666666666666666,0.6666666666666666,0.6666666666666666,0.33333333333333337,0.125,0.10810810810810811,0.10256410256410256,0.12903225806451613,0.19047619047619047,0.1,86,24,6,9,6
test_01192,no_topic,0.0,1.0,1.0,526,438,20.091324200913242,1.0,0.37130801687763715,0.5415384615384616,0.37130801687763715,1.0,0.4098360655737705,0.5813953488372093,0.4098360655737705,0.8571428571428571,0.1935483870967742,0.3157894736842105,0.1875,0.75,0.16216216216216217,0.26666666666666666,0.15384615384615385,0.75,0.16216216216216217,0.26666666666666666,0.75,0.75,0.75,0.25,0.16666666666666666,0.16216216216216217,0.15384615384615385,0.1935483870967742,0.19047619047619047,0.3,88,25,8,11,8
test_01192,no_pattern,1.0,0.0,1.0,360,438,17.80821917808219,1.0,0.3037974683544304,0.46601941747572817,0.3037974683544304,1.0,0.4262295081967213,0.5977011494252873,0.4262295081967213,1.0,0.3870967741935484,0.5581395348837209,0.3870967741935484,1.0,0.3783783783783784,0.5490196078431372,0.3783783783783784,1.0,0.3783783783783784,0.5490196078431372,1.0,1.0,1.0,0.0,0.375,0.3783783783783784,0.3783783783783784,0.3870967741935484,0.2857142857142857,0.8,72,26,14,18,14
test_01192,no_redundancy,0.3,0.7,0.0,562,438,28.31050228310502,1.0,0.3670886075949367,0.5370370370370371,0.3670886075949367,1.0,0.39344262295081966,0.5647058823529412,0.39344262295081966,0.9166666666666666,0.3548387096774194,0.5116279069767442,0.34375,0.8571428571428571,0.32432432432432434,0.4705882352941177,0.3076923076923077,0.8571428571428571,0.32432432432432434,0.4705882352941177,0.8571428571428571,0.8571428571428571,0.8571428571428571,0.1428571428571429,0.3125,0.32432432432432434,0.3076923076923077,0.3548387096774194,0.47619047619047616,0.4,87,24,14,18,14
test_01193,full_run82,0.3,0.7,1.0,185,185,0.0,0.967741935483871,0.23809523809523808,0.38216560509554137,0.23622047244094488,1.0,0.30357142857142855,0.4657534246575342,0.30357142857142855,1.0,0.13043478260869565,0.23076923076923078,0.13043478260869565,1.0,0.10714285714285714,0.19354838709677416,0.10714285714285714,1.0,0.10714285714285714,0.19354838709677416,1.0,1.0,1.0,0.0,0.15789473684210525,0.10714285714285714,0.10714285714285714,0.13043478260869565,0.2,0.2,31,17,3,6,3
test_01193,no_topic,0.0,1.0,1.0,195,185,5.405405405405405,1.0,0.30158730158730157,0.46341463414634143,0.30158730158730157,1.0,0.19642857142857142,0.3283582089552239,0.19642857142857142,1.0,0.34782608695652173,0.5161290322580645,0.34782608695652173,1.0,0.2857142857142857,0.4444444444444445,0.2857142857142857,1.0,0.2857142857142857,0.4444444444444445,1.0,1.0,1.0,0.0,0.34210526315789475,0.2857142857142857,0.2857142857142857,0.34782608695652173,0.4,0.5,38,11,8,13,8
test_01193,no_pattern,1.0,0.0,1.0,140,185,24.324324324324326,1.0,0.1984126984126984,0.3311258278145695,0.1984126984126984,1.0,0.14285714285714285,0.25,0.14285714285714285,1.0,0.2608695652173913,0.41379310344827586,0.2608695652173913,1.0,0.21428571428571427,0.35294117647058826,0.21428571428571427,1.0,0.21428571428571427,0.35294117647058826,0.8333333333333334,1.0,0.8333333333333334,0.16666666666666663,0.2631578947368421,0.21428571428571427,0.21428571428571427,0.2608695652173913,0.4,0.4,25,8,6,10,6
test_01193,no_redundancy,0.3,0.7,0.0,218,185,17.83783783783784,0.9655172413793104,0.2222222222222222,0.36129032258064514,0.2204724409448819,1.0,0.3392857142857143,0.5066666666666666,0.3392857142857143,1.0,0.21739130434782608,0.3571428571428571,0.21739130434782608,1.0,0.2857142857142857,0.4444444444444445,0.2857142857142857,1.0,0.2857142857142857,0.4444444444444445,1.0,1.0,1.0,0.0,0.3157894736842105,0.2857142857142857,0.2857142857142857,0.21739130434782608,0.4,0.5,29,19,8,12,8
test_01204,full_run82,0.3,0.7,1.0,197,197,0.0,0.967741935483871,0.24193548387096775,0.38709677419354843,0.24,1.0,0.2857142857142857,0.4444444444444445,0.2857142857142857,1.0,0.23529411764705882,0.38095238095238093,0.23529411764705882,1.0,0.23809523809523808,0.3846153846153846,0.23809523809523808,1.0,0.23809523809523808,0.3846153846153846,1.0,1.0,1.0,0.0,0.27586206896551724,0.23809523809523808,0.23809523809523808,0.23529411764705882,0.2857142857142857,0.5,31,14,10,16,10
test_01204,no_topic,0.0,1.0,1.0,214,197,8.629441624365482,1.0,0.28225806451612906,0.4402515723270441,0.28225806451612906,1.0,0.40816326530612246,0.5797101449275363,0.40816326530612246,1.0,0.23529411764705882,0.38095238095238093,0.23529411764705882,1.0,0.19047619047619047,0.32,0.19047619047619047,1.0,0.19047619047619047,0.32,1.0,1.0,1.0,0.0,0.2413793103448276,0.19047619047619047,0.19047619047619047,0.23529411764705882,0.21428571428571427,0.3,35,20,8,14,8
test_01204,no_pattern,1.0,0.0,1.0,197,197,0.0,0.967741935483871,0.24193548387096775,0.38709677419354843,0.24,1.0,0.2857142857142857,0.4444444444444445,0.2857142857142857,1.0,0.23529411764705882,0.38095238095238093,0.23529411764705882,1.0,0.23809523809523808,0.3846153846153846,0.23809523809523808,1.0,0.23809523809523808,0.3846153846153846,1.0,1.0,1.0,0.0,0.27586206896551724,0.23809523809523808,0.23809523809523808,0.23529411764705882,0.2857142857142857,0.5,31,14,10,16,10
test_01204,no_redundancy,0.3,0.7,0.0,246,197,24.873096446700508,0.9375,0.24193548387096775,0.3846153846153846,0.23809523809523808,0.9615384615384616,0.5102040816326531,0.6666666666666667,0.5,1.0,0.2647058823529412,0.4186046511627907,0.2647058823529412,1.0,0.2619047619047619,0.41509433962264153,0.2619047619047619,1.0,0.2619047619047619,0.41509433962264153,0.8181818181818182,0.8181818181818182,0.7272727272727273,0.2727272727272727,0.3448275862068966,0.2619047619047619,0.2619047619047619,0.2647058823529412,0.21428571428571427,0.3,32,26,11,20,11
test_01210,full_run82,0.3,0.7,1.0,148,148,0.0,1.0,0.10396039603960396,0.18834080717488788,0.10396039603960396,1.0,0.17307692307692307,0.29508196721311475,0.17307692307692307,1.0,0.1111111111111111,0.19999999999999998,0.1111111111111111,0.8,0.07142857142857142,0.13114754098360656,0.07017543859649122,0.8,0.07142857142857142,0.13114754098360656,0.8,0.8,0.8,0.19999999999999996,0.11267605633802817,0.07142857142857142,0.07017543859649122,0.1111111111111111,0.13793103448275862,0.2,21,9,5,8,5
test_01210,no_topic,0.0,1.0,1.0,211,148,42.567567567567565,1.0,0.1782178217821782,0.3025210084033613,0.1782178217821782,0.875,0.1346153846153846,0.23333333333333334,0.1320754716981132,1.0,0.15555555555555556,0.2692307692307693,0.15555555555555556,1.0,0.16071428571428573,0.27692307692307694,0.16071428571428573,1.0,0.16071428571428573,0.27692307692307694,1.0,1.0,1.0,0.0,0.2112676056338028,0.16071428571428573,0.16071428571428573,0.15555555555555556,0.13793103448275862,0.5,36,8,9,15,9
test_01210,no_pattern,1.0,0.0,1.0,145,148,2.027027027027027,1.0,0.0891089108910891,0.1636363636363636,0.0891089108910891,1.0,0.1346153846153846,0.23728813559322035,0.1346153846153846,1.0,0.1111111111111111,0.19999999999999998,0.1111111111111111,1.0,0.10714285714285714,0.19354838709677416,0.10714285714285714,1.0,0.10714285714285714,0.19354838709677416,1.0,1.0,1.0,0.0,0.14084507042253522,0.10714285714285714,0.10714285714285714,0.1111111111111111,0.13793103448275862,0.3,18,7,6,10,6
test_01210,no_redundancy,0.3,0.7,0.0,313,148,111.48648648648648,1.0,0.2376237623762376,0.384,0.2376237623762376,1.0,0.34615384615384615,0.5142857142857142,0.34615384615384615,1.0,0.1111111111111111,0.19999999999999998,0.1111111111111111,1.0,0.08928571428571429,0.1639344262295082,0.08928571428571429,1.0,0.08928571428571429,0.1639344262295082,1.0,1.0,1.0,0.0,0.11267605633802817,0.08928571428571429,0.08928571428571429,0.1111111111111111,0.13793103448275862,0.1,48,18,5,8,5
test_01233,full_run82,0.3,0.7,1.0,186,186,0.0,1.0,0.21428571428571427,0.35294117647058826,0.21428571428571427,1.0,0.25757575757575757,0.40963855421686746,0.25757575757575757,1.0,0.10344827586206896,0.1875,0.10344827586206896,1.0,0.125,0.2222222222222222,0.125,1.0,0.125,0.2222222222222222,1.0,1.0,1.0,0.0,0.14,0.125,0.125,0.10344827586206896,0.75,0.2,33,17,4,7,4
test_01233,no_topic,0.0,1.0,1.0,204,186,9.67741935483871,1.0,0.19480519480519481,0.32608695652173914,0.19480519480519481,0.8888888888888888,0.24242424242424243,0.38095238095238093,0.23529411764705882,1.0,0.13793103448275862,0.2424242424242424,0.13793103448275862,0.75,0.09375,0.16666666666666666,0.09090909090909091,0.75,0.09375,0.16666666666666666,1.0,1.0,1.0,0.0,0.12,0.09375,0.09090909090909091,0.13793103448275862,0.75,0.1,30,18,4,7,4
test_01233,no_pattern,1.0,0.0,1.0,165,186,11.29032258064516,1.0,0.19480519480519481,0.32608695652173914,0.19480519480519481,1.0,0.07575757575757576,0.14084507042253522,0.07575757575757576,1.0,0.20689655172413793,0.34285714285714286,0.20689655172413793,1.0,0.1875,0.3157894736842105,0.1875,1.0,0.1875,0.3157894736842105,1.0,1.0,1.0,0.0,0.22,0.1875,0.1875,0.20689655172413793,0.75,0.3,30,5,6,11,6
test_01233,no_redundancy,0.3,0.7,0.0,411,186,120.96774193548387,1.0,0.36363636363636365,0.5333333333333333,0.36363636363636365,1.0,0.42424242424242425,0.5957446808510638,0.42424242424242425,1.0,0.1724137931034483,0.29411764705882354,0.1724137931034483,1.0,0.21875,0.358974358974359,0.21875,1.0,0.21875,0.358974358974359,1.0,1.0,1.0,0.0,0.24,0.21875,0.21875,0.1724137931034483,0.75,0.4,56,28,7,12,7
test_01253,full_run82,0.3,0.7,1.0,303,303,0.0,1.0,0.4015748031496063,0.5730337078651686,0.4015748031496063,1.0,0.5344827586206896,0.6966292134831461,0.5344827586206896,1.0,0.27586206896551724,0.4324324324324324,0.27586206896551724,1.0,0.25,0.4,0.25,1.0,0.25,0.4,1.0,1.0,1.0,0.0,0.26666666666666666,0.25,0.25,0.27586206896551724,0.375,0.3,51,31,9,16,9
test_01253,no_topic,0.0,1.0,1.0,326,303,7.590759075907591,1.0,0.41732283464566927,0.5888888888888889,0.41732283464566927,1.0,0.5862068965517241,0.7391304347826086,0.5862068965517241,1.0,0.3103448275862069,0.4736842105263158,0.3103448275862069,1.0,0.2777777777777778,0.4347826086956522,0.2777777777777778,1.0,0.2777777777777778,0.4347826086956522,1.0,1.0,1.0,0.0,0.3,0.2777777777777778,0.2777777777777778,0.3103448275862069,0.375,0.3,53,34,10,18,10
test_01253,no_pattern,1.0,0.0,1.0,235,303,22.442244224422442,1.0,0.33070866141732286,0.4970414201183432,0.33070866141732286,1.0,0.39655172413793105,0.5679012345679012,0.39655172413793105,1.0,0.41379310344827586,0.5853658536585366,0.41379310344827586,0.9166666666666666,0.3055555555555556,0.4583333333333333,0.2972972972972973,1.0,0.3333333333333333,0.5,1.0,1.0,1.0,0.0,0.3333333333333333,0.3055555555555556,0.2972972972972973,0.41379310344827586,0.375,0.3,42,23,12,21,12
test_01253,no_redundancy,0.3,0.7,0.0,421,303,38.943894389438945,1.0,0.41732283464566927,0.5888888888888889,0.41732283464566927,1.0,0.5517241379310345,0.7111111111111111,0.5517241379310345,1.0,0.3793103448275862,0.5499999999999999,0.3793103448275862,1.0,0.3611111111111111,0.5306122448979591,0.3611111111111111,1.0,0.3611111111111111,0.5306122448979591,1.0,1.0,1.0,0.0,0.36666666666666664,0.3611111111111111,0.3611111111111111,0.3793103448275862,0.75,0.4,53,32,13,22,13
test_01281,full_run82,0.3,0.7,1.0,283,283,0.0,0.9811320754716981,0.45614035087719296,0.6227544910179641,0.45217391304347826,1.0,0.44680851063829785,0.6176470588235294,0.44680851063829785,1.0,0.5,0.6666666666666666,0.5,1.0,0.36666666666666664,0.5365853658536585,0.36666666666666664,1.0,0.36666666666666664,0.5365853658536585,1.0,1.0,1.0,0.0,0.32653061224489793,0.36666666666666664,0.36666666666666664,0.5,0.8,0.5,53,21,11,16,11
test_01281,no_topic,0.0,1.0,1.0,331,283,16.96113074204947,0.9838709677419355,0.5350877192982456,0.6931818181818181,0.5304347826086957,1.0,0.5957446808510638,0.7466666666666666,0.5957446808510638,1.0,0.45,0.6206896551724138,0.45,1.0,0.3333333333333333,0.5,0.3333333333333333,1.0,0.3333333333333333,0.5,1.0,1.0,1.0,0.0,0.32653061224489793,0.3333333333333333,0.3333333333333333,0.45,0.8,0.5,62,28,10,16,10
test_01281,no_pattern,1.0,0.0,1.0,225,283,20.49469964664311,1.0,0.3684210526315789,0.5384615384615384,0.3684210526315789,0.8421052631578947,0.3404255319148936,0.48484848484848486,0.32,1.0,0.35,0.5185185185185185,0.35,0.8571428571428571,0.2,0.32432432432432434,0.1935483870967742,1.0,0.23333333333333334,0.37837837837837834,1.0,1.0,1.0,0.0,0.22448979591836735,0.2,0.1935483870967742,0.35,0.6,0.3,42,19,7,12,7
test_01281,no_redundancy,0.3,0.7,0.0,374,283,32.15547703180212,0.9827586206896551,0.5,0.6627906976744186,0.4956521739130435,0.9393939393939394,0.6595744680851063,0.775,0.6326530612244898,1.0,0.45,0.6206896551724138,0.45,1.0,0.4666666666666667,0.6363636363636364,0.4666666666666667,1.0,0.4666666666666667,0.6363636363636364,1.0,0.8571428571428571,0.8571428571428571,0.1428571428571429,0.46938775510204084,0.4666666666666667,0.4666666666666667,0.45,0.8,0.6,58,33,14,23,14
test_01294,full_run82,0.3,0.7,1.0,252,252,0.0,0.9736842105263158,0.12052117263843648,0.21449275362318843,0.12012987012987013,1.0,0.13013698630136986,0.2303030303030303,0.13013698630136986,1.0,0.15942028985507245,0.27499999999999997,0.15942028985507245,1.0,0.12087912087912088,0.21568627450980393,0.12087912087912088,1.0,0.12087912087912088,0.21568627450980393,1.0,1.0,1.0,0.0,0.12318840579710146,0.12087912087912088,0.12087912087912088,0.15942028985507245,0.25,0.1,38,19,11,17,11
test_01294,no_topic,0.0,1.0,1.0,251,252,0.3968253968253968,1.0,0.14332247557003258,0.25071225071225073,0.14332247557003258,1.0,0.1780821917808219,0.3023255813953488,0.1780821917808219,1.0,0.13043478260869565,0.23076923076923078,0.13043478260869565,1.0,0.0989010989010989,0.17999999999999997,0.0989010989010989,1.0,0.0989010989010989,0.17999999999999997,1.0,1.0,1.0,0.0,0.10869565217391304,0.0989010989010989,0.0989010989010989,0.13043478260869565,0.25,0.1,44,26,9,15,9
test_01294,no_pattern,1.0,0.0,1.0,174,252,30.952380952380953,1.0,0.10423452768729642,0.1887905604719764,0.10423452768729642,1.0,0.10273972602739725,0.18633540372670807,0.10273972602739725,1.0,0.15942028985507245,0.27499999999999997,0.15942028985507245,1.0,0.12087912087912088,0.21568627450980393,0.12087912087912088,1.0,0.12087912087912088,0.21568627450980393,1.0,1.0,1.0,0.0,0.14492753623188406,0.12087912087912088,0.12087912087912088,0.15942028985507245,0.1875,0.0,32,15,11,20,11
test_01294,no_redundancy,0.3,0.7,0.0,396,252,57.14285714285714,1.0,0.14006514657980457,0.24571428571428572,0.14006514657980457,1.0,0.13013698630136986,0.2303030303030303,0.13013698630136986,1.0,0.057971014492753624,0.1095890410958904,0.057971014492753624,1.0,0.054945054945054944,0.10416666666666666,0.054945054945054944,1.0,0.054945054945054944,0.10416666666666666,1.0,1.0,1.0,0.0,0.06521739130434782,0.054945054945054944,0.054945054945054944,0.057971014492753624,0.1875,0.0,43,19,5,9,5
test_01313,full_run82,0.3,0.7,1.0,283,283,0.0,1.0,0.1786833855799373,0.30319148936170215,0.1786833855799373,1.0,0.23232323232323232,0.3770491803278689,0.23232323232323232,1.0,0.12162162162162163,0.21686746987951808,0.12162162162162163,1.0,0.09,0.16513761467889906,0.09,1.0,0.09,0.16513761467889906,1.0,1.0,1.0,0.0,0.1391304347826087,0.09,0.09,0.12162162162162163,0.04054054054054054,0.3,57,23,9,16,9
test_01313,no_topic,0.0,1.0,1.0,327,283,15.547703180212014,1.0,0.19435736677115986,0.32545931758530183,0.19435736677115986,1.0,0.21212121212121213,0.35,0.21212121212121213,1.0,0.14864864864864866,0.25882352941176473,0.14864864864864866,1.0,0.11,0.19819819819819817,0.11,1.0,0.11,0.19819819819819817,1.0,1.0,1.0,0.0,0.14782608695652175,0.11,0.11,0.14864864864864866,0.06756756756756757,0.3,62,21,11,17,11
test_01313,no_pattern,1.0,0.0,1.0,172,283,39.2226148409894,1.0,0.0877742946708464,0.16138328530259366,0.0877742946708464,1.0,0.1414141414141414,0.24778761061946902,0.1414141414141414,1.0,0.12162162162162163,0.21686746987951808,0.12162162162162163,1.0,0.09,0.16513761467889906,0.09,1.0,0.09,0.16513761467889906,1.0,1.0,1.0,0.0,0.13043478260869565,0.09,0.09,0.12162162162162163,0.04054054054054054,0.4,28,14,9,15,9
test_01313,no_redundancy,0.3,0.7,0.0,360,283,27.208480565371023,1.0,0.14106583072100312,0.24725274725274723,0.14106583072100312,0.9565217391304348,0.2222222222222222,0.36065573770491804,0.22,1.0,0.21621621621621623,0.35555555555555557,0.21621621621621623,1.0,0.19,0.319327731092437,0.19,1.0,0.19,0.319327731092437,0.8421052631578947,1.0,0.8421052631578947,0.1578947368421053,0.1826086956521739,0.19,0.19,0.21621621621621623,0.25675675675675674,0.4,45,23,19,21,19
test_01322,full_run82,0.3,0.7,1.0,180,180,0.0,0.967741935483871,0.11857707509881422,0.2112676056338028,0.11811023622047244,1.0,0.1553398058252427,0.2689075630252101,0.1553398058252427,1.0,0.16363636363636364,0.28125,0.16363636363636364,0.9,0.12162162162162163,0.2142857142857143,0.12,0.9,0.12162162162162163,0.2142857142857143,1.0,1.0,1.0,0.0,0.1827956989247312,0.12162162162162163,0.12,0.16363636363636364,0.08108108108108109,0.2,31,16,10,18,10
test_01322,no_topic,0.0,1.0,1.0,241,180,33.88888888888889,0.9743589743589743,0.15019762845849802,0.2602739726027397,0.14960629921259844,1.0,0.1941747572815534,0.3252032520325203,0.1941747572815534,1.0,0.2,0.33333333333333337,0.2,0.9166666666666666,0.14864864864864866,0.2558139534883721,0.14666666666666667,0.9166666666666666,0.14864864864864866,0.2558139534883721,1.0,1.0,1.0,0.0,0.1935483870967742,0.14864864864864866,0.14666666666666667,0.2,0.16216216216216217,0.1,39,20,12,19,12
test_01322,no_pattern,1.0,0.0,1.0,247,180,37.22222222222222,1.0,0.15019762845849802,0.26116838487972505,0.15019762845849802,1.0,0.18446601941747573,0.3114754098360656,0.18446601941747573,1.0,0.16363636363636364,0.28125,0.16363636363636364,1.0,0.13513513513513514,0.2380952380952381,0.13513513513513514,1.0,0.13513513513513514,0.2380952380952381,1.0,1.0,1.0,0.0,0.16129032258064516,0.13513513513513514,0.13513513513513514,0.16363636363636364,0.16216216216216217,0.2,38,19,10,15,10
test_01322,no_redundancy,0.3,0.7,0.0,399,180,121.66666666666666,1.0,0.2134387351778656,0.35179153094462534,0.2134387351778656,1.0,0.2912621359223301,0.4511278195488722,0.2912621359223301,1.0,0.32727272727272727,0.4931506849315069,0.32727272727272727,1.0,0.24324324324324326,0.391304347826087,0.24324324324324326,1.0,0.24324324324324326,0.391304347826087,1.0,1.0,1.0,0.0,0.26881720430107525,0.24324324324324326,0.24324324324324326,0.32727272727272727,0.21621621621621623,0.3,54,30,18,25,18
test_01343,full_run82,0.3,0.7,1.0,181,181,0.0,1.0,0.5,0.6666666666666666,0.5,1.0,0.64,0.7804878048780487,0.64,1.0,0.5833333333333334,0.7368421052631579,0.5833333333333334,0.7777777777777778,0.5384615384615384,0.6363636363636364,0.4666666666666667,0.7777777777777778,0.5384615384615384,0.6363636363636364,1.0,0.7777777777777778,0.7777777777777778,0.2222222222222222,0.6842105263157895,0.5384615384615384,0.4666666666666667,0.5833333333333334,1.0,0.7,31,16,9,15,9
test_01343,no_topic,0.0,1.0,1.0,201,181,11.049723756906078,1.0,0.5483870967741935,0.7083333333333333,0.5483870967741935,1.0,0.68,0.8095238095238095,0.68,1.0,0.5,0.6666666666666666,0.5,1.0,0.46153846153846156,0.631578947368421,0.46153846153846156,1.0,0.46153846153846156,0.631578947368421,1.0,1.0,1.0,0.0,0.5789473684210527,0.46153846153846156,0.46153846153846156,0.5,0.6,0.5,34,17,6,11,6
test_01343,no_pattern,1.0,0.0,1.0,161,181,11.049723756906078,1.0,0.46774193548387094,0.6373626373626373,0.46774193548387094,1.0,0.68,0.8095238095238095,0.68,1.0,0.5,0.6666666666666666,0.5,1.0,0.46153846153846156,0.631578947368421,0.46153846153846156,1.0,0.46153846153846156,0.631578947368421,1.0,1.0,1.0,0.0,0.5263157894736842,0.46153846153846156,0.46153846153846156,0.5,0.8,0.6,29,17,6,10,6
test_01343,no_redundancy,0.3,0.7,0.0,224,181,23.756906077348066,1.0,0.46774193548387094,0.6373626373626373,0.46774193548387094,1.0,0.72,0.8372093023255813,0.72,1.0,0.5,0.6666666666666666,0.5,1.0,0.5384615384615384,0.7000000000000001,0.5384615384615384,1.0,0.5384615384615384,0.7000000000000001,1.0,1.0,1.0,0.0,0.5789473684210527,0.5384615384615384,0.5384615384615384,0.5,0.8,0.7,29,18,7,11,7
test_01358,full_run82,0.3,0.7,1.0,140,140,0.0,1.0,0.09178743961352658,0.168141592920354,0.09178743961352658,1.0,0.08247422680412371,0.1523809523809524,0.08247422680412371,1.0,0.09230769230769231,0.16901408450704225,0.09230769230769231,1.0,0.06593406593406594,0.12371134020618557,0.06593406593406594,1.0,0.06593406593406594,0.12371134020618557,1.0,1.0,1.0,0.0,0.08035714285714286,0.06593406593406594,0.06593406593406594,0.09230769230769231,0.12195121951219512,0.2,19,8,6,9,6
test_01358,no_topic,0.0,1.0,1.0,177,140,26.42857142857143,1.0,0.10144927536231885,0.1842105263157895,0.10144927536231885,1.0,0.15463917525773196,0.2678571428571429,0.15463917525773196,1.0,0.09230769230769231,0.16901408450704225,0.09230769230769231,1.0,0.06593406593406594,0.12371134020618557,0.06593406593406594,1.0,0.06593406593406594,0.12371134020618557,1.0,1.0,1.0,0.0,0.08928571428571429,0.06593406593406594,0.06593406593406594,0.09230769230769231,0.0975609756097561,0.2,21,15,6,10,6
test_01358,no_pattern,1.0,0.0,1.0,113,140,19.28571428571429,1.0,0.07729468599033816,0.14349775784753363,0.07729468599033816,1.0,0.061855670103092786,0.11650485436893204,0.061855670103092786,0.8333333333333334,0.07692307692307693,0.14084507042253522,0.07575757575757576,0.8333333333333334,0.054945054945054944,0.10309278350515463,0.05434782608695652,0.8333333333333334,0.054945054945054944,0.10309278350515463,0.8333333333333334,0.8333333333333334,0.8333333333333334,0.16666666666666663,0.07142857142857142,0.054945054945054944,0.05434782608695652,0.07692307692307693,0.0975609756097561,0.2,16,6,6,9,6
test_01358,no_redundancy,0.3,0.7,0.0,328,140,134.28571428571428,1.0,0.14492753623188406,0.25316455696202533,0.14492753623188406,0.9615384615384616,0.25773195876288657,0.40650406504065034,0.25510204081632654,1.0,0.09230769230769231,0.16901408450704225,0.09230769230769231,1.0,0.06593406593406594,0.12371134020618557,0.06593406593406594,1.0,0.06593406593406594,0.12371134020618557,1.0,1.0,1.0,0.0,0.08928571428571429,0.06593406593406594,0.06593406593406594,0.09230769230769231,0.0975609756097561,0.2,30,26,6,10,6
test_01368,full_run82,0.3,0.7,1.0,436,436,0.0,0.9838709677419355,0.24596774193548387,0.3935483870967742,0.24497991967871485,1.0,0.2692307692307692,0.42424242424242425,0.2692307692307692,1.0,0.15151515151515152,0.2631578947368421,0.15151515151515152,0.8,0.08,0.14545454545454545,0.0784313725490196,0.8,0.08,0.14545454545454545,1.0,0.8,0.8,0.19999999999999996,0.11940298507462686,0.08,0.0784313725490196,0.15151515151515152,0.21428571428571427,0.0,62,42,5,9,5
test_01368,no_topic,0.0,1.0,1.0,539,436,23.623853211009173,0.987012987012987,0.3064516129032258,0.46769230769230763,0.30522088353413657,1.0,0.38461538461538464,0.5555555555555556,0.38461538461538464,0.75,0.09090909090909091,0.16216216216216214,0.08823529411764706,0.375,0.06,0.10344827586206896,0.05454545454545454,0.375,0.06,0.10344827586206896,0.5,0.375,0.375,0.625,0.08955223880597014,0.06,0.05454545454545454,0.09090909090909091,0.2857142857142857,0.1,77,60,8,11,8
test_01368,no_pattern,1.0,0.0,1.0,372,436,14.678899082568808,0.9857142857142858,0.2782258064516129,0.4339622641509433,0.27710843373493976,1.0,0.23076923076923078,0.375,0.23076923076923078,1.0,0.24242424242424243,0.3902439024390244,0.24242424242424243,1.0,0.2,0.33333333333333337,0.2,1.0,0.2,0.33333333333333337,1.0,1.0,1.0,0.0,0.208955223880597,0.2,0.2,0.24242424242424243,0.2857142857142857,0.3,70,36,10,14,10
test_01368,no_redundancy,0.3,0.7,0.0,524,436,20.18348623853211,1.0,0.22580645161290322,0.3684210526315789,0.22580645161290322,1.0,0.36538461538461536,0.5352112676056338,0.36538461538461536,0.8571428571428571,0.18181818181818182,0.30000000000000004,0.17647058823529413,0.6363636363636364,0.14,0.22950819672131148,0.12962962962962962,0.6363636363636364,0.14,0.22950819672131148,0.6363636363636364,0.6363636363636364,0.6363636363636364,0.36363636363636365,0.14925373134328357,0.14,0.12962962962962962,0.18181818181818182,0.35714285714285715,0.1,56,57,11,14,11
test_01379,full_run82,0.3,0.7,1.0,289,289,0.0,1.0,0.4338235294117647,0.6051282051282051,0.4338235294117647,0.9444444444444444,0.425,0.5862068965517241,0.4146341463414634,1.0,0.5263157894736842,0.6896551724137931,0.5263157894736842,1.0,0.5384615384615384,0.7000000000000001,0.5384615384615384,1.0,0.5384615384615384,0.7000000000000001,1.0,1.0,1.0,0.0,0.5609756097560976,0.5384615384615384,0.5384615384615384,0.5263157894736842,1.0,0.5,59,18,14,23,14
test_01379,no_topic,0.0,1.0,1.0,386,289,33.56401384083045,1.0,0.5735294117647058,0.7289719626168224,0.5735294117647058,1.0,0.575,0.7301587301587301,0.575,1.0,0.5789473684210527,0.7333333333333334,0.5789473684210527,1.0,0.5769230769230769,0.7317073170731707,0.5769230769230769,1.0,0.5769230769230769,0.7317073170731707,1.0,1.0,1.0,0.0,0.5609756097560976,0.5769230769230769,0.5769230769230769,0.5789473684210527,1.0,0.6,78,23,15,23,15
test_01379,no_pattern,1.0,0.0,1.0,219,289,24.22145328719723,1.0,0.3602941176470588,0.5297297297297298,0.3602941176470588,0.9230769230769231,0.3,0.4528301886792453,0.2926829268292683,1.0,0.5263157894736842,0.6896551724137931,0.5263157894736842,1.0,0.5384615384615384,0.7000000000000001,0.5384615384615384,1.0,0.5384615384615384,0.7000000000000001,1.0,1.0,1.0,0.0,0.5365853658536586,0.5384615384615384,0.5384615384615384,0.5263157894736842,1.0,0.6,49,13,14,22,14
test_01379,no_redundancy,0.3,0.7,0.0,411,289,42.21453287197232,1.0,0.47794117647058826,0.6467661691542288,0.47794117647058826,0.9583333333333334,0.575,0.71875,0.5609756097560976,1.0,0.3157894736842105,0.4799999999999999,0.3157894736842105,1.0,0.2692307692307692,0.42424242424242425,0.2692307692307692,1.0,0.2692307692307692,0.42424242424242425,1.0,1.0,1.0,0.0,0.3170731707317073,0.2692307692307692,0.2692307692307692,0.3157894736842105,0.5,0.4,65,24,7,13,7
test_01395,full_run82,0.3,0.7,1.0,411,411,0.0,1.0,0.5032258064516129,0.6695278969957081,0.5032258064516129,1.0,0.4117647058823529,0.5833333333333334,0.4117647058823529,1.0,0.4074074074074074,0.5789473684210525,0.4074074074074074,1.0,0.3548387096774194,0.5238095238095238,0.3548387096774194,1.0,0.3548387096774194,0.5238095238095238,1.0,1.0,1.0,0.0,0.3541666666666667,0.3548387096774194,0.3548387096774194,0.4074074074074074,0.6666666666666666,0.5,78,28,11,17,11
test_01395,no_topic,0.0,1.0,1.0,532,411,29.44038929440389,1.0,0.5483870967741935,0.7083333333333333,0.5483870967741935,1.0,0.5588235294117647,0.7169811320754718,0.5588235294117647,1.0,0.3333333333333333,0.5,0.3333333333333333,1.0,0.2903225806451613,0.45000000000000007,0.2903225806451613,1.0,0.2903225806451613,0.45000000000000007,1.0,1.0,1.0,0.0,0.2916666666666667,0.2903225806451613,0.2903225806451613,0.3333333333333333,0.5555555555555556,0.4,85,38,9,14,9
test_01395,no_pattern,1.0,0.0,1.0,214,411,47.93187347931874,1.0,0.22580645161290322,0.3684210526315789,0.22580645161290322,1.0,0.3235294117647059,0.48888888888888893,0.3235294117647059,1.0,0.3333333333333333,0.5,0.3333333333333333,1.0,0.2903225806451613,0.45000000000000007,0.2903225806451613,1.0,0.2903225806451613,0.45000000000000007,1.0,1.0,1.0,0.0,0.3333333333333333,0.2903225806451613,0.2903225806451613,0.3333333333333333,0.4444444444444444,0.4,35,22,9,16,9
test_01395,no_redundancy,0.3,0.7,0.0,567,411,37.95620437956204,1.0,0.5612903225806452,0.7190082644628099,0.5612903225806452,1.0,0.5882352941176471,0.7407407407407407,0.5882352941176471,1.0,0.4074074074074074,0.5789473684210525,0.4074074074074074,1.0,0.3870967741935484,0.5581395348837209,0.3870967741935484,1.0,0.3870967741935484,0.5581395348837209,1.0,1.0,1.0,0.0,0.375,0.3870967741935484,0.3870967741935484,0.4074074074074074,0.5555555555555556,0.5,87,40,12,18,12
test_01401,full_run82,0.3,0.7,1.0,541,541,0.0,0.9850746268656716,0.6346153846153846,0.7719298245614035,0.6285714285714286,1.0,0.7272727272727273,0.8421052631578948,0.7272727272727273,1.0,0.6470588235294118,0.7857142857142858,0.6470588235294118,0.9166666666666666,0.5,0.6470588235294118,0.4782608695652174,0.9166666666666666,0.5,0.6470588235294118,1.0,1.0,1.0,0.0,0.5588235294117647,0.5,0.4782608695652174,0.6470588235294118,0.5714285714285714,0.3,67,40,12,20,12
test_01401,no_topic,0.0,1.0,1.0,541,541,0.0,0.9850746268656716,0.6346153846153846,0.7719298245614035,0.6285714285714286,1.0,0.7272727272727273,0.8421052631578948,0.7272727272727273,1.0,0.6470588235294118,0.7857142857142858,0.6470588235294118,0.9166666666666666,0.5,0.6470588235294118,0.4782608695652174,0.9166666666666666,0.5,0.6470588235294118,1.0,1.0,1.0,0.0,0.5588235294117647,0.5,0.4782608695652174,0.6470588235294118,0.5714285714285714,0.3,67,40,12,20,12
test_01401,no_pattern,1.0,0.0,1.0,337,541,37.707948243992604,0.9827586206896551,0.5480769230769231,0.7037037037037037,0.5428571428571428,1.0,0.5272727272727272,0.6904761904761904,0.5272727272727272,1.0,0.29411764705882354,0.45454545454545453,0.29411764705882354,1.0,0.22727272727272727,0.37037037037037035,0.22727272727272727,1.0,0.22727272727272727,0.37037037037037035,1.0,1.0,1.0,0.0,0.23529411764705882,0.22727272727272727,0.22727272727272727,0.29411764705882354,0.42857142857142855,0.2,58,29,5,8,5
test_01401,no_redundancy,0.3,0.7,0.0,580,541,7.208872458410351,0.9761904761904762,0.3942307692307692,0.5616438356164383,0.3904761904761905,1.0,0.5818181818181818,0.735632183908046,0.5818181818181818,1.0,0.5882352941176471,0.7407407407407407,0.5882352941176471,0.9166666666666666,0.5,0.6470588235294118,0.4782608695652174,0.9166666666666666,0.5,0.6470588235294118,0.9166666666666666,1.0,0.9166666666666666,0.08333333333333337,0.5294117647058824,0.5,0.4782608695652174,0.5882352941176471,0.5714285714285714,0.4,42,32,12,19,12
test_01404,full_run82,0.3,0.7,1.0,372,372,0.0,1.0,0.6551724137931034,0.7916666666666666,0.6551724137931034,1.0,0.5490196078431373,0.7088607594936709,0.5490196078431373,1.0,0.391304347826087,0.5625,0.391304347826087,1.0,0.35714285714285715,0.5263157894736842,0.35714285714285715,1.0,0.35714285714285715,0.5263157894736842,1.0,1.0,1.0,0.0,0.4090909090909091,0.35714285714285715,0.35714285714285715,0.391304347826087,0.6,0.3,57,28,10,18,10
test_01404,no_topic,0.0,1.0,1.0,392,372,5.376344086021505,1.0,0.7126436781609196,0.8322147651006712,0.7126436781609196,1.0,0.6274509803921569,0.7710843373493976,0.6274509803921569,1.0,0.4782608695652174,0.6470588235294118,0.4782608695652174,1.0,0.42857142857142855,0.6,0.42857142857142855,1.0,0.42857142857142855,0.6,1.0,1.0,1.0,0.0,0.5,0.42857142857142855,0.42857142857142855,0.4782608695652174,0.6,0.3,62,32,12,22,12
test_01404,no_pattern,1.0,0.0,1.0,273,372,26.61290322580645,1.0,0.5172413793103449,0.6818181818181819,0.5172413793103449,1.0,0.4117647058823529,0.5833333333333334,0.4117647058823529,1.0,0.5652173913043478,0.7222222222222222,0.5652173913043478,1.0,0.5714285714285714,0.7272727272727273,0.5714285714285714,1.0,0.5714285714285714,0.7272727272727273,1.0,1.0,1.0,0.0,0.5681818181818182,0.5714285714285714,0.5714285714285714,0.5652173913043478,1.0,0.4,45,21,16,25,16
test_01404,no_redundancy,0.3,0.7,0.0,433,372,16.397849462365592,1.0,0.6781609195402298,0.8082191780821918,0.6781609195402298,1.0,0.8235294117647058,0.9032258064516129,0.8235294117647058,1.0,0.5217391304347826,0.6857142857142856,0.5217391304347826,1.0,0.5,0.6666666666666666,0.5,1.0,0.5,0.6666666666666666,1.0,1.0,1.0,0.0,0.5681818181818182,0.5,0.5,0.5217391304347826,0.6,0.4,59,42,14,25,14
test_01412,full_run82,0.3,0.7,1.0,333,333,0.0,0.9848484848484849,0.45774647887323944,0.625,0.45454545454545453,1.0,0.35185185185185186,0.5205479452054794,0.35185185185185186,1.0,0.35,0.5185185185185185,0.35,1.0,0.36363636363636365,0.5333333333333333,0.36363636363636365,1.0,0.36363636363636365,0.5333333333333333,1.0,1.0,1.0,0.0,0.38235294117647056,0.36363636363636365,0.36363636363636365,0.35,0.8333333333333334,0.5,66,19,8,13,8
test_01412,no_topic,0.0,1.0,1.0,365,333,9.60960960960961,0.9864864864864865,0.5140845070422535,0.675925925925926,0.5104895104895105,1.0,0.46296296296296297,0.6329113924050632,0.46296296296296297,1.0,0.3,0.4615384615384615,0.3,1.0,0.3181818181818182,0.4827586206896552,0.3181818181818182,1.0,0.3181818181818182,0.4827586206896552,1.0,1.0,1.0,0.0,0.3235294117647059,0.3181818181818182,0.3181818181818182,0.3,0.8333333333333334,0.4,74,25,7,11,7
test_01412,no_pattern,1.0,0.0,1.0,316,333,5.105105105105105,1.0,0.4154929577464789,0.5870646766169154,0.4154929577464789,1.0,0.3148148148148148,0.4788732394366197,0.3148148148148148,1.0,0.35,0.5185185185185185,0.35,1.0,0.36363636363636365,0.5333333333333333,0.36363636363636365,1.0,0.36363636363636365,0.5333333333333333,1.0,1.0,1.0,0.0,0.38235294117647056,0.36363636363636365,0.36363636363636365,0.35,0.8333333333333334,0.4,59,17,8,13,8
test_01412,no_redundancy,0.3,0.7,0.0,424,333,27.32732732732733,1.0,0.528169014084507,0.6912442396313364,0.528169014084507,1.0,0.7222222222222222,0.8387096774193548,0.7222222222222222,1.0,0.45,0.6206896551724138,0.45,1.0,0.4090909090909091,0.5806451612903226,0.4090909090909091,1.0,0.4090909090909091,0.5806451612903226,1.0,1.0,1.0,0.0,0.4117647058823529,0.4090909090909091,0.4090909090909091,0.45,1.0,0.5,75,39,9,14,9
test_01417,full_run82,0.3,0.7,1.0,274,274,0.0,1.0,0.28484848484848485,0.4433962264150943,0.28484848484848485,0.9411764705882353,0.25,0.3950617283950617,0.24615384615384617,1.0,0.25,0.4,0.25,1.0,0.2222222222222222,0.3636363636363636,0.2222222222222222,1.0,0.2222222222222222,0.3636363636363636,1.0,1.0,1.0,0.0,0.2777777777777778,0.2222222222222222,0.2222222222222222,0.25,0.375,0.2,47,17,8,15,8
test_01417,no_topic,0.0,1.0,1.0,268,274,2.18978102189781,1.0,0.2545454545454545,0.4057971014492754,0.2545454545454545,0.9333333333333333,0.21875,0.35443037974683544,0.2153846153846154,1.0,0.14285714285714285,0.25,0.14285714285714285,1.0,0.1111111111111111,0.19999999999999998,0.1111111111111111,1.0,0.1111111111111111,0.19999999999999998,1.0,1.0,1.0,0.0,0.14814814814814814,0.1111111111111111,0.1111111111111111,0.14285714285714285,0.25,0.1,42,15,4,8,4
test_01417,no_pattern,1.0,0.0,1.0,200,274,27.00729927007299,1.0,0.17575757575757575,0.29896907216494845,0.17575757575757575,0.9285714285714286,0.203125,0.3333333333333333,0.2,1.0,0.25,0.4,0.25,1.0,0.19444444444444445,0.32558139534883723,0.19444444444444445,1.0,0.19444444444444445,0.32558139534883723,1.0,1.0,1.0,0.0,0.24074074074074073,0.19444444444444445,0.19444444444444445,0.25,0.375,0.1,29,14,7,13,7
test_01417,no_redundancy,0.3,0.7,0.0,347,274,26.642335766423358,1.0,0.3151515151515151,0.4792626728110599,0.3151515151515151,1.0,0.25,0.4,0.25,1.0,0.21428571428571427,0.35294117647058826,0.21428571428571427,1.0,0.2222222222222222,0.3636363636363636,0.2222222222222222,1.0,0.2222222222222222,0.3636363636363636,1.0,1.0,1.0,0.0,0.2222222222222222,0.2222222222222222,0.2222222222222222,0.21428571428571427,0.5,0.5,52,16,8,12,8
test_01426,full_run82,0.3,0.7,1.0,241,241,0.0,1.0,0.19626168224299065,0.328125,0.19626168224299065,1.0,0.1728395061728395,0.2947368421052632,0.1728395061728395,1.0,0.24,0.3870967741935484,0.24,1.0,0.19672131147540983,0.3287671232876712,0.19672131147540983,1.0,0.19672131147540983,0.3287671232876712,0.9166666666666666,1.0,0.9166666666666666,0.08333333333333337,0.225,0.19672131147540983,0.19672131147540983,0.24,0.25,0.4,42,14,12,18,12
test_01426,no_topic,0.0,1.0,1.0,301,241,24.896265560165975,0.98,0.22897196261682243,0.3712121212121212,0.22790697674418606,1.0,0.24691358024691357,0.396039603960396,0.24691358024691357,1.0,0.12,0.21428571428571425,0.12,1.0,0.09836065573770492,0.1791044776119403,0.09836065573770492,1.0,0.09836065573770492,0.1791044776119403,1.0,1.0,1.0,0.0,0.15,0.09836065573770492,0.09836065573770492,0.12,0.1,0.1,50,20,6,12,6
test_01426,no_pattern,1.0,0.0,1.0,115,241,52.282157676348554,1.0,0.08878504672897196,0.1630901287553648,0.08878504672897196,1.0,0.1111111111111111,0.19999999999999998,0.1111111111111111,1.0,0.16,0.2758620689655173,0.16,1.0,0.13114754098360656,0.23188405797101452,0.13114754098360656,1.0,0.13114754098360656,0.23188405797101452,0.875,1.0,0.875,0.125,0.1625,0.13114754098360656,0.13114754098360656,0.16,0.15,0.3,19,9,8,13,8
test_01426,no_redundancy,0.3,0.7,0.0,472,241,95.850622406639,1.0,0.1822429906542056,0.308300395256917,0.1822429906542056,1.0,0.14814814814814814,0.25806451612903225,0.14814814814814814,1.0,0.22,0.36065573770491804,0.22,1.0,0.18032786885245902,0.3055555555555556,0.18032786885245902,1.0,0.18032786885245902,0.3055555555555556,1.0,1.0,1.0,0.0,0.175,0.18032786885245902,0.18032786885245902,0.22,0.35,0.2,39,12,11,14,11
test_01427,full_run82,0.3,0.7,1.0,234,234,0.0,1.0,0.31666666666666665,0.4810126582278481,0.31666666666666665,1.0,0.4186046511627907,0.5901639344262295,0.4186046511627907,1.0,0.2,0.33333333333333337,0.2,1.0,0.13114754098360656,0.23188405797101452,0.13114754098360656,1.0,0.13114754098360656,0.23188405797101452,1.0,1.0,1.0,0.0,0.17567567567567569,0.13114754098360656,0.13114754098360656,0.2,0.11428571428571428,0.4,38,18,8,13,8
test_01427,no_topic,0.0,1.0,1.0,268,234,14.529914529914532,1.0,0.375,0.5454545454545454,0.375,1.0,0.5813953488372093,0.7352941176470588,0.5813953488372093,1.0,0.25,0.4,0.25,1.0,0.16393442622950818,0.28169014084507044,0.16393442622950818,1.0,0.16393442622950818,0.28169014084507044,1.0,1.0,1.0,0.0,0.24324324324324326,0.16393442622950818,0.16393442622950818,0.25,0.11428571428571428,0.3,45,25,10,18,10
test_01427,no_pattern,1.0,0.0,1.0,156,234,33.33333333333333,1.0,0.225,0.36734693877551017,0.225,1.0,0.32558139534883723,0.49122807017543857,0.32558139534883723,1.0,0.325,0.4905660377358491,0.325,1.0,0.21311475409836064,0.3513513513513513,0.21311475409836064,1.0,0.21311475409836064,0.3513513513513513,1.0,1.0,1.0,0.0,0.24324324324324326,0.21311475409836064,0.21311475409836064,0.325,0.14285714285714285,0.3,27,14,13,18,13
test_01427,no_redundancy,0.3,0.7,0.0,317,234,35.47008547008547,1.0,0.3416666666666667,0.5093167701863354,0.3416666666666667,1.0,0.4418604651162791,0.6129032258064516,0.4418604651162791,1.0,0.25,0.4,0.25,1.0,0.26229508196721313,0.41558441558441556,0.26229508196721313,1.0,0.26229508196721313,0.41558441558441556,1.0,1.0,1.0,0.0,0.25675675675675674,0.26229508196721313,0.26229508196721313,0.25,0.2857142857142857,0.7,41,19,16,19,16
test_01463,full_run82,0.3,0.7,1.0,1166,1166,0.0,0.9788359788359788,0.056818181818181816,0.1074020319303338,0.05674846625766871,0.9880952380952381,0.07287093942054433,0.1357318070318888,0.07280701754385965,0.8947368421052632,0.05329153605015674,0.10059171597633135,0.0529595015576324,0.625,0.02167630057803468,0.04189944134078212,0.021398002853067047,0.6666666666666666,0.023121387283236993,0.04469273743016759,0.7083333333333334,0.7916666666666666,0.7083333333333334,0.29166666666666663,0.03546099290780142,0.02167630057803468,0.021398002853067047,0.05329153605015674,0.016891891891891893,0.1,189,84,24,35,24
test_01463,no_topic,0.0,1.0,1.0,1534,1166,31.56089193825043,1.0,0.07002457002457002,0.1308840413318025,0.07002457002457002,0.9896907216494846,0.08428446005267778,0.1553398058252427,0.08421052631578947,0.9411764705882353,0.050156739811912224,0.09523809523809523,0.05,0.7222222222222222,0.01878612716763006,0.036619718309859155,0.018651362984218076,0.7222222222222222,0.01878612716763006,0.036619718309859155,0.7777777777777778,0.7777777777777778,0.7222222222222222,0.2777777777777778,0.026004728132387706,0.01878612716763006,0.018651362984218076,0.050156739811912224,0.013513513513513514,0.0,228,97,18,28,18
test_01463,no_pattern,1.0,0.0,1.0,176,1166,84.90566037735849,0.9642857142857143,0.008292383292383292,0.016443361753958587,0.00828983727356463,1.0,0.029850746268656716,0.05797101449275362,0.029850746268656716,1.0,0.006269592476489028,0.012461059190031152,0.006269592476489028,1.0,0.005780346820809248,0.011494252873563216,0.005780346820809248,1.0,0.005780346820809248,0.011494252873563216,1.0,1.0,1.0,0.0,0.0070921985815602835,0.005780346820809248,0.005780346820809248,0.006269592476489028,0.010135135135135136,0.2,28,34,4,6,4
test_01463,no_redundancy,0.3,0.7,0.0,2353,1166,101.80102915951971,0.9797297297297297,0.08906633906633907,0.16328828828828829,0.08890251379521766,0.984251968503937,0.10974539069359086,0.19747235387045814,0.10955302366345311,0.7,0.0438871473354232,0.08259587020648967,0.043076923076923075,0.3333333333333333,0.01300578034682081,0.025034770514603615,0.01267605633802817,0.3333333333333333,0.01300578034682081,0.025034770514603615,0.5555555555555556,0.7407407407407407,0.5555555555555556,0.4444444444444444,0.02364066193853428,0.01300578034682081,0.01267605633802817,0.0438871473354232,0.02364864864864865,0.1,296,127,27,32,27
test_01469,full_run82,0.3,0.7,1.0,245,245,0.0,1.0,0.41975308641975306,0.5913043478260869,0.41975308641975306,0.95,0.4634146341463415,0.6229508196721312,0.4523809523809524,0.8888888888888888,0.5714285714285714,0.6956521739130435,0.5333333333333333,0.8888888888888888,0.47058823529411764,0.6153846153846153,0.4444444444444444,0.8888888888888888,0.47058823529411764,0.6153846153846153,0.8888888888888888,0.8888888888888888,0.8888888888888888,0.11111111111111116,0.4827586206896552,0.47058823529411764,0.4444444444444444,0.5714285714285714,1.0,0.4,34,20,9,16,9
test_01469,no_topic,0.0,1.0,1.0,257,245,4.8979591836734695,1.0,0.4567901234567901,0.6271186440677966,0.4567901234567901,1.0,0.5609756097560976,0.71875,0.5609756097560976,0.8,0.2857142857142857,0.4210526315789473,0.26666666666666666,0.8,0.23529411764705882,0.3636363636363636,0.2222222222222222,0.8,0.23529411764705882,0.3636363636363636,0.8,0.8,0.8,0.19999999999999996,0.27586206896551724,0.23529411764705882,0.2222222222222222,0.2857142857142857,0.5,0.3,37,23,5,10,5
test_01469,no_pattern,1.0,0.0,1.0,214,245,12.653061224489795,1.0,0.35802469135802467,0.5272727272727272,0.35802469135802467,1.0,0.4634146341463415,0.6333333333333334,0.4634146341463415,1.0,0.42857142857142855,0.6,0.42857142857142855,0.8333333333333334,0.29411764705882354,0.4347826086956522,0.2777777777777778,0.8333333333333334,0.29411764705882354,0.4347826086956522,1.0,1.0,1.0,0.0,0.3448275862068966,0.29411764705882354,0.2777777777777778,0.42857142857142855,0.75,0.3,29,19,6,11,6
test_01469,no_redundancy,0.3,0.7,0.0,340,245,38.775510204081634,1.0,0.5185185185185185,0.6829268292682926,0.5185185185185185,1.0,0.6097560975609756,0.7575757575757575,0.6097560975609756,0.8571428571428571,0.42857142857142855,0.5714285714285714,0.4,0.7777777777777778,0.4117647058823529,0.5384615384615384,0.3684210526315789,0.7777777777777778,0.4117647058823529,0.5384615384615384,0.7777777777777778,0.8888888888888888,0.7777777777777778,0.2222222222222222,0.4482758620689655,0.4117647058823529,0.3684210526315789,0.42857142857142855,0.75,0.7,42,25,9,16,9
test_01470,full_run82,0.3,0.7,1.0,467,467,0.0,1.0,0.5859375,0.7389162561576355,0.5859375,1.0,0.7391304347826086,0.85,0.7391304347826086,0.9285714285714286,0.5,0.65,0.48148148148148145,0.9285714285714286,0.4482758620689655,0.6046511627906977,0.43333333333333335,0.9285714285714286,0.4482758620689655,0.6046511627906977,0.9285714285714286,0.9285714285714286,0.9285714285714286,0.0714285714285714,0.46808510638297873,0.4482758620689655,0.43333333333333335,0.5,0.6,0.5,75,34,14,24,14
test_01470,no_topic,0.0,1.0,1.0,475,467,1.7130620985010707,1.0,0.59375,0.7450980392156863,0.59375,1.0,0.717391304347826,0.8354430379746834,0.717391304347826,0.9333333333333333,0.5384615384615384,0.6829268292682926,0.5185185185185185,0.9333333333333333,0.4827586206896552,0.6363636363636364,0.4666666666666667,0.9333333333333333,0.4827586206896552,0.6363636363636364,0.9333333333333333,0.9333333333333333,0.9333333333333333,0.06666666666666665,0.48936170212765956,0.4827586206896552,0.4666666666666667,0.5384615384615384,0.6,0.6,76,33,15,25,15
test_01470,no_pattern,1.0,0.0,1.0,333,467,28.693790149892934,1.0,0.453125,0.6236559139784946,0.453125,1.0,0.41304347826086957,0.5846153846153846,0.41304347826086957,0.9,0.34615384615384615,0.5,0.3333333333333333,0.9,0.3103448275862069,0.4615384615384615,0.3,0.9,0.3103448275862069,0.4615384615384615,0.9,0.9,0.9,0.09999999999999998,0.3404255319148936,0.3103448275862069,0.3,0.34615384615384615,0.6,0.3,58,19,10,18,10
test_01470,no_redundancy,0.3,0.7,0.0,423,467,9.421841541755889,1.0,0.375,0.5454545454545454,0.375,1.0,0.5434782608695652,0.704225352112676,0.5434782608695652,1.0,0.38461538461538464,0.5555555555555556,0.38461538461538464,1.0,0.4482758620689655,0.6190476190476191,0.4482758620689655,1.0,0.4482758620689655,0.6190476190476191,1.0,1.0,1.0,0.0,0.425531914893617,0.4482758620689655,0.4482758620689655,0.38461538461538464,1.0,0.5,48,25,13,20,13
test_01483,full_run82,0.3,0.7,1.0,199,199,0.0,1.0,0.08171206225680934,0.1510791366906475,0.08171206225680934,1.0,0.11494252873563218,0.20618556701030927,0.11494252873563218,1.0,0.06716417910447761,0.12587412587412586,0.06716417910447761,1.0,0.062111801242236024,0.11695906432748539,0.062111801242236024,1.0,0.062111801242236024,0.11695906432748539,1.0,1.0,1.0,0.0,0.07476635514018691,0.062111801242236024,0.062111801242236024,0.06716417910447761,0.06521739130434782,0.0,42,20,10,16,10
test_01483,no_topic,0.0,1.0,1.0,405,199,103.5175879396985,1.0,0.10894941634241245,0.19649122807017544,0.10894941634241245,1.0,0.12643678160919541,0.22448979591836737,0.12643678160919541,1.0,0.09701492537313433,0.17687074829931973,0.09701492537313433,1.0,0.08074534161490683,0.14942528735632182,0.08074534161490683,1.0,0.08074534161490683,0.14942528735632182,1.0,1.0,1.0,0.0,0.102803738317757,0.08074534161490683,0.08074534161490683,0.09701492537313433,0.06521739130434782,0.1,56,22,13,22,13
test_01483,no_pattern,1.0,0.0,1.0,156,199,21.608040201005025,1.0,0.054474708171206226,0.1033210332103321,0.054474708171206226,1.0,0.09195402298850575,0.16842105263157897,0.09195402298850575,1.0,0.07462686567164178,0.13888888888888887,0.07462686567164178,0.8,0.049689440993788817,0.0935672514619883,0.049079754601226995,0.8,0.049689440993788817,0.0935672514619883,0.9,1.0,0.8,0.19999999999999996,0.07476635514018691,0.049689440993788817,0.049079754601226995,0.07462686567164178,0.06521739130434782,0.2,28,16,10,16,10
test_01483,no_redundancy,0.3,0.7,0.0,270,199,35.678391959798994,0.7142857142857143,0.009727626459143969,0.019193857965451058,0.009689922480620155,0.9411764705882353,0.09195402298850575,0.1675392670157068,0.09142857142857143,0.0,0.0,0.0,0.0,0.0,0.0,0.0,0.0,0.0,0.0,0.0,0.0,0.0,0.0,0.0,0.0,0.0,0.0,0.0,0.0,0.0,7,17,0,0,0
test_01491,full_run82,0.3,0.7,1.0,184,184,0.0,1.0,0.1588235294117647,0.27411167512690354,0.1588235294117647,1.0,0.16666666666666666,0.2857142857142857,0.16666666666666666,1.0,0.21875,0.358974358974359,0.21875,1.0,0.16279069767441862,0.28,0.16279069767441862,1.0,0.16279069767441862,0.28,1.0,1.0,1.0,0.0,0.21666666666666667,0.16279069767441862,0.16279069767441862,0.21875,0.23076923076923078,0.3,27,8,7,13,7
test_01491,no_topic,0.0,1.0,1.0,210,184,14.130434782608695,1.0,0.19411764705882353,0.3251231527093596,0.19411764705882353,1.0,0.14583333333333334,0.2545454545454546,0.14583333333333334,1.0,0.21875,0.358974358974359,0.21875,1.0,0.20930232558139536,0.3461538461538462,0.20930232558139536,1.0,0.20930232558139536,0.3461538461538462,1.0,1.0,1.0,0.0,0.21666666666666667,0.20930232558139536,0.20930232558139536,0.21875,0.46153846153846156,0.5,33,7,9,13,9
test_01491,no_pattern,1.0,0.0,1.0,155,184,15.760869565217392,1.0,0.1411764705882353,0.24742268041237114,0.1411764705882353,1.0,0.1875,0.3157894736842105,0.1875,1.0,0.21875,0.358974358974359,0.21875,1.0,0.16279069767441862,0.28,0.16279069767441862,1.0,0.16279069767441862,0.28,1.0,1.0,1.0,0.0,0.2,0.16279069767441862,0.16279069767441862,0.21875,0.23076923076923078,0.3,24,9,7,12,7
test_01491,no_redundancy,0.3,0.7,0.0,336,184,82.6086956521739,1.0,0.2411764705882353,0.3886255924170616,0.2411764705882353,1.0,0.5625,0.72,0.5625,1.0,0.15625,0.2702702702702703,0.15625,1.0,0.13953488372093023,0.24489795918367346,0.13953488372093023,1.0,0.13953488372093023,0.24489795918367346,1.0,1.0,1.0,0.0,0.18333333333333332,0.13953488372093023,0.13953488372093023,0.15625,0.23076923076923078,0.3,41,27,6,11,6
test_01493,full_run82,0.3,0.7,1.0,340,340,0.0,1.0,0.36419753086419754,0.5339366515837104,0.36419753086419754,1.0,0.42424242424242425,0.5957446808510638,0.42424242424242425,1.0,0.275,0.4313725490196079,0.275,1.0,0.25,0.4,0.25,1.0,0.25,0.4,1.0,1.0,1.0,0.0,0.31343283582089554,0.25,0.25,0.275,0.375,0.1,59,28,11,21,11
test_01493,no_topic,0.0,1.0,1.0,340,340,0.0,1.0,0.36419753086419754,0.5339366515837104,0.36419753086419754,1.0,0.42424242424242425,0.5957446808510638,0.42424242424242425,1.0,0.275,0.4313725490196079,0.275,1.0,0.25,0.4,0.25,1.0,0.25,0.4,1.0,1.0,1.0,0.0,0.31343283582089554,0.25,0.25,0.275,0.375,0.1,59,28,11,21,11
test_01493,no_pattern,1.0,0.0,1.0,221,340,35.0,1.0,0.24691358024691357,0.396039603960396,0.24691358024691357,1.0,0.21212121212121213,0.35,0.21212121212121213,1.0,0.275,0.4313725490196079,0.275,1.0,0.25,0.4,0.25,1.0,0.25,0.4,1.0,1.0,1.0,0.0,0.29850746268656714,0.25,0.25,0.275,0.375,0.3,40,14,11,20,11
test_01493,no_redundancy,0.3,0.7,0.0,450,340,32.35294117647059,1.0,0.43209876543209874,0.603448275862069,0.43209876543209874,1.0,0.3484848484848485,0.5168539325842696,0.3484848484848485,1.0,0.35,0.5185185185185185,0.35,1.0,0.3181818181818182,0.4827586206896552,0.3181818181818182,1.0,0.3181818181818182,0.4827586206896552,1.0,1.0,1.0,0.0,0.34328358208955223,0.3181818181818182,0.3181818181818182,0.35,0.625,0.4,70,23,14,23,14
test_01495,full_run82,0.3,0.7,1.0,199,199,0.0,1.0,1.0,1.0,1.0,1.0,1.0,1.0,1.0,1.0,1.0,1.0,1.0,1.0,1.0,1.0,1.0,1.0,1.0,1.0,1.0,1.0,1.0,0.0,1.0,1.0,1.0,1.0,1.0,1.0,37,21,12,20,12
test_01495,no_topic,0.0,1.0,1.0,199,199,0.0,1.0,1.0,1.0,1.0,1.0,1.0,1.0,1.0,1.0,1.0,1.0,1.0,1.0,1.0,1.0,1.0,1.0,1.0,1.0,1.0,1.0,1.0,0.0,1.0,1.0,1.0,1.0,1.0,1.0,37,21,12,20,12
test_01495,no_pattern,1.0,0.0,1.0,199,199,0.0,1.0,1.0,1.0,1.0,1.0,1.0,1.0,1.0,1.0,1.0,1.0,1.0,1.0,1.0,1.0,1.0,1.0,1.0,1.0,1.0,1.0,1.0,0.0,1.0,1.0,1.0,1.0,1.0,1.0,37,21,12,20,12
test_01495,no_redundancy,0.3,0.7,0.0,199,199,0.0,1.0,1.0,1.0,1.0,1.0,1.0,1.0,1.0,1.0,1.0,1.0,1.0,1.0,1.0,1.0,1.0,1.0,1.0,1.0,1.0,1.0,1.0,0.0,1.0,1.0,1.0,1.0,1.0,1.0,37,21,12,20,12
test_01496,full_run82,0.3,0.7,1.0,205,205,0.0,1.0,0.4444444444444444,0.6153846153846153,0.4444444444444444,1.0,0.4444444444444444,0.6153846153846153,0.4444444444444444,1.0,0.4583333333333333,0.6285714285714286,0.4583333333333333,0.9166666666666666,0.3548387096774194,0.5116279069767442,0.34375,0.9166666666666666,0.3548387096774194,0.5116279069767442,1.0,1.0,1.0,0.0,0.37209302325581395,0.3548387096774194,0.34375,0.4583333333333333,0.6,0.5,40,16,12,17,12
test_01496,no_topic,0.0,1.0,1.0,235,205,14.634146341463413,1.0,0.5,0.6666666666666666,0.5,1.0,0.5555555555555556,0.7142857142857143,0.5555555555555556,1.0,0.4583333333333333,0.6285714285714286,0.4583333333333333,1.0,0.3870967741935484,0.5581395348837209,0.3870967741935484,1.0,0.3870967741935484,0.5581395348837209,1.0,1.0,1.0,0.0,0.3953488372093023,0.3870967741935484,0.3870967741935484,0.4583333333333333,0.6,0.6,45,20,12,17,12
test_01496,no_pattern,1.0,0.0,1.0,167,205,18.536585365853657,0.972972972972973,0.4,0.5669291338582677,0.3956043956043956,1.0,0.2777777777777778,0.4347826086956522,0.2777777777777778,1.0,0.5416666666666666,0.7027027027027027,0.5416666666666666,1.0,0.45161290322580644,0.6222222222222222,0.45161290322580644,1.0,0.45161290322580644,0.6222222222222222,1.0,1.0,1.0,0.0,0.5116279069767442,0.45161290322580644,0.45161290322580644,0.5416666666666666,0.6,0.4,37,10,14,22,14
test_01496,no_redundancy,0.3,0.7,0.0,253,205,23.414634146341466,1.0,0.37777777777777777,0.5483870967741935,0.37777777777777777,1.0,0.6111111111111112,0.7586206896551725,0.6111111111111112,1.0,0.3333333333333333,0.5,0.3333333333333333,1.0,0.3225806451612903,0.4878048780487805,0.3225806451612903,1.0,0.3225806451612903,0.4878048780487805,1.0,1.0,1.0,0.0,0.3023255813953488,0.3225806451612903,0.3225806451612903,0.3333333333333333,0.6,0.5,34,22,10,13,10
test_01515,full_run82,0.3,0.7,1.0,252,252,0.0,1.0,0.2571428571428571,0.40909090909090906,0.2571428571428571,1.0,0.31343283582089554,0.4772727272727273,0.31343283582089554,1.0,0.25,0.4,0.25,1.0,0.25806451612903225,0.41025641025641024,0.25806451612903225,1.0,0.25806451612903225,0.41025641025641024,1.0,1.0,1.0,0.0,0.28846153846153844,0.25806451612903225,0.25806451612903225,0.25,0.5,0.3,45,21,8,15,8
test_01515,no_topic,0.0,1.0,1.0,264,252,4.761904761904762,1.0,0.2857142857142857,0.4444444444444445,0.2857142857142857,1.0,0.29850746268656714,0.45977011494252873,0.29850746268656714,1.0,0.32142857142857145,0.4864864864864865,0.32142857142857145,1.0,0.3225806451612903,0.4878048780487805,0.3225806451612903,1.0,0.3225806451612903,0.4878048780487805,1.0,1.0,1.0,0.0,0.34615384615384615,0.3225806451612903,0.3225806451612903,0.32142857142857145,0.5,0.5,50,20,10,18,10
test_01515,no_pattern,1.0,0.0,1.0,234,252,7.142857142857142,1.0,0.22285714285714286,0.3644859813084112,0.22285714285714286,1.0,0.29850746268656714,0.45977011494252873,0.29850746268656714,1.0,0.2857142857142857,0.4444444444444445,0.2857142857142857,1.0,0.25806451612903225,0.41025641025641024,0.25806451612903225,1.0,0.25806451612903225,0.41025641025641024,1.0,1.0,1.0,0.0,0.2692307692307692,0.25806451612903225,0.25806451612903225,0.2857142857142857,0.5,0.3,39,20,8,14,8
test_01515,no_redundancy,0.3,0.7,0.0,344,252,36.507936507936506,1.0,0.26857142857142857,0.4234234234234234,0.26857142857142857,1.0,0.417910447761194,0.5894736842105264,0.417910447761194,1.0,0.32142857142857145,0.4864864864864865,0.32142857142857145,1.0,0.2903225806451613,0.45000000000000007,0.2903225806451613,1.0,0.2903225806451613,0.45000000000000007,1.0,1.0,1.0,0.0,0.28846153846153844,0.2903225806451613,0.2903225806451613,0.32142857142857145,0.6666666666666666,0.4,47,28,9,15,9
test_01517,full_run82,0.3,0.7,1.0,248,248,0.0,0.98,0.23444976076555024,0.37837837837837834,0.23333333333333334,0.9583333333333334,0.25,0.396551724137931,0.24731182795698925,1.0,0.2857142857142857,0.4444444444444445,0.2857142857142857,1.0,0.2037037037037037,0.3384615384615384,0.2037037037037037,1.0,0.2037037037037037,0.3384615384615384,1.0,1.0,1.0,0.0,0.24096385542168675,0.2037037037037037,0.2037037037037037,0.2857142857142857,0.3333333333333333,0.3,50,24,11,20,11
test_01517,no_topic,0.0,1.0,1.0,329,248,32.66129032258064,0.9833333333333333,0.2822966507177033,0.43866171003717475,0.28095238095238095,0.9655172413793104,0.30434782608695654,0.46280991735537186,0.3010752688172043,1.0,0.3142857142857143,0.4782608695652174,0.3142857142857143,1.0,0.2222222222222222,0.3636363636363636,0.2222222222222222,1.0,0.2222222222222222,0.3636363636363636,1.0,1.0,1.0,0.0,0.26506024096385544,0.2222222222222222,0.2222222222222222,0.3142857142857143,0.3333333333333333,0.3,60,29,12,22,12
test_01517,no_pattern,1.0,0.0,1.0,271,248,9.274193548387096,0.9795918367346939,0.22966507177033493,0.3720930232558139,0.22857142857142856,1.0,0.1956521739130435,0.32727272727272727,0.1956521739130435,1.0,0.22857142857142856,0.3720930232558139,0.22857142857142856,1.0,0.16666666666666666,0.2857142857142857,0.16666666666666666,1.0,0.16666666666666666,0.2857142857142857,1.0,1.0,1.0,0.0,0.1686746987951807,0.16666666666666666,0.16666666666666666,0.22857142857142856,0.4444444444444444,0.3,49,18,9,14,9
test_01517,no_redundancy,0.3,0.7,0.0,425,248,71.37096774193549,0.9850746268656716,0.3157894736842105,0.47826086956521746,0.3142857142857143,1.0,0.33695652173913043,0.5040650406504065,0.33695652173913043,1.0,0.2857142857142857,0.4444444444444445,0.2857142857142857,0.9333333333333333,0.25925925925925924,0.40579710144927533,0.2545454545454545,0.9333333333333333,0.25925925925925924,0.40579710144927533,1.0,1.0,1.0,0.0,0.26506024096385544,0.25925925925925924,0.2545454545454545,0.2857142857142857,0.4444444444444444,0.4,67,31,15,23,15
test_01523,full_run82,0.3,0.7,1.0,309,309,0.0,1.0,0.2742616033755274,0.4304635761589404,0.2742616033755274,0.9473684210526315,0.2535211267605634,0.4,0.25,1.0,0.25,0.4,0.25,0.9,0.20454545454545456,0.33333333333333337,0.2,0.9,0.20454545454545456,0.33333333333333337,0.9,1.0,0.9,0.09999999999999998,0.22950819672131148,0.20454545454545456,0.2,0.25,0.38461538461538464,0.3,65,19,10,15,10
test_01523,no_topic,0.0,1.0,1.0,368,309,19.093851132686083,1.0,0.3333333333333333,0.5,0.3333333333333333,0.95,0.2676056338028169,0.41758241758241754,0.2638888888888889,1.0,0.25,0.4,0.25,0.9,0.20454545454545456,0.33333333333333337,0.2,0.9,0.20454545454545456,0.33333333333333337,0.9,1.0,0.9,0.09999999999999998,0.22950819672131148,0.20454545454545456,0.2,0.25,0.38461538461538464,0.3,79,20,10,15,10
test_01523,no_pattern,1.0,0.0,1.0,198,309,35.92233009708738,0.9761904761904762,0.1729957805907173,0.2939068100358423,0.1722689075630252,0.9473684210526315,0.2535211267605634,0.4,0.25,1.0,0.175,0.2978723404255319,0.175,1.0,0.18181818181818182,0.3076923076923077,0.18181818181818182,1.0,0.18181818181818182,0.3076923076923077,1.0,1.0,1.0,0.0,0.2459016393442623,0.18181818181818182,0.18181818181818182,0.175,0.23076923076923078,0.2,42,19,8,15,8
test_01523,no_redundancy,0.3,0.7,0.0,547,309,77.02265372168284,1.0,0.3670886075949367,0.5370370370370371,0.3670886075949367,1.0,0.4084507042253521,0.5800000000000001,0.4084507042253521,1.0,0.35,0.5185185185185185,0.35,1.0,0.3409090909090909,0.5084745762711864,0.3409090909090909,1.0,0.3409090909090909,0.5084745762711864,1.0,1.0,1.0,0.0,0.3442622950819672,0.3409090909090909,0.3409090909090909,0.35,0.38461538461538464,0.5,87,29,15,21,15
test_01525,full_run82,0.3,0.7,1.0,172,172,0.0,0.9615384615384616,0.12077294685990338,0.2145922746781116,0.1201923076923077,1.0,0.07777777777777778,0.1443298969072165,0.07777777777777778,1.0,0.11764705882352941,0.21052631578947367,0.11764705882352941,1.0,0.11940298507462686,0.21333333333333335,0.11940298507462686,1.0,0.11940298507462686,0.21333333333333335,1.0,1.0,1.0,0.0,0.15789473684210525,0.11940298507462686,0.11940298507462686,0.11764705882352941,0.23076923076923078,0.1,26,7,8,15,8
test_01525,no_topic,0.0,1.0,1.0,184,172,6.976744186046512,0.96875,0.1497584541062802,0.2594142259414226,0.14903846153846154,1.0,0.07777777777777778,0.1443298969072165,0.07777777777777778,1.0,0.11764705882352941,0.21052631578947367,0.11764705882352941,1.0,0.11940298507462686,0.21333333333333335,0.11940298507462686,1.0,0.11940298507462686,0.21333333333333335,1.0,1.0,1.0,0.0,0.14736842105263157,0.11940298507462686,0.11940298507462686,0.11764705882352941,0.23076923076923078,0.2,32,7,8,14,8
test_01525,no_pattern,1.0,0.0,1.0,160,172,6.976744186046512,0.9655172413793104,0.13526570048309178,0.23728813559322032,0.1346153846153846,1.0,0.08888888888888889,0.163265306122449,0.08888888888888889,1.0,0.11764705882352941,0.21052631578947367,0.11764705882352941,1.0,0.11940298507462686,0.21333333333333335,0.11940298507462686,1.0,0.11940298507462686,0.21333333333333335,1.0,1.0,1.0,0.0,0.15789473684210525,0.11940298507462686,0.11940298507462686,0.11764705882352941,0.23076923076923078,0.3,29,8,8,15,8
test_01525,no_redundancy,0.3,0.7,0.0,399,172,131.9767441860465,0.9454545454545454,0.25120772946859904,0.3969465648854961,0.24761904761904763,1.0,0.35555555555555557,0.5245901639344263,0.35555555555555557,0.9090909090909091,0.19607843137254902,0.3225806451612903,0.19230769230769232,0.9090909090909091,0.14925373134328357,0.2564102564102564,0.14705882352941177,0.9090909090909091,0.14925373134328357,0.2564102564102564,0.9090909090909091,0.9090909090909091,0.9090909090909091,0.09090909090909094,0.15789473684210525,0.14925373134328357,0.14705882352941177,0.19607843137254902,0.38461538461538464,0.3,55,32,11,16,11
test_01541,full_run82,0.3,0.7,1.0,337,337,0.0,1.0,0.6022727272727273,0.75177304964539,0.6022727272727273,1.0,0.6363636363636364,0.7777777777777778,0.6363636363636364,1.0,0.5625,0.72,0.5625,1.0,0.5263157894736842,0.6896551724137931,0.5263157894736842,1.0,0.5263157894736842,0.6896551724137931,1.0,1.0,1.0,0.0,0.6,0.5263157894736842,0.5263157894736842,0.5625,0.75,0.6,53,21,10,18,10
test_01541,no_topic,0.0,1.0,1.0,359,337,6.528189910979229,1.0,0.625,0.7692307692307693,0.625,1.0,0.6666666666666666,0.8,0.6666666666666666,1.0,0.625,0.7692307692307693,0.625,1.0,0.5789473684210527,0.7333333333333334,0.5789473684210527,1.0,0.5789473684210527,0.7333333333333334,1.0,1.0,1.0,0.0,0.6666666666666666,0.5789473684210527,0.5789473684210527,0.625,0.75,0.5,55,22,11,20,11
test_01541,no_pattern,1.0,0.0,1.0,299,337,11.275964391691394,1.0,0.625,0.7692307692307693,0.625,1.0,0.6363636363636364,0.7777777777777778,0.6363636363636364,1.0,0.5625,0.72,0.5625,1.0,0.5263157894736842,0.6896551724137931,0.5263157894736842,1.0,0.5263157894736842,0.6896551724137931,1.0,1.0,1.0,0.0,0.5666666666666667,0.5263157894736842,0.5263157894736842,0.5625,0.75,0.5,55,21,10,17,10
test_01541,no_redundancy,0.3,0.7,0.0,437,337,29.673590504451035,1.0,0.6363636363636364,0.7777777777777778,0.6363636363636364,1.0,0.5757575757575758,0.7307692307692308,0.5757575757575758,1.0,0.5,0.6666666666666666,0.5,1.0,0.5263157894736842,0.6896551724137931,0.5263157894736842,1.0,0.5263157894736842,0.6896551724137931,1.0,1.0,1.0,0.0,0.6333333333333333,0.5263157894736842,0.5263157894736842,0.5,0.75,0.4,56,19,10,19,10
test_01548,full_run82,0.3,0.7,1.0,210,210,0.0,1.0,0.3855421686746988,0.5565217391304349,0.3855421686746988,1.0,0.5128205128205128,0.6779661016949152,0.5128205128205128,1.0,0.56,0.717948717948718,0.56,1.0,0.5384615384615384,0.7000000000000001,0.5384615384615384,1.0,0.5384615384615384,0.7000000000000001,1.0,1.0,1.0,0.0,0.5945945945945946,0.5384615384615384,0.5384615384615384,0.56,0.4444444444444444,0.9,32,20,14,22,14
test_01548,no_topic,0.0,1.0,1.0,218,210,3.8095238095238098,1.0,0.3855421686746988,0.5565217391304349,0.3855421686746988,1.0,0.5128205128205128,0.6779661016949152,0.5128205128205128,1.0,0.48,0.6486486486486487,0.48,1.0,0.46153846153846156,0.631578947368421,0.46153846153846156,1.0,0.46153846153846156,0.631578947368421,1.0,1.0,1.0,0.0,0.5135135135135135,0.46153846153846156,0.46153846153846156,0.48,0.4444444444444444,0.8,32,20,12,19,12
test_01548,no_pattern,1.0,0.0,1.0,166,210,20.952380952380953,1.0,0.37349397590361444,0.543859649122807,0.37349397590361444,1.0,0.4358974358974359,0.6071428571428571,0.4358974358974359,1.0,0.6,0.7499999999999999,0.6,1.0,0.5769230769230769,0.7317073170731707,0.5769230769230769,1.0,0.5769230769230769,0.7317073170731707,1.0,1.0,1.0,0.0,0.5945945945945946,0.5769230769230769,0.5769230769230769,0.6,0.5555555555555556,0.9,31,17,15,22,15
test_01548,no_redundancy,0.3,0.7,0.0,284,210,35.23809523809524,1.0,0.4578313253012048,0.628099173553719,0.4578313253012048,0.9523809523809523,0.5128205128205128,0.6666666666666666,0.5,1.0,0.16,0.2758620689655173,0.16,1.0,0.15384615384615385,0.2666666666666667,0.15384615384615385,1.0,0.15384615384615385,0.2666666666666667,1.0,1.0,1.0,0.0,0.1891891891891892,0.15384615384615385,0.15384615384615385,0.16,0.3333333333333333,0.3,38,21,4,7,4
test_01556,full_run82,0.3,0.7,1.0,205,205,0.0,1.0,0.13636363636363635,0.24000000000000002,0.13636363636363635,1.0,0.1095890410958904,0.19753086419753085,0.1095890410958904,1.0,0.20454545454545456,0.339622641509434,0.20454545454545456,1.0,0.14754098360655737,0.2571428571428572,0.14754098360655737,1.0,0.14754098360655737,0.2571428571428572,1.0,1.0,1.0,0.0,0.1595744680851064,0.14754098360655737,0.14754098360655737,0.20454545454545456,0.36363636363636365,0.2,39,16,9,15,9
test_01556,no_topic,0.0,1.0,1.0,193,205,5.853658536585367,1.0,0.10839160839160839,0.19558359621451105,0.10839160839160839,1.0,0.1095890410958904,0.19753086419753085,0.1095890410958904,1.0,0.13636363636363635,0.24000000000000002,0.13636363636363635,1.0,0.09836065573770492,0.1791044776119403,0.09836065573770492,1.0,0.09836065573770492,0.1791044776119403,0.8333333333333334,1.0,0.8333333333333334,0.16666666666666663,0.10638297872340426,0.09836065573770492,0.09836065573770492,0.13636363636363635,0.2727272727272727,0.2,31,16,6,10,6
test_01556,no_pattern,1.0,0.0,1.0,142,205,30.73170731707317,1.0,0.09090909090909091,0.16666666666666669,0.09090909090909091,1.0,0.06164383561643835,0.11612903225806451,0.06164383561643835,1.0,0.18181818181818182,0.3076923076923077,0.18181818181818182,1.0,0.13114754098360656,0.23188405797101452,0.13114754098360656,1.0,0.13114754098360656,0.23188405797101452,1.0,1.0,1.0,0.0,0.13829787234042554,0.13114754098360656,0.13114754098360656,0.18181818181818182,0.45454545454545453,0.1,26,9,8,13,8
test_01556,no_redundancy,0.3,0.7,0.0,443,205,116.09756097560975,0.9649122807017544,0.19230769230769232,0.3206997084548105,0.1909722222222222,1.0,0.273972602739726,0.43010752688172044,0.273972602739726,1.0,0.20454545454545456,0.339622641509434,0.20454545454545456,1.0,0.18032786885245902,0.3055555555555556,0.18032786885245902,1.0,0.18032786885245902,0.3055555555555556,1.0,1.0,1.0,0.0,0.18085106382978725,0.18032786885245902,0.18032786885245902,0.20454545454545456,0.45454545454545453,0.3,57,40,11,17,11
test_01571,full_run82,0.3,0.7,1.0,197,197,0.0,1.0,0.14935064935064934,0.2598870056497175,0.14935064935064934,1.0,0.21052631578947367,0.34782608695652173,0.21052631578947367,1.0,0.2222222222222222,0.3636363636363636,0.2222222222222222,1.0,0.18333333333333332,0.30985915492957744,0.18333333333333332,1.0,0.18333333333333332,0.30985915492957744,1.0,1.0,1.0,0.0,0.2289156626506024,0.18333333333333332,0.18333333333333332,0.2222222222222222,0.21428571428571427,0.4,23,20,11,19,11
test_01571,no_topic,0.0,1.0,1.0,258,197,30.96446700507614,1.0,0.22077922077922077,0.3617021276595745,0.22077922077922077,1.0,0.25263157894736843,0.4033613445378152,0.25263157894736843,1.0,0.24444444444444444,0.39285714285714285,0.24444444444444444,1.0,0.18333333333333332,0.30985915492957744,0.18333333333333332,1.0,0.18333333333333332,0.30985915492957744,1.0,1.0,1.0,0.0,0.1927710843373494,0.18333333333333332,0.18333333333333332,0.24444444444444444,0.5,0.4,34,24,11,16,11
test_01571,no_pattern,1.0,0.0,1.0,107,197,45.68527918781726,1.0,0.07142857142857142,0.13333333333333333,0.07142857142857142,1.0,0.09473684210526316,0.17307692307692307,0.09473684210526316,1.0,0.15555555555555556,0.2692307692307693,0.15555555555555556,1.0,0.13333333333333333,0.23529411764705882,0.13333333333333333,1.0,0.13333333333333333,0.23529411764705882,1.0,1.0,1.0,0.0,0.1686746987951807,0.13333333333333333,0.13333333333333333,0.15555555555555556,0.21428571428571427,0.3,11,9,8,14,8
test_01571,no_redundancy,0.3,0.7,0.0,407,197,106.59898477157361,1.0,0.36363636363636365,0.5333333333333333,0.36363636363636365,1.0,0.3684210526315789,0.5384615384615384,0.3684210526315789,1.0,0.37777777777777777,0.5483870967741935,0.37777777777777777,1.0,0.3,0.4615384615384615,0.3,1.0,0.3,0.4615384615384615,1.0,1.0,1.0,0.0,0.3132530120481928,0.3,0.3,0.37777777777777777,0.6428571428571429,0.3,56,35,18,26,18
test_01576,full_run82,0.3,0.7,1.0,354,354,0.0,1.0,0.2918918918918919,0.4518828451882845,0.2918918918918919,1.0,0.34782608695652173,0.5161290322580645,0.34782608695652173,1.0,0.2641509433962264,0.41791044776119407,0.2641509433962264,1.0,0.22058823529411764,0.36144578313253006,0.22058823529411764,1.0,0.22058823529411764,0.36144578313253006,0.9333333333333333,1.0,0.9333333333333333,0.06666666666666665,0.23404255319148937,0.22058823529411764,0.22058823529411764,0.2641509433962264,0.3333333333333333,0.3,54,32,15,22,15
test_01576,no_topic,0.0,1.0,1.0,394,354,11.299435028248588,1.0,0.31891891891891894,0.48360655737704916,0.31891891891891894,1.0,0.3695652173913043,0.5396825396825397,0.3695652173913043,1.0,0.3018867924528302,0.463768115942029,0.3018867924528302,0.9444444444444444,0.25,0.3953488372093023,0.2463768115942029,0.9444444444444444,0.25,0.3953488372093023,0.9444444444444444,1.0,0.9444444444444444,0.05555555555555558,0.30851063829787234,0.25,0.2463768115942029,0.3018867924528302,0.3333333333333333,0.4,59,34,18,29,18
test_01576,no_pattern,1.0,0.0,1.0,183,354,48.30508474576271,1.0,0.14054054054054055,0.2464454976303318,0.14054054054054055,1.0,0.2717391304347826,0.4273504273504273,0.2717391304347826,1.0,0.22641509433962265,0.36923076923076925,0.22641509433962265,1.0,0.19117647058823528,0.32098765432098764,0.19117647058823528,1.0,0.19117647058823528,0.32098765432098764,1.0,1.0,1.0,0.0,0.23404255319148937,0.19117647058823528,0.19117647058823528,0.22641509433962265,0.2222222222222222,0.4,26,25,13,22,13
test_01576,no_redundancy,0.3,0.7,0.0,425,354,20.056497175141246,1.0,0.3621621621621622,0.5317460317460317,0.3621621621621622,1.0,0.391304347826087,0.5625,0.391304347826087,1.0,0.3018867924528302,0.463768115942029,0.3018867924528302,1.0,0.27941176470588236,0.4367816091954023,0.27941176470588236,1.0,0.27941176470588236,0.4367816091954023,1.0,1.0,1.0,0.0,0.3191489361702128,0.27941176470588236,0.27941176470588236,0.3018867924528302,0.3333333333333333,0.3,67,36,19,30,19
test_01604,full_run82,0.3,0.7,1.0,235,235,0.0,1.0,0.1434108527131783,0.25084745762711863,0.1434108527131783,1.0,0.14285714285714285,0.25,0.14285714285714285,1.0,0.14035087719298245,0.24615384615384614,0.14035087719298245,1.0,0.08791208791208792,0.16161616161616163,0.08791208791208792,1.0,0.08791208791208792,0.16161616161616163,1.0,1.0,1.0,0.0,0.11304347826086956,0.08791208791208792,0.08791208791208792,0.14035087719298245,0.09090909090909091,0.4,37,13,8,13,8
test_01604,no_topic,0.0,1.0,1.0,269,235,14.468085106382977,1.0,0.15891472868217055,0.27424749163879597,0.15891472868217055,1.0,0.16483516483516483,0.2830188679245283,0.16483516483516483,1.0,0.22807017543859648,0.3714285714285714,0.22807017543859648,1.0,0.15384615384615385,0.2666666666666667,0.15384615384615385,1.0,0.15384615384615385,0.2666666666666667,1.0,1.0,1.0,0.0,0.1826086956521739,0.15384615384615385,0.15384615384615385,0.22807017543859648,0.15151515151515152,0.5,41,15,14,21,14
test_01604,no_pattern,1.0,0.0,1.0,104,235,55.74468085106383,1.0,0.06976744186046512,0.13043478260869565,0.06976744186046512,1.0,0.06593406593406594,0.12371134020618557,0.06593406593406594,0.75,0.05263157894736842,0.09836065573770492,0.05172413793103448,0.8,0.04395604395604396,0.08333333333333336,0.043478260869565216,0.8,0.04395604395604396,0.08333333333333336,0.8,0.8,0.8,0.19999999999999996,0.06086956521739131,0.04395604395604396,0.043478260869565216,0.05263157894736842,0.09090909090909091,0.3,18,6,5,9,5
test_01604,no_redundancy,0.3,0.7,0.0,262,235,11.48936170212766,1.0,0.1511627906976744,0.2626262626262626,0.1511627906976744,1.0,0.14285714285714285,0.25,0.14285714285714285,1.0,0.12280701754385964,0.21875,0.12280701754385964,1.0,0.08791208791208792,0.16161616161616163,0.08791208791208792,1.0,0.08791208791208792,0.16161616161616163,1.0,1.0,1.0,0.0,0.08695652173913043,0.08791208791208792,0.08791208791208792,0.12280701754385964,0.24242424242424243,0.2,39,13,8,10,8
test_01611,full_run82,0.3,0.7,1.0,354,354,0.0,0.9838709677419355,0.20333333333333334,0.3370165745856354,0.2026578073089701,1.0,0.28,0.43750000000000006,0.28,1.0,0.23809523809523808,0.3846153846153846,0.23809523809523808,1.0,0.17543859649122806,0.29850746268656714,0.17543859649122806,1.0,0.17543859649122806,0.29850746268656714,0.9,1.0,0.9,0.09999999999999998,0.2,0.17543859649122806,0.17543859649122806,0.23809523809523808,0.42857142857142855,0.0,62,35,10,18,10
test_01611,no_topic,0.0,1.0,1.0,387,354,9.322033898305085,1.0,0.22666666666666666,0.3695652173913044,0.22666666666666666,1.0,0.28,0.43750000000000006,0.28,1.0,0.21428571428571427,0.35294117647058826,0.21428571428571427,1.0,0.15789473684210525,0.2727272727272727,0.15789473684210525,1.0,0.15789473684210525,0.2727272727272727,1.0,1.0,0.8888888888888888,0.11111111111111116,0.17777777777777778,0.15789473684210525,0.15789473684210525,0.21428571428571427,0.42857142857142855,0.2,68,35,9,16,9
test_01611,no_pattern,1.0,0.0,1.0,179,354,49.43502824858757,0.9761904761904762,0.13666666666666666,0.23976608187134502,0.1362126245847176,0.9473684210526315,0.144,0.25,0.14285714285714285,1.0,0.23809523809523808,0.3846153846153846,0.23809523809523808,0.9,0.15789473684210525,0.26865671641791045,0.15517241379310345,0.9,0.15789473684210525,0.26865671641791045,0.9,1.0,0.9,0.09999999999999998,0.2,0.15789473684210525,0.15517241379310345,0.23809523809523808,0.42857142857142855,0.0,42,19,10,19,10
test_01611,no_redundancy,0.3,0.7,0.0,810,354,128.81355932203388,0.984375,0.21,0.34615384615384615,0.20930232558139536,0.9772727272727273,0.344,0.5088757396449703,0.3412698412698413,1.0,0.07142857142857142,0.13333333333333333,0.07142857142857142,1.0,0.10526315789473684,0.1904761904761905,0.10526315789473684,1.0,0.10526315789473684,0.1904761904761905,1.0,1.0,1.0,0.0,0.1,0.10526315789473684,0.10526315789473684,0.07142857142857142,0.5714285714285714,0.2,64,44,6,9,6
test_01618,full_run82,0.3,0.7,1.0,247,247,0.0,0.9767441860465116,0.2937062937062937,0.4516129032258064,0.2916666666666667,1.0,0.32558139534883723,0.49122807017543857,0.32558139534883723,1.0,0.36,0.5294117647058824,0.36,1.0,0.32142857142857145,0.4864864864864865,0.32142857142857145,1.0,0.32142857142857145,0.4864864864864865,1.0,1.0,1.0,0.0,0.34782608695652173,0.32142857142857145,0.32142857142857145,0.36,0.75,0.5,43,14,9,16,9
test_01618,no_topic,0.0,1.0,1.0,282,247,14.17004048582996,0.9591836734693877,0.32867132867132864,0.4895833333333332,0.32413793103448274,1.0,0.27906976744186046,0.43636363636363634,0.27906976744186046,1.0,0.44,0.6111111111111112,0.44,1.0,0.39285714285714285,0.5641025641025641,0.39285714285714285,1.0,0.39285714285714285,0.5641025641025641,1.0,1.0,1.0,0.0,0.41304347826086957,0.39285714285714285,0.39285714285714285,0.44,1.0,0.4,49,12,11,19,11
test_01618,no_pattern,1.0,0.0,1.0,197,247,20.242914979757085,1.0,0.23076923076923078,0.375,0.23076923076923078,0.9333333333333333,0.32558139534883723,0.4827586206896553,0.3181818181818182,1.0,0.28,0.43750000000000006,0.28,1.0,0.25,0.4,0.25,1.0,0.25,0.4,1.0,1.0,1.0,0.0,0.2608695652173913,0.25,0.25,0.28,0.75,0.4,33,15,7,12,7
test_01618,no_redundancy,0.3,0.7,0.0,336,247,36.032388663967616,1.0,0.32167832167832167,0.48677248677248675,0.32167832167832167,1.0,0.37209302325581395,0.5423728813559322,0.37209302325581395,1.0,0.28,0.43750000000000006,0.28,1.0,0.25,0.4,0.25,1.0,0.25,0.4,1.0,1.0,1.0,0.0,0.2608695652173913,0.25,0.25,0.28,1.0,0.3,46,16,7,12,7
test_01622,full_run82,0.3,0.7,1.0,229,229,0.0,1.0,0.14603174603174604,0.2548476454293629,0.14603174603174604,1.0,0.2079207920792079,0.3442622950819672,0.2079207920792079,1.0,0.22641509433962265,0.36923076923076925,0.22641509433962265,1.0,0.19402985074626866,0.325,0.19402985074626866,1.0,0.19402985074626866,0.325,1.0,1.0,1.0,0.0,0.20388349514563106,0.19402985074626866,0.19402985074626866,0.22641509433962265,0.5454545454545454,0.3,46,21,13,21,13
test_01622,no_topic,0.0,1.0,1.0,264,229,15.283842794759824,1.0,0.1523809523809524,0.26446280991735543,0.1523809523809524,1.0,0.22772277227722773,0.3709677419354839,0.22772277227722773,1.0,0.20754716981132076,0.34375000000000006,0.20754716981132076,1.0,0.1791044776119403,0.30379746835443033,0.1791044776119403,1.0,0.1791044776119403,0.30379746835443033,1.0,1.0,1.0,0.0,0.18446601941747573,0.1791044776119403,0.1791044776119403,0.20754716981132076,0.5454545454545454,0.3,48,23,12,19,12
test_01622,no_pattern,1.0,0.0,1.0,173,229,24.45414847161572,0.967741935483871,0.09523809523809523,0.17341040462427745,0.0949367088607595,1.0,0.16831683168316833,0.288135593220339,0.16831683168316833,1.0,0.1320754716981132,0.23333333333333334,0.1320754716981132,1.0,0.1044776119402985,0.18918918918918917,0.1044776119402985,1.0,0.1044776119402985,0.18918918918918917,1.0,1.0,1.0,0.0,0.11650485436893204,0.1044776119402985,0.1044776119402985,0.1320754716981132,0.2727272727272727,0.2,31,17,7,12,7
test_01622,no_redundancy,0.3,0.7,0.0,506,229,120.96069868995633,1.0,0.24761904761904763,0.3969465648854962,0.24761904761904763,1.0,0.25742574257425743,0.4094488188976378,0.25742574257425743,1.0,0.20754716981132076,0.34375000000000006,0.20754716981132076,1.0,0.208955223880597,0.345679012345679,0.208955223880597,1.0,0.208955223880597,0.345679012345679,1.0,1.0,1.0,0.0,0.20388349514563106,0.208955223880597,0.208955223880597,0.20754716981132076,0.6363636363636364,0.3,78,26,14,21,14
test_01633,full_run82,0.3,0.7,1.0,335,335,0.0,1.0,0.17543859649122806,0.29850746268656714,0.17543859649122806,1.0,0.2782608695652174,0.435374149659864,0.2782608695652174,1.0,0.24193548387096775,0.38961038961038963,0.24193548387096775,1.0,0.19753086419753085,0.32989690721649484,0.19753086419753085,1.0,0.19753086419753085,0.32989690721649484,1.0,1.0,1.0,0.0,0.21621621621621623,0.19753086419753085,0.19753086419753085,0.24193548387096775,0.20689655172413793,0.3,50,32,16,24,16
test_01633,no_topic,0.0,1.0,1.0,344,335,2.6865671641791042,1.0,0.18596491228070175,0.3136094674556213,0.18596491228070175,1.0,0.28695652173913044,0.44594594594594594,0.28695652173913044,1.0,0.27419354838709675,0.430379746835443,0.27419354838709675,1.0,0.2222222222222222,0.3636363636363636,0.2222222222222222,1.0,0.2222222222222222,0.3636363636363636,0.8888888888888888,1.0,0.8888888888888888,0.11111111111111116,0.23423423423423423,0.2222222222222222,0.2222222222222222,0.27419354838709675,0.2413793103448276,0.4,53,33,18,26,18
test_01633,no_pattern,1.0,0.0,1.0,176,335,47.462686567164184,1.0,0.11228070175438597,0.2018927444794953,0.11228070175438597,1.0,0.09565217391304348,0.17460317460317462,0.09565217391304348,1.0,0.11290322580645161,0.2028985507246377,0.11290322580645161,1.0,0.08641975308641975,0.1590909090909091,0.08641975308641975,1.0,0.08641975308641975,0.1590909090909091,1.0,1.0,1.0,0.0,0.11711711711711711,0.08641975308641975,0.08641975308641975,0.11290322580645161,0.10344827586206896,0.3,32,11,7,13,7
test_01633,no_redundancy,0.3,0.7,0.0,407,335,21.492537313432834,1.0,0.1649122807017544,0.28313253012048195,0.1649122807017544,1.0,0.3217391304347826,0.4868421052631579,0.3217391304347826,1.0,0.20967741935483872,0.3466666666666667,0.20967741935483872,1.0,0.2716049382716049,0.4271844660194175,0.2716049382716049,1.0,0.2716049382716049,0.4271844660194175,1.0,1.0,1.0,0.0,0.2072072072072072,0.2716049382716049,0.2716049382716049,0.20967741935483872,0.5517241379310345,0.5,47,37,22,23,22
test_01643,full_run82,0.3,0.7,1.0,196,196,0.0,1.0,0.19186046511627908,0.3219512195121952,0.19186046511627908,1.0,0.24561403508771928,0.3943661971830986,0.24561403508771928,1.0,0.23333333333333334,0.37837837837837834,0.23333333333333334,1.0,0.1590909090909091,0.2745098039215686,0.1590909090909091,1.0,0.1590909090909091,0.2745098039215686,1.0,1.0,1.0,0.0,0.2,0.1590909090909091,0.1590909090909091,0.23333333333333334,0.3,0.2,33,14,7,12,7
test_01643,no_topic,0.0,1.0,1.0,300,196,53.06122448979592,0.9791666666666666,0.27325581395348836,0.4272727272727273,0.27167630057803466,1.0,0.3157894736842105,0.4799999999999999,0.3157894736842105,1.0,0.16666666666666666,0.2857142857142857,0.16666666666666666,1.0,0.11363636363636363,0.20408163265306123,0.11363636363636363,1.0,0.11363636363636363,0.20408163265306123,1.0,1.0,1.0,0.0,0.16666666666666666,0.11363636363636363,0.11363636363636363,0.16666666666666666,0.2,0.2,48,18,5,10,5
test_01643,no_pattern,1.0,0.0,1.0,179,196,8.673469387755102,1.0,0.18023255813953487,0.3054187192118227,0.18023255813953487,1.0,0.10526315789473684,0.1904761904761905,0.10526315789473684,1.0,0.4,0.5714285714285715,0.4,1.0,0.2727272727272727,0.42857142857142855,0.2727272727272727,1.0,0.2727272727272727,0.42857142857142855,1.0,1.0,1.0,0.0,0.3,0.2727272727272727,0.2727272727272727,0.4,0.4,0.4,31,6,12,18,12
test_01643,no_redundancy,0.3,0.7,0.0,375,196,91.3265306122449,1.0,0.13372093023255813,0.23589743589743586,0.13372093023255813,1.0,0.3333333333333333,0.5,0.3333333333333333,1.0,0.2,0.33333333333333337,0.2,1.0,0.18181818181818182,0.3076923076923077,0.18181818181818182,1.0,0.18181818181818182,0.3076923076923077,1.0,1.0,1.0,0.0,0.2,0.18181818181818182,0.18181818181818182,0.2,0.5,0.5,23,19,8,12,8
test_01661,full_run82,0.3,0.7,1.0,274,274,0.0,0.9591836734693877,0.31125827814569534,0.4699999999999999,0.30718954248366015,1.0,0.25,0.4,0.25,1.0,0.25,0.4,0.25,1.0,0.2222222222222222,0.3636363636363636,0.2222222222222222,1.0,0.2222222222222222,0.3636363636363636,1.0,1.0,1.0,0.0,0.22950819672131148,0.2222222222222222,0.2222222222222222,0.25,0.75,0.2,49,19,8,14,8
test_01661,no_topic,0.0,1.0,1.0,273,274,0.36496350364963503,0.9607843137254902,0.32450331125827814,0.48514851485148514,0.3202614379084967,1.0,0.25,0.4,0.25,1.0,0.28125,0.43902439024390244,0.28125,1.0,0.25,0.4,0.25,1.0,0.25,0.4,1.0,1.0,1.0,0.0,0.26229508196721313,0.25,0.25,0.28125,0.75,0.2,51,19,9,16,9
test_01661,no_pattern,1.0,0.0,1.0,240,274,12.408759124087592,0.9512195121951219,0.2582781456953642,0.40624999999999994,0.2549019607843137,1.0,0.2631578947368421,0.4166666666666667,0.2631578947368421,1.0,0.3125,0.47619047619047616,0.3125,1.0,0.2777777777777778,0.4347826086956522,0.2777777777777778,1.0,0.2777777777777778,0.4347826086956522,1.0,1.0,1.0,0.0,0.2786885245901639,0.2777777777777778,0.2777777777777778,0.3125,0.75,0.3,41,20,10,17,10
test_01661,no_redundancy,0.3,0.7,0.0,315,274,14.963503649635038,1.0,0.25165562913907286,0.40211640211640215,0.25165562913907286,1.0,0.18421052631578946,0.3111111111111111,0.18421052631578946,0.7777777777777778,0.21875,0.34146341463414637,0.20588235294117646,0.7777777777777778,0.19444444444444445,0.3111111111111111,0.18421052631578946,0.7777777777777778,0.19444444444444445,0.3111111111111111,0.7777777777777778,0.7777777777777778,0.7777777777777778,0.2222222222222222,0.22950819672131148,0.19444444444444445,0.18421052631578946,0.21875,0.75,0.1,38,14,9,16,9
test_01683,full_run82,0.3,0.7,1.0,426,426,0.0,1.0,0.6836734693877551,0.8121212121212121,0.6836734693877551,1.0,0.6086956521739131,0.7567567567567568,0.6086956521739131,1.0,0.5625,0.72,0.5625,1.0,0.55,0.7096774193548387,0.55,1.0,0.55,0.7096774193548387,1.0,1.0,1.0,0.0,0.5625,0.55,0.55,0.5625,1.0,0.4,67,28,11,18,11
test_01683,no_topic,0.0,1.0,1.0,458,426,7.511737089201878,1.0,0.7346938775510204,0.8470588235294119,0.7346938775510204,1.0,0.6739130434782609,0.8051948051948052,0.6739130434782609,1.0,0.5,0.6666666666666666,0.5,1.0,0.55,0.7096774193548387,0.55,1.0,0.55,0.7096774193548387,1.0,1.0,1.0,0.0,0.59375,0.55,0.55,0.5,1.0,0.3,72,31,11,19,11
test_01683,no_pattern,1.0,0.0,1.0,296,426,30.51643192488263,1.0,0.40816326530612246,0.5797101449275363,0.40816326530612246,1.0,0.4782608695652174,0.6470588235294118,0.4782608695652174,1.0,0.75,0.8571428571428571,0.75,1.0,0.7,0.8235294117647058,0.7,1.0,0.7,0.8235294117647058,1.0,1.0,1.0,0.0,0.71875,0.7,0.7,0.75,0.75,0.7,40,22,14,23,14
test_01683,no_redundancy,0.3,0.7,0.0,464,426,8.92018779342723,1.0,0.673469387755102,0.8048780487804877,0.673469387755102,1.0,0.8478260869565217,0.9176470588235294,0.8478260869565217,1.0,0.375,0.5454545454545454,0.375,1.0,0.4,0.5714285714285715,0.4,1.0,0.4,0.5714285714285715,1.0,1.0,1.0,0.0,0.40625,0.4,0.4,0.375,1.0,0.3,66,39,8,13,8
test_01705,full_run82,0.3,0.7,1.0,232,232,0.0,1.0,0.08591885441527446,0.15824175824175823,0.08591885441527446,1.0,0.26126126126126126,0.41428571428571426,0.26126126126126126,1.0,0.09090909090909091,0.16666666666666669,0.09090909090909091,1.0,0.056179775280898875,0.10638297872340426,0.056179775280898875,1.0,0.056179775280898875,0.10638297872340426,1.0,1.0,1.0,0.0,0.07246376811594203,0.056179775280898875,0.056179775280898875,0.09090909090909091,0.2857142857142857,0.0,36,29,5,10,5
test_01705,no_topic,0.0,1.0,1.0,223,232,3.8793103448275863,1.0,0.10501193317422435,0.1900647948164147,0.10501193317422435,1.0,0.08108108108108109,0.15,0.08108108108108109,1.0,0.05454545454545454,0.10344827586206896,0.05454545454545454,1.0,0.033707865168539325,0.06521739130434782,0.033707865168539325,1.0,0.033707865168539325,0.06521739130434782,1.0,1.0,1.0,0.0,0.043478260869565216,0.033707865168539325,0.033707865168539325,0.05454545454545454,0.2857142857142857,0.1,44,9,3,6,3
test_01705,no_pattern,1.0,0.0,1.0,173,232,25.43103448275862,1.0,0.057279236276849645,0.10835214446952596,0.057279236276849645,0.9655172413793104,0.25225225225225223,0.39999999999999997,0.25,1.0,0.10909090909090909,0.19672131147540983,0.10909090909090909,1.0,0.06741573033707865,0.12631578947368421,0.06741573033707865,1.0,0.06741573033707865,0.12631578947368421,1.0,1.0,1.0,0.0,0.07971014492753623,0.06741573033707865,0.06741573033707865,0.10909090909090909,0.42857142857142855,0.2,24,29,6,11,6
test_01705,no_redundancy,0.3,0.7,0.0,528,232,127.58620689655173,1.0,0.2171837708830549,0.3568627450980392,0.2171837708830549,1.0,0.18018018018018017,0.3053435114503817,0.18018018018018017,1.0,0.10909090909090909,0.19672131147540983,0.10909090909090909,1.0,0.06741573033707865,0.12631578947368421,0.06741573033707865,1.0,0.06741573033707865,0.12631578947368421,1.0,1.0,1.0,0.0,0.07971014492753623,0.06741573033707865,0.06741573033707865,0.10909090909090909,0.42857142857142855,0.1,91,20,6,11,6
test_01720,full_run82,0.3,0.7,1.0,343,343,0.0,0.9830508474576272,0.12340425531914893,0.21928166351606804,0.12314225053078556,1.0,0.1134020618556701,0.2037037037037037,0.1134020618556701,1.0,0.16455696202531644,0.2826086956521739,0.16455696202531644,0.7857142857142857,0.09649122807017543,0.171875,0.09401709401709402,0.7857142857142857,0.09649122807017543,0.171875,0.7142857142857143,1.0,0.7142857142857143,0.2857142857142857,0.12921348314606743,0.09649122807017543,0.09401709401709402,0.16455696202531644,0.1111111111111111,0.0,59,33,14,25,14
test_01720,no_topic,0.0,1.0,1.0,427,343,24.489795918367346,1.0,0.15106382978723404,0.26247689463955637,0.15106382978723404,1.0,0.10996563573883161,0.1981424148606811,0.10996563573883161,1.0,0.08860759493670886,0.1627906976744186,0.08860759493670886,1.0,0.06140350877192982,0.11570247933884298,0.06140350877192982,1.0,0.06140350877192982,0.11570247933884298,1.0,1.0,1.0,0.0,0.07865168539325842,0.06140350877192982,0.06140350877192982,0.08860759493670886,0.07407407407407407,0.1,71,32,7,14,7
test_01720,no_pattern,1.0,0.0,1.0,224,343,34.69387755102041,0.9523809523809523,0.0851063829787234,0.15625,0.0847457627118644,0.9642857142857143,0.09278350515463918,0.16927899686520376,0.09246575342465753,1.0,0.12658227848101267,0.22471910112359553,0.12658227848101267,0.7272727272727273,0.07017543859649122,0.128,0.06837606837606838,0.7272727272727273,0.07017543859649122,0.128,0.8181818181818182,1.0,0.8181818181818182,0.18181818181818177,0.10112359550561797,0.07017543859649122,0.06837606837606838,0.12658227848101267,0.1111111111111111,0.0,42,28,11,20,11
test_01720,no_redundancy,0.3,0.7,0.0,484,343,41.10787172011662,1.0,0.1276595744680851,0.22641509433962262,0.1276595744680851,0.9705882352941176,0.1134020618556701,0.2030769230769231,0.11301369863013698,1.0,0.08860759493670886,0.1627906976744186,0.08860759493670886,1.0,0.06140350877192982,0.11570247933884298,0.06140350877192982,1.0,0.06140350877192982,0.11570247933884298,1.0,1.0,1.0,0.0,0.07303370786516854,0.06140350877192982,0.06140350877192982,0.08860759493670886,0.1111111111111111,0.1,60,34,7,13,7
test_01727,full_run82,0.3,0.7,1.0,256,256,0.0,0.9767441860465116,0.14189189189189189,0.24778761061946902,0.1414141414141414,0.8,0.09090909090909091,0.163265306122449,0.08888888888888889,0.75,0.125,0.21428571428571427,0.12,0.6,0.1,0.17142857142857143,0.09375,0.6,0.1,0.17142857142857143,0.6,0.6,0.6,0.4,0.11956521739130435,0.1,0.09375,0.125,0.4444444444444444,0.1,43,10,10,15,10
test_01727,no_topic,0.0,1.0,1.0,280,256,9.375,0.9818181818181818,0.18243243243243243,0.3076923076923077,0.18181818181818182,0.9411764705882353,0.18181818181818182,0.30476190476190473,0.1797752808988764,0.7142857142857143,0.10416666666666667,0.18181818181818182,0.1,0.6,0.1,0.17142857142857143,0.09375,0.6,0.1,0.17142857142857143,0.6,0.6,0.6,0.4,0.13043478260869565,0.1,0.09375,0.10416666666666667,0.4444444444444444,0.0,55,17,10,16,10
test_01727,no_pattern,1.0,0.0,1.0,220,256,14.0625,1.0,0.14527027027027026,0.2536873156342183,0.14527027027027026,1.0,0.125,0.2222222222222222,0.125,1.0,0.10416666666666667,0.18867924528301885,0.10416666666666667,1.0,0.1,0.18181818181818182,0.1,1.0,0.1,0.18181818181818182,1.0,1.0,1.0,0.0,0.13043478260869565,0.1,0.1,0.10416666666666667,0.2222222222222222,0.1,43,11,6,12,6
test_01727,no_redundancy,0.3,0.7,0.0,414,256,61.71875,0.9852941176470589,0.22635135135135134,0.36813186813186816,0.2255892255892256,0.9655172413793104,0.3181818181818182,0.4786324786324786,0.3146067415730337,0.8461538461538461,0.22916666666666666,0.360655737704918,0.22,0.7333333333333333,0.18333333333333332,0.2933333333333333,0.171875,0.7333333333333333,0.18333333333333332,0.2933333333333333,0.4666666666666667,0.7333333333333333,0.4666666666666667,0.5333333333333333,0.1956521739130435,0.18333333333333332,0.171875,0.22916666666666666,0.5555555555555556,0.1,68,29,15,22,15
test_01735,full_run82,0.3,0.7,1.0,192,192,0.0,1.0,0.2916666666666667,0.45161290322580644,0.2916666666666667,1.0,0.22641509433962265,0.36923076923076925,0.22641509433962265,1.0,0.2857142857142857,0.4444444444444445,0.2857142857142857,1.0,0.22641509433962265,0.36923076923076925,0.22641509433962265,1.0,0.22641509433962265,0.36923076923076925,1.0,1.0,1.0,0.0,0.2222222222222222,0.22641509433962265,0.22641509433962265,0.2857142857142857,0.4666666666666667,0.2,42,24,12,18,12
test_01735,no_topic,0.0,1.0,1.0,248,192,29.166666666666668,1.0,0.3055555555555556,0.46808510638297873,0.3055555555555556,1.0,0.27358490566037735,0.4296296296296296,0.27358490566037735,1.0,0.2857142857142857,0.4444444444444445,0.2857142857142857,1.0,0.24528301886792453,0.393939393939394,0.24528301886792453,1.0,0.24528301886792453,0.393939393939394,1.0,1.0,1.0,0.0,0.24691358024691357,0.24528301886792453,0.24528301886792453,0.2857142857142857,0.4,0.2,44,29,13,20,13
test_01735,no_pattern,1.0,0.0,1.0,198,192,3.125,1.0,0.22916666666666666,0.37288135593220334,0.22916666666666666,1.0,0.25471698113207547,0.40601503759398494,0.25471698113207547,0.9166666666666666,0.2619047619047619,0.4074074074074074,0.2558139534883721,0.9230769230769231,0.22641509433962265,0.36363636363636365,0.2222222222222222,0.9230769230769231,0.22641509433962265,0.36363636363636365,0.9230769230769231,0.9230769230769231,0.9230769230769231,0.07692307692307687,0.2345679012345679,0.22641509433962265,0.2222222222222222,0.2619047619047619,0.4,0.2,33,27,13,20,13
test_01735,no_redundancy,0.3,0.7,0.0,302,192,57.291666666666664,1.0,0.2986111111111111,0.4598930481283422,0.2986111111111111,1.0,0.39622641509433965,0.5675675675675675,0.39622641509433965,1.0,0.3333333333333333,0.5,0.3333333333333333,1.0,0.32075471698113206,0.4857142857142857,0.32075471698113206,1.0,0.32075471698113206,0.4857142857142857,0.9411764705882353,1.0,0.9411764705882353,0.05882352941176472,0.345679012345679,0.32075471698113206,0.32075471698113206,0.3333333333333333,0.26666666666666666,0.4,43,42,17,28,17
test_01744,full_run82,0.3,0.7,1.0,144,144,0.0,0.9545454545454546,0.052763819095477386,0.1,0.05263157894736842,1.0,0.06818181818181818,0.1276595744680851,0.06818181818181818,1.0,0.109375,0.19718309859154928,0.109375,1.0,0.07446808510638298,0.1386138613861386,0.07446808510638298,1.0,0.07446808510638298,0.1386138613861386,1.0,1.0,1.0,0.0,0.09917355371900827,0.07446808510638298,0.07446808510638298,0.109375,0.09523809523809523,0.2,22,9,7,12,7
test_01744,no_topic,0.0,1.0,1.0,373,144,159.02777777777777,1.0,0.1457286432160804,0.25438596491228066,0.1457286432160804,1.0,0.30303030303030304,0.4651162790697675,0.30303030303030304,1.0,0.0625,0.11764705882352941,0.0625,1.0,0.07446808510638298,0.1386138613861386,0.07446808510638298,1.0,0.07446808510638298,0.1386138613861386,1.0,1.0,1.0,0.0,0.09090909090909091,0.07446808510638298,0.07446808510638298,0.0625,0.09523809523809523,0.2,58,40,7,11,7
test_01744,no_pattern,1.0,0.0,1.0,144,144,0.0,0.9090909090909091,0.05025125628140704,0.09523809523809525,0.05,1.0,0.09090909090909091,0.16666666666666669,0.09090909090909091,1.0,0.140625,0.2465753424657534,0.140625,0.9,0.09574468085106383,0.17307692307692307,0.09473684210526316,0.9,0.09574468085106383,0.17307692307692307,1.0,0.9,0.9,0.09999999999999998,0.10743801652892562,0.09574468085106383,0.09473684210526316,0.140625,0.11904761904761904,0.2,22,12,10,14,10
test_01744,no_redundancy,0.3,0.7,0.0,258,144,79.16666666666666,1.0,0.08040201005025126,0.1488372093023256,0.08040201005025126,0.9565217391304348,0.16666666666666666,0.28387096774193543,0.16541353383458646,1.0,0.109375,0.19718309859154928,0.109375,1.0,0.07446808510638298,0.1386138613861386,0.07446808510638298,1.0,0.07446808510638298,0.1386138613861386,1.0,1.0,1.0,0.0,0.09917355371900827,0.07446808510638298,0.07446808510638298,0.109375,0.09523809523809523,0.3,32,23,7,12,7
test_01748,full_run82,0.3,0.7,1.0,414,414,0.0,1.0,0.06527415143603134,0.12254901960784315,0.06527415143603134,1.0,0.10738255033557047,0.1939393939393939,0.10738255033557047,1.0,0.05699481865284974,0.10784313725490197,0.05699481865284974,1.0,0.046153846153846156,0.08823529411764706,0.046153846153846156,1.0,0.046153846153846156,0.08823529411764706,1.0,1.0,1.0,0.0,0.047872340425531915,0.046153846153846156,0.046153846153846156,0.05699481865284974,0.08433734939759036,0.2,75,32,12,18,12
test_01748,no_topic,0.0,1.0,1.0,410,414,0.966183574879227,1.0,0.06005221932114883,0.11330049261083744,0.06005221932114883,1.0,0.09395973154362416,0.17177914110429446,0.09395973154362416,1.0,0.06735751295336788,0.1262135922330097,0.06735751295336788,1.0,0.05,0.09523809523809523,0.05,1.0,0.05,0.09523809523809523,1.0,1.0,1.0,0.0,0.05585106382978723,0.05,0.05,0.06735751295336788,0.060240963855421686,0.3,69,28,13,21,13
test_01748,no_pattern,1.0,0.0,1.0,174,414,57.971014492753625,1.0,0.031331592689295036,0.060759493670886074,0.031331592689295036,1.0,0.026845637583892617,0.05228758169934641,0.026845637583892617,1.0,0.04145077720207254,0.07960199004975126,0.04145077720207254,1.0,0.03461538461538462,0.06691449814126393,0.03461538461538462,1.0,0.03461538461538462,0.06691449814126393,1.0,1.0,1.0,0.0,0.0398936170212766,0.03461538461538462,0.03461538461538462,0.04145077720207254,0.03614457831325301,0.1,36,8,9,15,9
test_01748,no_redundancy,0.3,0.7,0.0,434,414,4.830917874396135,1.0,0.04003481288076589,0.07698744769874477,0.04003481288076589,0.967741935483871,0.10067114093959731,0.182370820668693,0.10033444816053512,1.0,0.03626943005181347,0.07,0.03626943005181347,1.0,0.038461538461538464,0.07407407407407407,0.038461538461538464,1.0,0.038461538461538464,0.07407407407407407,1.0,1.0,1.0,0.0,0.03723404255319149,0.038461538461538464,0.038461538461538464,0.03626943005181347,0.04819277108433735,0.1,46,31,10,14,10
test_01753,full_run82,0.3,0.7,1.0,206,206,0.0,1.0,0.2982456140350877,0.45945945945945943,0.2982456140350877,1.0,0.3561643835616438,0.5252525252525252,0.3561643835616438,1.0,0.38461538461538464,0.5555555555555556,0.38461538461538464,1.0,0.3125,0.47619047619047616,0.3125,1.0,0.3125,0.47619047619047616,0.8666666666666667,1.0,0.8666666666666667,0.1333333333333333,0.3382352941176471,0.3125,0.3125,0.38461538461538464,0.7142857142857143,0.5,34,26,15,23,15
test_01753,no_topic,0.0,1.0,1.0,258,206,25.24271844660194,1.0,0.34210526315789475,0.5098039215686275,0.34210526315789475,1.0,0.4657534246575342,0.6355140186915887,0.4657534246575342,1.0,0.4358974358974359,0.6071428571428571,0.4358974358974359,1.0,0.375,0.5454545454545454,0.375,1.0,0.375,0.5454545454545454,0.8888888888888888,1.0,0.8888888888888888,0.11111111111111116,0.4117647058823529,0.375,0.375,0.4358974358974359,0.7142857142857143,0.5,39,34,18,28,18
test_01753,no_pattern,1.0,0.0,1.0,163,206,20.87378640776699,1.0,0.2719298245614035,0.42758620689655175,0.2719298245614035,1.0,0.2328767123287671,0.37777777777777777,0.2328767123287671,1.0,0.358974358974359,0.5283018867924528,0.358974358974359,0.9333333333333333,0.2916666666666667,0.4444444444444445,0.2857142857142857,0.9333333333333333,0.2916666666666667,0.4444444444444445,0.9333333333333333,1.0,0.9333333333333333,0.06666666666666665,0.3235294117647059,0.2916666666666667,0.2857142857142857,0.358974358974359,0.5714285714285714,0.3,31,17,15,23,15
test_01753,no_redundancy,0.3,0.7,0.0,386,206,87.37864077669903,1.0,0.45614035087719296,0.6265060240963854,0.45614035087719296,0.9743589743589743,0.5205479452054794,0.6785714285714285,0.5135135135135135,1.0,0.23076923076923078,0.375,0.23076923076923078,1.0,0.22916666666666666,0.37288135593220334,0.22916666666666666,1.0,0.22916666666666666,0.37288135593220334,0.8181818181818182,1.0,0.8181818181818182,0.18181818181818177,0.2647058823529412,0.22916666666666666,0.22916666666666666,0.23076923076923078,0.7142857142857143,0.4,52,39,11,18,11
test_01754,full_run82,0.3,0.7,1.0,252,252,0.0,0.9772727272727273,0.2654320987654321,0.41747572815533984,0.26380368098159507,1.0,0.3333333333333333,0.5,0.3333333333333333,1.0,0.09090909090909091,0.16666666666666669,0.09090909090909091,1.0,0.16666666666666666,0.2857142857142857,0.16666666666666666,1.0,0.16666666666666666,0.2857142857142857,1.0,1.0,1.0,0.0,0.16666666666666666,0.16666666666666666,0.16666666666666666,0.09090909090909091,0.42857142857142855,0.4,44,15,5,8,5
test_01754,no_topic,0.0,1.0,1.0,256,252,1.5873015873015872,1.0,0.30864197530864196,0.4716981132075471,0.30864197530864196,1.0,0.3111111111111111,0.4745762711864407,0.3111111111111111,1.0,0.18181818181818182,0.3076923076923077,0.18181818181818182,1.0,0.3,0.4615384615384615,0.3,1.0,0.3,0.4615384615384615,1.0,1.0,1.0,0.0,0.2916666666666667,0.3,0.3,0.18181818181818182,0.42857142857142855,0.6,50,14,9,14,9
test_01754,no_pattern,1.0,0.0,1.0,198,252,21.428571428571427,0.9736842105263158,0.22839506172839505,0.37,0.22699386503067484,1.0,0.26666666666666666,0.4210526315789474,0.26666666666666666,1.0,0.045454545454545456,0.08695652173913045,0.045454545454545456,1.0,0.06666666666666667,0.125,0.06666666666666667,1.0,0.06666666666666667,0.125,1.0,1.0,1.0,0.0,0.0625,0.06666666666666667,0.06666666666666667,0.045454545454545456,0.42857142857142855,0.1,38,12,2,3,2
test_01754,no_redundancy,0.3,0.7,0.0,304,252,20.634920634920633,1.0,0.14814814814814814,0.25806451612903225,0.14814814814814814,1.0,0.35555555555555557,0.5245901639344263,0.35555555555555557,1.0,0.13636363636363635,0.24000000000000002,0.13636363636363635,1.0,0.13333333333333333,0.23529411764705882,0.13333333333333333,1.0,0.13333333333333333,0.23529411764705882,1.0,1.0,1.0,0.0,0.14583333333333334,0.13333333333333333,0.13333333333333333,0.13636363636363635,0.42857142857142855,0.1,24,16,4,7,4
test_01757,full_run82,0.3,0.7,1.0,182,182,0.0,1.0,0.2871287128712871,0.4461538461538461,0.2871287128712871,1.0,0.2926829268292683,0.45283018867924524,0.2926829268292683,1.0,0.375,0.5454545454545454,0.375,1.0,0.34615384615384615,0.5142857142857142,0.34615384615384615,1.0,0.34615384615384615,0.5142857142857142,1.0,1.0,1.0,0.0,0.4,0.34615384615384615,0.34615384615384615,0.375,0.6,0.5,29,12,9,16,9
test_01757,no_topic,0.0,1.0,1.0,203,182,11.538461538461538,1.0,0.36633663366336633,0.5362318840579711,0.36633663366336633,1.0,0.34146341463414637,0.5090909090909091,0.34146341463414637,1.0,0.375,0.5454545454545454,0.375,1.0,0.34615384615384615,0.5142857142857142,0.34615384615384615,1.0,0.34615384615384615,0.5142857142857142,1.0,1.0,1.0,0.0,0.4,0.34615384615384615,0.34615384615384615,0.375,0.6,0.4,37,14,9,16,9
test_01757,no_pattern,1.0,0.0,1.0,157,182,13.736263736263737,1.0,0.25742574257425743,0.4094488188976378,0.25742574257425743,1.0,0.3902439024390244,0.5614035087719299,0.3902439024390244,1.0,0.375,0.5454545454545454,0.375,1.0,0.38461538461538464,0.5555555555555556,0.38461538461538464,1.0,0.38461538461538464,0.5555555555555556,1.0,1.0,1.0,0.0,0.425,0.38461538461538464,0.38461538461538464,0.375,0.6,0.6,26,16,10,17,10
test_01757,no_redundancy,0.3,0.7,0.0,283,182,55.494505494505496,1.0,0.38613861386138615,0.5571428571428572,0.38613861386138615,1.0,0.6341463414634146,0.7761194029850745,0.6341463414634146,1.0,0.5,0.6666666666666666,0.5,1.0,0.46153846153846156,0.631578947368421,0.46153846153846156,1.0,0.46153846153846156,0.631578947368421,1.0,1.0,1.0,0.0,0.5,0.46153846153846156,0.46153846153846156,0.5,0.8,0.6,39,26,12,20,12
test_01795,full_run82,0.3,0.7,1.0,290,290,0.0,1.0,0.1492063492063492,0.2596685082872928,0.1492063492063492,0.9523809523809523,0.20833333333333334,0.3418803418803419,0.20618556701030927,1.0,0.14814814814814814,0.25806451612903225,0.14814814814814814,1.0,0.13414634146341464,0.23655913978494622,0.13414634146341464,1.0,0.13414634146341464,0.23655913978494622,1.0,1.0,1.0,0.0,0.1452991452991453,0.13414634146341464,0.13414634146341464,0.14814814814814814,0.2222222222222222,0.2,47,21,11,17,11
test_01795,no_topic,0.0,1.0,1.0,382,290,31.724137931034484,1.0,0.2,0.33333333333333337,0.2,0.9565217391304348,0.22916666666666666,0.36974789915966383,0.2268041237113402,1.0,0.16666666666666666,0.2857142857142857,0.16666666666666666,1.0,0.14634146341463414,0.2553191489361702,0.14634146341463414,1.0,0.14634146341463414,0.2553191489361702,1.0,1.0,1.0,0.0,0.1623931623931624,0.14634146341463414,0.14634146341463414,0.16666666666666666,0.2222222222222222,0.2,63,23,12,19,12
test_01795,no_pattern,1.0,0.0,1.0,132,290,54.48275862068965,0.9375,0.047619047619047616,0.09063444108761327,0.04746835443037975,0.9230769230769231,0.125,0.22018348623853212,0.12371134020618557,1.0,0.09259259259259259,0.1694915254237288,0.09259259259259259,0.6666666666666666,0.04878048780487805,0.0909090909090909,0.047619047619047616,0.6666666666666666,0.04878048780487805,0.0909090909090909,0.8333333333333334,1.0,0.8333333333333334,0.16666666666666663,0.08547008547008547,0.04878048780487805,0.047619047619047616,0.09259259259259259,0.1111111111111111,0.0,16,13,6,12,6
test_01795,no_redundancy,0.3,0.7,0.0,477,290,64.48275862068965,1.0,0.21587301587301588,0.35509138381201044,0.21587301587301588,1.0,0.3541666666666667,0.5230769230769231,0.3541666666666667,1.0,0.16666666666666666,0.2857142857142857,0.16666666666666666,1.0,0.18292682926829268,0.30927835051546393,0.18292682926829268,1.0,0.18292682926829268,0.30927835051546393,1.0,1.0,1.0,0.0,0.20512820512820512,0.18292682926829268,0.18292682926829268,0.16666666666666666,0.2222222222222222,0.4,68,34,15,24,15
test_01802,full_run82,0.3,0.7,1.0,334,334,0.0,1.0,0.4236111111111111,0.5951219512195122,0.4236111111111111,1.0,0.48148148148148145,0.65,0.48148148148148145,1.0,0.4166666666666667,0.5882352941176471,0.4166666666666667,1.0,0.35294117647058826,0.5217391304347826,0.35294117647058826,1.0,0.35294117647058826,0.5217391304347826,1.0,1.0,1.0,0.0,0.3673469387755102,0.35294117647058826,0.35294117647058826,0.4166666666666667,0.5,0.3,61,13,12,18,12
test_01802,no_topic,0.0,1.0,1.0,378,334,13.17365269461078,1.0,0.4722222222222222,0.6415094339622641,0.4722222222222222,1.0,0.5185185185185185,0.6829268292682926,0.5185185185185185,1.0,0.4583333333333333,0.6285714285714286,0.4583333333333333,1.0,0.38235294117647056,0.5531914893617021,0.38235294117647056,1.0,0.38235294117647056,0.5531914893617021,1.0,1.0,1.0,0.0,0.40816326530612246,0.38235294117647056,0.38235294117647056,0.4583333333333333,0.5,0.3,68,14,13,20,13
test_01802,no_pattern,1.0,0.0,1.0,223,334,33.23353293413174,1.0,0.3472222222222222,0.5154639175257731,0.3472222222222222,1.0,0.5555555555555556,0.7142857142857143,0.5555555555555556,1.0,0.5,0.6666666666666666,0.5,1.0,0.5588235294117647,0.7169811320754718,0.5588235294117647,1.0,0.5588235294117647,0.7169811320754718,1.0,1.0,1.0,0.0,0.5510204081632653,0.5588235294117647,0.5588235294117647,0.5,0.75,0.5,50,15,19,27,19
test_01802,no_redundancy,0.3,0.7,0.0,406,334,21.55688622754491,1.0,0.2916666666666667,0.45161290322580644,0.2916666666666667,1.0,0.2962962962962963,0.45714285714285713,0.2962962962962963,1.0,0.25,0.4,0.25,1.0,0.17647058823529413,0.3,0.17647058823529413,1.0,0.17647058823529413,0.3,1.0,1.0,1.0,0.0,0.20408163265306123,0.17647058823529413,0.17647058823529413,0.25,0.375,0.3,42,8,6,10,6
test_01803,full_run82,0.3,0.7,1.0,189,189,0.0,1.0,0.25,0.4,0.25,1.0,0.22058823529411764,0.36144578313253006,0.22058823529411764,1.0,0.2727272727272727,0.42857142857142855,0.2727272727272727,1.0,0.20454545454545456,0.339622641509434,0.20454545454545456,1.0,0.20454545454545456,0.339622641509434,1.0,1.0,1.0,0.0,0.27419354838709675,0.20454545454545456,0.20454545454545456,0.2727272727272727,0.1875,0.3,34,15,9,17,9
test_01803,no_topic,0.0,1.0,1.0,248,189,31.216931216931215,0.975609756097561,0.29411764705882354,0.45197740112994345,0.291970802919708,1.0,0.3088235294117647,0.4719101123595506,0.3088235294117647,1.0,0.30303030303030304,0.4651162790697675,0.30303030303030304,1.0,0.22727272727272727,0.37037037037037035,0.22727272727272727,1.0,0.22727272727272727,0.37037037037037035,1.0,1.0,1.0,0.0,0.3064516129032258,0.22727272727272727,0.22727272727272727,0.30303030303030304,0.1875,0.3,41,21,10,19,10
test_01803,no_pattern,1.0,0.0,1.0,158,189,16.402116402116402,1.0,0.19852941176470587,0.3312883435582822,0.19852941176470587,1.0,0.16176470588235295,0.27848101265822783,0.16176470588235295,1.0,0.2727272727272727,0.42857142857142855,0.2727272727272727,1.0,0.20454545454545456,0.339622641509434,0.20454545454545456,1.0,0.20454545454545456,0.339622641509434,1.0,1.0,1.0,0.0,0.27419354838709675,0.20454545454545456,0.20454545454545456,0.2727272727272727,0.1875,0.3,27,11,9,17,9
test_01803,no_redundancy,0.3,0.7,0.0,286,189,51.32275132275132,1.0,0.2867647058823529,0.44571428571428573,0.2867647058823529,1.0,0.3235294117647059,0.48888888888888893,0.3235294117647059,1.0,0.24242424242424243,0.3902439024390244,0.24242424242424243,1.0,0.20454545454545456,0.339622641509434,0.20454545454545456,1.0,0.20454545454545456,0.339622641509434,1.0,1.0,1.0,0.0,0.20967741935483872,0.20454545454545456,0.20454545454545456,0.24242424242424243,0.375,0.2,39,22,9,13,9
test_01822,full_run82,0.3,0.7,1.0,157,157,0.0,1.0,0.17557251908396945,0.2987012987012987,0.17557251908396945,1.0,0.2777777777777778,0.4347826086956522,0.2777777777777778,1.0,0.05405405405405406,0.10256410256410257,0.05405405405405406,1.0,0.14285714285714285,0.25,0.14285714285714285,1.0,0.14285714285714285,0.25,1.0,1.0,1.0,0.0,0.17647058823529413,0.14285714285714285,0.14285714285714285,0.05405405405405406,0.21428571428571427,0.3,23,25,7,12,7
test_01822,no_topic,0.0,1.0,1.0,188,157,19.745222929936308,1.0,0.20610687022900764,0.34177215189873417,0.20610687022900764,1.0,0.3,0.4615384615384615,0.3,1.0,0.16216216216216217,0.27906976744186046,0.16216216216216217,1.0,0.16326530612244897,0.2807017543859649,0.16326530612244897,1.0,0.16326530612244897,0.2807017543859649,1.0,1.0,1.0,0.0,0.17647058823529413,0.16326530612244897,0.16326530612244897,0.16216216216216217,0.2857142857142857,0.3,27,27,8,12,8
test_01822,no_pattern,1.0,0.0,1.0,143,157,8.9171974522293,1.0,0.13740458015267176,0.24161073825503357,0.13740458015267176,1.0,0.16666666666666666,0.2857142857142857,0.16666666666666666,1.0,0.16216216216216217,0.27906976744186046,0.16216216216216217,1.0,0.1836734693877551,0.3103448275862069,0.1836734693877551,1.0,0.1836734693877551,0.3103448275862069,1.0,1.0,1.0,0.0,0.19117647058823528,0.1836734693877551,0.1836734693877551,0.16216216216216217,0.42857142857142855,0.1,18,15,9,13,9
test_01822,no_redundancy,0.3,0.7,0.0,293,157,86.62420382165605,1.0,0.3053435114503817,0.4678362573099415,0.3053435114503817,1.0,0.4888888888888889,0.6567164179104478,0.4888888888888889,1.0,0.32432432432432434,0.489795918367347,0.32432432432432434,1.0,0.32653061224489793,0.4923076923076923,0.32653061224489793,1.0,0.32653061224489793,0.4923076923076923,1.0,1.0,1.0,0.0,0.3235294117647059,0.32653061224489793,0.32653061224489793,0.32432432432432434,0.42857142857142855,0.3,40,44,16,22,16
test_01837,full_run82,0.3,0.7,1.0,333,333,0.0,0.9811320754716981,0.3076923076923077,0.4684684684684685,0.3058823529411765,1.0,0.4507042253521127,0.6213592233009708,0.4507042253521127,1.0,0.2571428571428571,0.40909090909090906,0.2571428571428571,1.0,0.2631578947368421,0.4166666666666667,0.2631578947368421,1.0,0.2631578947368421,0.4166666666666667,0.9,1.0,0.9,0.09999999999999998,0.32142857142857145,0.2631578947368421,0.2631578947368421,0.2571428571428571,0.25,0.2,53,32,10,18,10
test_01837,no_topic,0.0,1.0,1.0,322,333,3.303303303303303,0.9811320754716981,0.3076923076923077,0.4684684684684685,0.3058823529411765,1.0,0.36619718309859156,0.5360824742268041,0.36619718309859156,1.0,0.22857142857142856,0.3720930232558139,0.22857142857142856,1.0,0.23684210526315788,0.38297872340425526,0.23684210526315788,1.0,0.23684210526315788,0.38297872340425526,1.0,1.0,1.0,0.0,0.2857142857142857,0.23684210526315788,0.23684210526315788,0.22857142857142856,0.25,0.3,53,26,9,16,9
test_01837,no_pattern,1.0,0.0,1.0,232,333,30.33033033033033,1.0,0.22485207100591717,0.3671497584541063,0.22485207100591717,0.9523809523809523,0.28169014084507044,0.4347826086956522,0.2777777777777778,1.0,0.2857142857142857,0.4444444444444445,0.2857142857142857,1.0,0.2894736842105263,0.4489795918367347,0.2894736842105263,1.0,0.2894736842105263,0.4489795918367347,1.0,1.0,1.0,0.0,0.35714285714285715,0.2894736842105263,0.2894736842105263,0.2857142857142857,0.25,0.2,38,21,11,20,11
test_01837,no_redundancy,0.3,0.7,0.0,503,333,51.051051051051054,1.0,0.3727810650887574,0.5431034482758621,0.3727810650887574,1.0,0.39436619718309857,0.5656565656565656,0.39436619718309857,1.0,0.2857142857142857,0.4444444444444445,0.2857142857142857,1.0,0.2894736842105263,0.4489795918367347,0.2894736842105263,1.0,0.2894736842105263,0.4489795918367347,0.8181818181818182,1.0,0.8181818181818182,0.18181818181818177,0.26785714285714285,0.2894736842105263,0.2894736842105263,0.2857142857142857,0.6666666666666666,0.5,63,28,11,15,11
test_01860,full_run82,0.3,0.7,1.0,324,324,0.0,1.0,0.6,0.7499999999999999,0.6,1.0,0.6122448979591837,0.759493670886076,0.6122448979591837,1.0,0.48,0.6486486486486487,0.48,1.0,0.46153846153846156,0.631578947368421,0.46153846153846156,1.0,0.46153846153846156,0.631578947368421,1.0,1.0,1.0,0.0,0.5,0.46153846153846156,0.46153846153846156,0.48,0.6,0.5,57,30,12,20,12
test_01860,no_topic,0.0,1.0,1.0,336,324,3.7037037037037033,1.0,0.6526315789473685,0.7898089171974523,0.6526315789473685,1.0,0.5918367346938775,0.7435897435897436,0.5918367346938775,1.0,0.56,0.717948717948718,0.56,1.0,0.5384615384615384,0.7000000000000001,0.5384615384615384,1.0,0.5384615384615384,0.7000000000000001,1.0,1.0,1.0,0.0,0.575,0.5384615384615384,0.5384615384615384,0.56,0.6,0.5,62,29,14,23,14
test_01860,no_pattern,1.0,0.0,1.0,288,324,11.11111111111111,0.9807692307692307,0.5368421052631579,0.6938775510204082,0.53125,1.0,0.5102040816326531,0.6756756756756758,0.5102040816326531,1.0,0.52,0.6842105263157895,0.52,0.9230769230769231,0.46153846153846156,0.6153846153846155,0.4444444444444444,0.9230769230769231,0.46153846153846156,0.6153846153846155,1.0,1.0,1.0,0.0,0.5,0.46153846153846156,0.4444444444444444,0.52,1.0,0.4,52,25,13,21,13
test_01860,no_redundancy,0.3,0.7,0.0,377,324,16.358024691358025,1.0,0.5684210526315789,0.7248322147651006,0.5684210526315789,1.0,0.7959183673469388,0.8863636363636364,0.7959183673469388,1.0,0.76,0.8636363636363636,0.76,0.9473684210526315,0.6923076923076923,0.7999999999999999,0.6666666666666666,0.9473684210526315,0.6923076923076923,0.7999999999999999,1.0,0.9473684210526315,0.9473684210526315,0.052631578947368474,0.7,0.6923076923076923,0.6666666666666666,0.76,1.0,0.8,54,39,19,29,19
test_01878,full_run82,0.3,0.7,1.0,287,287,0.0,1.0,0.2535211267605634,0.40449438202247184,0.2535211267605634,1.0,0.1702127659574468,0.2909090909090909,0.1702127659574468,1.0,0.2222222222222222,0.3636363636363636,0.2222222222222222,0.8888888888888888,0.1509433962264151,0.25806451612903225,0.14814814814814814,0.8888888888888888,0.1509433962264151,0.25806451612903225,0.8888888888888888,1.0,0.8888888888888888,0.11111111111111116,0.2077922077922078,0.1509433962264151,0.14814814814814814,0.2222222222222222,0.17647058823529413,0.2,54,16,9,17,9
test_01878,no_topic,0.0,1.0,1.0,340,287,18.466898954703833,1.0,0.28169014084507044,0.43956043956043955,0.28169014084507044,1.0,0.30851063829787234,0.47154471544715443,0.30851063829787234,1.0,0.1388888888888889,0.24390243902439027,0.1388888888888889,1.0,0.1320754716981132,0.23333333333333334,0.1320754716981132,1.0,0.1320754716981132,0.23333333333333334,1.0,1.0,1.0,0.0,0.18181818181818182,0.1320754716981132,0.1320754716981132,0.1388888888888889,0.11764705882352941,0.3,60,29,7,14,7
test_01878,no_pattern,1.0,0.0,1.0,198,287,31.010452961672474,1.0,0.19718309859154928,0.32941176470588235,0.19718309859154928,1.0,0.23404255319148937,0.3793103448275862,0.23404255319148937,1.0,0.19444444444444445,0.32558139534883723,0.19444444444444445,0.9090909090909091,0.18867924528301888,0.3125,0.18518518518518517,0.9090909090909091,0.18867924528301888,0.3125,0.9090909090909091,1.0,0.9090909090909091,0.09090909090909094,0.19480519480519481,0.18867924528301888,0.18518518518518517,0.19444444444444445,0.23529411764705882,0.2,42,22,11,16,11
test_01878,no_redundancy,0.3,0.7,0.0,467,287,62.7177700348432,1.0,0.28169014084507044,0.43956043956043955,0.28169014084507044,1.0,0.32978723404255317,0.496,0.32978723404255317,1.0,0.25,0.4,0.25,1.0,0.22641509433962265,0.36923076923076925,0.22641509433962265,1.0,0.22641509433962265,0.36923076923076925,1.0,1.0,1.0,0.0,0.2727272727272727,0.22641509433962265,0.22641509433962265,0.25,0.17647058823529413,0.3,60,31,12,21,12
test_01891,full_run82,0.3,0.7,1.0,225,225,0.0,1.0,0.74,0.8505747126436781,0.74,1.0,0.6,0.7499999999999999,0.6,1.0,0.5714285714285714,0.7272727272727273,0.5714285714285714,1.0,0.6666666666666666,0.8,0.6666666666666666,1.0,0.6666666666666666,0.8,1.0,1.0,1.0,0.0,0.6875,0.6666666666666666,0.6666666666666666,0.5714285714285714,1.0,0.7,37,21,6,11,6
test_01891,no_topic,0.0,1.0,1.0,225,225,0.0,1.0,0.74,0.8505747126436781,0.74,1.0,0.6,0.7499999999999999,0.6,1.0,0.5714285714285714,0.7272727272727273,0.5714285714285714,1.0,0.6666666666666666,0.8,0.6666666666666666,1.0,0.6666666666666666,0.8,1.0,1.0,1.0,0.0,0.6875,0.6666666666666666,0.6666666666666666,0.5714285714285714,1.0,0.7,37,21,6,11,6
test_01891,no_pattern,1.0,0.0,1.0,193,225,14.222222222222221,1.0,0.58,0.7341772151898733,0.58,0.9565217391304348,0.6285714285714286,0.7586206896551724,0.6111111111111112,1.0,0.7142857142857143,0.8333333333333333,0.7142857142857143,1.0,0.6666666666666666,0.8,0.6666666666666666,1.0,0.6666666666666666,0.8,1.0,1.0,1.0,0.0,0.6875,0.6666666666666666,0.6666666666666666,0.7142857142857143,1.0,0.7,29,23,6,11,6
test_01891,no_redundancy,0.3,0.7,0.0,267,225,18.666666666666668,1.0,0.78,0.8764044943820225,0.78,1.0,0.9142857142857143,0.955223880597015,0.9142857142857143,0.8333333333333334,0.7142857142857143,0.7692307692307692,0.625,0.8571428571428571,0.6666666666666666,0.75,0.6,0.8571428571428571,0.6666666666666666,0.75,0.8571428571428571,0.8571428571428571,0.8571428571428571,0.1428571428571429,0.75,0.6666666666666666,0.6,0.7142857142857143,0.6666666666666666,0.7,39,32,7,14,7
test_01894,full_run82,0.3,0.7,1.0,364,364,0.0,1.0,0.07291666666666667,0.13592233009708737,0.07291666666666667,0.9696969696969697,0.13617021276595745,0.23880597014925375,0.13559322033898305,1.0,0.07894736842105263,0.14634146341463414,0.07894736842105263,1.0,0.046875,0.08955223880597014,0.046875,1.0,0.046875,0.08955223880597014,0.8,1.0,0.8,0.19999999999999996,0.056179775280898875,0.046875,0.046875,0.07894736842105263,0.042105263157894736,0.3,56,33,15,20,15
test_01894,no_topic,0.0,1.0,1.0,405,364,11.263736263736265,1.0,0.0859375,0.15827338129496402,0.0859375,0.9722222222222222,0.14893617021276595,0.25830258302583026,0.1483050847457627,1.0,0.03684210526315789,0.07106598984771574,0.03684210526315789,1.0,0.025,0.04878048780487806,0.025,1.0,0.025,0.04878048780487806,1.0,1.0,1.0,0.0,0.033707865168539325,0.025,0.025,0.03684210526315789,0.031578947368421054,0.3,66,36,8,12,8
test_01894,no_pattern,1.0,0.0,1.0,168,364,53.84615384615385,1.0,0.029947916666666668,0.058154235145385584,0.029947916666666668,1.0,0.04680851063829787,0.08943089430894309,0.04680851063829787,1.0,0.03684210526315789,0.07106598984771574,0.03684210526315789,1.0,0.025,0.04878048780487806,0.025,1.0,0.025,0.04878048780487806,1.0,1.0,1.0,0.0,0.03651685393258427,0.025,0.025,0.03684210526315789,0.021052631578947368,0.3,23,11,8,13,8
test_01894,no_redundancy,0.3,0.7,0.0,451,364,23.9010989010989,1.0,0.07161458333333333,0.1336573511543135,0.07161458333333333,1.0,0.16595744680851063,0.2846715328467153,0.16595744680851063,1.0,0.06315789473684211,0.11881188118811882,0.06315789473684211,1.0,0.04375,0.08383233532934131,0.04375,1.0,0.04375,0.08383233532934131,0.9285714285714286,1.0,0.8571428571428571,0.1428571428571429,0.0449438202247191,0.04375,0.04375,0.06315789473684211,0.06315789473684211,0.2,55,39,14,16,14
test_01907,full_run82,0.3,0.7,1.0,276,276,0.0,1.0,0.336,0.5029940119760479,0.336,1.0,0.3333333333333333,0.5,0.3333333333333333,1.0,0.25,0.4,0.25,1.0,0.2619047619047619,0.41509433962264153,0.2619047619047619,1.0,0.2619047619047619,0.41509433962264153,1.0,1.0,1.0,0.0,0.26666666666666666,0.2619047619047619,0.2619047619047619,0.25,0.5,0.4,42,18,11,16,11
test_01907,no_topic,0.0,1.0,1.0,331,276,19.92753623188406,1.0,0.368,0.5380116959064328,0.368,1.0,0.48148148148148145,0.65,0.48148148148148145,1.0,0.3888888888888889,0.56,0.3888888888888889,1.0,0.38095238095238093,0.5517241379310345,0.38095238095238093,1.0,0.38095238095238093,0.5517241379310345,0.9375,1.0,0.9375,0.0625,0.38333333333333336,0.38095238095238093,0.38095238095238093,0.3888888888888889,0.6,0.4,46,26,16,23,16
test_01907,no_pattern,1.0,0.0,1.0,131,276,52.53623188405797,1.0,0.192,0.32214765100671144,0.192,1.0,0.1111111111111111,0.19999999999999998,0.1111111111111111,0.8571428571428571,0.16666666666666666,0.27906976744186046,0.16216216216216217,0.8571428571428571,0.14285714285714285,0.24489795918367344,0.13953488372093023,0.8571428571428571,0.14285714285714285,0.24489795918367344,0.8571428571428571,0.8571428571428571,0.8571428571428571,0.1428571428571429,0.16666666666666666,0.14285714285714285,0.13953488372093023,0.16666666666666666,0.3,0.2,24,6,7,12,7
test_01907,no_redundancy,0.3,0.7,0.0,379,276,37.31884057971014,1.0,0.392,0.5632183908045978,0.392,1.0,0.5185185185185185,0.6829268292682926,0.5185185185185185,1.0,0.3888888888888889,0.56,0.3888888888888889,0.9411764705882353,0.38095238095238093,0.5423728813559321,0.37209302325581395,0.9411764705882353,0.38095238095238093,0.5423728813559321,0.9411764705882353,0.9411764705882353,0.8823529411764706,0.11764705882352944,0.38333333333333336,0.38095238095238093,0.37209302325581395,0.3888888888888889,0.6,0.4,49,28,17,24,17
test_01933,full_run82,0.3,0.7,1.0,323,323,0.0,1.0,0.825,0.9041095890410958,0.825,1.0,0.9166666666666666,0.9565217391304348,0.9166666666666666,1.0,0.7272727272727273,0.8421052631578948,0.7272727272727273,1.0,0.75,0.8571428571428571,0.75,1.0,0.75,0.8571428571428571,1.0,1.0,1.0,0.0,0.75,0.75,0.75,0.7272727272727273,0.8,0.8,33,22,9,15,9
test_01933,no_topic,0.0,1.0,1.0,327,323,1.238390092879257,1.0,0.8,0.888888888888889,0.8,1.0,0.9166666666666666,0.9565217391304348,0.9166666666666666,1.0,0.8181818181818182,0.9,0.8181818181818182,1.0,0.8333333333333334,0.9090909090909091,0.8333333333333334,1.0,0.8333333333333334,0.9090909090909091,1.0,1.0,1.0,0.0,0.85,0.8333333333333334,0.8333333333333334,0.8181818181818182,0.8,0.8,32,22,10,17,10
test_01933,no_pattern,1.0,0.0,1.0,238,323,26.31578947368421,0.9722222222222222,0.875,0.9210526315789473,0.8536585365853658,0.9523809523809523,0.8333333333333334,0.888888888888889,0.8,1.0,0.5454545454545454,0.7058823529411764,0.5454545454545454,1.0,0.5,0.6666666666666666,0.5,1.0,0.5,0.6666666666666666,1.0,1.0,1.0,0.0,0.45,0.5,0.5,0.5454545454545454,1.0,0.5,36,21,6,9,6
test_01933,no_redundancy,0.3,0.7,0.0,350,323,8.359133126934983,0.9666666666666667,0.725,0.8285714285714285,0.7073170731707317,1.0,0.7916666666666666,0.8837209302325582,0.7916666666666666,1.0,0.6363636363636364,0.7777777777777778,0.6363636363636364,0.875,0.5833333333333334,0.7000000000000001,0.5384615384615384,0.875,0.5833333333333334,0.7000000000000001,0.875,1.0,0.875,0.125,0.7,0.5833333333333334,0.5384615384615384,0.6363636363636364,0.6,0.7,30,19,8,15,8
test_01939,full_run82,0.3,0.7,1.0,165,165,0.0,1.0,0.10247349823321555,0.1858974358974359,0.10247349823321555,1.0,0.11818181818181818,0.21138211382113822,0.11818181818181818,1.0,0.15384615384615385,0.2666666666666667,0.15384615384615385,1.0,0.1375,0.2417582417582418,0.1375,1.0,0.1375,0.2417582417582418,1.0,1.0,1.0,0.0,0.14049586776859505,0.1375,0.1375,0.15384615384615385,0.7,0.2,29,13,11,17,11
test_01939,no_topic,0.0,1.0,1.0,174,165,5.454545454545454,1.0,0.0989399293286219,0.180064308681672,0.0989399293286219,1.0,0.09090909090909091,0.16666666666666669,0.09090909090909091,0.9090909090909091,0.15384615384615385,0.26315789473684215,0.15151515151515152,0.9285714285714286,0.1625,0.2765957446808511,0.16049382716049382,0.9285714285714286,0.1625,0.2765957446808511,0.9285714285714286,0.9285714285714286,0.9285714285714286,0.0714285714285714,0.17355371900826447,0.1625,0.16049382716049382,0.15384615384615385,0.5,0.3,28,10,14,22,14
test_01939,no_pattern,1.0,0.0,1.0,148,165,10.303030303030303,1.0,0.08833922261484099,0.16233766233766234,0.08833922261484099,1.0,0.10909090909090909,0.19672131147540983,0.10909090909090909,0.9230769230769231,0.18461538461538463,0.3076923076923077,0.18181818181818182,0.9285714285714286,0.1625,0.2765957446808511,0.16049382716049382,0.9285714285714286,0.1625,0.2765957446808511,0.9285714285714286,0.9285714285714286,0.9285714285714286,0.0714285714285714,0.1652892561983471,0.1625,0.16049382716049382,0.18461538461538463,0.6,0.2,25,12,14,21,14
test_01939,no_redundancy,0.3,0.7,0.0,446,165,170.3030303030303,0.9655172413793104,0.1978798586572438,0.3284457478005865,0.19649122807017544,1.0,0.3181818181818182,0.4827586206896552,0.3181818181818182,0.8823529411764706,0.23076923076923078,0.36585365853658536,0.22388059701492538,0.8095238095238095,0.2125,0.33663366336633666,0.20238095238095238,0.8571428571428571,0.225,0.3564356435643564,0.7619047619047619,0.9047619047619048,0.7619047619047619,0.23809523809523814,0.2231404958677686,0.2125,0.20238095238095238,0.23076923076923078,0.6,0.4,58,35,21,31,21
test_01941,full_run82,0.3,0.7,1.0,453,453,0.0,0.9859154929577465,0.4375,0.6060606060606061,0.43478260869565216,1.0,0.41935483870967744,0.5909090909090909,0.41935483870967744,1.0,0.3,0.4615384615384615,0.3,1.0,0.2777777777777778,0.4347826086956522,0.2777777777777778,1.0,0.2777777777777778,0.4347826086956522,1.0,1.0,1.0,0.0,0.35294117647058826,0.2777777777777778,0.2777777777777778,0.3,0.3333333333333333,0.2,71,26,10,18,10
test_01941,no_topic,0.0,1.0,1.0,480,453,5.960264900662252,0.9868421052631579,0.46875,0.635593220338983,0.4658385093167702,1.0,0.46774193548387094,0.6373626373626373,0.46774193548387094,1.0,0.36666666666666664,0.5365853658536585,0.36666666666666664,1.0,0.3333333333333333,0.5,0.3333333333333333,1.0,0.3333333333333333,0.5,0.9166666666666666,1.0,0.9166666666666666,0.08333333333333337,0.4117647058823529,0.3333333333333333,0.3333333333333333,0.36666666666666664,0.4444444444444444,0.3,76,29,12,21,12
test_01941,no_pattern,1.0,0.0,1.0,332,453,26.71081677704194,1.0,0.3375,0.5046728971962617,0.3375,1.0,0.25806451612903225,0.41025641025641024,0.25806451612903225,1.0,0.36666666666666664,0.5365853658536585,0.36666666666666664,1.0,0.3333333333333333,0.5,0.3333333333333333,1.0,0.3333333333333333,0.5,1.0,1.0,1.0,0.0,0.35294117647058826,0.3333333333333333,0.3333333333333333,0.36666666666666664,0.5555555555555556,0.3,54,16,12,18,12
test_01941,no_redundancy,0.3,0.7,0.0,454,453,0.22075055187637968,1.0,0.40625,0.5777777777777777,0.40625,1.0,0.45161290322580644,0.6222222222222222,0.45161290322580644,1.0,0.43333333333333335,0.6046511627906976,0.43333333333333335,1.0,0.4722222222222222,0.6415094339622641,0.4722222222222222,1.0,0.4722222222222222,0.6415094339622641,1.0,1.0,1.0,0.0,0.45098039215686275,0.4722222222222222,0.4722222222222222,0.43333333333333335,0.8888888888888888,0.5,65,28,17,23,17
test_01944,full_run82,0.3,0.7,1.0,275,275,0.0,1.0,0.2867132867132867,0.4456521739130435,0.2867132867132867,1.0,0.14893617021276595,0.25925925925925924,0.14893617021276595,1.0,0.18518518518518517,0.3125,0.18518518518518517,1.0,0.15625,0.2702702702702703,0.15625,1.0,0.15625,0.2702702702702703,0.8,1.0,0.8,0.19999999999999996,0.21428571428571427,0.15625,0.15625,0.18518518518518517,0.3,0.2,41,7,5,9,5
test_01944,no_topic,0.0,1.0,1.0,402,275,46.18181818181818,1.0,0.4125874125874126,0.5841584158415842,0.4125874125874126,1.0,0.2765957446808511,0.43333333333333335,0.2765957446808511,1.0,0.2962962962962963,0.45714285714285713,0.2962962962962963,0.875,0.21875,0.35,0.21212121212121213,0.875,0.21875,0.35,1.0,0.875,0.875,0.125,0.30952380952380953,0.21875,0.21212121212121213,0.2962962962962963,0.3,0.5,59,13,8,14,8
test_01944,no_pattern,1.0,0.0,1.0,220,275,20.0,1.0,0.23076923076923078,0.375,0.23076923076923078,1.0,0.2765957446808511,0.43333333333333335,0.2765957446808511,1.0,0.1111111111111111,0.19999999999999998,0.1111111111111111,1.0,0.09375,0.17142857142857143,0.09375,1.0,0.09375,0.17142857142857143,1.0,1.0,1.0,0.0,0.11904761904761904,0.09375,0.09375,0.1111111111111111,0.3,0.2,33,13,3,5,3
test_01944,no_redundancy,0.3,0.7,0.0,540,275,96.36363636363636,0.984375,0.4405594405594406,0.6086956521739131,0.4375,0.9130434782608695,0.44680851063829785,0.6,0.42857142857142855,1.0,0.4444444444444444,0.6153846153846153,0.4444444444444444,1.0,0.375,0.5454545454545454,0.375,1.0,0.375,0.5454545454545454,1.0,1.0,1.0,0.0,0.40476190476190477,0.375,0.375,0.4444444444444444,0.7,0.5,64,23,12,17,12
test_01960,full_run82,0.3,0.7,1.0,289,289,0.0,1.0,0.18867924528301888,0.3174603174603175,0.18867924528301888,1.0,0.1411764705882353,0.24742268041237114,0.1411764705882353,1.0,0.2727272727272727,0.42857142857142855,0.2727272727272727,1.0,0.2318840579710145,0.37647058823529417,0.2318840579710145,1.0,0.2318840579710145,0.37647058823529417,1.0,1.0,1.0,0.0,0.26804123711340205,0.2318840579710145,0.2318840579710145,0.2727272727272727,0.18518518518518517,0.4,60,12,16,26,16
test_01960,no_topic,0.0,1.0,1.0,256,289,11.418685121107266,1.0,0.16037735849056603,0.2764227642276422,0.16037735849056603,1.0,0.17647058823529413,0.3,0.17647058823529413,1.0,0.2545454545454545,0.4057971014492754,0.2545454545454545,1.0,0.2318840579710145,0.37647058823529417,0.2318840579710145,1.0,0.2318840579710145,0.37647058823529417,1.0,1.0,1.0,0.0,0.25773195876288657,0.2318840579710145,0.2318840579710145,0.2545454545454545,0.14814814814814814,0.4,51,15,16,25,16
test_01960,no_pattern,1.0,0.0,1.0,219,289,24.22145328719723,1.0,0.1320754716981132,0.23333333333333334,0.1320754716981132,1.0,0.17647058823529413,0.3,0.17647058823529413,1.0,0.18181818181818182,0.3076923076923077,0.18181818181818182,1.0,0.14492753623188406,0.25316455696202533,0.14492753623188406,1.0,0.14492753623188406,0.25316455696202533,1.0,1.0,1.0,0.0,0.17525773195876287,0.14492753623188406,0.14492753623188406,0.18181818181818182,0.14814814814814814,0.2,42,15,10,17,10
test_01960,no_redundancy,0.3,0.7,0.0,400,289,38.4083044982699,1.0,0.21069182389937108,0.34805194805194806,0.21069182389937108,1.0,0.27058823529411763,0.42592592592592593,0.27058823529411763,1.0,0.16363636363636364,0.28125,0.16363636363636364,1.0,0.15942028985507245,0.27499999999999997,0.15942028985507245,1.0,0.15942028985507245,0.27499999999999997,1.0,1.0,1.0,0.0,0.14432989690721648,0.15942028985507245,0.15942028985507245,0.16363636363636364,0.2962962962962963,0.3,67,23,11,14,11
test_01964,full_run82,0.3,0.7,1.0,347,347,0.0,1.0,0.2857142857142857,0.4444444444444445,0.2857142857142857,1.0,0.35,0.5185185185185185,0.35,1.0,0.325,0.4905660377358491,0.325,1.0,0.3125,0.47619047619047616,0.3125,1.0,0.3125,0.47619047619047616,1.0,1.0,1.0,0.0,0.3125,0.3125,0.3125,0.325,0.5,0.6,72,14,15,20,15
test_01964,no_topic,0.0,1.0,1.0,366,347,5.475504322766571,1.0,0.3055555555555556,0.46808510638297873,0.3055555555555556,1.0,0.325,0.4905660377358491,0.325,1.0,0.3,0.4615384615384615,0.3,1.0,0.3125,0.47619047619047616,0.3125,1.0,0.3125,0.47619047619047616,1.0,1.0,1.0,0.0,0.3125,0.3125,0.3125,0.3,0.5,0.5,77,13,15,20,15
test_01964,no_pattern,1.0,0.0,1.0,209,347,39.76945244956772,1.0,0.1746031746031746,0.29729729729729726,0.1746031746031746,1.0,0.275,0.4313725490196079,0.275,0.8333333333333334,0.25,0.3846153846153846,0.23809523809523808,0.8461538461538461,0.22916666666666666,0.360655737704918,0.22,0.8461538461538461,0.22916666666666666,0.360655737704918,0.8461538461538461,0.8461538461538461,0.8461538461538461,0.15384615384615385,0.265625,0.22916666666666666,0.22,0.25,0.5,0.3,44,11,13,20,13
test_01964,no_redundancy,0.3,0.7,0.0,497,347,43.22766570605187,1.0,0.30158730158730157,0.46341463414634143,0.30158730158730157,1.0,0.575,0.7301587301587301,0.575,1.0,0.325,0.4905660377358491,0.325,0.9473684210526315,0.375,0.537313432835821,0.3673469387755102,0.9473684210526315,0.375,0.537313432835821,1.0,0.8947368421052632,0.8947368421052632,0.10526315789473684,0.390625,0.375,0.3673469387755102,0.325,0.5,0.6,76,23,19,26,19
test_01965,full_run82,0.3,0.7,1.0,363,363,0.0,1.0,0.35121951219512193,0.5198555956678701,0.35121951219512193,1.0,0.37209302325581395,0.5423728813559322,0.37209302325581395,1.0,0.47619047619047616,0.6451612903225806,0.47619047619047616,1.0,0.3333333333333333,0.5,0.3333333333333333,1.0,0.3333333333333333,0.5,1.0,1.0,1.0,0.0,0.3829787234042553,0.3333333333333333,0.3333333333333333,0.47619047619047616,0.5,0.2,72,16,10,18,10
test_01965,no_topic,0.0,1.0,1.0,369,363,1.6528925619834711,1.0,0.32195121951219513,0.4870848708487085,0.32195121951219513,0.9333333333333333,0.32558139534883723,0.4827586206896553,0.3181818181818182,1.0,0.3333333333333333,0.5,0.3333333333333333,1.0,0.23333333333333334,0.37837837837837834,0.23333333333333334,1.0,0.23333333333333334,0.37837837837837834,1.0,1.0,1.0,0.0,0.2978723404255319,0.23333333333333334,0.23333333333333334,0.3333333333333333,0.3333333333333333,0.1,66,15,7,14,7
test_01965,no_pattern,1.0,0.0,1.0,263,363,27.548209366391184,1.0,0.23414634146341465,0.37944664031620556,0.23414634146341465,1.0,0.13953488372093023,0.24489795918367346,0.13953488372093023,1.0,0.23809523809523808,0.3846153846153846,0.23809523809523808,1.0,0.2,0.33333333333333337,0.2,1.0,0.2,0.33333333333333337,1.0,1.0,1.0,0.0,0.2553191489361702,0.2,0.2,0.23809523809523808,0.3333333333333333,0.3,48,6,6,12,6
test_01965,no_redundancy,0.3,0.7,0.0,421,363,15.977961432506888,1.0,0.37073170731707317,0.5409252669039146,0.37073170731707317,0.9411764705882353,0.37209302325581395,0.5333333333333333,0.36363636363636365,1.0,0.3333333333333333,0.5,0.3333333333333333,1.0,0.3333333333333333,0.5,0.3333333333333333,1.0,0.3333333333333333,0.5,1.0,1.0,1.0,0.0,0.3404255319148936,0.3333333333333333,0.3333333333333333,0.3333333333333333,0.6666666666666666,0.4,76,17,10,16,10
test_01979,full_run82,0.3,0.7,1.0,349,349,0.0,1.0,0.48031496062992124,0.648936170212766,0.48031496062992124,1.0,0.5636363636363636,0.7209302325581396,0.5636363636363636,1.0,0.4230769230769231,0.5945945945945945,0.4230769230769231,1.0,0.35294117647058826,0.5217391304347826,0.35294117647058826,1.0,0.35294117647058826,0.5217391304347826,1.0,1.0,1.0,0.0,0.40425531914893614,0.35294117647058826,0.35294117647058826,0.4230769230769231,0.35714285714285715,0.5,61,31,12,19,12
test_01979,no_topic,0.0,1.0,1.0,379,349,8.595988538681947,1.0,0.5039370078740157,0.6701570680628273,0.5039370078740157,1.0,0.6545454545454545,0.7912087912087912,0.6545454545454545,1.0,0.4230769230769231,0.5945945945945945,0.4230769230769231,1.0,0.38235294117647056,0.5531914893617021,0.38235294117647056,1.0,0.38235294117647056,0.5531914893617021,1.0,1.0,1.0,0.0,0.425531914893617,0.38235294117647056,0.38235294117647056,0.4230769230769231,0.5,0.4,64,36,13,20,13
test_01979,no_pattern,1.0,0.0,1.0,262,349,24.92836676217765,1.0,0.3464566929133858,0.5146198830409356,0.3464566929133858,1.0,0.43636363636363634,0.6075949367088608,0.43636363636363634,1.0,0.38461538461538464,0.5555555555555556,0.38461538461538464,1.0,0.35294117647058826,0.5217391304347826,0.35294117647058826,1.0,0.35294117647058826,0.5217391304347826,1.0,1.0,1.0,0.0,0.425531914893617,0.35294117647058826,0.35294117647058826,0.38461538461538464,0.35714285714285715,0.4,44,24,12,20,12
test_01979,no_redundancy,0.3,0.7,0.0,497,349,42.40687679083094,1.0,0.5826771653543307,0.736318407960199,0.5826771653543307,1.0,0.509090909090909,0.6746987951807228,0.509090909090909,1.0,0.6923076923076923,0.8181818181818181,0.6923076923076923,1.0,0.6176470588235294,0.7636363636363637,0.6176470588235294,1.0,0.6176470588235294,0.7636363636363637,1.0,1.0,1.0,0.0,0.5957446808510638,0.6176470588235294,0.6176470588235294,0.6923076923076923,0.8571428571428571,0.6,74,28,21,28,21
test_01981,full_run82,0.3,0.7,1.0,334,334,0.0,1.0,0.4881889763779528,0.656084656084656,0.4881889763779528,1.0,0.37254901960784315,0.5428571428571428,0.37254901960784315,1.0,0.5,0.6666666666666666,0.5,1.0,0.4444444444444444,0.6153846153846153,0.4444444444444444,1.0,0.4444444444444444,0.6153846153846153,1.0,1.0,1.0,0.0,0.43902439024390244,0.4444444444444444,0.4444444444444444,0.5,0.8571428571428571,0.3,62,19,12,18,12
test_01981,no_topic,0.0,1.0,1.0,349,334,4.491017964071856,1.0,0.5039370078740157,0.6701570680628273,0.5039370078740157,1.0,0.39215686274509803,0.5633802816901409,0.39215686274509803,1.0,0.45,0.6206896551724138,0.45,1.0,0.4074074074074074,0.5789473684210525,0.4074074074074074,1.0,0.4074074074074074,0.5789473684210525,1.0,1.0,1.0,0.0,0.4146341463414634,0.4074074074074074,0.4074074074074074,0.45,0.8571428571428571,0.2,64,20,11,17,11
test_01981,no_pattern,1.0,0.0,1.0,225,334,32.634730538922156,1.0,0.28346456692913385,0.44171779141104295,0.28346456692913385,1.0,0.35294117647058826,0.5217391304347826,0.35294117647058826,1.0,0.3,0.4615384615384615,0.3,1.0,0.2962962962962963,0.45714285714285713,0.2962962962962963,1.0,0.2962962962962963,0.45714285714285713,1.0,1.0,1.0,0.0,0.3170731707317073,0.2962962962962963,0.2962962962962963,0.3,0.7142857142857143,0.3,36,18,8,13,8
test_01981,no_redundancy,0.3,0.7,0.0,380,334,13.77245508982036,1.0,0.48031496062992124,0.648936170212766,0.48031496062992124,1.0,0.37254901960784315,0.5428571428571428,0.37254901960784315,1.0,0.45,0.6206896551724138,0.45,1.0,0.37037037037037035,0.5405405405405406,0.37037037037037035,1.0,0.37037037037037035,0.5405405405405406,1.0,1.0,1.0,0.0,0.3902439024390244,0.37037037037037035,0.37037037037037035,0.45,0.8571428571428571,0.1,61,19,10,16,10
test_01983,full_run82,0.3,0.7,1.0,261,261,0.0,1.0,0.39090909090909093,0.5620915032679739,0.39090909090909093,1.0,0.6304347826086957,0.7733333333333333,0.6304347826086957,1.0,0.42857142857142855,0.6,0.42857142857142855,1.0,0.37037037037037035,0.5405405405405406,0.37037037037037035,1.0,0.37037037037037035,0.5405405405405406,1.0,1.0,1.0,0.0,0.4358974358974359,0.37037037037037035,0.37037037037037035,0.42857142857142855,0.5,0.5,43,29,10,17,10
test_01983,no_topic,0.0,1.0,1.0,296,261,13.409961685823754,1.0,0.4636363636363636,0.6335403726708074,0.4636363636363636,1.0,0.6304347826086957,0.7733333333333333,0.6304347826086957,1.0,0.47619047619047616,0.6451612903225806,0.47619047619047616,1.0,0.4074074074074074,0.5789473684210525,0.4074074074074074,1.0,0.4074074074074074,0.5789473684210525,1.0,1.0,1.0,0.0,0.48717948717948717,0.4074074074074074,0.4074074074074074,0.47619047619047616,0.5,0.5,51,29,11,19,11
test_01983,no_pattern,1.0,0.0,1.0,250,261,4.21455938697318,1.0,0.4,0.5714285714285715,0.4,1.0,0.2608695652173913,0.41379310344827586,0.2608695652173913,1.0,0.2857142857142857,0.4444444444444445,0.2857142857142857,1.0,0.2222222222222222,0.3636363636363636,0.2222222222222222,1.0,0.2222222222222222,0.3636363636363636,1.0,1.0,1.0,0.0,0.2564102564102564,0.2222222222222222,0.2222222222222222,0.2857142857142857,0.5,0.1,44,12,6,10,6
test_01983,no_redundancy,0.3,0.7,0.0,425,261,62.83524904214559,1.0,0.6090909090909091,0.7570621468926554,0.6090909090909091,1.0,0.6304347826086957,0.7733333333333333,0.6304347826086957,1.0,0.38095238095238093,0.5517241379310345,0.38095238095238093,1.0,0.3333333333333333,0.5,0.3333333333333333,1.0,0.3333333333333333,0.5,1.0,1.0,1.0,0.0,0.41025641025641024,0.3333333333333333,0.3333333333333333,0.38095238095238093,0.5,0.5,67,29,9,16,9
test_02021,full_run82,0.3,0.7,1.0,168,168,0.0,1.0,0.30952380952380953,0.4727272727272727,0.30952380952380953,1.0,0.2777777777777778,0.4347826086956522,0.2777777777777778,1.0,0.3888888888888889,0.56,0.3888888888888889,1.0,0.36,0.5294117647058824,0.36,1.0,0.36,0.5294117647058824,1.0,1.0,1.0,0.0,0.3684210526315789,0.36,0.36,0.3888888888888889,0.6666666666666666,0.4,26,10,9,14,9
test_02021,no_topic,0.0,1.0,1.0,219,168,30.357142857142854,1.0,0.39285714285714285,0.5641025641025641,0.39285714285714285,1.0,0.3333333333333333,0.5,0.3333333333333333,1.0,0.4444444444444444,0.6153846153846153,0.4444444444444444,1.0,0.44,0.6111111111111112,0.44,1.0,0.44,0.6111111111111112,1.0,1.0,1.0,0.0,0.4473684210526316,0.44,0.44,0.4444444444444444,0.6666666666666666,0.4,33,12,11,17,11
test_02021,no_pattern,1.0,0.0,1.0,188,168,11.904761904761903,1.0,0.34523809523809523,0.5132743362831858,0.34523809523809523,1.0,0.3333333333333333,0.5,0.3333333333333333,1.0,0.5555555555555556,0.7142857142857143,0.5555555555555556,1.0,0.48,0.6486486486486487,0.48,1.0,0.48,0.6486486486486487,1.0,1.0,1.0,0.0,0.5,0.48,0.48,0.5555555555555556,0.6666666666666666,0.6,29,12,12,19,12
test_02021,no_redundancy,0.3,0.7,0.0,261,168,55.35714285714286,1.0,0.44047619047619047,0.6115702479338843,0.44047619047619047,0.96,0.6666666666666666,0.7868852459016393,0.6486486486486487,1.0,0.5555555555555556,0.7142857142857143,0.5555555555555556,1.0,0.4,0.5714285714285715,0.4,1.0,0.4,0.5714285714285715,1.0,1.0,1.0,0.0,0.39473684210526316,0.4,0.4,0.5555555555555556,0.6666666666666666,0.6,37,25,10,15,10
test_02034,full_run82,0.3,0.7,1.0,462,462,0.0,1.0,0.5483870967741935,0.7083333333333333,0.5483870967741935,1.0,0.5769230769230769,0.7317073170731707,0.5769230769230769,1.0,0.3333333333333333,0.5,0.3333333333333333,1.0,0.35294117647058826,0.5217391304347826,0.35294117647058826,1.0,0.35294117647058826,0.5217391304347826,1.0,1.0,1.0,0.0,0.3793103448275862,0.35294117647058826,0.35294117647058826,0.3333333333333333,0.75,0.3,68,30,6,11,6
test_02034,no_topic,0.0,1.0,1.0,456,462,1.2987012987012987,1.0,0.5483870967741935,0.7083333333333333,0.5483870967741935,1.0,0.5576923076923077,0.7160493827160493,0.5576923076923077,1.0,0.3333333333333333,0.5,0.3333333333333333,1.0,0.35294117647058826,0.5217391304347826,0.35294117647058826,1.0,0.35294117647058826,0.5217391304347826,1.0,1.0,1.0,0.0,0.3793103448275862,0.35294117647058826,0.35294117647058826,0.3333333333333333,0.75,0.3,68,29,6,11,6
test_02034,no_pattern,1.0,0.0,1.0,305,462,33.98268398268398,1.0,0.4032258064516129,0.5747126436781609,0.4032258064516129,1.0,0.5192307692307693,0.6835443037974684,0.5192307692307693,1.0,0.5333333333333333,0.6956521739130436,0.5333333333333333,1.0,0.47058823529411764,0.6399999999999999,0.47058823529411764,1.0,0.47058823529411764,0.6399999999999999,1.0,1.0,1.0,0.0,0.4827586206896552,0.47058823529411764,0.47058823529411764,0.5333333333333333,0.75,0.6,50,27,8,14,8
test_02034,no_redundancy,0.3,0.7,0.0,480,462,3.896103896103896,1.0,0.6048387096774194,0.7537688442211055,0.6048387096774194,1.0,0.5192307692307693,0.6835443037974684,0.5192307692307693,1.0,0.3333333333333333,0.5,0.3333333333333333,1.0,0.35294117647058826,0.5217391304347826,0.35294117647058826,1.0,0.35294117647058826,0.5217391304347826,1.0,1.0,1.0,0.0,0.3793103448275862,0.35294117647058826,0.35294117647058826,0.3333333333333333,0.75,0.3,75,27,6,11,6
test_02048,full_run82,0.3,0.7,1.0,134,134,0.0,1.0,0.059490084985835696,0.11229946524064172,0.059490084985835696,1.0,0.07352941176470588,0.13698630136986303,0.07352941176470588,1.0,0.10909090909090909,0.19672131147540983,0.10909090909090909,1.0,0.07526881720430108,0.14,0.07526881720430108,1.0,0.07526881720430108,0.14,1.0,1.0,1.0,0.0,0.10236220472440945,0.07526881720430108,0.07526881720430108,0.10909090909090909,0.2,0.4,21,10,7,13,7
test_02048,no_topic,0.0,1.0,1.0,177,134,32.08955223880597,1.0,0.09348441926345609,0.17098445595854922,0.09348441926345609,1.0,0.07352941176470588,0.13698630136986303,0.07352941176470588,1.0,0.09090909090909091,0.16666666666666669,0.09090909090909091,1.0,0.06451612903225806,0.12121212121212122,0.06451612903225806,1.0,0.06451612903225806,0.12121212121212122,1.0,1.0,1.0,0.0,0.07874015748031496,0.06451612903225806,0.06451612903225806,0.09090909090909091,0.2,0.3,33,10,6,10,6
test_02048,no_pattern,1.0,0.0,1.0,101,134,24.62686567164179,1.0,0.039660056657223795,0.07629427792915532,0.039660056657223795,1.0,0.08088235294117647,0.14965986394557826,0.08088235294117647,1.0,0.10909090909090909,0.19672131147540983,0.10909090909090909,1.0,0.08602150537634409,0.15841584158415845,0.08602150537634409,1.0,0.08602150537634409,0.15841584158415845,1.0,1.0,1.0,0.0,0.11023622047244094,0.08602150537634409,0.08602150537634409,0.10909090909090909,0.2,0.4,14,11,8,14,8
test_02048,no_redundancy,0.3,0.7,0.0,287,134,114.17910447761194,1.0,0.11048158640226628,0.19897959183673466,0.11048158640226628,1.0,0.08088235294117647,0.14965986394557826,0.08088235294117647,1.0,0.07272727272727272,0.13559322033898305,0.07272727272727272,1.0,0.043010752688172046,0.08247422680412372,0.043010752688172046,1.0,0.043010752688172046,0.08247422680412372,1.0,1.0,1.0,0.0,0.06299212598425197,0.043010752688172046,0.043010752688172046,0.07272727272727272,0.13333333333333333,0.2,39,11,4,8,4
test_02060,full_run82,0.3,0.7,1.0,188,188,0.0,0.9736842105263158,0.10306406685236769,0.1863979848866499,0.10277777777777777,1.0,0.1958762886597938,0.3275862068965517,0.1958762886597938,1.0,0.09836065573770492,0.1791044776119403,0.09836065573770492,0.875,0.0875,0.15909090909090906,0.08641975308641975,0.875,0.0875,0.15909090909090906,1.0,0.875,0.875,0.125,0.1111111111111111,0.0875,0.08641975308641975,0.09836065573770492,0.16666666666666666,0.0,38,19,8,14,8
test_02060,no_topic,0.0,1.0,1.0,320,188,70.2127659574468,1.0,0.18662952646239556,0.3145539906103286,0.18662952646239556,1.0,0.21649484536082475,0.3559322033898305,0.21649484536082475,1.0,0.19672131147540983,0.3287671232876712,0.19672131147540983,1.0,0.15,0.2608695652173913,0.15,1.0,0.15,0.2608695652173913,1.0,1.0,1.0,0.0,0.1623931623931624,0.15,0.15,0.19672131147540983,0.20833333333333334,0.5,67,21,12,19,12
test_02060,no_pattern,1.0,0.0,1.0,159,188,15.425531914893616,0.96875,0.08635097493036212,0.1585677749360614,0.08611111111111111,1.0,0.12371134020618557,0.22018348623853212,0.12371134020618557,1.0,0.09836065573770492,0.1791044776119403,0.09836065573770492,0.8888888888888888,0.1,0.17977528089887643,0.09876543209876543,0.8888888888888888,0.1,0.17977528089887643,1.0,0.8888888888888888,0.8888888888888888,0.11111111111111116,0.1282051282051282,0.1,0.09876543209876543,0.09836065573770492,0.16666666666666666,0.2,32,12,9,16,9
test_02060,no_redundancy,0.3,0.7,0.0,394,188,109.57446808510637,1.0,0.16991643454038996,0.29047619047619044,0.16991643454038996,1.0,0.27835051546391754,0.435483870967742,0.27835051546391754,1.0,0.18032786885245902,0.3055555555555556,0.18032786885245902,1.0,0.15,0.2608695652173913,0.15,1.0,0.15,0.2608695652173913,1.0,1.0,1.0,0.0,0.15384615384615385,0.15,0.15,0.18032786885245902,0.25,0.3,61,27,12,18,12
test_02098,full_run82,0.3,0.7,1.0,381,381,0.0,1.0,0.6794871794871795,0.8091603053435115,0.6794871794871795,1.0,0.7391304347826086,0.85,0.7391304347826086,1.0,0.45,0.6206896551724138,0.45,1.0,0.3793103448275862,0.5499999999999999,0.3793103448275862,1.0,0.3793103448275862,0.5499999999999999,1.0,1.0,1.0,0.0,0.425,0.3793103448275862,0.3793103448275862,0.45,0.7142857142857143,0.4,53,34,11,17,11
test_02098,no_topic,0.0,1.0,1.0,379,381,0.5249343832020997,1.0,0.6794871794871795,0.8091603053435115,0.6794871794871795,1.0,0.7608695652173914,0.8641975308641976,0.7608695652173914,1.0,0.45,0.6206896551724138,0.45,1.0,0.3448275862068966,0.5128205128205129,0.3448275862068966,1.0,0.3448275862068966,0.5128205128205129,1.0,1.0,1.0,0.0,0.4,0.3448275862068966,0.3448275862068966,0.45,0.5714285714285714,0.4,53,35,10,16,10
test_02098,no_pattern,1.0,0.0,1.0,271,381,28.871391076115486,1.0,0.6410256410256411,0.7812500000000001,0.6410256410256411,1.0,0.4782608695652174,0.6470588235294118,0.4782608695652174,1.0,0.8,0.888888888888889,0.8,0.8571428571428571,0.6206896551724138,0.7200000000000001,0.5625,0.8571428571428571,0.6206896551724138,0.7200000000000001,1.0,1.0,1.0,0.0,0.725,0.6206896551724138,0.5625,0.8,0.8571428571428571,0.5,50,22,21,30,21
test_02098,no_redundancy,0.3,0.7,0.0,389,381,2.099737532808399,1.0,0.6025641025641025,0.7519999999999999,0.6025641025641025,1.0,0.7391304347826086,0.85,0.7391304347826086,1.0,0.45,0.6206896551724138,0.45,1.0,0.3448275862068966,0.5128205128205129,0.3448275862068966,1.0,0.3448275862068966,0.5128205128205129,1.0,1.0,1.0,0.0,0.375,0.3448275862068966,0.3448275862068966,0.45,0.5714285714285714,0.3,47,34,10,15,10
test_02101,full_run82,0.3,0.7,1.0,275,275,0.0,1.0,0.3357142857142857,0.5026737967914439,0.3357142857142857,1.0,0.29523809523809524,0.45588235294117646,0.29523809523809524,1.0,0.3870967741935484,0.5581395348837209,0.3870967741935484,1.0,0.27906976744186046,0.43636363636363634,0.27906976744186046,1.0,0.27906976744186046,0.43636363636363634,1.0,0.9166666666666666,0.9166666666666666,0.08333333333333337,0.36507936507936506,0.27906976744186046,0.27906976744186046,0.3870967741935484,0.375,0.2,47,31,12,23,12
test_02101,no_topic,0.0,1.0,1.0,282,275,2.5454545454545454,1.0,0.2857142857142857,0.4444444444444445,0.2857142857142857,1.0,0.3333333333333333,0.5,0.3333333333333333,1.0,0.3225806451612903,0.4878048780487805,0.3225806451612903,1.0,0.27906976744186046,0.43636363636363634,0.27906976744186046,1.0,0.27906976744186046,0.43636363636363634,1.0,1.0,1.0,0.0,0.30158730158730157,0.27906976744186046,0.27906976744186046,0.3225806451612903,0.625,0.2,40,35,12,19,12
test_02101,no_pattern,1.0,0.0,1.0,179,275,34.909090909090914,1.0,0.2571428571428571,0.40909090909090906,0.2571428571428571,1.0,0.13333333333333333,0.23529411764705882,0.13333333333333333,1.0,0.3548387096774194,0.5238095238095238,0.3548387096774194,1.0,0.27906976744186046,0.43636363636363634,0.27906976744186046,1.0,0.27906976744186046,0.43636363636363634,1.0,0.9166666666666666,0.9166666666666666,0.08333333333333337,0.3492063492063492,0.27906976744186046,0.27906976744186046,0.3548387096774194,0.375,0.2,36,14,12,22,12
test_02101,no_redundancy,0.3,0.7,0.0,355,275,29.09090909090909,1.0,0.29285714285714287,0.4530386740331492,0.29285714285714287,0.9838709677419355,0.580952380952381,0.7305389221556886,0.5754716981132075,1.0,0.16129032258064516,0.27777777777777773,0.16129032258064516,1.0,0.13953488372093023,0.24489795918367346,0.13953488372093023,1.0,0.13953488372093023,0.24489795918367346,1.0,1.0,1.0,0.0,0.1746031746031746,0.13953488372093023,0.13953488372093023,0.16129032258064516,0.375,0.3,41,62,6,11,6
test_02102,full_run82,0.3,0.7,1.0,385,385,0.0,1.0,0.4793388429752066,0.6480446927374302,0.4793388429752066,1.0,0.6938775510204082,0.819277108433735,0.6938775510204082,1.0,0.46153846153846156,0.631578947368421,0.46153846153846156,1.0,0.35294117647058826,0.5217391304347826,0.35294117647058826,1.0,0.35294117647058826,0.5217391304347826,0.8333333333333334,1.0,0.8333333333333334,0.16666666666666663,0.4,0.35294117647058826,0.35294117647058826,0.46153846153846156,0.5,0.3,58,34,6,12,6
test_02102,no_topic,0.0,1.0,1.0,415,385,7.792207792207792,1.0,0.5289256198347108,0.6918918918918919,0.5289256198347108,1.0,0.6530612244897959,0.7901234567901235,0.6530612244897959,1.0,0.5384615384615384,0.7000000000000001,0.5384615384615384,1.0,0.4117647058823529,0.5833333333333334,0.4117647058823529,1.0,0.4117647058823529,0.5833333333333334,0.8571428571428571,1.0,0.8571428571428571,0.1428571428571429,0.4666666666666667,0.4117647058823529,0.4117647058823529,0.5384615384615384,0.5,0.3,64,32,7,14,7
test_02102,no_pattern,1.0,0.0,1.0,284,385,26.233766233766232,1.0,0.4462809917355372,0.6171428571428571,0.4462809917355372,1.0,0.46938775510204084,0.6388888888888888,0.46938775510204084,0.8333333333333334,0.38461538461538464,0.5263157894736842,0.35714285714285715,0.6666666666666666,0.23529411764705882,0.3478260869565218,0.21052631578947367,1.0,0.35294117647058826,0.5217391304347826,0.6666666666666666,0.8333333333333334,0.6666666666666666,0.33333333333333337,0.36666666666666664,0.23529411764705882,0.21052631578947367,0.38461538461538464,0.75,0.1,54,23,6,11,6
test_02102,no_redundancy,0.3,0.7,0.0,449,385,16.623376623376622,0.984375,0.5206611570247934,0.6810810810810812,0.5163934426229508,1.0,0.6326530612244898,0.775,0.6326530612244898,1.0,0.38461538461538464,0.5555555555555556,0.38461538461538464,1.0,0.4117647058823529,0.5833333333333334,0.4117647058823529,1.0,0.4117647058823529,0.5833333333333334,0.8571428571428571,1.0,0.8571428571428571,0.1428571428571429,0.4666666666666667,0.4117647058823529,0.4117647058823529,0.38461538461538464,0.5,0.5,64,31,7,14,7
test_02117,full_run82,0.3,0.7,1.0,224,224,0.0,1.0,0.20642201834862386,0.3422053231939164,0.20642201834862386,1.0,0.171875,0.29333333333333333,0.171875,1.0,0.15,0.2608695652173913,0.15,1.0,0.13953488372093023,0.24489795918367346,0.13953488372093023,1.0,0.13953488372093023,0.24489795918367346,1.0,1.0,1.0,0.0,0.15492957746478872,0.13953488372093023,0.13953488372093023,0.15,0.6,0.1,45,11,6,11,6
test_02117,no_topic,0.0,1.0,1.0,219,224,2.232142857142857,1.0,0.19724770642201836,0.32950191570881227,0.19724770642201836,1.0,0.171875,0.29333333333333333,0.171875,1.0,0.175,0.2978723404255319,0.175,1.0,0.16279069767441862,0.28,0.16279069767441862,1.0,0.16279069767441862,0.28,1.0,1.0,1.0,0.0,0.16901408450704225,0.16279069767441862,0.16279069767441862,0.175,0.6,0.1,43,11,7,12,7
test_02117,no_pattern,1.0,0.0,1.0,199,224,11.160714285714286,1.0,0.16055045871559634,0.2766798418972332,0.16055045871559634,1.0,0.234375,0.379746835443038,0.234375,1.0,0.175,0.2978723404255319,0.175,1.0,0.16279069767441862,0.28,0.16279069767441862,1.0,0.16279069767441862,0.28,1.0,0.8571428571428571,0.8571428571428571,0.1428571428571429,0.19718309859154928,0.16279069767441862,0.16279069767441862,0.175,0.4,0.2,35,15,7,14,7
test_02117,no_redundancy,0.3,0.7,0.0,374,224,66.96428571428571,1.0,0.3394495412844037,0.5068493150684932,0.3394495412844037,1.0,0.15625,0.2702702702702703,0.15625,1.0,0.225,0.36734693877551017,0.225,1.0,0.20930232558139536,0.3461538461538462,0.20930232558139536,1.0,0.20930232558139536,0.3461538461538462,1.0,1.0,1.0,0.0,0.22535211267605634,0.20930232558139536,0.20930232558139536,0.225,0.6,0.2,74,10,9,16,9
test_02124,full_run82,0.3,0.7,1.0,228,228,0.0,1.0,1.0,1.0,1.0,1.0,1.0,1.0,1.0,1.0,1.0,1.0,1.0,1.0,1.0,1.0,1.0,1.0,1.0,1.0,1.0,1.0,1.0,0.0,1.0,1.0,1.0,1.0,1.0,1.0,28,23,7,12,7
test_02124,no_topic,0.0,1.0,1.0,228,228,0.0,1.0,1.0,1.0,1.0,1.0,1.0,1.0,1.0,1.0,1.0,1.0,1.0,1.0,1.0,1.0,1.0,1.0,1.0,1.0,1.0,1.0,1.0,0.0,1.0,1.0,1.0,1.0,1.0,1.0,28,23,7,12,7
test_02124,no_pattern,1.0,0.0,1.0,228,228,0.0,1.0,1.0,1.0,1.0,1.0,1.0,1.0,1.0,1.0,1.0,1.0,1.0,1.0,1.0,1.0,1.0,1.0,1.0,1.0,1.0,1.0,1.0,0.0,1.0,1.0,1.0,1.0,1.0,1.0,28,23,7,12,7
test_02124,no_redundancy,0.3,0.7,0.0,228,228,0.0,1.0,1.0,1.0,1.0,1.0,1.0,1.0,1.0,1.0,1.0,1.0,1.0,1.0,1.0,1.0,1.0,1.0,1.0,1.0,1.0,1.0,1.0,0.0,1.0,1.0,1.0,1.0,1.0,1.0,28,23,7,12,7
test_02125,full_run82,0.3,0.7,1.0,250,250,0.0,0.975609756097561,0.15267175572519084,0.264026402640264,0.1520912547528517,1.0,0.24342105263157895,0.3915343915343915,0.24342105263157895,1.0,0.1917808219178082,0.3218390804597701,0.1917808219178082,1.0,0.13592233009708737,0.23931623931623933,0.13592233009708737,1.0,0.13592233009708737,0.23931623931623933,1.0,1.0,1.0,0.0,0.17692307692307693,0.13592233009708737,0.13592233009708737,0.1917808219178082,0.125,0.3,41,37,14,23,14
test_02125,no_topic,0.0,1.0,1.0,283,250,13.200000000000001,1.0,0.183206106870229,0.30967741935483867,0.183206106870229,0.9642857142857143,0.17763157894736842,0.3,0.17647058823529413,1.0,0.1232876712328767,0.2195121951219512,0.1232876712328767,1.0,0.08737864077669903,0.16071428571428573,0.08737864077669903,1.0,0.08737864077669903,0.16071428571428573,0.7777777777777778,1.0,0.7777777777777778,0.2222222222222222,0.1076923076923077,0.08737864077669903,0.08737864077669903,0.1232876712328767,0.15625,0.2,48,28,9,14,9
test_02125,no_pattern,1.0,0.0,1.0,215,250,14.000000000000002,1.0,0.1297709923664122,0.2297297297297297,0.1297709923664122,1.0,0.125,0.2222222222222222,0.125,1.0,0.136986301369863,0.24096385542168672,0.136986301369863,1.0,0.10679611650485436,0.19298245614035087,0.10679611650485436,1.0,0.10679611650485436,0.19298245614035087,1.0,1.0,1.0,0.0,0.14615384615384616,0.10679611650485436,0.10679611650485436,0.136986301369863,0.125,0.1,34,19,11,19,11
test_02125,no_redundancy,0.3,0.7,0.0,386,250,54.400000000000006,1.0,0.21374045801526717,0.35220125786163525,0.21374045801526717,1.0,0.16447368421052633,0.2824858757062147,0.16447368421052633,1.0,0.136986301369863,0.24096385542168672,0.136986301369863,1.0,0.13592233009708737,0.23931623931623933,0.13592233009708737,1.0,0.13592233009708737,0.23931623931623933,1.0,1.0,1.0,0.0,0.16153846153846155,0.13592233009708737,0.13592233009708737,0.136986301369863,0.15625,0.5,56,25,14,21,14
test_02145,full_run82,0.3,0.7,1.0,339,339,0.0,1.0,0.1971326164874552,0.32934131736526945,0.1971326164874552,1.0,0.3418803418803419,0.5095541401273885,0.3418803418803419,1.0,0.14754098360655737,0.2571428571428572,0.14754098360655737,1.0,0.1518987341772152,0.26373626373626374,0.1518987341772152,1.0,0.1518987341772152,0.26373626373626374,1.0,1.0,1.0,0.0,0.17117117117117117,0.1518987341772152,0.1518987341772152,0.14754098360655737,0.5,0.1,55,40,12,19,12
test_02145,no_topic,0.0,1.0,1.0,327,339,3.5398230088495577,1.0,0.1935483870967742,0.3243243243243243,0.1935483870967742,1.0,0.37606837606837606,0.546583850931677,0.37606837606837606,1.0,0.16393442622950818,0.28169014084507044,0.16393442622950818,1.0,0.17721518987341772,0.3010752688172043,0.17721518987341772,1.0,0.17721518987341772,0.3010752688172043,1.0,1.0,1.0,0.0,0.1891891891891892,0.17721518987341772,0.17721518987341772,0.16393442622950818,0.5,0.2,54,44,14,21,14
test_02145,no_pattern,1.0,0.0,1.0,216,339,36.283185840707965,1.0,0.13978494623655913,0.24528301886792453,0.13978494623655913,1.0,0.19658119658119658,0.32857142857142857,0.19658119658119658,1.0,0.13114754098360656,0.23188405797101452,0.13114754098360656,1.0,0.12658227848101267,0.22471910112359553,0.12658227848101267,1.0,0.12658227848101267,0.22471910112359553,1.0,1.0,1.0,0.0,0.13513513513513514,0.12658227848101267,0.12658227848101267,0.13114754098360656,0.6,0.2,39,23,10,15,10
test_02145,no_redundancy,0.3,0.7,0.0,534,339,57.52212389380531,0.9850746268656716,0.23655913978494625,0.38150289017341044,0.2357142857142857,1.0,0.29914529914529914,0.4605263157894737,0.29914529914529914,0.9090909090909091,0.16393442622950818,0.27777777777777773,0.16129032258064516,0.8333333333333334,0.189873417721519,0.30927835051546393,0.18292682926829268,0.9444444444444444,0.21518987341772153,0.35051546391752575,0.9444444444444444,0.9444444444444444,0.9444444444444444,0.05555555555555558,0.1981981981981982,0.189873417721519,0.18292682926829268,0.16393442622950818,0.5,0.2,67,35,18,24,18
test_02148,full_run82,0.3,0.7,1.0,249,249,0.0,1.0,0.2513089005235602,0.401673640167364,0.2513089005235602,1.0,0.2903225806451613,0.45000000000000007,0.2903225806451613,1.0,0.22641509433962265,0.36923076923076925,0.22641509433962265,1.0,0.203125,0.33766233766233766,0.203125,1.0,0.203125,0.33766233766233766,1.0,1.0,1.0,0.0,0.2247191011235955,0.203125,0.203125,0.22641509433962265,0.3333333333333333,0.3,48,18,13,20,13
test_02148,no_topic,0.0,1.0,1.0,267,249,7.228915662650602,1.0,0.27225130890052357,0.4279835390946502,0.27225130890052357,1.0,0.3064516129032258,0.46913580246913583,0.3064516129032258,1.0,0.32075471698113206,0.4857142857142857,0.32075471698113206,1.0,0.28125,0.43902439024390244,0.28125,1.0,0.28125,0.43902439024390244,1.0,1.0,1.0,0.0,0.29213483146067415,0.28125,0.28125,0.32075471698113206,0.3333333333333333,0.5,52,19,18,26,18
test_02148,no_pattern,1.0,0.0,1.0,193,249,22.48995983935743,1.0,0.17277486910994763,0.29464285714285715,0.17277486910994763,1.0,0.22580645161290322,0.3684210526315789,0.22580645161290322,1.0,0.20754716981132076,0.34375000000000006,0.20754716981132076,1.0,0.203125,0.33766233766233766,0.203125,1.0,0.203125,0.33766233766233766,1.0,1.0,1.0,0.0,0.2247191011235955,0.203125,0.203125,0.20754716981132076,0.4,0.3,33,14,13,20,13
test_02148,no_redundancy,0.3,0.7,0.0,418,249,67.8714859437751,1.0,0.2670157068062827,0.42148760330578516,0.2670157068062827,1.0,0.3870967741935484,0.5581395348837209,0.3870967741935484,1.0,0.33962264150943394,0.5070422535211268,0.33962264150943394,1.0,0.3125,0.47619047619047616,0.3125,1.0,0.3125,0.47619047619047616,1.0,1.0,1.0,0.0,0.33707865168539325,0.3125,0.3125,0.33962264150943394,0.4,0.3,51,24,20,30,20
test_02150,full_run82,0.3,0.7,1.0,281,281,0.0,1.0,0.25274725274725274,0.40350877192982454,0.25274725274725274,1.0,0.2222222222222222,0.3636363636363636,0.2222222222222222,1.0,0.32142857142857145,0.4864864864864865,0.32142857142857145,1.0,0.29411764705882354,0.45454545454545453,0.29411764705882354,1.0,0.29411764705882354,0.45454545454545453,1.0,1.0,1.0,0.0,0.32,0.29411764705882354,0.29411764705882354,0.32142857142857145,0.3333333333333333,0.4,46,16,10,16,10
test_02150,no_topic,0.0,1.0,1.0,326,281,16.014234875444842,1.0,0.29120879120879123,0.451063829787234,0.29120879120879123,1.0,0.3055555555555556,0.46808510638297873,0.3055555555555556,1.0,0.39285714285714285,0.5641025641025641,0.39285714285714285,1.0,0.38235294117647056,0.5531914893617021,0.38235294117647056,1.0,0.38235294117647056,0.5531914893617021,1.0,1.0,1.0,0.0,0.4,0.38235294117647056,0.38235294117647056,0.39285714285714285,0.3333333333333333,0.5,53,22,13,20,13
test_02150,no_pattern,1.0,0.0,1.0,224,281,20.284697508896798,1.0,0.1978021978021978,0.3302752293577982,0.1978021978021978,1.0,0.20833333333333334,0.3448275862068966,0.20833333333333334,1.0,0.32142857142857145,0.4864864864864865,0.32142857142857145,1.0,0.2647058823529412,0.4186046511627907,0.2647058823529412,1.0,0.2647058823529412,0.4186046511627907,1.0,1.0,1.0,0.0,0.3,0.2647058823529412,0.2647058823529412,0.32142857142857145,0.25,0.4,36,15,9,15,9
test_02150,no_redundancy,0.3,0.7,0.0,408,281,45.195729537366546,1.0,0.35714285714285715,0.5263157894736842,0.35714285714285715,1.0,0.3888888888888889,0.56,0.3888888888888889,1.0,0.39285714285714285,0.5641025641025641,0.39285714285714285,1.0,0.3235294117647059,0.48888888888888893,0.3235294117647059,1.0,0.3235294117647059,0.48888888888888893,1.0,1.0,1.0,0.0,0.36,0.3235294117647059,0.3235294117647059,0.39285714285714285,0.3333333333333333,0.3,65,28,11,18,11
test_02176,full_run82,0.3,0.7,1.0,209,209,0.0,1.0,0.14035087719298245,0.24615384615384614,0.14035087719298245,1.0,0.23469387755102042,0.3801652892561984,0.23469387755102042,1.0,0.1702127659574468,0.2909090909090909,0.1702127659574468,1.0,0.14492753623188406,0.25316455696202533,0.14492753623188406,1.0,0.14492753623188406,0.25316455696202533,1.0,1.0,1.0,0.0,0.1875,0.14492753623188406,0.14492753623188406,0.1702127659574468,0.3076923076923077,0.3,40,23,10,18,10
test_02176,no_topic,0.0,1.0,1.0,319,209,52.63157894736842,1.0,0.15087719298245614,0.2621951219512195,0.15087719298245614,1.0,0.22448979591836735,0.36666666666666664,0.22448979591836735,1.0,0.14893617021276595,0.25925925925925924,0.14893617021276595,0.8888888888888888,0.11594202898550725,0.20512820512820512,0.11428571428571428,1.0,0.13043478260869565,0.23076923076923078,1.0,1.0,1.0,0.0,0.14583333333333334,0.11594202898550725,0.11428571428571428,0.14893617021276595,0.38461538461538464,0.3,43,22,9,15,9
test_02176,no_pattern,1.0,0.0,1.0,151,209,27.751196172248804,1.0,0.09824561403508772,0.17891373801916932,0.09824561403508772,1.0,0.14285714285714285,0.25,0.14285714285714285,1.0,0.1276595744680851,0.22641509433962262,0.1276595744680851,1.0,0.11594202898550725,0.20779220779220778,0.11594202898550725,1.0,0.11594202898550725,0.20779220779220778,1.0,1.0,1.0,0.0,0.16666666666666666,0.11594202898550725,0.11594202898550725,0.1276595744680851,0.15384615384615385,0.3,28,14,8,16,8
test_02176,no_redundancy,0.3,0.7,0.0,464,209,122.00956937799043,1.0,0.22807017543859648,0.3714285714285714,0.22807017543859648,1.0,0.35714285714285715,0.5263157894736842,0.35714285714285715,1.0,0.2978723404255319,0.45901639344262296,0.2978723404255319,1.0,0.2318840579710145,0.37647058823529417,0.2318840579710145,1.0,0.2318840579710145,0.37647058823529417,1.0,1.0,1.0,0.0,0.2604166666666667,0.2318840579710145,0.2318840579710145,0.2978723404255319,0.38461538461538464,0.3,65,35,16,25,16
test_02178,full_run82,0.3,0.7,1.0,253,253,0.0,1.0,0.3389830508474576,0.5063291139240507,0.3389830508474576,1.0,0.4090909090909091,0.5806451612903226,0.4090909090909091,1.0,0.4642857142857143,0.6341463414634146,0.4642857142857143,1.0,0.41935483870967744,0.5909090909090909,0.41935483870967744,1.0,0.41935483870967744,0.5909090909090909,1.0,1.0,1.0,0.0,0.42,0.41935483870967744,0.41935483870967744,0.4642857142857143,0.5714285714285714,0.7,40,27,13,21,13
test_02178,no_topic,0.0,1.0,1.0,276,253,9.090909090909092,1.0,0.3559322033898305,0.525,0.3559322033898305,1.0,0.4696969696969697,0.6391752577319588,0.4696969696969697,1.0,0.4642857142857143,0.6341463414634146,0.4642857142857143,1.0,0.45161290322580644,0.6222222222222222,0.45161290322580644,1.0,0.45161290322580644,0.6222222222222222,1.0,1.0,1.0,0.0,0.42,0.45161290322580644,0.45161290322580644,0.4642857142857143,0.7142857142857143,0.7,42,31,14,21,14
test_02178,no_pattern,1.0,0.0,1.0,217,253,14.229249011857709,1.0,0.2457627118644068,0.3945578231292517,0.2457627118644068,1.0,0.36363636363636365,0.5333333333333333,0.36363636363636365,1.0,0.5,0.6666666666666666,0.5,0.9333333333333333,0.45161290322580644,0.608695652173913,0.4375,0.9333333333333333,0.45161290322580644,0.608695652173913,0.9333333333333333,1.0,0.9333333333333333,0.06666666666666665,0.46,0.45161290322580644,0.4375,0.5,0.5714285714285714,0.6,29,24,15,24,15
test_02178,no_redundancy,0.3,0.7,0.0,429,253,69.56521739130434,1.0,0.5338983050847458,0.696132596685083,0.5338983050847458,0.9705882352941176,0.5,0.6599999999999999,0.4925373134328358,1.0,0.25,0.4,0.25,1.0,0.22580645161290322,0.3684210526315789,0.22580645161290322,1.0,0.22580645161290322,0.3684210526315789,1.0,1.0,1.0,0.0,0.28,0.22580645161290322,0.22580645161290322,0.25,0.2857142857142857,0.3,63,34,7,14,7
test_02189,full_run82,0.3,0.7,1.0,189,189,0.0,1.0,0.06751054852320675,0.12648221343873517,0.06751054852320675,1.0,0.08870967741935484,0.16296296296296298,0.08870967741935484,1.0,0.07692307692307693,0.14285714285714288,0.07692307692307693,1.0,0.058823529411764705,0.1111111111111111,0.058823529411764705,1.0,0.058823529411764705,0.1111111111111111,1.0,1.0,1.0,0.0,0.0718954248366013,0.058823529411764705,0.058823529411764705,0.07692307692307693,0.16666666666666666,0.2,32,11,6,11,6
test_02189,no_topic,0.0,1.0,1.0,210,189,11.11111111111111,1.0,0.06540084388185655,0.12277227722772278,0.06540084388185655,1.0,0.08064516129032258,0.1492537313432836,0.08064516129032258,1.0,0.08974358974358974,0.1647058823529412,0.08974358974358974,1.0,0.06862745098039216,0.12844036697247707,0.06862745098039216,1.0,0.06862745098039216,0.12844036697247707,1.0,1.0,1.0,0.0,0.08496732026143791,0.06862745098039216,0.06862745098039216,0.08974358974358974,0.16666666666666666,0.2,31,10,7,13,7
test_02189,no_pattern,1.0,0.0,1.0,203,189,7.4074074074074066,1.0,0.04430379746835443,0.08484848484848485,0.04430379746835443,1.0,0.08064516129032258,0.1492537313432836,0.08064516129032258,1.0,0.05128205128205128,0.09756097560975609,0.05128205128205128,1.0,0.049019607843137254,0.09345794392523364,0.049019607843137254,1.0,0.049019607843137254,0.09345794392523364,1.0,1.0,1.0,0.0,0.05228758169934641,0.049019607843137254,0.049019607843137254,0.05128205128205128,0.2222222222222222,0.3,21,10,5,8,5
test_02189,no_redundancy,0.3,0.7,0.0,469,189,148.14814814814815,1.0,0.13924050632911392,0.2444444444444444,0.13924050632911392,1.0,0.1693548387096774,0.28965517241379307,0.1693548387096774,1.0,0.08974358974358974,0.1647058823529412,0.08974358974358974,1.0,0.0784313725490196,0.14545454545454545,0.0784313725490196,1.0,0.0784313725490196,0.14545454545454545,0.875,1.0,0.875,0.125,0.0915032679738562,0.0784313725490196,0.0784313725490196,0.08974358974358974,0.16666666666666666,0.1,66,21,8,14,8
test_02197,full_run82,0.3,0.7,1.0,259,259,0.0,1.0,0.16356877323420074,0.28115015974440893,0.16356877323420074,1.0,0.24390243902439024,0.39215686274509803,0.24390243902439024,1.0,0.2,0.33333333333333337,0.2,1.0,0.15151515151515152,0.2631578947368421,0.15151515151515152,1.0,0.15151515151515152,0.2631578947368421,1.0,1.0,1.0,0.0,0.1728395061728395,0.15151515151515152,0.15151515151515152,0.2,0.20833333333333334,0.4,44,10,10,14,10
test_02197,no_topic,0.0,1.0,1.0,432,259,66.79536679536679,0.9861111111111112,0.26394052044609667,0.4164222873900293,0.26296296296296295,1.0,0.34146341463414637,0.5090909090909091,0.34146341463414637,1.0,0.2,0.33333333333333337,0.2,0.9090909090909091,0.15151515151515152,0.25974025974025977,0.14925373134328357,0.9090909090909091,0.15151515151515152,0.25974025974025977,1.0,0.9090909090909091,0.9090909090909091,0.09090909090909094,0.20987654320987653,0.15151515151515152,0.14925373134328357,0.2,0.16666666666666666,0.7,72,14,11,18,11
test_02197,no_pattern,1.0,0.0,1.0,217,259,16.216216216216218,0.9722222222222222,0.13011152416356878,0.2295081967213115,0.12962962962962962,1.0,0.1951219512195122,0.326530612244898,0.1951219512195122,1.0,0.12,0.21428571428571425,0.12,1.0,0.10606060606060606,0.19178082191780824,0.10606060606060606,1.0,0.10606060606060606,0.19178082191780824,1.0,1.0,1.0,0.0,0.14814814814814814,0.10606060606060606,0.10606060606060606,0.12,0.125,0.3,36,8,7,12,7
test_02197,no_redundancy,0.3,0.7,0.0,585,259,125.86872586872586,0.9882352941176471,0.31226765799256506,0.4745762711864407,0.3111111111111111,0.9090909090909091,0.24390243902439024,0.38461538461538464,0.23809523809523808,1.0,0.2,0.33333333333333337,0.2,0.9090909090909091,0.15151515151515152,0.25974025974025977,0.14925373134328357,1.0,0.16666666666666666,0.2857142857142857,0.9090909090909091,1.0,0.9090909090909091,0.09090909090909094,0.20987654320987653,0.15151515151515152,0.14925373134328357,0.2,0.16666666666666666,0.5,85,11,11,18,11
test_02205,full_run82,0.3,0.7,1.0,326,326,0.0,1.0,0.4962962962962963,0.6633663366336634,0.4962962962962963,1.0,0.4791666666666667,0.647887323943662,0.4791666666666667,1.0,0.4166666666666667,0.5882352941176471,0.4166666666666667,1.0,0.3125,0.47619047619047616,0.3125,1.0,0.3125,0.47619047619047616,1.0,1.0,1.0,0.0,0.3103448275862069,0.3125,0.3125,0.4166666666666667,1.0,0.6,67,23,5,9,5
test_02205,no_topic,0.0,1.0,1.0,326,326,0.0,1.0,0.4962962962962963,0.6633663366336634,0.4962962962962963,1.0,0.4791666666666667,0.647887323943662,0.4791666666666667,1.0,0.4166666666666667,0.5882352941176471,0.4166666666666667,1.0,0.3125,0.47619047619047616,0.3125,1.0,0.3125,0.47619047619047616,1.0,1.0,1.0,0.0,0.3103448275862069,0.3125,0.3125,0.4166666666666667,1.0,0.6,67,23,5,9,5
test_02205,no_pattern,1.0,0.0,1.0,259,326,20.552147239263803,0.9615384615384616,0.37037037037037035,0.5347593582887701,0.36496350364963503,1.0,0.3958333333333333,0.5671641791044776,0.3958333333333333,1.0,0.4166666666666667,0.5882352941176471,0.4166666666666667,1.0,0.5,0.6666666666666666,0.5,1.0,0.5,0.6666666666666666,1.0,1.0,1.0,0.0,0.5172413793103449,0.5,0.5,0.4166666666666667,1.0,0.5,52,19,8,15,8
test_02205,no_redundancy,0.3,0.7,0.0,345,326,5.828220858895705,0.9818181818181818,0.4,0.5684210526315789,0.39705882352941174,0.9583333333333334,0.4791666666666667,0.638888888888889,0.46938775510204084,1.0,0.3333333333333333,0.5,0.3333333333333333,1.0,0.25,0.4,0.25,1.0,0.25,0.4,1.0,1.0,1.0,0.0,0.27586206896551724,0.25,0.25,0.3333333333333333,0.6666666666666666,0.3,55,24,4,8,4
test_02215,full_run82,0.3,0.7,1.0,138,138,0.0,1.0,0.3275862068965517,0.49350649350649356,0.3275862068965517,1.0,0.2826086956521739,0.4406779661016949,0.2826086956521739,1.0,0.29411764705882354,0.45454545454545453,0.29411764705882354,1.0,0.21739130434782608,0.3571428571428571,0.21739130434782608,1.0,0.21739130434782608,0.3571428571428571,1.0,1.0,1.0,0.0,0.2647058823529412,0.21739130434782608,0.21739130434782608,0.29411764705882354,0.3,0.4,19,13,5,9,5
test_02215,no_topic,0.0,1.0,1.0,169,138,22.463768115942027,0.9565217391304348,0.3793103448275862,0.54320987654321,0.3728813559322034,0.9285714285714286,0.2826086956521739,0.4333333333333333,0.2765957446808511,1.0,0.29411764705882354,0.45454545454545453,0.29411764705882354,1.0,0.2608695652173913,0.41379310344827586,0.2608695652173913,1.0,0.2608695652173913,0.41379310344827586,1.0,1.0,1.0,0.0,0.29411764705882354,0.2608695652173913,0.2608695652173913,0.29411764705882354,0.3,0.5,23,14,6,10,6
test_02215,no_pattern,1.0,0.0,1.0,123,138,10.869565217391305,1.0,0.2413793103448276,0.3888888888888889,0.2413793103448276,0.9285714285714286,0.2826086956521739,0.4333333333333333,0.2765957446808511,1.0,0.29411764705882354,0.45454545454545453,0.29411764705882354,1.0,0.21739130434782608,0.3571428571428571,0.21739130434782608,1.0,0.21739130434782608,0.3571428571428571,1.0,1.0,1.0,0.0,0.2647058823529412,0.21739130434782608,0.21739130434782608,0.29411764705882354,0.3,0.4,14,14,5,9,5
test_02215,no_redundancy,0.3,0.7,0.0,162,138,17.391304347826086,1.0,0.3103448275862069,0.4736842105263158,0.3103448275862069,1.0,0.34782608695652173,0.5161290322580645,0.34782608695652173,1.0,0.29411764705882354,0.45454545454545453,0.29411764705882354,1.0,0.2608695652173913,0.41379310344827586,0.2608695652173913,1.0,0.2608695652173913,0.41379310344827586,1.0,1.0,1.0,0.0,0.2647058823529412,0.2608695652173913,0.2608695652173913,0.29411764705882354,0.5,0.5,18,16,6,9,6
test_02246,full_run82,0.3,0.7,1.0,414,414,0.0,0.9722222222222222,0.22012578616352202,0.3589743589743589,0.21875,1.0,0.2152777777777778,0.3542857142857143,0.2152777777777778,1.0,0.1111111111111111,0.19999999999999998,0.1111111111111111,0.6666666666666666,0.07547169811320754,0.13559322033898305,0.07272727272727272,1.0,0.11320754716981132,0.2033898305084746,1.0,1.0,1.0,0.0,0.11688311688311688,0.07547169811320754,0.07272727272727272,0.1111111111111111,0.2727272727272727,0.3,72,31,6,10,6
test_02246,no_topic,0.0,1.0,1.0,501,414,21.014492753623188,0.9753086419753086,0.24842767295597484,0.39598997493734334,0.246875,1.0,0.2847222222222222,0.4432432432432432,0.2847222222222222,1.0,0.1111111111111111,0.19999999999999998,0.1111111111111111,1.0,0.11320754716981132,0.2033898305084746,0.11320754716981132,1.0,0.11320754716981132,0.2033898305084746,1.0,1.0,1.0,0.0,0.12987012987012986,0.11320754716981132,0.11320754716981132,0.1111111111111111,0.2727272727272727,0.3,81,41,6,10,6
test_02246,no_pattern,1.0,0.0,1.0,198,414,52.17391304347826,1.0,0.11320754716981132,0.2033898305084746,0.11320754716981132,0.9473684210526315,0.125,0.2208588957055215,0.12413793103448276,1.0,0.08888888888888889,0.163265306122449,0.08888888888888889,1.0,0.07547169811320754,0.14035087719298245,0.07547169811320754,1.0,0.07547169811320754,0.14035087719298245,1.0,1.0,1.0,0.0,0.09090909090909091,0.07547169811320754,0.07547169811320754,0.08888888888888889,0.2727272727272727,0.1,36,19,4,7,4
test_02246,no_redundancy,0.3,0.7,0.0,626,414,51.20772946859904,0.9807692307692307,0.16037735849056603,0.2756756756756757,0.15987460815047022,0.9696969696969697,0.2222222222222222,0.36158192090395475,0.2206896551724138,1.0,0.13333333333333333,0.23529411764705882,0.13333333333333333,1.0,0.1320754716981132,0.23333333333333334,0.1320754716981132,1.0,0.1320754716981132,0.23333333333333334,1.0,1.0,1.0,0.0,0.14285714285714285,0.1320754716981132,0.1320754716981132,0.13333333333333333,0.2727272727272727,0.3,52,33,7,11,7
test_02251,full_run82,0.3,0.7,1.0,270,270,0.0,1.0,0.49038461538461536,0.6580645161290322,0.49038461538461536,0.875,0.25925925925925924,0.39999999999999997,0.25,0.8333333333333334,0.5263157894736842,0.6451612903225806,0.47619047619047616,0.8571428571428571,0.5217391304347826,0.6486486486486486,0.48,0.8571428571428571,0.5217391304347826,0.6486486486486486,0.8571428571428571,0.8571428571428571,0.8571428571428571,0.1428571428571429,0.5625,0.5217391304347826,0.48,0.5263157894736842,0.875,0.4,51,8,14,21,14
test_02251,no_topic,0.0,1.0,1.0,308,270,14.074074074074074,1.0,0.5480769230769231,0.7080745341614907,0.5480769230769231,0.9,0.3333333333333333,0.48648648648648646,0.32142857142857145,0.8333333333333334,0.5263157894736842,0.6451612903225806,0.47619047619047616,0.8571428571428571,0.5217391304347826,0.6486486486486486,0.48,0.8571428571428571,0.5217391304347826,0.6486486486486486,0.8571428571428571,0.8571428571428571,0.8571428571428571,0.1428571428571429,0.5625,0.5217391304347826,0.48,0.5263157894736842,0.875,0.4,57,10,14,21,14
test_02251,no_pattern,1.0,0.0,1.0,232,270,14.074074074074074,1.0,0.4230769230769231,0.5945945945945945,0.4230769230769231,0.9166666666666666,0.4074074074074074,0.5641025641025641,0.39285714285714285,1.0,0.47368421052631576,0.6428571428571429,0.47368421052631576,1.0,0.391304347826087,0.5625,0.391304347826087,1.0,0.391304347826087,0.5625,1.0,1.0,1.0,0.0,0.46875,0.391304347826087,0.391304347826087,0.47368421052631576,0.375,0.4,44,12,9,15,9
test_02251,no_redundancy,0.3,0.7,0.0,385,270,42.592592592592595,1.0,0.5288461538461539,0.6918238993710693,0.5288461538461539,1.0,0.6296296296296297,0.7727272727272727,0.6296296296296297,0.7777777777777778,0.3684210526315789,0.5,0.3333333333333333,0.8,0.34782608695652173,0.48484848484848486,0.32,0.8,0.34782608695652173,0.48484848484848486,0.8,0.8,0.8,0.19999999999999996,0.34375,0.34782608695652173,0.32,0.3684210526315789,0.625,0.2,55,17,10,14,10
test_02306,full_run82,0.3,0.7,1.0,246,246,0.0,1.0,0.5373134328358209,0.6990291262135923,0.5373134328358209,1.0,0.5,0.6666666666666666,0.5,1.0,0.45454545454545453,0.625,0.45454545454545453,1.0,0.46153846153846156,0.631578947368421,0.46153846153846156,1.0,0.46153846153846156,0.631578947368421,1.0,1.0,1.0,0.0,0.4090909090909091,0.46153846153846156,0.46153846153846156,0.45454545454545453,1.0,0.4,36,17,6,9,6
test_02306,no_topic,0.0,1.0,1.0,282,246,14.634146341463413,1.0,0.6119402985074627,0.7592592592592593,0.6119402985074627,1.0,0.7941176470588235,0.8852459016393442,0.7941176470588235,1.0,0.7272727272727273,0.8421052631578948,0.7272727272727273,1.0,0.6153846153846154,0.761904761904762,0.6153846153846154,1.0,0.6153846153846154,0.761904761904762,1.0,1.0,1.0,0.0,0.6363636363636364,0.6153846153846154,0.6153846153846154,0.7272727272727273,0.6,0.7,41,27,8,14,8
test_02306,no_pattern,1.0,0.0,1.0,236,246,4.0650406504065035,1.0,0.5074626865671642,0.6732673267326732,0.5074626865671642,1.0,0.4411764705882353,0.6122448979591837,0.4411764705882353,1.0,0.5454545454545454,0.7058823529411764,0.5454545454545454,1.0,0.5384615384615384,0.7000000000000001,0.5384615384615384,1.0,0.5384615384615384,0.7000000000000001,1.0,1.0,1.0,0.0,0.5,0.5384615384615384,0.5384615384615384,0.5454545454545454,1.0,0.5,34,15,7,11,7
test_02306,no_redundancy,0.3,0.7,0.0,281,246,14.227642276422763,1.0,0.5223880597014925,0.6862745098039216,0.5223880597014925,1.0,0.2647058823529412,0.4186046511627907,0.2647058823529412,1.0,0.09090909090909091,0.16666666666666669,0.09090909090909091,1.0,0.07692307692307693,0.14285714285714288,0.07692307692307693,1.0,0.07692307692307693,0.14285714285714288,1.0,1.0,1.0,0.0,0.09090909090909091,0.07692307692307693,0.07692307692307693,0.09090909090909091,0.4,0.1,35,9,1,2,1
test_02308,full_run82,0.3,0.7,1.0,196,196,0.0,1.0,0.07111111111111111,0.13278008298755187,0.07111111111111111,1.0,0.09770114942528736,0.1780104712041885,0.09770114942528736,1.0,0.07692307692307693,0.14285714285714288,0.07692307692307693,1.0,0.059322033898305086,0.112,0.059322033898305086,1.0,0.059322033898305086,0.112,1.0,1.0,1.0,0.0,0.087248322147651,0.059322033898305086,0.059322033898305086,0.07692307692307693,0.08333333333333333,0.2,32,17,7,13,7
test_02308,no_topic,0.0,1.0,1.0,360,196,83.6734693877551,1.0,0.13555555555555557,0.23874755381604698,0.13555555555555557,1.0,0.1896551724137931,0.3188405797101449,0.1896551724137931,1.0,0.13186813186813187,0.23300970873786409,0.13186813186813187,1.0,0.11016949152542373,0.1984732824427481,0.11016949152542373,1.0,0.11016949152542373,0.1984732824427481,1.0,1.0,1.0,0.0,0.1342281879194631,0.11016949152542373,0.11016949152542373,0.13186813186813187,0.16666666666666666,0.3,61,33,13,20,13
test_02308,no_pattern,1.0,0.0,1.0,153,196,21.93877551020408,1.0,0.07333333333333333,0.13664596273291926,0.07333333333333333,1.0,0.06321839080459771,0.11891891891891893,0.06321839080459771,1.0,0.06593406593406594,0.12371134020618557,0.06593406593406594,1.0,0.05084745762711865,0.0967741935483871,0.05084745762711865,1.0,0.05084745762711865,0.0967741935483871,1.0,1.0,1.0,0.0,0.0738255033557047,0.05084745762711865,0.05084745762711865,0.06593406593406594,0.08333333333333333,0.1,33,11,6,11,6
test_02308,no_redundancy,0.3,0.7,0.0,456,196,132.6530612244898,1.0,0.14444444444444443,0.2524271844660194,0.14444444444444443,1.0,0.2413793103448276,0.3888888888888889,0.2413793103448276,1.0,0.10989010989010989,0.198019801980198,0.10989010989010989,1.0,0.09322033898305085,0.17054263565891473,0.09322033898305085,1.0,0.09322033898305085,0.17054263565891473,1.0,1.0,1.0,0.0,0.10738255033557047,0.09322033898305085,0.09322033898305085,0.10989010989010989,0.16666666666666666,0.3,65,42,11,16,11
test_02310,full_run82,0.3,0.7,1.0,300,300,0.0,1.0,0.5050505050505051,0.6711409395973155,0.5050505050505051,1.0,0.5087719298245614,0.6744186046511628,0.5087719298245614,1.0,0.4,0.5714285714285715,0.4,1.0,0.3684210526315789,0.5384615384615384,0.3684210526315789,1.0,0.3684210526315789,0.5384615384615384,1.0,1.0,1.0,0.0,0.39285714285714285,0.3684210526315789,0.3684210526315789,0.4,1.0,0.3,50,29,7,11,7
test_02310,no_topic,0.0,1.0,1.0,300,300,0.0,1.0,0.5050505050505051,0.6711409395973155,0.5050505050505051,1.0,0.5087719298245614,0.6744186046511628,0.5087719298245614,1.0,0.4,0.5714285714285715,0.4,1.0,0.3684210526315789,0.5384615384615384,0.3684210526315789,1.0,0.3684210526315789,0.5384615384615384,1.0,1.0,1.0,0.0,0.39285714285714285,0.3684210526315789,0.3684210526315789,0.4,1.0,0.3,50,29,7,11,7
test_02310,no_pattern,1.0,0.0,1.0,258,300,14.000000000000002,1.0,0.37373737373737376,0.5441176470588236,0.37373737373737376,1.0,0.43859649122807015,0.6097560975609756,0.43859649122807015,1.0,0.26666666666666666,0.4210526315789474,0.26666666666666666,1.0,0.3684210526315789,0.5384615384615384,0.3684210526315789,1.0,0.3684210526315789,0.5384615384615384,1.0,1.0,1.0,0.0,0.35714285714285715,0.3684210526315789,0.3684210526315789,0.26666666666666666,1.0,0.5,37,25,7,10,7
test_02310,no_redundancy,0.3,0.7,0.0,466,300,55.333333333333336,1.0,0.7373737373737373,0.8488372093023255,0.7373737373737373,1.0,0.7192982456140351,0.8367346938775511,0.7192982456140351,1.0,0.5333333333333333,0.6956521739130436,0.5333333333333333,1.0,0.42105263157894735,0.5925925925925926,0.42105263157894735,1.0,0.42105263157894735,0.5925925925925926,1.0,1.0,1.0,0.0,0.4642857142857143,0.42105263157894735,0.42105263157894735,0.5333333333333333,1.0,0.2,73,41,8,13,8
test_02313,full_run82,0.3,0.7,1.0,354,354,0.0,1.0,0.6323529411764706,0.7747747747747747,0.6323529411764706,1.0,0.8297872340425532,0.9069767441860465,0.8297872340425532,1.0,0.5714285714285714,0.7272727272727273,0.5714285714285714,1.0,0.6086956521739131,0.7567567567567568,0.6086956521739131,1.0,0.6086956521739131,0.7567567567567568,1.0,1.0,1.0,0.0,0.59375,0.6086956521739131,0.6086956521739131,0.5714285714285714,0.8333333333333334,0.7,43,39,14,19,14
test_02313,no_topic,0.0,1.0,1.0,363,354,2.5423728813559325,1.0,0.6617647058823529,0.7964601769911505,0.6617647058823529,0.9512195121951219,0.8297872340425532,0.8863636363636364,0.7959183673469388,1.0,0.6666666666666666,0.8,0.6666666666666666,1.0,0.6956521739130435,0.8205128205128205,0.6956521739130435,1.0,0.6956521739130435,0.8205128205128205,1.0,1.0,1.0,0.0,0.6875,0.6956521739130435,0.6956521739130435,0.6666666666666666,0.8333333333333334,0.8,45,41,16,22,16
test_02313,no_pattern,1.0,0.0,1.0,300,354,15.254237288135593,1.0,0.7205882352941176,0.8376068376068375,0.7205882352941176,1.0,0.7021276595744681,0.825,0.7021276595744681,1.0,0.6666666666666666,0.8,0.6666666666666666,1.0,0.6086956521739131,0.7567567567567568,0.6086956521739131,1.0,0.6086956521739131,0.7567567567567568,1.0,1.0,1.0,0.0,0.6875,0.6086956521739131,0.6086956521739131,0.6666666666666666,0.8333333333333334,0.6,49,33,14,22,14
test_02313,no_redundancy,0.3,0.7,0.0,355,354,0.2824858757062147,1.0,0.6911764705882353,0.817391304347826,0.6911764705882353,0.9473684210526315,0.7659574468085106,0.8470588235294116,0.7346938775510204,1.0,0.7619047619047619,0.8648648648648648,0.7619047619047619,1.0,0.782608695652174,0.878048780487805,0.782608695652174,1.0,0.782608695652174,0.878048780487805,1.0,1.0,1.0,0.0,0.78125,0.782608695652174,0.782608695652174,0.7619047619047619,0.8333333333333334,0.9,47,38,18,25,18
test_02317,full_run82,0.3,0.7,1.0,214,214,0.0,1.0,0.08113590263691683,0.15009380863039398,0.08113590263691683,1.0,0.1317365269461078,0.23280423280423285,0.1317365269461078,1.0,0.12631578947368421,0.22429906542056077,0.12631578947368421,1.0,0.1044776119402985,0.18918918918918917,0.1044776119402985,1.0,0.1044776119402985,0.18918918918918917,1.0,1.0,1.0,0.0,0.109375,0.1044776119402985,0.1044776119402985,0.12631578947368421,0.36363636363636365,0.3,40,22,14,21,14
test_02317,no_topic,0.0,1.0,1.0,281,214,31.308411214953267,1.0,0.11359026369168357,0.2040072859744991,0.11359026369168357,1.0,0.10778443113772455,0.1945945945945946,0.10778443113772455,1.0,0.10526315789473684,0.1904761904761905,0.10526315789473684,1.0,0.08208955223880597,0.1517241379310345,0.08208955223880597,1.0,0.08208955223880597,0.1517241379310345,1.0,1.0,1.0,0.0,0.08854166666666667,0.08208955223880597,0.08208955223880597,0.10526315789473684,0.36363636363636365,0.0,56,18,11,17,11
test_02317,no_pattern,1.0,0.0,1.0,185,214,13.551401869158877,1.0,0.07505070993914807,0.139622641509434,0.07505070993914807,1.0,0.09580838323353294,0.17486338797814208,0.09580838323353294,1.0,0.10526315789473684,0.1904761904761905,0.10526315789473684,1.0,0.08955223880597014,0.1643835616438356,0.08955223880597014,1.0,0.08955223880597014,0.1643835616438356,1.0,1.0,1.0,0.0,0.09375,0.08955223880597014,0.08955223880597014,0.10526315789473684,0.36363636363636365,0.3,37,16,12,18,12
test_02317,no_redundancy,0.3,0.7,0.0,130,214,39.25233644859813,1.0,0.016227180527383367,0.031936127744510975,0.016227180527383367,1.0,0.059880239520958084,0.11299435028248588,0.059880239520958084,1.0,0.042105263157894736,0.08080808080808081,0.042105263157894736,1.0,0.03731343283582089,0.07194244604316546,0.03731343283582089,1.0,0.03731343283582089,0.07194244604316546,1.0,1.0,1.0,0.0,0.036458333333333336,0.03731343283582089,0.03731343283582089,0.042105263157894736,0.36363636363636365,0.0,8,10,5,7,5
test_02325,full_run82,0.3,0.7,1.0,302,302,0.0,1.0,0.4140625,0.585635359116022,0.4140625,1.0,0.4722222222222222,0.6415094339622641,0.4722222222222222,1.0,0.40625,0.5777777777777777,0.40625,1.0,0.37209302325581395,0.5423728813559322,0.37209302325581395,1.0,0.37209302325581395,0.5423728813559322,0.9375,1.0,0.9375,0.0625,0.4098360655737705,0.37209302325581395,0.37209302325581395,0.40625,0.5,0.6,53,34,16,25,16
test_02325,no_topic,0.0,1.0,1.0,329,302,8.940397350993377,1.0,0.4296875,0.6010928961748634,0.4296875,1.0,0.4861111111111111,0.6542056074766355,0.4861111111111111,1.0,0.34375,0.5116279069767442,0.34375,1.0,0.32558139534883723,0.49122807017543857,0.32558139534883723,1.0,0.32558139534883723,0.49122807017543857,1.0,1.0,1.0,0.0,0.36065573770491804,0.32558139534883723,0.32558139534883723,0.34375,0.5,0.6,55,35,14,22,14
test_02325,no_pattern,1.0,0.0,1.0,234,302,22.516556291390728,1.0,0.3671875,0.5371428571428571,0.3671875,1.0,0.375,0.5454545454545454,0.375,1.0,0.34375,0.5116279069767442,0.34375,1.0,0.27906976744186046,0.43636363636363634,0.27906976744186046,1.0,0.27906976744186046,0.43636363636363634,1.0,1.0,1.0,0.0,0.3114754098360656,0.27906976744186046,0.27906976744186046,0.34375,0.4166666666666667,0.5,47,27,12,19,12
test_02325,no_redundancy,0.3,0.7,0.0,352,302,16.55629139072848,1.0,0.3828125,0.5536723163841808,0.3828125,1.0,0.5,0.6666666666666666,0.5,1.0,0.3125,0.47619047619047616,0.3125,1.0,0.2558139534883721,0.40740740740740744,0.2558139534883721,1.0,0.2558139534883721,0.40740740740740744,1.0,1.0,1.0,0.0,0.3114754098360656,0.2558139534883721,0.2558139534883721,0.3125,0.3333333333333333,0.4,49,36,11,19,11
test_02366,full_run82,0.3,0.7,1.0,242,242,0.0,1.0,0.8333333333333334,0.9090909090909091,0.8333333333333334,0.9642857142857143,0.9310344827586207,0.9473684210526316,0.9,1.0,0.8125,0.896551724137931,0.8125,1.0,0.8333333333333334,0.9090909090909091,0.8333333333333334,1.0,0.8333333333333334,0.9090909090909091,1.0,1.0,1.0,0.0,0.88,0.8333333333333334,0.8333333333333334,0.8125,1.0,0.9,35,28,15,22,15
test_02366,no_topic,0.0,1.0,1.0,257,242,6.198347107438017,1.0,0.9523809523809523,0.975609756097561,0.9523809523809523,1.0,1.0,1.0,1.0,1.0,1.0,1.0,1.0,1.0,0.9444444444444444,0.9714285714285714,0.9444444444444444,1.0,0.9444444444444444,0.9714285714285714,1.0,1.0,1.0,0.0,0.96,0.9444444444444444,0.9444444444444444,1.0,1.0,1.0,40,29,17,24,17
test_02366,no_pattern,1.0,0.0,1.0,242,242,0.0,1.0,0.8333333333333334,0.9090909090909091,0.8333333333333334,0.9642857142857143,0.9310344827586207,0.9473684210526316,0.9,1.0,0.8125,0.896551724137931,0.8125,1.0,0.8333333333333334,0.9090909090909091,0.8333333333333334,1.0,0.8333333333333334,0.9090909090909091,1.0,1.0,1.0,0.0,0.88,0.8333333333333334,0.8333333333333334,0.8125,1.0,0.9,35,28,15,22,15
test_02366,no_redundancy,0.3,0.7,0.0,266,242,9.917355371900827,1.0,1.0,1.0,1.0,1.0,1.0,1.0,1.0,1.0,1.0,1.0,1.0,1.0,1.0,1.0,1.0,1.0,1.0,1.0,1.0,1.0,1.0,0.0,1.0,1.0,1.0,1.0,1.0,1.0,42,29,18,25,18
test_02370,full_run82,0.3,0.7,1.0,513,513,0.0,0.92,0.10574712643678161,0.18969072164948453,0.10478359908883828,1.0,0.27972027972027974,0.4371584699453552,0.27972027972027974,0.7142857142857143,0.07142857142857142,0.12987012987012989,0.06944444444444445,0.3333333333333333,0.029411764705882353,0.05405405405405406,0.027777777777777776,0.5555555555555556,0.049019607843137254,0.09009009009009009,0.2222222222222222,0.5555555555555556,0.2222222222222222,0.7777777777777778,0.057692307692307696,0.029411764705882353,0.027777777777777776,0.07142857142857142,0.3,0.1,50,40,9,15,9
test_02370,no_topic,0.0,1.0,1.0,493,513,3.898635477582846,0.9333333333333333,0.09655172413793103,0.175,0.0958904109589041,0.975,0.2727272727272727,0.4262295081967213,0.2708333333333333,0.7142857142857143,0.07142857142857142,0.12987012987012989,0.06944444444444445,0.2222222222222222,0.0196078431372549,0.036036036036036036,0.01834862385321101,0.5555555555555556,0.049019607843137254,0.09009009009009009,0.2222222222222222,0.5555555555555556,0.2222222222222222,0.7777777777777778,0.05128205128205128,0.0196078431372549,0.01834862385321101,0.07142857142857142,0.3,0.1,45,40,9,15,9
test_02370,no_pattern,1.0,0.0,1.0,146,513,71.53996101364523,0.9354838709677419,0.06666666666666667,0.12446351931330471,0.06636155606407322,0.9,0.06293706293706294,0.11764705882352942,0.0625,0.8,0.05714285714285714,0.10666666666666666,0.056338028169014086,0.8,0.0392156862745098,0.07476635514018691,0.038834951456310676,0.8,0.0392156862745098,0.07476635514018691,0.8,0.8,0.8,0.19999999999999996,0.05128205128205128,0.0392156862745098,0.038834951456310676,0.05714285714285714,0.2,0.2,31,10,5,10,5
test_02370,no_redundancy,0.3,0.7,0.0,399,513,22.22222222222222,0.9285714285714286,0.059770114942528735,0.11231101511879049,0.059496567505720827,0.9285714285714286,0.18181818181818182,0.30409356725146197,0.1793103448275862,0.6,0.04285714285714286,0.08,0.041666666666666664,0.0,0.0,0.0,0.0,0.4,0.0196078431372549,0.037383177570093455,0.4,0.2,0.2,0.8,0.02564102564102564,0.0,0.0,0.04285714285714286,0.3,0.0,28,28,5,9,5
test_02376,full_run82,0.3,0.7,1.0,143,143,0.0,1.0,1.0,1.0,1.0,1.0,1.0,1.0,1.0,1.0,1.0,1.0,1.0,1.0,1.0,1.0,1.0,1.0,1.0,1.0,1.0,1.0,1.0,0.0,1.0,1.0,1.0,1.0,1.0,1.0,34,7,7,11,7
test_02376,no_topic,0.0,1.0,1.0,143,143,0.0,1.0,1.0,1.0,1.0,1.0,1.0,1.0,1.0,1.0,1.0,1.0,1.0,1.0,1.0,1.0,1.0,1.0,1.0,1.0,1.0,1.0,1.0,0.0,1.0,1.0,1.0,1.0,1.0,1.0,34,7,7,11,7
test_02376,no_pattern,1.0,0.0,1.0,143,143,0.0,1.0,1.0,1.0,1.0,1.0,1.0,1.0,1.0,1.0,1.0,1.0,1.0,1.0,1.0,1.0,1.0,1.0,1.0,1.0,1.0,1.0,1.0,0.0,1.0,1.0,1.0,1.0,1.0,1.0,34,7,7,11,7
test_02376,no_redundancy,0.3,0.7,0.0,143,143,0.0,1.0,1.0,1.0,1.0,1.0,1.0,1.0,1.0,1.0,1.0,1.0,1.0,1.0,1.0,1.0,1.0,1.0,1.0,1.0,1.0,1.0,1.0,0.0,1.0,1.0,1.0,1.0,1.0,1.0,34,7,7,11,7
test_02380,full_run82,0.3,0.7,1.0,298,298,0.0,1.0,0.7721518987341772,0.8714285714285713,0.7721518987341772,1.0,0.7619047619047619,0.8648648648648648,0.7619047619047619,1.0,0.7272727272727273,0.8421052631578948,0.7272727272727273,1.0,0.7333333333333333,0.846153846153846,0.7333333333333333,1.0,0.7333333333333333,0.846153846153846,0.9090909090909091,1.0,0.9090909090909091,0.09090909090909094,0.8181818181818182,0.7333333333333333,0.7333333333333333,0.7272727272727273,0.8333333333333334,0.7,61,16,11,18,11
test_02380,no_topic,0.0,1.0,1.0,312,298,4.697986577181208,0.9846153846153847,0.810126582278481,0.888888888888889,0.8,1.0,0.7142857142857143,0.8333333333333333,0.7142857142857143,1.0,0.6363636363636364,0.7777777777777778,0.6363636363636364,1.0,0.6666666666666666,0.8,0.6666666666666666,1.0,0.6666666666666666,0.8,0.9,1.0,0.9,0.09999999999999998,0.7727272727272727,0.6666666666666666,0.6666666666666666,0.6363636363636364,0.8333333333333334,0.6,65,15,10,17,10
test_02380,no_pattern,1.0,0.0,1.0,242,298,18.79194630872483,1.0,0.6835443037974683,0.8120300751879699,0.6835443037974683,0.8888888888888888,0.38095238095238093,0.5333333333333333,0.36363636363636365,1.0,0.5454545454545454,0.7058823529411764,0.5454545454545454,1.0,0.4666666666666667,0.6363636363636364,0.4666666666666667,1.0,0.4666666666666667,0.6363636363636364,0.8571428571428571,1.0,0.8571428571428571,0.1428571428571429,0.5454545454545454,0.4666666666666667,0.4666666666666667,0.5454545454545454,0.6666666666666666,0.5,54,9,7,12,7
test_02380,no_redundancy,0.3,0.7,0.0,326,298,9.395973154362416,0.9795918367346939,0.6075949367088608,0.75,0.6,0.9411764705882353,0.7619047619047619,0.8421052631578947,0.7272727272727273,1.0,0.5454545454545454,0.7058823529411764,0.5454545454545454,1.0,0.6,0.7499999999999999,0.6,1.0,0.6,0.7499999999999999,0.7777777777777778,1.0,0.7777777777777778,0.2222222222222222,0.6363636363636364,0.6,0.6,0.5454545454545454,0.6666666666666666,0.6,49,17,9,14,9
test_02392,full_run82,0.3,0.7,1.0,141,141,0.0,1.0,0.020512820512820513,0.04020100502512563,0.020512820512820513,1.0,0.02875399361022364,0.05590062111801242,0.02875399361022364,1.0,0.03664921465968586,0.07070707070707069,0.03664921465968586,1.0,0.02203856749311295,0.0431266846361186,0.02203856749311295,1.0,0.02203856749311295,0.0431266846361186,1.0,1.0,1.0,0.0,0.03389830508474576,0.02203856749311295,0.02203856749311295,0.03664921465968586,0.01646090534979424,0.5,16,9,8,12,8
test_02392,no_topic,0.0,1.0,1.0,206,141,46.09929078014184,1.0,0.041025641025641026,0.07881773399014778,0.041025641025641026,1.0,0.03514376996805112,0.06790123456790124,0.03514376996805112,1.0,0.031413612565445025,0.06091370558375635,0.031413612565445025,1.0,0.024793388429752067,0.048387096774193554,0.024793388429752067,1.0,0.024793388429752067,0.048387096774193554,1.0,1.0,1.0,0.0,0.0480225988700565,0.024793388429752067,0.024793388429752067,0.031413612565445025,0.012345679012345678,0.4,32,11,9,17,9
test_02392,no_pattern,1.0,0.0,1.0,90,141,36.17021276595745,1.0,0.01282051282051282,0.02531645569620253,0.01282051282051282,1.0,0.003194888178913738,0.006369426751592357,0.003194888178913738,1.0,0.020942408376963352,0.041025641025641026,0.020942408376963352,1.0,0.013774104683195593,0.02717391304347826,0.013774104683195593,1.0,0.013774104683195593,0.02717391304347826,1.0,1.0,1.0,0.0,0.022598870056497175,0.013774104683195593,0.013774104683195593,0.020942408376963352,0.01646090534979424,0.5,10,1,5,8,5
test_02392,no_redundancy,0.3,0.7,0.0,136,141,3.546099290780142,1.0,0.015384615384615385,0.030303030303030307,0.015384615384615385,1.0,0.012779552715654952,0.025236593059936908,0.012779552715654952,1.0,0.02617801047120419,0.05102040816326531,0.02617801047120419,1.0,0.01928374655647383,0.03783783783783783,0.01928374655647383,1.0,0.01928374655647383,0.03783783783783783,1.0,1.0,1.0,0.0,0.02824858757062147,0.01928374655647383,0.01928374655647383,0.02617801047120419,0.01646090534979424,0.4,12,4,7,10,7
test_02399,full_run82,0.3,0.7,1.0,198,198,0.0,1.0,0.07178217821782178,0.1339491916859122,0.07178217821782178,1.0,0.1232876712328767,0.2195121951219512,0.1232876712328767,1.0,0.13513513513513514,0.2380952380952381,0.13513513513513514,1.0,0.09259259259259259,0.1694915254237288,0.09259259259259259,1.0,0.09259259259259259,0.1694915254237288,1.0,1.0,1.0,0.0,0.12949640287769784,0.09259259259259259,0.09259259259259259,0.13513513513513514,0.08108108108108109,0.3,29,18,10,18,10
test_02399,no_topic,0.0,1.0,1.0,263,198,32.82828282828283,1.0,0.10643564356435643,0.19239373601789708,0.10643564356435643,1.0,0.15753424657534246,0.27218934911242604,0.15753424657534246,1.0,0.14864864864864866,0.25882352941176473,0.14864864864864866,1.0,0.12037037037037036,0.21487603305785122,0.12037037037037036,1.0,0.12037037037037036,0.21487603305785122,1.0,1.0,1.0,0.0,0.14388489208633093,0.12037037037037036,0.12037037037037036,0.14864864864864866,0.13513513513513514,0.2,43,23,13,20,13
test_02399,no_pattern,1.0,0.0,1.0,125,198,36.868686868686865,1.0,0.039603960396039604,0.07619047619047618,0.039603960396039604,1.0,0.0958904109589041,0.175,0.0958904109589041,1.0,0.16216216216216217,0.27906976744186046,0.16216216216216217,1.0,0.1111111111111111,0.19999999999999998,0.1111111111111111,1.0,0.1111111111111111,0.19999999999999998,0.9166666666666666,1.0,0.9166666666666666,0.08333333333333337,0.1366906474820144,0.1111111111111111,0.1111111111111111,0.16216216216216217,0.10810810810810811,0.5,16,14,12,19,12
test_02399,no_redundancy,0.3,0.7,0.0,431,198,117.67676767676767,1.0,0.19306930693069307,0.3236514522821577,0.19306930693069307,1.0,0.1643835616438356,0.2823529411764706,0.1643835616438356,1.0,0.14864864864864866,0.25882352941176473,0.14864864864864866,1.0,0.10185185185185185,0.18487394957983191,0.10185185185185185,1.0,0.10185185185185185,0.18487394957983191,1.0,1.0,1.0,0.0,0.12949640287769784,0.10185185185185185,0.10185185185185185,0.14864864864864866,0.10810810810810811,0.1,78,24,11,18,11
test_02404,full_run82,0.3,0.7,1.0,224,224,0.0,1.0,0.18686868686868688,0.3148936170212766,0.18686868686868688,1.0,0.2714285714285714,0.42696629213483145,0.2714285714285714,1.0,0.2903225806451613,0.45000000000000007,0.2903225806451613,1.0,0.22448979591836735,0.36666666666666664,0.22448979591836735,1.0,0.22448979591836735,0.36666666666666664,1.0,1.0,1.0,0.0,0.22784810126582278,0.22448979591836735,0.22448979591836735,0.2903225806451613,0.5,0.3,37,38,11,18,11
test_02404,no_topic,0.0,1.0,1.0,213,224,4.910714285714286,1.0,0.16666666666666666,0.2857142857142857,0.16666666666666666,1.0,0.2785714285714286,0.4357541899441341,0.2785714285714286,1.0,0.3870967741935484,0.5581395348837209,0.3870967741935484,1.0,0.2653061224489796,0.41935483870967744,0.2653061224489796,1.0,0.2653061224489796,0.41935483870967744,1.0,1.0,1.0,0.0,0.26582278481012656,0.2653061224489796,0.2653061224489796,0.3870967741935484,0.5,0.5,33,39,13,21,13
test_02404,no_pattern,1.0,0.0,1.0,184,224,17.857142857142858,1.0,0.1717171717171717,0.29310344827586204,0.1717171717171717,1.0,0.17142857142857143,0.2926829268292683,0.17142857142857143,1.0,0.22580645161290322,0.3684210526315789,0.22580645161290322,0.9166666666666666,0.22448979591836735,0.36065573770491804,0.22,0.9166666666666666,0.22448979591836735,0.36065573770491804,0.9166666666666666,0.9166666666666666,0.9166666666666666,0.08333333333333337,0.24050632911392406,0.22448979591836735,0.22,0.22580645161290322,0.5,0.1,34,24,12,21,12
test_02404,no_redundancy,0.3,0.7,0.0,487,224,117.41071428571428,1.0,0.35858585858585856,0.5278810408921932,0.35858585858585856,1.0,0.4928571428571429,0.6602870813397129,0.4928571428571429,1.0,0.45161290322580644,0.6222222222222222,0.45161290322580644,0.9523809523809523,0.40816326530612246,0.5714285714285714,0.4,0.9523809523809523,0.40816326530612246,0.5714285714285714,0.9523809523809523,1.0,0.9523809523809523,0.04761904761904767,0.3924050632911392,0.40816326530612246,0.4,0.45161290322580644,0.875,0.6,71,69,21,31,21
test_02412,full_run82,0.3,0.7,1.0,276,276,0.0,1.0,0.44086021505376344,0.6119402985074627,0.44086021505376344,1.0,0.41935483870967744,0.5909090909090909,0.41935483870967744,1.0,0.3888888888888889,0.56,0.3888888888888889,1.0,0.3888888888888889,0.56,0.3888888888888889,1.0,0.3888888888888889,0.56,1.0,1.0,1.0,0.0,0.39285714285714285,0.3888888888888889,0.3888888888888889,0.3888888888888889,0.8,0.5,41,13,7,11,7
test_02412,no_topic,0.0,1.0,1.0,317,276,14.855072463768115,1.0,0.4731182795698925,0.6423357664233577,0.4731182795698925,1.0,0.41935483870967744,0.5909090909090909,0.41935483870967744,1.0,0.3888888888888889,0.56,0.3888888888888889,1.0,0.3888888888888889,0.56,0.3888888888888889,1.0,0.3888888888888889,0.56,1.0,1.0,1.0,0.0,0.39285714285714285,0.3888888888888889,0.3888888888888889,0.3888888888888889,0.8,0.6,44,13,7,11,7
test_02412,no_pattern,1.0,0.0,1.0,251,276,9.057971014492754,1.0,0.3763440860215054,0.546875,0.3763440860215054,1.0,0.25806451612903225,0.41025641025641024,0.25806451612903225,1.0,0.3333333333333333,0.5,0.3333333333333333,1.0,0.3333333333333333,0.5,0.3333333333333333,1.0,0.3333333333333333,0.5,1.0,1.0,1.0,0.0,0.35714285714285715,0.3333333333333333,0.3333333333333333,0.3333333333333333,0.6,0.4,35,8,6,10,6
test_02412,no_redundancy,0.3,0.7,0.0,364,276,31.88405797101449,1.0,0.5591397849462365,0.7172413793103448,0.5591397849462365,1.0,0.6129032258064516,0.76,0.6129032258064516,1.0,0.5,0.6666666666666666,0.5,1.0,0.5,0.6666666666666666,0.5,1.0,0.5,0.6666666666666666,1.0,1.0,1.0,0.0,0.5,0.5,0.5,0.5,0.8,0.5,52,19,9,14,9
test_02427,full_run82,0.3,0.7,1.0,356,356,0.0,1.0,0.3465909090909091,0.5147679324894515,0.3465909090909091,1.0,0.29411764705882354,0.45454545454545453,0.29411764705882354,1.0,0.32142857142857145,0.4864864864864865,0.32142857142857145,1.0,0.2571428571428571,0.40909090909090906,0.2571428571428571,1.0,0.2571428571428571,0.40909090909090906,1.0,1.0,1.0,0.0,0.3157894736842105,0.2571428571428571,0.2571428571428571,0.32142857142857145,0.2857142857142857,0.2,61,20,9,18,9
test_02427,no_topic,0.0,1.0,1.0,372,356,4.49438202247191,1.0,0.32386363636363635,0.4892703862660944,0.32386363636363635,1.0,0.36764705882352944,0.5376344086021506,0.36764705882352944,1.0,0.25,0.4,0.25,1.0,0.2,0.33333333333333337,0.2,1.0,0.2,0.33333333333333337,1.0,1.0,1.0,0.0,0.22807017543859648,0.2,0.2,0.25,0.42857142857142855,0.2,57,25,7,13,7
test_02427,no_pattern,1.0,0.0,1.0,229,356,35.674157303370784,1.0,0.22727272727272727,0.37037037037037035,0.22727272727272727,1.0,0.25,0.4,0.25,1.0,0.21428571428571427,0.35294117647058826,0.21428571428571427,1.0,0.17142857142857143,0.2926829268292683,0.17142857142857143,1.0,0.17142857142857143,0.2926829268292683,0.8333333333333334,1.0,0.8333333333333334,0.16666666666666663,0.21052631578947367,0.17142857142857143,0.17142857142857143,0.21428571428571427,0.2857142857142857,0.2,40,17,6,12,6
test_02427,no_redundancy,0.3,0.7,0.0,441,356,23.876404494382022,1.0,0.3409090909090909,0.5084745762711864,0.3409090909090909,1.0,0.36764705882352944,0.5376344086021506,0.36764705882352944,1.0,0.39285714285714285,0.5641025641025641,0.39285714285714285,1.0,0.3142857142857143,0.4782608695652174,0.3142857142857143,1.0,0.3142857142857143,0.4782608695652174,0.9090909090909091,1.0,0.9090909090909091,0.09090909090909094,0.3333333333333333,0.3142857142857143,0.3142857142857143,0.39285714285714285,0.42857142857142855,0.4,60,25,11,19,11
test_02444,full_run82,0.3,0.7,1.0,226,226,0.0,1.0,0.16883116883116883,0.2888888888888889,0.16883116883116883,1.0,0.18681318681318682,0.3148148148148148,0.18681318681318682,1.0,0.16981132075471697,0.2903225806451613,0.16981132075471697,1.0,0.1724137931034483,0.29411764705882354,0.1724137931034483,1.0,0.1724137931034483,0.29411764705882354,1.0,1.0,1.0,0.0,0.18181818181818182,0.1724137931034483,0.1724137931034483,0.16981132075471697,0.5,0.3,39,17,10,16,10
test_02444,no_topic,0.0,1.0,1.0,253,226,11.946902654867257,1.0,0.19047619047619047,0.32,0.19047619047619047,1.0,0.1978021978021978,0.3302752293577982,0.1978021978021978,1.0,0.20754716981132076,0.34375000000000006,0.20754716981132076,1.0,0.20689655172413793,0.34285714285714286,0.20689655172413793,1.0,0.20689655172413793,0.34285714285714286,1.0,1.0,1.0,0.0,0.20454545454545456,0.20689655172413793,0.20689655172413793,0.20754716981132076,0.5,0.2,44,18,12,18,12
test_02444,no_pattern,1.0,0.0,1.0,186,226,17.699115044247787,0.972972972972973,0.15584415584415584,0.2686567164179104,0.15517241379310345,1.0,0.1978021978021978,0.3302752293577982,0.1978021978021978,1.0,0.18867924528301888,0.3174603174603175,0.18867924528301888,1.0,0.1724137931034483,0.29411764705882354,0.1724137931034483,1.0,0.1724137931034483,0.29411764705882354,1.0,1.0,1.0,0.0,0.18181818181818182,0.1724137931034483,0.1724137931034483,0.18867924528301888,0.5,0.4,37,18,10,16,10
test_02444,no_redundancy,0.3,0.7,0.0,438,226,93.80530973451327,1.0,0.2597402597402597,0.4123711340206185,0.2597402597402597,0.96875,0.34065934065934067,0.5040650406504065,0.33695652173913043,1.0,0.11320754716981132,0.2033898305084746,0.11320754716981132,1.0,0.13793103448275862,0.2424242424242424,0.13793103448275862,1.0,0.13793103448275862,0.2424242424242424,1.0,1.0,1.0,0.0,0.13636363636363635,0.13793103448275862,0.13793103448275862,0.11320754716981132,0.5,0.3,60,32,8,12,8
test_02449,full_run82,0.3,0.7,1.0,318,318,0.0,0.9824561403508771,0.16279069767441862,0.2793017456359102,0.16231884057971013,1.0,0.13253012048192772,0.23404255319148937,0.13253012048192772,1.0,0.12121212121212122,0.21621621621621626,0.12121212121212122,1.0,0.11764705882352941,0.21052631578947367,0.11764705882352941,1.0,0.11764705882352941,0.21052631578947367,1.0,1.0,1.0,0.0,0.1487603305785124,0.11764705882352941,0.11764705882352941,0.12121212121212122,0.0967741935483871,0.2,57,11,10,18,10
test_02449,no_topic,0.0,1.0,1.0,402,318,26.41509433962264,1.0,0.18604651162790697,0.3137254901960785,0.18604651162790697,1.0,0.1927710843373494,0.32323232323232326,0.1927710843373494,1.0,0.13636363636363635,0.24000000000000002,0.13636363636363635,1.0,0.15294117647058825,0.2653061224489796,0.15294117647058825,1.0,0.15294117647058825,0.2653061224489796,1.0,1.0,1.0,0.0,0.19008264462809918,0.15294117647058825,0.15294117647058825,0.13636363636363635,0.12903225806451613,0.2,64,16,13,23,13
test_02449,no_pattern,1.0,0.0,1.0,164,318,48.42767295597484,0.9655172413793104,0.08139534883720931,0.15013404825737267,0.08115942028985507,1.0,0.03614457831325301,0.06976744186046512,0.03614457831325301,1.0,0.06060606060606061,0.1142857142857143,0.06060606060606061,1.0,0.058823529411764705,0.1111111111111111,0.058823529411764705,1.0,0.058823529411764705,0.1111111111111111,1.0,1.0,1.0,0.0,0.049586776859504134,0.058823529411764705,0.058823529411764705,0.06060606060606061,0.1935483870967742,0.1,29,3,5,6,5
test_02449,no_redundancy,0.3,0.7,0.0,401,318,26.10062893081761,1.0,0.18023255813953487,0.3054187192118227,0.18023255813953487,1.0,0.10843373493975904,0.1956521739130435,0.10843373493975904,1.0,0.12121212121212122,0.21621621621621626,0.12121212121212122,1.0,0.09411764705882353,0.17204301075268816,0.09411764705882353,1.0,0.09411764705882353,0.17204301075268816,1.0,1.0,1.0,0.0,0.12396694214876033,0.09411764705882353,0.09411764705882353,0.12121212121212122,0.0967741935483871,0.1,62,9,8,15,8
test_02453,full_run82,0.3,0.7,1.0,244,244,0.0,0.9666666666666667,0.07591623036649214,0.1407766990291262,0.07571801566579635,1.0,0.08641975308641975,0.1590909090909091,0.08641975308641975,1.0,0.08843537414965986,0.16249999999999998,0.08843537414965986,1.0,0.07920792079207921,0.14678899082568805,0.07920792079207921,1.0,0.07920792079207921,0.14678899082568805,0.9375,1.0,0.9375,0.0625,0.08614232209737828,0.07920792079207921,0.07920792079207921,0.08843537414965986,0.0847457627118644,0.3,60,21,16,23,16
test_02453,no_topic,0.0,1.0,1.0,272,244,11.475409836065573,1.0,0.08376963350785341,0.15458937198067632,0.08376963350785341,1.0,0.09465020576131687,0.1729323308270677,0.09465020576131687,1.0,0.06802721088435375,0.12738853503184713,0.06802721088435375,1.0,0.06435643564356436,0.12093023255813953,0.06435643564356436,1.0,0.06435643564356436,0.12093023255813953,1.0,1.0,1.0,0.0,0.07116104868913857,0.06435643564356436,0.06435643564356436,0.06802721088435375,0.06779661016949153,0.2,64,23,13,19,13
test_02453,no_pattern,1.0,0.0,1.0,151,244,38.114754098360656,1.0,0.04057591623036649,0.0779874213836478,0.04057591623036649,1.0,0.07407407407407407,0.13793103448275862,0.07407407407407407,1.0,0.047619047619047616,0.0909090909090909,0.047619047619047616,1.0,0.034653465346534656,0.06698564593301436,0.034653465346534656,1.0,0.034653465346534656,0.06698564593301436,1.0,1.0,1.0,0.0,0.0449438202247191,0.034653465346534656,0.034653465346534656,0.047619047619047616,0.06779661016949153,0.1,31,18,7,12,7
test_02453,no_redundancy,0.3,0.7,0.0,568,244,132.78688524590163,1.0,0.14790575916230367,0.25769669327252,0.14790575916230367,1.0,0.12757201646090535,0.22627737226277372,0.12757201646090535,0.9411764705882353,0.10884353741496598,0.1951219512195122,0.10810810810810811,0.95,0.09405940594059406,0.17117117117117114,0.09359605911330049,0.95,0.09405940594059406,0.17117117117117114,0.95,0.95,0.95,0.050000000000000044,0.10486891385767791,0.09405940594059406,0.09359605911330049,0.10884353741496598,0.1016949152542373,0.3,113,31,20,30,20
test_02456,full_run82,0.3,0.7,1.0,403,403,0.0,1.0,0.30414746543778803,0.46643109540636046,0.30414746543778803,1.0,0.3880597014925373,0.5591397849462366,0.3880597014925373,1.0,0.2391304347826087,0.3859649122807018,0.2391304347826087,1.0,0.27586206896551724,0.4324324324324324,0.27586206896551724,1.0,0.27586206896551724,0.4324324324324324,1.0,1.0,1.0,0.0,0.25,0.27586206896551724,0.27586206896551724,0.2391304347826087,0.4230769230769231,0.3,66,26,16,20,16
test_02456,no_topic,0.0,1.0,1.0,403,403,0.0,1.0,0.30414746543778803,0.46643109540636046,0.30414746543778803,1.0,0.3880597014925373,0.5591397849462366,0.3880597014925373,1.0,0.2391304347826087,0.3859649122807018,0.2391304347826087,1.0,0.27586206896551724,0.4324324324324324,0.27586206896551724,1.0,0.27586206896551724,0.4324324324324324,1.0,1.0,1.0,0.0,0.25,0.27586206896551724,0.27586206896551724,0.2391304347826087,0.4230769230769231,0.3,66,26,16,20,16
test_02456,no_pattern,1.0,0.0,1.0,358,403,11.166253101736972,1.0,0.30414746543778803,0.46643109540636046,0.30414746543778803,1.0,0.3283582089552239,0.4943820224719101,0.3283582089552239,1.0,0.2826086956521739,0.4406779661016949,0.2826086956521739,1.0,0.2413793103448276,0.3888888888888889,0.2413793103448276,1.0,0.2413793103448276,0.3888888888888889,1.0,1.0,1.0,0.0,0.2875,0.2413793103448276,0.2413793103448276,0.2826086956521739,0.15384615384615385,0.3,66,22,14,23,14
test_02456,no_redundancy,0.3,0.7,0.0,448,403,11.166253101736972,1.0,0.30414746543778803,0.46643109540636046,0.30414746543778803,1.0,0.34328358208955223,0.5111111111111112,0.34328358208955223,1.0,0.21739130434782608,0.3571428571428571,0.21739130434782608,1.0,0.25862068965517243,0.4109589041095891,0.25862068965517243,1.0,0.25862068965517243,0.4109589041095891,1.0,1.0,1.0,0.0,0.2625,0.25862068965517243,0.25862068965517243,0.21739130434782608,0.34615384615384615,0.2,66,23,15,21,15
test_02460,full_run82,0.3,0.7,1.0,271,271,0.0,1.0,0.5869565217391305,0.7397260273972603,0.5869565217391305,1.0,0.8048780487804879,0.8918918918918919,0.8048780487804879,1.0,0.625,0.7692307692307693,0.625,1.0,0.7142857142857143,0.8333333333333333,0.7142857142857143,1.0,0.7142857142857143,0.8333333333333333,1.0,1.0,1.0,0.0,0.6333333333333333,0.7142857142857143,0.7142857142857143,0.625,1.0,0.9,54,33,15,19,15
test_02460,no_topic,0.0,1.0,1.0,283,271,4.428044280442804,1.0,0.5760869565217391,0.7310344827586206,0.5760869565217391,1.0,0.8048780487804879,0.8918918918918919,0.8048780487804879,1.0,0.6875,0.8148148148148148,0.6875,1.0,0.7619047619047619,0.8648648648648648,0.7619047619047619,1.0,0.7619047619047619,0.8648648648648648,1.0,1.0,1.0,0.0,0.7,0.7619047619047619,0.7619047619047619,0.6875,1.0,0.9,53,33,16,21,16
test_02460,no_pattern,1.0,0.0,1.0,190,271,29.88929889298893,1.0,0.43478260869565216,0.6060606060606061,0.43478260869565216,1.0,0.5853658536585366,0.7384615384615384,0.5853658536585366,1.0,0.1875,0.3157894736842105,0.1875,1.0,0.14285714285714285,0.25,0.14285714285714285,1.0,0.14285714285714285,0.25,1.0,1.0,1.0,0.0,0.16666666666666666,0.14285714285714285,0.14285714285714285,0.1875,0.6,0.1,40,24,3,5,3
test_02460,no_redundancy,0.3,0.7,0.0,319,271,17.712177121771216,1.0,0.6304347826086957,0.7733333333333333,0.6304347826086957,1.0,0.6097560975609756,0.7575757575757575,0.6097560975609756,1.0,0.75,0.8571428571428571,0.75,1.0,0.8095238095238095,0.8947368421052632,0.8095238095238095,1.0,0.8095238095238095,0.8947368421052632,1.0,1.0,1.0,0.0,0.7666666666666667,0.8095238095238095,0.8095238095238095,0.75,1.0,0.9,58,25,17,23,17
test_02468,full_run82,0.3,0.7,1.0,412,412,0.0,1.0,0.5871559633027523,0.7398843930635839,0.5871559633027523,1.0,0.7916666666666666,0.8837209302325582,0.7916666666666666,1.0,0.5,0.6666666666666666,0.5,1.0,0.5,0.6666666666666666,0.5,1.0,0.5,0.6666666666666666,1.0,1.0,1.0,0.0,0.45,0.5,0.5,0.5,1.0,0.5,64,19,6,9,6
test_02468,no_topic,0.0,1.0,1.0,419,412,1.6990291262135921,1.0,0.5688073394495413,0.7251461988304093,0.5688073394495413,1.0,0.8333333333333334,0.9090909090909091,0.8333333333333334,1.0,0.5,0.6666666666666666,0.5,1.0,0.5,0.6666666666666666,0.5,1.0,0.5,0.6666666666666666,1.0,1.0,1.0,0.0,0.45,0.5,0.5,0.5,1.0,0.5,62,20,6,9,6
test_02468,no_pattern,1.0,0.0,1.0,298,412,27.669902912621357,1.0,0.5229357798165137,0.6867469879518072,0.5229357798165137,1.0,0.6666666666666666,0.8,0.6666666666666666,1.0,0.4166666666666667,0.5882352941176471,0.4166666666666667,1.0,0.4166666666666667,0.5882352941176471,0.4166666666666667,1.0,0.4166666666666667,0.5882352941176471,1.0,1.0,1.0,0.0,0.4,0.4166666666666667,0.4166666666666667,0.4166666666666667,1.0,0.6,57,16,5,8,5
test_02468,no_redundancy,0.3,0.7,0.0,590,412,43.203883495145625,1.0,0.5963302752293578,0.7471264367816092,0.5963302752293578,1.0,0.5416666666666666,0.7027027027027027,0.5416666666666666,1.0,0.4166666666666667,0.5882352941176471,0.4166666666666667,1.0,0.4166666666666667,0.5882352941176471,0.4166666666666667,1.0,0.4166666666666667,0.5882352941176471,1.0,1.0,1.0,0.0,0.45,0.4166666666666667,0.4166666666666667,0.4166666666666667,0.75,0.2,65,13,5,9,5
test_02469,full_run82,0.3,0.7,1.0,300,300,0.0,1.0,0.4214876033057851,0.5930232558139535,0.4214876033057851,1.0,0.5,0.6666666666666666,0.5,1.0,0.2222222222222222,0.3636363636363636,0.2222222222222222,1.0,0.2,0.33333333333333337,0.2,1.0,0.2,0.33333333333333337,1.0,1.0,1.0,0.0,0.23333333333333334,0.2,0.2,0.2222222222222222,0.3333333333333333,0.2,51,19,4,7,4
test_02469,no_topic,0.0,1.0,1.0,318,300,6.0,1.0,0.47107438016528924,0.6404494382022472,0.47107438016528924,1.0,0.5526315789473685,0.711864406779661,0.5526315789473685,1.0,0.2222222222222222,0.3636363636363636,0.2222222222222222,1.0,0.2,0.33333333333333337,0.2,1.0,0.2,0.33333333333333337,1.0,1.0,1.0,0.0,0.23333333333333334,0.2,0.2,0.2222222222222222,0.3333333333333333,0.2,57,21,4,7,4
test_02469,no_pattern,1.0,0.0,1.0,207,300,31.0,0.972972972972973,0.2975206611570248,0.45569620253164556,0.29508196721311475,0.9166666666666666,0.2894736842105263,0.43999999999999995,0.28205128205128205,1.0,0.3888888888888889,0.56,0.3888888888888889,1.0,0.35,0.5185185185185185,0.35,1.0,0.35,0.5185185185185185,1.0,1.0,1.0,0.0,0.36666666666666664,0.35,0.35,0.3888888888888889,0.4444444444444444,0.5,37,12,7,11,7
test_02469,no_redundancy,0.3,0.7,0.0,359,300,19.666666666666664,1.0,0.45454545454545453,0.625,0.45454545454545453,1.0,0.2894736842105263,0.4489795918367347,0.2894736842105263,1.0,0.2777777777777778,0.4347826086956522,0.2777777777777778,1.0,0.3,0.4615384615384615,0.3,1.0,0.3,0.4615384615384615,1.0,1.0,1.0,0.0,0.36666666666666664,0.3,0.3,0.2777777777777778,0.3333333333333333,0.3,55,11,6,11,6
test_02481,full_run82,0.3,0.7,1.0,289,289,0.0,0.9807692307692307,0.49514563106796117,0.6580645161290323,0.49038461538461536,0.9411764705882353,0.5517241379310345,0.6956521739130435,0.5333333333333333,1.0,0.5625,0.72,0.5625,0.8888888888888888,0.42105263157894735,0.5714285714285714,0.4,0.8888888888888888,0.42105263157894735,0.5714285714285714,0.8888888888888888,1.0,0.8888888888888888,0.11111111111111116,0.4411764705882353,0.42105263157894735,0.4,0.5625,1.0,0.4,52,17,9,16,9
test_02481,no_topic,0.0,1.0,1.0,311,289,7.612456747404845,1.0,0.5242718446601942,0.6878980891719745,0.5242718446601942,1.0,0.4827586206896552,0.6511627906976745,0.4827586206896552,1.0,0.3125,0.47619047619047616,0.3125,1.0,0.3157894736842105,0.4799999999999999,0.3157894736842105,1.0,0.3157894736842105,0.4799999999999999,1.0,1.0,1.0,0.0,0.3235294117647059,0.3157894736842105,0.3157894736842105,0.3125,1.0,0.4,54,14,6,11,6
test_02481,no_pattern,1.0,0.0,1.0,276,289,4.498269896193772,1.0,0.4368932038834951,0.608108108108108,0.4368932038834951,1.0,0.4827586206896552,0.6511627906976745,0.4827586206896552,1.0,0.4375,0.6086956521739131,0.4375,1.0,0.47368421052631576,0.6428571428571429,0.47368421052631576,1.0,0.47368421052631576,0.6428571428571429,1.0,1.0,1.0,0.0,0.4411764705882353,0.47368421052631576,0.47368421052631576,0.4375,1.0,0.4,45,14,9,15,9
test_02481,no_redundancy,0.3,0.7,0.0,408,289,41.17647058823529,0.9850746268656716,0.6407766990291263,0.7764705882352942,0.6346153846153846,1.0,0.6896551724137931,0.8163265306122449,0.6896551724137931,1.0,0.625,0.7692307692307693,0.625,1.0,0.5789473684210527,0.7333333333333334,0.5789473684210527,1.0,0.5789473684210527,0.7333333333333334,1.0,1.0,1.0,0.0,0.5882352941176471,0.5789473684210527,0.5789473684210527,0.625,1.0,0.7,67,20,11,20,11
test_02491,full_run82,0.3,0.7,1.0,258,258,0.0,1.0,0.1700404858299595,0.29065743944636674,0.1700404858299595,1.0,0.09183673469387756,0.16822429906542058,0.09183673469387756,1.0,0.3142857142857143,0.4782608695652174,0.3142857142857143,1.0,0.23404255319148937,0.3793103448275862,0.23404255319148937,1.0,0.23404255319148937,0.3793103448275862,1.0,1.0,1.0,0.0,0.2537313432835821,0.23404255319148937,0.23404255319148937,0.3142857142857143,0.6,0.4,42,9,11,17,11
test_02491,no_topic,0.0,1.0,1.0,313,258,21.31782945736434,1.0,0.19433198380566802,0.3254237288135593,0.19433198380566802,1.0,0.15306122448979592,0.2654867256637168,0.15306122448979592,1.0,0.2571428571428571,0.40909090909090906,0.2571428571428571,1.0,0.19148936170212766,0.32142857142857145,0.19148936170212766,1.0,0.19148936170212766,0.32142857142857145,1.0,1.0,1.0,0.0,0.208955223880597,0.19148936170212766,0.19148936170212766,0.2571428571428571,0.5,0.3,48,15,9,14,9
test_02491,no_pattern,1.0,0.0,1.0,219,258,15.11627906976744,1.0,0.145748987854251,0.254416961130742,0.145748987854251,1.0,0.05102040816326531,0.09708737864077671,0.05102040816326531,1.0,0.22857142857142856,0.3720930232558139,0.22857142857142856,1.0,0.19148936170212766,0.32142857142857145,0.19148936170212766,1.0,0.19148936170212766,0.32142857142857145,1.0,0.8888888888888888,0.8888888888888888,0.11111111111111116,0.19402985074626866,0.19148936170212766,0.19148936170212766,0.22857142857142856,0.7,0.4,36,5,9,13,9
test_02491,no_redundancy,0.3,0.7,0.0,519,258,101.16279069767442,1.0,0.2550607287449393,0.4064516129032258,0.2550607287449393,1.0,0.42857142857142855,0.6,0.42857142857142855,1.0,0.17142857142857143,0.2926829268292683,0.17142857142857143,1.0,0.2127659574468085,0.3508771929824561,0.2127659574468085,1.0,0.2127659574468085,0.3508771929824561,1.0,1.0,1.0,0.0,0.2537313432835821,0.2127659574468085,0.2127659574468085,0.17142857142857143,0.3,0.1,63,42,10,17,10
test_02519,full_run82,0.3,0.7,1.0,160,160,0.0,1.0,0.09507042253521127,0.17363344051446944,0.09507042253521127,1.0,0.14728682170542637,0.25675675675675674,0.14728682170542637,1.0,0.11538461538461539,0.20689655172413793,0.11538461538461539,0.8333333333333334,0.07575757575757576,0.1388888888888889,0.07462686567164178,0.8333333333333334,0.07575757575757576,0.1388888888888889,0.8333333333333334,0.8333333333333334,0.8333333333333334,0.16666666666666663,0.0851063829787234,0.07575757575757576,0.07462686567164178,0.11538461538461539,0.2,0.2,27,19,6,10,6
test_02519,no_topic,0.0,1.0,1.0,262,160,63.74999999999999,0.9787234042553191,0.1619718309859155,0.2779456193353475,0.16140350877192983,1.0,0.26356589147286824,0.4171779141104295,0.26356589147286824,1.0,0.23076923076923078,0.375,0.23076923076923078,1.0,0.18181818181818182,0.3076923076923077,0.18181818181818182,1.0,0.18181818181818182,0.3076923076923077,1.0,1.0,1.0,0.0,0.20212765957446807,0.18181818181818182,0.18181818181818182,0.23076923076923078,0.15,0.4,47,34,12,19,12
test_02519,no_pattern,1.0,0.0,1.0,128,160,20.0,1.0,0.06690140845070422,0.1254125412541254,0.06690140845070422,1.0,0.11627906976744186,0.20833333333333334,0.11627906976744186,1.0,0.11538461538461539,0.20689655172413793,0.11538461538461539,1.0,0.09090909090909091,0.16666666666666669,0.09090909090909091,1.0,0.09090909090909091,0.16666666666666669,1.0,1.0,1.0,0.0,0.10638297872340426,0.09090909090909091,0.09090909090909091,0.11538461538461539,0.2,0.2,19,15,6,10,6
test_02519,no_redundancy,0.3,0.7,0.0,294,160,83.75,0.9807692307692307,0.1795774647887324,0.3035714285714286,0.17894736842105263,1.0,0.21705426356589147,0.356687898089172,0.21705426356589147,1.0,0.25,0.4,0.25,1.0,0.21212121212121213,0.35,0.21212121212121213,1.0,0.21212121212121213,0.35,1.0,1.0,1.0,0.0,0.2127659574468085,0.21212121212121213,0.21212121212121213,0.25,0.35,0.3,52,28,14,20,14
test_02520,full_run82,0.3,0.7,1.0,306,306,0.0,1.0,0.3583815028901734,0.5276595744680851,0.3583815028901734,1.0,0.4142857142857143,0.5858585858585859,0.4142857142857143,1.0,0.38095238095238093,0.5517241379310345,0.38095238095238093,1.0,0.3469387755102041,0.5151515151515151,0.3469387755102041,1.0,0.3469387755102041,0.5151515151515151,1.0,1.0,1.0,0.0,0.4142857142857143,0.3469387755102041,0.3469387755102041,0.38095238095238093,0.5555555555555556,0.1,62,29,17,29,17
test_02520,no_topic,0.0,1.0,1.0,348,306,13.725490196078432,1.0,0.4046242774566474,0.5761316872427983,0.4046242774566474,1.0,0.4,0.5714285714285715,0.4,1.0,0.35714285714285715,0.5263157894736842,0.35714285714285715,1.0,0.32653061224489793,0.4923076923076923,0.32653061224489793,1.0,0.32653061224489793,0.4923076923076923,1.0,1.0,1.0,0.0,0.38571428571428573,0.32653061224489793,0.32653061224489793,0.35714285714285715,0.5555555555555556,0.1,70,28,16,27,16
test_02520,no_pattern,1.0,0.0,1.0,253,306,17.320261437908496,1.0,0.27167630057803466,0.42727272727272725,0.27167630057803466,1.0,0.2857142857142857,0.4444444444444445,0.2857142857142857,1.0,0.4523809523809524,0.6229508196721312,0.4523809523809524,1.0,0.42857142857142855,0.6,0.42857142857142855,1.0,0.42857142857142855,0.6,1.0,1.0,1.0,0.0,0.44285714285714284,0.42857142857142855,0.42857142857142855,0.4523809523809524,0.5555555555555556,0.5,47,20,21,31,21
test_02520,no_redundancy,0.3,0.7,0.0,406,306,32.6797385620915,1.0,0.4277456647398844,0.5991902834008098,0.4277456647398844,1.0,0.4142857142857143,0.5858585858585859,0.4142857142857143,1.0,0.35714285714285715,0.5263157894736842,0.35714285714285715,1.0,0.32653061224489793,0.4923076923076923,0.32653061224489793,1.0,0.32653061224489793,0.4923076923076923,1.0,1.0,1.0,0.0,0.34285714285714286,0.32653061224489793,0.32653061224489793,0.35714285714285715,0.7777777777777778,0.4,74,29,16,24,16
test_02524,full_run82,0.3,0.7,1.0,202,202,0.0,1.0,0.07029478458049887,0.13135593220338984,0.07029478458049887,0.9444444444444444,0.09340659340659341,0.17000000000000004,0.09289617486338798,1.0,0.12195121951219512,0.21739130434782605,0.12195121951219512,1.0,0.08461538461538462,0.15602836879432627,0.08461538461538462,1.0,0.08461538461538462,0.15602836879432627,1.0,1.0,1.0,0.0,0.0913978494623656,0.08461538461538462,0.08461538461538462,0.12195121951219512,0.3333333333333333,0.4,31,18,11,17,11
test_02524,no_topic,0.0,1.0,1.0,227,202,12.376237623762377,1.0,0.10884353741496598,0.19631901840490798,0.10884353741496598,1.0,0.14835164835164835,0.2583732057416268,0.14835164835164835,1.0,0.10975609756097561,0.1978021978021978,0.10975609756097561,1.0,0.09230769230769231,0.16901408450704225,0.09230769230769231,1.0,0.09230769230769231,0.16901408450704225,1.0,1.0,1.0,0.0,0.10215053763440861,0.09230769230769231,0.09230769230769231,0.10975609756097561,0.26666666666666666,0.4,48,27,12,19,12
test_02524,no_pattern,1.0,0.0,1.0,148,202,26.732673267326735,0.9655172413793104,0.06349206349206349,0.11914893617021277,0.06334841628959276,0.9090909090909091,0.054945054945054944,0.10362694300518134,0.0546448087431694,1.0,0.08536585365853659,0.15730337078651685,0.08536585365853659,1.0,0.05384615384615385,0.10218978102189781,0.05384615384615385,1.0,0.05384615384615385,0.10218978102189781,1.0,0.8571428571428571,0.8571428571428571,0.1428571428571429,0.05913978494623656,0.05384615384615385,0.05384615384615385,0.08536585365853659,0.3333333333333333,0.3,29,11,7,11,7
test_02524,no_redundancy,0.3,0.7,0.0,259,202,28.217821782178216,1.0,0.10430839002267574,0.188911704312115,0.10430839002267574,1.0,0.09340659340659341,0.1708542713567839,0.09340659340659341,1.0,0.07317073170731707,0.13636363636363635,0.07317073170731707,1.0,0.06923076923076923,0.12949640287769784,0.06923076923076923,1.0,0.06923076923076923,0.12949640287769784,1.0,1.0,1.0,0.0,0.08602150537634409,0.06923076923076923,0.06923076923076923,0.07317073170731707,0.2,0.1,46,17,9,16,9
test_02535,full_run82,0.3,0.7,1.0,272,272,0.0,1.0,0.06219512195121951,0.11710677382319172,0.06219512195121951,1.0,0.099644128113879,0.18122977346278318,0.099644128113879,1.0,0.028985507246376812,0.05633802816901409,0.028985507246376812,0.75,0.014778325123152709,0.028985507246376812,0.014705882352941176,0.75,0.014778325123152709,0.028985507246376812,1.0,1.0,1.0,0.0,0.020761245674740483,0.014778325123152709,0.014705882352941176,0.028985507246376812,0.1,0.1,51,28,4,7,4
test_02535,no_topic,0.0,1.0,1.0,383,272,40.80882352941176,1.0,0.09146341463414634,0.16759776536312848,0.09146341463414634,1.0,0.10676156583629894,0.19292604501607716,0.10676156583629894,1.0,0.036231884057971016,0.06993006993006994,0.036231884057971016,1.0,0.024630541871921183,0.04807692307692307,0.024630541871921183,1.0,0.024630541871921183,0.04807692307692307,1.0,1.0,1.0,0.0,0.031141868512110725,0.024630541871921183,0.024630541871921183,0.036231884057971016,0.1,0.2,75,30,5,9,5
test_02535,no_pattern,1.0,0.0,1.0,183,272,32.720588235294116,1.0,0.042682926829268296,0.08187134502923978,0.042682926829268296,1.0,0.046263345195729534,0.08843537414965986,0.046263345195729534,1.0,0.057971014492753624,0.1095890410958904,0.057971014492753624,0.875,0.034482758620689655,0.06635071090047394,0.03431372549019608,0.875,0.034482758620689655,0.06635071090047394,1.0,1.0,1.0,0.0,0.04498269896193772,0.034482758620689655,0.03431372549019608,0.057971014492753624,0.1,0.2,35,13,8,14,8
test_02535,no_redundancy,0.3,0.7,0.0,465,272,70.95588235294117,0.9879518072289156,0.1,0.18161683277962348,0.09987819732034105,1.0,0.14590747330960854,0.2546583850931677,0.14590747330960854,1.0,0.06521739130434782,0.12244897959183672,0.06521739130434782,1.0,0.059113300492610835,0.11162790697674418,0.059113300492610835,1.0,0.059113300492610835,0.11162790697674418,1.0,1.0,1.0,0.0,0.06228373702422145,0.059113300492610835,0.059113300492610835,0.06521739130434782,0.1,0.0,83,41,12,18,12
test_02540,full_run82,0.3,0.7,1.0,273,273,0.0,1.0,0.37037037037037035,0.5405405405405406,0.37037037037037035,1.0,0.3064516129032258,0.46913580246913583,0.3064516129032258,1.0,0.25,0.4,0.25,1.0,0.20689655172413793,0.34285714285714286,0.20689655172413793,1.0,0.20689655172413793,0.34285714285714286,1.0,1.0,1.0,0.0,0.25,0.20689655172413793,0.20689655172413793,0.25,0.42857142857142855,0.2,50,19,6,11,6
test_02540,no_topic,0.0,1.0,1.0,297,273,8.791208791208792,1.0,0.35555555555555557,0.5245901639344263,0.35555555555555557,1.0,0.4032258064516129,0.5747126436781609,0.4032258064516129,1.0,0.4166666666666667,0.5882352941176471,0.4166666666666667,0.8181818181818182,0.3103448275862069,0.45000000000000007,0.2903225806451613,0.9090909090909091,0.3448275862068966,0.5000000000000001,1.0,0.9090909090909091,0.9090909090909091,0.09090909090909094,0.38636363636363635,0.3103448275862069,0.2903225806451613,0.4166666666666667,0.8571428571428571,0.3,48,25,11,18,11
test_02540,no_pattern,1.0,0.0,1.0,255,273,6.593406593406594,1.0,0.31851851851851853,0.4831460674157304,0.31851851851851853,1.0,0.3709677419354839,0.5411764705882353,0.3709677419354839,1.0,0.4166666666666667,0.5882352941176471,0.4166666666666667,1.0,0.3793103448275862,0.5499999999999999,0.3793103448275862,1.0,0.3793103448275862,0.5499999999999999,1.0,1.0,1.0,0.0,0.4090909090909091,0.3793103448275862,0.3793103448275862,0.4166666666666667,0.42857142857142855,0.4,43,23,11,18,11
test_02540,no_redundancy,0.3,0.7,0.0,385,273,41.02564102564102,1.0,0.42962962962962964,0.6010362694300518,0.42962962962962964,1.0,0.5,0.6666666666666666,0.5,1.0,0.4583333333333333,0.6285714285714286,0.4583333333333333,1.0,0.3793103448275862,0.5499999999999999,0.3793103448275862,1.0,0.3793103448275862,0.5499999999999999,1.0,1.0,1.0,0.0,0.4090909090909091,0.3793103448275862,0.3793103448275862,0.4583333333333333,0.7142857142857143,0.3,58,31,11,18,11
test_02557,full_run82,0.3,0.7,1.0,231,231,0.0,1.0,0.45454545454545453,0.625,0.45454545454545453,1.0,0.6285714285714286,0.7719298245614035,0.6285714285714286,1.0,0.4375,0.6086956521739131,0.4375,1.0,0.42105263157894735,0.5925925925925926,0.42105263157894735,1.0,0.42105263157894735,0.5925925925925926,1.0,1.0,1.0,0.0,0.43333333333333335,0.42105263157894735,0.42105263157894735,0.4375,0.6,0.3,45,22,8,13,8
test_02557,no_topic,0.0,1.0,1.0,257,231,11.255411255411255,1.0,0.46464646464646464,0.6344827586206897,0.46464646464646464,1.0,0.6,0.7499999999999999,0.6,1.0,0.375,0.5454545454545454,0.375,1.0,0.3157894736842105,0.4799999999999999,0.3157894736842105,1.0,0.3157894736842105,0.4799999999999999,1.0,1.0,1.0,0.0,0.3333333333333333,0.3157894736842105,0.3157894736842105,0.375,0.6,0.3,46,21,6,10,6
test_02557,no_pattern,1.0,0.0,1.0,151,231,34.63203463203463,1.0,0.30303030303030304,0.4651162790697675,0.30303030303030304,1.0,0.4857142857142857,0.6538461538461539,0.4857142857142857,1.0,0.3125,0.47619047619047616,0.3125,0.8571428571428571,0.3157894736842105,0.46153846153846156,0.3,0.8571428571428571,0.3157894736842105,0.46153846153846156,0.8571428571428571,1.0,0.8571428571428571,0.1428571428571429,0.3333333333333333,0.3157894736842105,0.3,0.3125,0.6,0.2,30,17,7,11,7
test_02557,no_redundancy,0.3,0.7,0.0,366,231,58.44155844155844,1.0,0.6868686868686869,0.8143712574850299,0.6868686868686869,1.0,0.5142857142857142,0.6792452830188679,0.5142857142857142,1.0,0.5625,0.72,0.5625,1.0,0.5789473684210527,0.7333333333333334,0.5789473684210527,1.0,0.5789473684210527,0.7333333333333334,1.0,1.0,1.0,0.0,0.5666666666666667,0.5789473684210527,0.5789473684210527,0.5625,1.0,0.7,68,18,11,17,11
test_02563,full_run82,0.3,0.7,1.0,207,207,0.0,1.0,0.4696969696969697,0.6391752577319588,0.4696969696969697,1.0,0.59375,0.7450980392156863,0.59375,1.0,0.5882352941176471,0.7407407407407407,0.5882352941176471,1.0,0.5882352941176471,0.7407407407407407,0.5882352941176471,1.0,0.5882352941176471,0.7407407407407407,1.0,1.0,1.0,0.0,0.6428571428571429,0.5882352941176471,0.5882352941176471,0.5882352941176471,0.75,0.6,31,19,10,18,10
test_02563,no_topic,0.0,1.0,1.0,213,207,2.898550724637681,1.0,0.5151515151515151,0.6799999999999999,0.5151515151515151,1.0,0.46875,0.6382978723404256,0.46875,1.0,0.5294117647058824,0.6923076923076924,0.5294117647058824,1.0,0.5294117647058824,0.6923076923076924,0.5294117647058824,1.0,0.5294117647058824,0.6923076923076924,1.0,1.0,1.0,0.0,0.5714285714285714,0.5294117647058824,0.5294117647058824,0.5294117647058824,0.75,0.7,34,15,9,16,9
test_02563,no_pattern,1.0,0.0,1.0,155,207,25.120772946859905,1.0,0.3939393939393939,0.5652173913043478,0.3939393939393939,1.0,0.28125,0.43902439024390244,0.28125,1.0,0.6470588235294118,0.7857142857142858,0.6470588235294118,1.0,0.6470588235294118,0.7857142857142858,0.6470588235294118,1.0,0.6470588235294118,0.7857142857142858,0.8181818181818182,1.0,0.8181818181818182,0.18181818181818177,0.6785714285714286,0.6470588235294118,0.6470588235294118,0.6470588235294118,0.75,0.7,26,9,11,19,11
test_02563,no_redundancy,0.3,0.7,0.0,282,207,36.231884057971016,1.0,0.696969696969697,0.8214285714285715,0.696969696969697,1.0,0.8125,0.896551724137931,0.8125,1.0,0.5294117647058824,0.6923076923076924,0.5294117647058824,1.0,0.5294117647058824,0.6923076923076924,0.5294117647058824,1.0,0.5294117647058824,0.6923076923076924,1.0,1.0,1.0,0.0,0.5,0.5294117647058824,0.5294117647058824,0.5294117647058824,1.0,0.6,46,26,9,14,9
test_02586,full_run82,0.3,0.7,1.0,261,261,0.0,1.0,0.5051546391752577,0.6712328767123288,0.5051546391752577,1.0,0.46511627906976744,0.6349206349206349,0.46511627906976744,1.0,0.5,0.6666666666666666,0.5,1.0,0.5,0.6666666666666666,0.5,1.0,0.5,0.6666666666666666,1.0,1.0,1.0,0.0,0.52,0.5,0.5,0.5,1.0,0.6,49,20,7,13,7
test_02586,no_topic,0.0,1.0,1.0,261,261,0.0,1.0,0.4536082474226804,0.624113475177305,0.4536082474226804,0.95,0.4418604651162791,0.6031746031746031,0.4318181818181818,1.0,0.4166666666666667,0.5882352941176471,0.4166666666666667,1.0,0.35714285714285715,0.5263157894736842,0.35714285714285715,1.0,0.35714285714285715,0.5263157894736842,1.0,1.0,1.0,0.0,0.36,0.35714285714285715,0.35714285714285715,0.4166666666666667,1.0,0.4,44,20,5,9,5
test_02586,no_pattern,1.0,0.0,1.0,218,261,16.47509578544061,0.975609756097561,0.41237113402061853,0.5797101449275363,0.40816326530612246,1.0,0.37209302325581395,0.5423728813559322,0.37209302325581395,1.0,0.4166666666666667,0.5882352941176471,0.4166666666666667,1.0,0.35714285714285715,0.5263157894736842,0.35714285714285715,1.0,0.35714285714285715,0.5263157894736842,1.0,1.0,1.0,0.0,0.32,0.35714285714285715,0.35714285714285715,0.4166666666666667,1.0,0.5,41,16,5,8,5
test_02586,no_redundancy,0.3,0.7,0.0,385,261,47.509578544061306,1.0,0.5876288659793815,0.7402597402597402,0.5876288659793815,1.0,0.5813953488372093,0.7352941176470588,0.5813953488372093,1.0,0.4166666666666667,0.5882352941176471,0.4166666666666667,1.0,0.35714285714285715,0.5263157894736842,0.35714285714285715,1.0,0.35714285714285715,0.5263157894736842,1.0,1.0,1.0,0.0,0.36,0.35714285714285715,0.35714285714285715,0.4166666666666667,1.0,0.3,57,25,5,9,5
test_02591,full_run82,0.3,0.7,1.0,240,240,0.0,1.0,0.12401055408970976,0.22065727699530516,0.12401055408970976,1.0,0.1,0.18181818181818182,0.1,1.0,0.12857142857142856,0.22784810126582278,0.12857142857142856,1.0,0.10112359550561797,0.18367346938775508,0.10112359550561797,1.0,0.10112359550561797,0.18367346938775508,1.0,1.0,1.0,0.0,0.13333333333333333,0.10112359550561797,0.10112359550561797,0.12857142857142856,0.06976744186046512,0.1,47,10,9,16,9
test_02591,no_topic,0.0,1.0,1.0,370,240,54.166666666666664,1.0,0.18733509234828497,0.31555555555555553,0.18733509234828497,1.0,0.13,0.23008849557522126,0.13,1.0,0.12857142857142856,0.22784810126582278,0.12857142857142856,1.0,0.10112359550561797,0.18367346938775508,0.10112359550561797,1.0,0.10112359550561797,0.18367346938775508,1.0,1.0,1.0,0.0,0.11666666666666667,0.10112359550561797,0.10112359550561797,0.12857142857142856,0.11627906976744186,0.1,71,13,9,14,9
test_02591,no_pattern,1.0,0.0,1.0,186,240,22.5,1.0,0.09498680738786279,0.17349397590361446,0.09498680738786279,1.0,0.1,0.18181818181818182,0.1,1.0,0.15714285714285714,0.271604938271605,0.15714285714285714,1.0,0.12359550561797752,0.21999999999999997,0.12359550561797752,1.0,0.12359550561797752,0.21999999999999997,1.0,1.0,1.0,0.0,0.14166666666666666,0.12359550561797752,0.12359550561797752,0.15714285714285714,0.13953488372093023,0.1,36,10,11,17,11
test_02591,no_redundancy,0.3,0.7,0.0,498,240,107.5,1.0,0.17941952506596306,0.3042505592841163,0.17941952506596306,0.9545454545454546,0.21,0.34426229508196726,0.2079207920792079,0.8,0.11428571428571428,0.19999999999999998,0.1111111111111111,0.8181818181818182,0.10112359550561797,0.18,0.0989010989010989,0.8181818181818182,0.10112359550561797,0.18,0.7272727272727273,0.8181818181818182,0.7272727272727273,0.2727272727272727,0.10833333333333334,0.10112359550561797,0.0989010989010989,0.11428571428571428,0.11627906976744186,0.2,68,22,11,16,11
test_02592,full_run82,0.3,0.7,1.0,331,331,0.0,1.0,0.6781609195402298,0.8082191780821918,0.6781609195402298,1.0,0.8285714285714286,0.90625,0.8285714285714286,1.0,0.7368421052631579,0.8484848484848484,0.7368421052631579,1.0,0.6818181818181818,0.8108108108108109,0.6818181818181818,1.0,0.6818181818181818,0.8108108108108109,1.0,1.0,1.0,0.0,0.6944444444444444,0.6818181818181818,0.6818181818181818,0.7368421052631579,1.0,0.7,59,29,15,25,15
test_02592,no_topic,0.0,1.0,1.0,349,331,5.438066465256798,1.0,0.7241379310344828,0.8400000000000001,0.7241379310344828,1.0,0.7428571428571429,0.8524590163934427,0.7428571428571429,1.0,0.5789473684210527,0.7333333333333334,0.5789473684210527,1.0,0.5909090909090909,0.7428571428571429,0.5909090909090909,1.0,0.5909090909090909,0.7428571428571429,1.0,1.0,1.0,0.0,0.6388888888888888,0.5909090909090909,0.5909090909090909,0.5789473684210527,0.75,0.6,63,26,13,23,13
test_02592,no_pattern,1.0,0.0,1.0,309,331,6.646525679758309,1.0,0.6436781609195402,0.7832167832167831,0.6436781609195402,1.0,0.6285714285714286,0.7719298245614035,0.6285714285714286,1.0,0.8421052631578947,0.9142857142857143,0.8421052631578947,1.0,0.8181818181818182,0.9,0.8181818181818182,1.0,0.8181818181818182,0.9,1.0,1.0,1.0,0.0,0.8055555555555556,0.8181818181818182,0.8181818181818182,0.8421052631578947,1.0,0.9,56,22,18,29,18
test_02592,no_redundancy,0.3,0.7,0.0,366,331,10.574018126888216,0.9838709677419355,0.7011494252873564,0.8187919463087249,0.6931818181818182,0.9583333333333334,0.6571428571428571,0.7796610169491525,0.6388888888888888,1.0,0.42105263157894735,0.5925925925925926,0.42105263157894735,1.0,0.45454545454545453,0.625,0.45454545454545453,1.0,0.45454545454545453,0.625,1.0,1.0,1.0,0.0,0.5,0.45454545454545453,0.45454545454545453,0.42105263157894735,0.75,0.4,62,24,10,18,10
test_02594,full_run82,0.3,0.7,1.0,246,246,0.0,0.9777777777777777,0.1752988047808765,0.2972972972972973,0.1746031746031746,1.0,0.125,0.2222222222222222,0.125,1.0,0.09523809523809523,0.17391304347826084,0.09523809523809523,1.0,0.08,0.14814814814814814,0.08,1.0,0.08,0.14814814814814814,1.0,1.0,1.0,0.0,0.102803738317757,0.08,0.08,0.09523809523809523,0.16666666666666666,0.2,45,11,6,11,6
test_02594,no_topic,0.0,1.0,1.0,247,246,0.40650406504065045,0.98,0.1952191235059761,0.3255813953488372,0.19444444444444445,1.0,0.19318181818181818,0.3238095238095238,0.19318181818181818,1.0,0.20634920634920634,0.34210526315789475,0.20634920634920634,1.0,0.17333333333333334,0.29545454545454547,0.17333333333333334,1.0,0.17333333333333334,0.29545454545454547,1.0,0.9230769230769231,0.9230769230769231,0.07692307692307687,0.19626168224299065,0.17333333333333334,0.17333333333333334,0.20634920634920634,0.2222222222222222,0.3,50,17,13,21,13
test_02594,no_pattern,1.0,0.0,1.0,160,246,34.959349593495936,1.0,0.11952191235059761,0.2135231316725979,0.11952191235059761,1.0,0.07954545454545454,0.14736842105263157,0.07954545454545454,1.0,0.1111111111111111,0.19999999999999998,0.1111111111111111,1.0,0.10666666666666667,0.1927710843373494,0.10666666666666667,1.0,0.10666666666666667,0.1927710843373494,1.0,1.0,1.0,0.0,0.1308411214953271,0.10666666666666667,0.10666666666666667,0.1111111111111111,0.16666666666666666,0.1,30,7,8,14,8
test_02594,no_redundancy,0.3,0.7,0.0,271,246,10.16260162601626,0.975,0.1553784860557769,0.26804123711340205,0.15476190476190477,1.0,0.17045454545454544,0.2912621359223301,0.17045454545454544,0.9166666666666666,0.1746031746031746,0.29333333333333333,0.171875,0.8461538461538461,0.14666666666666667,0.25000000000000006,0.14285714285714285,0.8461538461538461,0.14666666666666667,0.25000000000000006,0.9230769230769231,0.8461538461538461,0.8461538461538461,0.15384615384615385,0.17757009345794392,0.14666666666666667,0.14285714285714285,0.1746031746031746,0.2777777777777778,0.4,40,15,13,20,13
test_02599,full_run82,0.3,0.7,1.0,263,263,0.0,1.0,0.39603960396039606,0.5673758865248227,0.39603960396039606,0.9545454545454546,0.5,0.65625,0.4883720930232558,1.0,0.42857142857142855,0.6,0.42857142857142855,1.0,0.39285714285714285,0.5641025641025641,0.39285714285714285,1.0,0.39285714285714285,0.5641025641025641,1.0,1.0,1.0,0.0,0.4146341463414634,0.39285714285714285,0.39285714285714285,0.42857142857142855,0.45454545454545453,0.5,40,22,11,17,11
test_02599,no_topic,0.0,1.0,1.0,260,263,1.1406844106463878,1.0,0.45544554455445546,0.6258503401360545,0.45544554455445546,0.9565217391304348,0.5238095238095238,0.6769230769230768,0.5116279069767442,1.0,0.5714285714285714,0.7272727272727273,0.5714285714285714,1.0,0.42857142857142855,0.6,0.42857142857142855,1.0,0.42857142857142855,0.6,1.0,1.0,1.0,0.0,0.4634146341463415,0.42857142857142855,0.42857142857142855,0.5714285714285714,0.36363636363636365,0.4,46,23,12,19,12
test_02599,no_pattern,1.0,0.0,1.0,234,263,11.02661596958175,0.9743589743589743,0.37623762376237624,0.5428571428571428,0.37254901960784315,1.0,0.5,0.6666666666666666,0.5,0.8333333333333334,0.23809523809523808,0.37037037037037035,0.22727272727272727,0.7142857142857143,0.17857142857142858,0.2857142857142857,0.16666666666666666,0.7142857142857143,0.17857142857142858,0.2857142857142857,0.7142857142857143,0.7142857142857143,0.7142857142857143,0.2857142857142857,0.21951219512195122,0.17857142857142858,0.16666666666666666,0.23809523809523808,0.2727272727272727,0.1,39,21,7,12,7
test_02599,no_redundancy,0.3,0.7,0.0,361,263,37.26235741444867,1.0,0.49504950495049505,0.6622516556291391,0.49504950495049505,1.0,0.5952380952380952,0.7462686567164178,0.5952380952380952,1.0,0.7619047619047619,0.8648648648648648,0.7619047619047619,0.8888888888888888,0.5714285714285714,0.6956521739130435,0.5333333333333333,1.0,0.6428571428571429,0.782608695652174,0.8888888888888888,1.0,0.8888888888888888,0.11111111111111116,0.6341463414634146,0.5714285714285714,0.5333333333333333,0.7619047619047619,0.6363636363636364,0.6,50,25,18,27,18
test_02602,full_run82,0.3,0.7,1.0,362,362,0.0,0.9818181818181818,0.35526315789473684,0.5217391304347826,0.35294117647058826,1.0,0.40186915887850466,0.5733333333333334,0.40186915887850466,1.0,0.3,0.4615384615384615,0.3,1.0,0.26153846153846155,0.41463414634146345,0.26153846153846155,1.0,0.26153846153846155,0.41463414634146345,0.9411764705882353,1.0,0.9411764705882353,0.05882352941176472,0.28865979381443296,0.26153846153846155,0.26153846153846155,0.3,0.3333333333333333,0.4,55,43,17,28,17
test_02602,no_topic,0.0,1.0,1.0,399,362,10.220994475138122,0.9824561403508771,0.3684210526315789,0.5358851674641149,0.3660130718954248,0.9777777777777777,0.411214953271028,0.5789473684210527,0.4074074074074074,1.0,0.3,0.4615384615384615,0.3,1.0,0.26153846153846155,0.41463414634146345,0.26153846153846155,1.0,0.26153846153846155,0.41463414634146345,1.0,1.0,1.0,0.0,0.29896907216494845,0.26153846153846155,0.26153846153846155,0.3,0.3333333333333333,0.2,57,45,17,29,17
test_02602,no_pattern,1.0,0.0,1.0,250,362,30.939226519337016,0.9705882352941176,0.21710526315789475,0.3548387096774194,0.21568627450980393,0.9428571428571428,0.308411214953271,0.4647887323943662,0.30275229357798167,1.0,0.25,0.4,0.25,1.0,0.23076923076923078,0.375,0.23076923076923078,1.0,0.23076923076923078,0.375,1.0,1.0,1.0,0.0,0.24742268041237114,0.23076923076923078,0.23076923076923078,0.25,0.3333333333333333,0.4,34,35,15,24,15
test_02602,no_redundancy,0.3,0.7,0.0,392,362,8.287292817679557,1.0,0.375,0.5454545454545454,0.375,1.0,0.3364485981308411,0.5034965034965034,0.3364485981308411,1.0,0.3,0.4615384615384615,0.3,1.0,0.26153846153846155,0.41463414634146345,0.26153846153846155,1.0,0.26153846153846155,0.41463414634146345,1.0,1.0,1.0,0.0,0.28865979381443296,0.26153846153846155,0.26153846153846155,0.3,0.4166666666666667,0.3,57,36,17,28,17
test_02624,full_run82,0.3,0.7,1.0,101,101,0.0,1.0,0.051181102362204724,0.09737827715355805,0.051181102362204724,1.0,0.09345794392523364,0.17094017094017094,0.09345794392523364,1.0,0.13043478260869565,0.23076923076923078,0.13043478260869565,1.0,0.10810810810810811,0.1951219512195122,0.10810810810810811,1.0,0.10810810810810811,0.1951219512195122,1.0,1.0,1.0,0.0,0.144,0.10810810810810811,0.10810810810810811,0.13043478260869565,0.12244897959183673,0.2,13,10,12,18,12
test_02624,no_topic,0.0,1.0,1.0,130,101,28.71287128712871,1.0,0.11023622047244094,0.19858156028368792,0.11023622047244094,1.0,0.102803738317757,0.1864406779661017,0.102803738317757,1.0,0.08695652173913043,0.16,0.08695652173913043,1.0,0.07207207207207207,0.13445378151260504,0.07207207207207207,1.0,0.07207207207207207,0.13445378151260504,1.0,1.0,1.0,0.0,0.096,0.07207207207207207,0.07207207207207207,0.08695652173913043,0.08163265306122448,0.3,28,11,8,12,8
test_02624,no_pattern,1.0,0.0,1.0,107,101,5.9405940594059405,1.0,0.05511811023622047,0.10447761194029852,0.05511811023622047,1.0,0.09345794392523364,0.17094017094017094,0.09345794392523364,1.0,0.15217391304347827,0.2641509433962264,0.15217391304347827,1.0,0.12612612612612611,0.22399999999999998,0.12612612612612611,1.0,0.12612612612612611,0.22399999999999998,1.0,1.0,1.0,0.0,0.16,0.12612612612612611,0.12612612612612611,0.15217391304347827,0.16326530612244897,0.2,14,10,14,20,14
test_02624,no_redundancy,0.3,0.7,0.0,140,101,38.613861386138616,0.9444444444444444,0.06692913385826772,0.125,0.06666666666666667,0.8571428571428571,0.11214953271028037,0.1983471074380165,0.11009174311926606,1.0,0.07608695652173914,0.1414141414141414,0.07608695652173914,0.7777777777777778,0.06306306306306306,0.11666666666666665,0.061946902654867256,1.0,0.08108108108108109,0.15,1.0,1.0,1.0,0.0,0.088,0.06306306306306306,0.061946902654867256,0.07608695652173914,0.08163265306122448,0.2,18,14,9,12,9
test_02629,full_run82,0.3,0.7,1.0,246,246,0.0,1.0,0.12096774193548387,0.2158273381294964,0.12096774193548387,1.0,0.14864864864864866,0.25882352941176473,0.14864864864864866,1.0,0.0847457627118644,0.15625,0.0847457627118644,1.0,0.06329113924050633,0.11904761904761907,0.06329113924050633,1.0,0.06329113924050633,0.11904761904761907,1.0,1.0,1.0,0.0,0.07936507936507936,0.06329113924050633,0.06329113924050633,0.0847457627118644,0.2857142857142857,0.2,45,22,5,10,5
test_02629,no_topic,0.0,1.0,1.0,233,246,5.284552845528456,1.0,0.11559139784946236,0.20722891566265061,0.11559139784946236,1.0,0.17567567567567569,0.2988505747126437,0.17567567567567569,1.0,0.06779661016949153,0.12698412698412698,0.06779661016949153,1.0,0.05063291139240506,0.09638554216867469,0.05063291139240506,1.0,0.05063291139240506,0.09638554216867469,1.0,1.0,1.0,0.0,0.05555555555555555,0.05063291139240506,0.05063291139240506,0.06779661016949153,0.42857142857142855,0.1,43,26,4,7,4
test_02629,no_pattern,1.0,0.0,1.0,158,246,35.77235772357724,1.0,0.09408602150537634,0.171990171990172,0.09408602150537634,1.0,0.12837837837837837,0.22754491017964074,0.12837837837837837,1.0,0.1016949152542373,0.18461538461538463,0.1016949152542373,1.0,0.0759493670886076,0.1411764705882353,0.0759493670886076,1.0,0.0759493670886076,0.1411764705882353,1.0,1.0,1.0,0.0,0.0873015873015873,0.0759493670886076,0.0759493670886076,0.1016949152542373,0.42857142857142855,0.1,35,19,6,11,6
test_02629,no_redundancy,0.3,0.7,0.0,587,246,138.6178861788618,1.0,0.1989247311827957,0.3318385650224215,0.1989247311827957,1.0,0.2972972972972973,0.4583333333333333,0.2972972972972973,1.0,0.0847457627118644,0.15625,0.0847457627118644,1.0,0.12658227848101267,0.22471910112359553,0.12658227848101267,1.0,0.12658227848101267,0.22471910112359553,1.0,1.0,1.0,0.0,0.1111111111111111,0.12658227848101267,0.12658227848101267,0.0847457627118644,0.5714285714285714,0.3,74,44,10,14,10
test_02634,full_run82,0.3,0.7,1.0,188,188,0.0,1.0,0.0963855421686747,0.1758241758241758,0.0963855421686747,1.0,0.1259259259259259,0.22368421052631576,0.1259259259259259,1.0,0.1320754716981132,0.23333333333333334,0.1320754716981132,1.0,0.1076923076923077,0.19444444444444445,0.1076923076923077,1.0,0.1076923076923077,0.19444444444444445,1.0,1.0,1.0,0.0,0.11538461538461539,0.1076923076923077,0.1076923076923077,0.1320754716981132,0.5714285714285714,0.2,40,17,7,12,7
test_02634,no_topic,0.0,1.0,1.0,192,188,2.127659574468085,0.9761904761904762,0.09879518072289156,0.17943107221006563,0.0985576923076923,1.0,0.14814814814814814,0.25806451612903225,0.14814814814814814,1.0,0.16981132075471697,0.2903225806451613,0.16981132075471697,1.0,0.13846153846153847,0.24324324324324326,0.13846153846153847,1.0,0.13846153846153847,0.24324324324324326,1.0,1.0,1.0,0.0,0.14423076923076922,0.13846153846153847,0.13846153846153847,0.16981132075471697,0.7142857142857143,0.2,42,20,9,15,9
test_02634,no_pattern,1.0,0.0,1.0,149,188,20.74468085106383,0.9666666666666667,0.06987951807228916,0.1303370786516854,0.06971153846153846,1.0,0.08148148148148149,0.15068493150684933,0.08148148148148149,1.0,0.1320754716981132,0.23333333333333334,0.1320754716981132,0.875,0.1076923076923077,0.1917808219178082,0.10606060606060606,0.875,0.1076923076923077,0.1917808219178082,0.75,1.0,0.75,0.25,0.125,0.1076923076923077,0.10606060606060606,0.1320754716981132,0.42857142857142855,0.4,30,11,8,14,8
test_02634,no_redundancy,0.3,0.7,0.0,541,188,187.7659574468085,1.0,0.21204819277108433,0.3499005964214712,0.21204819277108433,1.0,0.22962962962962963,0.37349397590361444,0.22962962962962963,1.0,0.03773584905660377,0.07272727272727272,0.03773584905660377,1.0,0.046153846153846156,0.08823529411764706,0.046153846153846156,1.0,0.046153846153846156,0.08823529411764706,1.0,1.0,1.0,0.0,0.04807692307692308,0.046153846153846156,0.046153846153846156,0.03773584905660377,0.42857142857142855,0.0,88,31,3,5,3
test_02638,full_run82,0.3,0.7,1.0,213,213,0.0,1.0,0.15267175572519084,0.26490066225165565,0.15267175572519084,1.0,0.16666666666666666,0.2857142857142857,0.16666666666666666,1.0,0.1044776119402985,0.18918918918918917,0.1044776119402985,1.0,0.09210526315789473,0.1686746987951807,0.09210526315789473,1.0,0.09210526315789473,0.1686746987951807,1.0,1.0,1.0,0.0,0.11009174311926606,0.09210526315789473,0.09210526315789473,0.1044776119402985,0.23529411764705882,0.2,40,15,7,12,7
test_02638,no_topic,0.0,1.0,1.0,252,213,18.30985915492958,1.0,0.1946564885496183,0.3258785942492013,0.1946564885496183,1.0,0.18888888888888888,0.3177570093457944,0.18888888888888888,1.0,0.13432835820895522,0.2368421052631579,0.13432835820895522,1.0,0.11842105263157894,0.2117647058823529,0.11842105263157894,1.0,0.11842105263157894,0.2117647058823529,1.0,1.0,1.0,0.0,0.13761467889908258,0.11842105263157894,0.11842105263157894,0.13432835820895522,0.23529411764705882,0.3,51,17,9,15,9
test_02638,no_pattern,1.0,0.0,1.0,116,213,45.539906103286384,1.0,0.07251908396946564,0.13523131672597866,0.07251908396946564,1.0,0.1111111111111111,0.19999999999999998,0.1111111111111111,1.0,0.08955223880597014,0.1643835616438356,0.08955223880597014,1.0,0.07894736842105263,0.14634146341463414,0.07894736842105263,1.0,0.07894736842105263,0.14634146341463414,1.0,1.0,1.0,0.0,0.10091743119266056,0.07894736842105263,0.07894736842105263,0.08955223880597014,0.17647058823529413,0.2,19,10,6,11,6
test_02638,no_redundancy,0.3,0.7,0.0,394,213,84.97652582159625,1.0,0.23282442748091603,0.3777089783281734,0.23282442748091603,1.0,0.2222222222222222,0.3636363636363636,0.2222222222222222,1.0,0.14925373134328357,0.2597402597402597,0.14925373134328357,1.0,0.14473684210526316,0.2528735632183908,0.14473684210526316,1.0,0.14473684210526316,0.2528735632183908,0.8181818181818182,1.0,0.8181818181818182,0.18181818181818177,0.1559633027522936,0.14473684210526316,0.14473684210526316,0.14925373134328357,0.29411764705882354,0.2,61,20,11,17,11
test_02642,full_run82,0.3,0.7,1.0,325,325,0.0,1.0,0.15522388059701492,0.2687338501291989,0.15522388059701492,1.0,0.2147239263803681,0.35353535353535354,0.2147239263803681,1.0,0.2077922077922078,0.34408602150537637,0.2077922077922078,0.8823529411764706,0.12195121951219512,0.21428571428571427,0.12,0.8823529411764706,0.12195121951219512,0.21428571428571427,1.0,1.0,1.0,0.0,0.16025641025641027,0.12195121951219512,0.12,0.2077922077922078,0.1388888888888889,0.3,52,35,17,26,17
test_02642,no_topic,0.0,1.0,1.0,335,325,3.076923076923077,1.0,0.15522388059701492,0.2687338501291989,0.15522388059701492,1.0,0.2331288343558282,0.3781094527363184,0.2331288343558282,1.0,0.2077922077922078,0.34408602150537637,0.2077922077922078,1.0,0.14634146341463414,0.2553191489361702,0.14634146341463414,1.0,0.14634146341463414,0.2553191489361702,1.0,1.0,1.0,0.0,0.16666666666666666,0.14634146341463414,0.14634146341463414,0.2077922077922078,0.16666666666666666,0.3,52,38,18,26,18
test_02642,no_pattern,1.0,0.0,1.0,153,325,52.92307692307693,1.0,0.07761194029850746,0.1440443213296399,0.07761194029850746,1.0,0.0736196319018405,0.13714285714285715,0.0736196319018405,1.0,0.06493506493506493,0.12195121951219512,0.06493506493506493,1.0,0.06504065040650407,0.1221374045801527,0.06504065040650407,1.0,0.06504065040650407,0.1221374045801527,1.0,1.0,1.0,0.0,0.09615384615384616,0.06504065040650407,0.06504065040650407,0.06493506493506493,0.08333333333333333,0.3,26,12,8,15,8
test_02642,no_redundancy,0.3,0.7,0.0,330,325,1.5384615384615385,0.975,0.11641791044776119,0.20799999999999996,0.11607142857142858,1.0,0.17791411042944785,0.3020833333333333,0.17791411042944785,1.0,0.1038961038961039,0.18823529411764706,0.1038961038961039,1.0,0.07317073170731707,0.13636363636363635,0.07317073170731707,1.0,0.07317073170731707,0.13636363636363635,1.0,1.0,1.0,0.0,0.08333333333333333,0.07317073170731707,0.07317073170731707,0.1038961038961039,0.16666666666666666,0.4,40,29,9,13,9
test_02655,full_run82,0.3,0.7,1.0,227,227,0.0,1.0,0.15916955017301038,0.2746268656716418,0.15916955017301038,1.0,0.15625,0.2702702702702703,0.15625,0.8571428571428571,0.08823529411764706,0.16,0.08695652173913043,0.7142857142857143,0.06097560975609756,0.11235955056179776,0.05952380952380952,0.8571428571428571,0.07317073170731707,0.1348314606741573,0.8571428571428571,0.8571428571428571,0.8571428571428571,0.1428571428571429,0.08943089430894309,0.06097560975609756,0.05952380952380952,0.08823529411764706,0.375,0.2,46,20,7,13,7
test_02655,no_topic,0.0,1.0,1.0,279,227,22.90748898678414,1.0,0.16608996539792387,0.28486646884273,0.16608996539792387,1.0,0.15625,0.2702702702702703,0.15625,1.0,0.10294117647058823,0.18666666666666665,0.10294117647058823,1.0,0.08536585365853659,0.15730337078651685,0.08536585365853659,1.0,0.08536585365853659,0.15730337078651685,1.0,1.0,1.0,0.0,0.11382113821138211,0.08536585365853659,0.08536585365853659,0.10294117647058823,0.25,0.3,48,20,7,14,7
test_02655,no_pattern,1.0,0.0,1.0,166,227,26.87224669603524,1.0,0.1314878892733564,0.23241590214067276,0.1314878892733564,1.0,0.1171875,0.2097902097902098,0.1171875,1.0,0.11764705882352941,0.21052631578947367,0.11764705882352941,1.0,0.10975609756097561,0.1978021978021978,0.10975609756097561,1.0,0.10975609756097561,0.1978021978021978,1.0,1.0,1.0,0.0,0.13821138211382114,0.10975609756097561,0.10975609756097561,0.11764705882352941,0.375,0.1,38,15,9,17,9
test_02655,no_redundancy,0.3,0.7,0.0,424,227,86.78414096916299,1.0,0.1972318339100346,0.32947976878612717,0.1972318339100346,1.0,0.2578125,0.40993788819875776,0.2578125,1.0,0.19117647058823528,0.32098765432098764,0.19117647058823528,1.0,0.17073170731707318,0.2916666666666667,0.17073170731707318,1.0,0.17073170731707318,0.2916666666666667,1.0,1.0,1.0,0.0,0.17886178861788618,0.17073170731707318,0.17073170731707318,0.19117647058823528,0.625,0.3,57,33,14,22,14
test_02664,full_run82,0.3,0.7,1.0,134,134,0.0,1.0,0.07894736842105263,0.14634146341463414,0.07894736842105263,1.0,0.07352941176470588,0.13698630136986303,0.07352941176470588,1.0,0.1,0.18181818181818182,0.1,1.0,0.07058823529411765,0.13186813186813187,0.07058823529411765,1.0,0.07058823529411765,0.13186813186813187,1.0,1.0,1.0,0.0,0.07272727272727272,0.07058823529411765,0.07058823529411765,0.1,0.10526315789473684,0.4,21,5,6,8,6
test_02664,no_topic,0.0,1.0,1.0,223,134,66.4179104477612,0.9714285714285714,0.12781954887218044,0.22591362126245845,0.12734082397003746,1.0,0.14705882352941177,0.25641025641025644,0.14705882352941177,1.0,0.22,0.36065573770491804,0.22,1.0,0.12941176470588237,0.22916666666666669,0.12941176470588237,1.0,0.12941176470588237,0.22916666666666669,1.0,1.0,1.0,0.0,0.17272727272727273,0.12941176470588237,0.12941176470588237,0.22,0.10526315789473684,0.2,35,10,11,19,11
test_02664,no_pattern,1.0,0.0,1.0,126,134,5.970149253731343,1.0,0.06015037593984962,0.11347517730496454,0.06015037593984962,1.0,0.07352941176470588,0.13698630136986303,0.07352941176470588,1.0,0.08,0.14814814814814814,0.08,1.0,0.07058823529411765,0.13186813186813187,0.07058823529411765,1.0,0.07058823529411765,0.13186813186813187,1.0,1.0,1.0,0.0,0.06363636363636363,0.07058823529411765,0.07058823529411765,0.08,0.13157894736842105,0.4,16,5,6,7,6
test_02664,no_redundancy,0.3,0.7,0.0,221,134,64.92537313432835,1.0,0.08646616541353383,0.15916955017301035,0.08646616541353383,1.0,0.07352941176470588,0.13698630136986303,0.07352941176470588,1.0,0.04,0.07692307692307693,0.04,1.0,0.023529411764705882,0.04597701149425288,0.023529411764705882,1.0,0.023529411764705882,0.04597701149425288,1.0,1.0,1.0,0.0,0.03636363636363636,0.023529411764705882,0.023529411764705882,0.04,0.05263157894736842,0.1,23,5,2,4,2
test_02699,full_run82,0.3,0.7,1.0,223,223,0.0,1.0,0.2198952879581152,0.3605150214592274,0.2198952879581152,1.0,0.2441860465116279,0.3925233644859813,0.2441860465116279,1.0,0.25,0.4,0.25,1.0,0.24528301886792453,0.393939393939394,0.24528301886792453,1.0,0.24528301886792453,0.393939393939394,1.0,1.0,1.0,0.0,0.28169014084507044,0.24528301886792453,0.24528301886792453,0.25,0.3684210526315789,0.2,42,21,13,20,13
test_02699,no_topic,0.0,1.0,1.0,230,223,3.1390134529147984,0.9777777777777777,0.23036649214659685,0.3728813559322034,0.22916666666666666,1.0,0.32558139534883723,0.49122807017543857,0.32558139534883723,1.0,0.2777777777777778,0.4347826086956522,0.2777777777777778,1.0,0.20754716981132076,0.34375000000000006,0.20754716981132076,1.0,0.20754716981132076,0.34375000000000006,1.0,1.0,1.0,0.0,0.2112676056338028,0.20754716981132076,0.20754716981132076,0.2777777777777778,0.47368421052631576,0.3,45,28,11,15,11
test_02699,no_pattern,1.0,0.0,1.0,189,223,15.246636771300448,0.9705882352941176,0.17277486910994763,0.29333333333333333,0.171875,1.0,0.1511627906976744,0.2626262626262626,0.1511627906976744,1.0,0.2222222222222222,0.3636363636363636,0.2222222222222222,1.0,0.18867924528301888,0.3174603174603175,0.18867924528301888,1.0,0.18867924528301888,0.3174603174603175,1.0,1.0,1.0,0.0,0.22535211267605634,0.18867924528301888,0.18867924528301888,0.2222222222222222,0.2631578947368421,0.2,34,13,10,16,10
test_02699,no_redundancy,0.3,0.7,0.0,326,223,46.18834080717489,1.0,0.15706806282722513,0.27149321266968324,0.15706806282722513,1.0,0.29069767441860467,0.45045045045045046,0.29069767441860467,1.0,0.08333333333333333,0.15384615384615385,0.08333333333333333,1.0,0.05660377358490566,0.10714285714285715,0.05660377358490566,1.0,0.05660377358490566,0.10714285714285715,1.0,1.0,1.0,0.0,0.056338028169014086,0.05660377358490566,0.05660377358490566,0.08333333333333333,0.21052631578947367,0.1,30,25,3,4,3
test_02700,full_run82,0.3,0.7,1.0,229,229,0.0,1.0,0.10648148148148148,0.19246861924686193,0.10648148148148148,1.0,0.24,0.3870967741935484,0.24,1.0,0.16666666666666666,0.2857142857142857,0.16666666666666666,1.0,0.12307692307692308,0.21917808219178084,0.12307692307692308,1.0,0.12307692307692308,0.21917808219178084,1.0,1.0,1.0,0.0,0.14942528735632185,0.12307692307692308,0.12307692307692308,0.16666666666666666,0.4,0.3,23,24,8,13,8
test_02700,no_topic,0.0,1.0,1.0,278,229,21.397379912663755,1.0,0.16666666666666666,0.2857142857142857,0.16666666666666666,1.0,0.26,0.41269841269841273,0.26,1.0,0.16666666666666666,0.2857142857142857,0.16666666666666666,1.0,0.12307692307692308,0.21917808219178084,0.12307692307692308,1.0,0.12307692307692308,0.21917808219178084,1.0,1.0,1.0,0.0,0.1724137931034483,0.12307692307692308,0.12307692307692308,0.16666666666666666,0.3,0.3,36,26,8,15,8
test_02700,no_pattern,1.0,0.0,1.0,175,229,23.580786026200872,1.0,0.09722222222222222,0.17721518987341772,0.09722222222222222,0.9375,0.15,0.25862068965517243,0.1485148514851485,1.0,0.1875,0.3157894736842105,0.1875,1.0,0.13846153846153847,0.24324324324324326,0.13846153846153847,1.0,0.13846153846153847,0.24324324324324326,0.8888888888888888,1.0,0.8888888888888888,0.11111111111111116,0.1724137931034483,0.13846153846153847,0.13846153846153847,0.1875,0.3,0.2,21,16,9,15,9
test_02700,no_redundancy,0.3,0.7,0.0,467,229,103.93013100436681,0.9850746268656716,0.3055555555555556,0.46643109540636046,0.30414746543778803,1.0,0.29,0.44961240310077516,0.29,1.0,0.25,0.4,0.25,1.0,0.24615384615384617,0.39506172839506176,0.24615384615384617,1.0,0.24615384615384617,0.39506172839506176,1.0,1.0,1.0,0.0,0.27586206896551724,0.24615384615384617,0.24615384615384617,0.25,0.5,0.5,67,29,16,24,16
test_02713,full_run82,0.3,0.7,1.0,361,361,0.0,0.9636363636363636,0.3732394366197183,0.5380710659898478,0.3680555555555556,1.0,0.29508196721311475,0.4556962025316456,0.29508196721311475,1.0,0.35,0.5185185185185185,0.35,1.0,0.3103448275862069,0.4736842105263158,0.3103448275862069,1.0,0.3103448275862069,0.4736842105263158,1.0,1.0,1.0,0.0,0.36585365853658536,0.3103448275862069,0.3103448275862069,0.35,0.5,0.3,55,36,9,15,9
test_02713,no_topic,0.0,1.0,1.0,351,361,2.7700831024930745,0.98,0.34507042253521125,0.5104166666666666,0.34265734265734266,1.0,0.28688524590163933,0.4458598726114649,0.28688524590163933,1.0,0.4,0.5714285714285715,0.4,1.0,0.3448275862068966,0.5128205128205129,0.3448275862068966,1.0,0.3448275862068966,0.5128205128205129,1.0,1.0,1.0,0.0,0.36585365853658536,0.3448275862068966,0.3448275862068966,0.4,0.8333333333333334,0.4,50,35,10,15,10
test_02713,no_pattern,1.0,0.0,1.0,195,361,45.98337950138504,1.0,0.23943661971830985,0.38636363636363635,0.23943661971830985,1.0,0.1721311475409836,0.2937062937062937,0.1721311475409836,1.0,0.2,0.33333333333333337,0.2,1.0,0.20689655172413793,0.34285714285714286,0.20689655172413793,1.0,0.20689655172413793,0.34285714285714286,1.0,1.0,1.0,0.0,0.2682926829268293,0.20689655172413793,0.20689655172413793,0.2,0.5,0.3,34,21,6,11,6
test_02713,no_redundancy,0.3,0.7,0.0,305,361,15.512465373961218,1.0,0.2676056338028169,0.42222222222222217,0.2676056338028169,1.0,0.21311475409836064,0.3513513513513513,0.21311475409836064,1.0,0.45,0.6206896551724138,0.45,1.0,0.41379310344827586,0.5853658536585366,0.41379310344827586,1.0,0.41379310344827586,0.5853658536585366,0.9166666666666666,1.0,0.9166666666666666,0.08333333333333337,0.34146341463414637,0.41379310344827586,0.41379310344827586,0.45,1.0,0.5,38,26,12,14,12
test_02725,full_run82,0.3,0.7,1.0,188,188,0.0,0.9705882352941176,0.1134020618556701,0.2030769230769231,0.11301369863013698,0.9545454545454546,0.1510791366906475,0.26086956521739135,0.15,1.0,0.18571428571428572,0.3132530120481928,0.18571428571428572,1.0,0.16853932584269662,0.28846153846153844,0.16853932584269662,1.0,0.16853932584269662,0.28846153846153844,0.8,1.0,0.8,0.19999999999999996,0.1791044776119403,0.16853932584269662,0.16853932584269662,0.18571428571428572,0.2,0.3,34,22,15,24,15
test_02725,no_topic,0.0,1.0,1.0,238,188,26.595744680851062,1.0,0.16494845360824742,0.2831858407079646,0.16494845360824742,0.9545454545454546,0.1510791366906475,0.26086956521739135,0.15,1.0,0.21428571428571427,0.35294117647058826,0.21428571428571427,1.0,0.1797752808988764,0.30476190476190473,0.1797752808988764,1.0,0.1797752808988764,0.30476190476190473,0.9375,1.0,0.9375,0.0625,0.19402985074626866,0.1797752808988764,0.1797752808988764,0.21428571428571427,0.3,0.2,48,22,16,26,16
test_02725,no_pattern,1.0,0.0,1.0,180,188,4.25531914893617,0.972972972972973,0.12371134020618557,0.21951219512195122,0.1232876712328767,0.95,0.1366906474820144,0.2389937106918239,0.1357142857142857,1.0,0.15714285714285714,0.271604938271605,0.15714285714285714,1.0,0.1348314606741573,0.23762376237623764,0.1348314606741573,1.0,0.1348314606741573,0.23762376237623764,0.75,1.0,0.75,0.25,0.15671641791044777,0.1348314606741573,0.1348314606741573,0.15714285714285714,0.2,0.3,37,20,12,21,12
test_02725,no_redundancy,0.3,0.7,0.0,369,188,96.27659574468085,1.0,0.20962199312714777,0.3465909090909091,0.20962199312714777,1.0,0.3597122302158273,0.5291005291005291,0.3597122302158273,1.0,0.18571428571428572,0.3132530120481928,0.18571428571428572,1.0,0.1797752808988764,0.30476190476190473,0.1797752808988764,1.0,0.1797752808988764,0.30476190476190473,1.0,1.0,1.0,0.0,0.1791044776119403,0.1797752808988764,0.1797752808988764,0.18571428571428572,0.2,0.2,61,50,16,24,16
test_02744,full_run82,0.3,0.7,1.0,253,253,0.0,1.0,0.29605263157894735,0.45685279187817257,0.29605263157894735,1.0,0.4375,0.6086956521739131,0.4375,1.0,0.2857142857142857,0.4444444444444445,0.2857142857142857,1.0,0.24,0.3870967741935484,0.24,1.0,0.24,0.3870967741935484,1.0,1.0,1.0,0.0,0.31746031746031744,0.24,0.24,0.2857142857142857,0.16666666666666666,0.2,45,21,12,20,12
test_02744,no_topic,0.0,1.0,1.0,286,253,13.043478260869565,1.0,0.3092105263157895,0.4723618090452262,0.3092105263157895,0.95,0.3958333333333333,0.5588235294117647,0.3877551020408163,1.0,0.40476190476190477,0.576271186440678,0.40476190476190477,1.0,0.34,0.5074626865671642,0.34,1.0,0.34,0.5074626865671642,0.9411764705882353,1.0,0.9411764705882353,0.05882352941176472,0.38095238095238093,0.34,0.34,0.40476190476190477,0.36666666666666664,0.3,47,20,17,24,17
test_02744,no_pattern,1.0,0.0,1.0,194,253,23.3201581027668,1.0,0.25,0.4,0.25,0.9375,0.3125,0.46875,0.30612244897959184,1.0,0.21428571428571427,0.35294117647058826,0.21428571428571427,1.0,0.18,0.3050847457627119,0.18,1.0,0.18,0.3050847457627119,0.8888888888888888,1.0,0.8888888888888888,0.11111111111111116,0.2698412698412698,0.18,0.18,0.21428571428571427,0.1,0.3,38,16,9,17,9
test_02744,no_redundancy,0.3,0.7,0.0,365,253,44.26877470355731,1.0,0.32894736842105265,0.4950495049504951,0.32894736842105265,1.0,0.5,0.6666666666666666,0.5,1.0,0.38095238095238093,0.5517241379310345,0.38095238095238093,1.0,0.34,0.5074626865671642,0.34,1.0,0.34,0.5074626865671642,1.0,1.0,1.0,0.0,0.3492063492063492,0.34,0.34,0.38095238095238093,0.43333333333333335,0.5,50,24,17,22,17
test_02751,full_run82,0.3,0.7,1.0,180,180,0.0,1.0,0.13145539906103287,0.23236514522821575,0.13145539906103287,1.0,0.1566265060240964,0.27083333333333337,0.1566265060240964,1.0,0.23404255319148937,0.3793103448275862,0.23404255319148937,1.0,0.23214285714285715,0.37681159420289856,0.23214285714285715,1.0,0.23214285714285715,0.37681159420289856,1.0,1.0,1.0,0.0,0.21428571428571427,0.23214285714285715,0.23214285714285715,0.23404255319148937,0.6,0.4,28,13,13,18,13
test_02751,no_topic,0.0,1.0,1.0,227,180,26.111111111111114,1.0,0.1784037558685446,0.30278884462151395,0.1784037558685446,1.0,0.1566265060240964,0.27083333333333337,0.1566265060240964,1.0,0.1276595744680851,0.22641509433962262,0.1276595744680851,1.0,0.16071428571428573,0.27692307692307694,0.16071428571428573,1.0,0.16071428571428573,0.27692307692307694,1.0,1.0,1.0,0.0,0.14285714285714285,0.16071428571428573,0.16071428571428573,0.1276595744680851,0.6,0.3,38,13,9,12,9
test_02751,no_pattern,1.0,0.0,1.0,157,180,12.777777777777777,1.0,0.13615023474178403,0.2396694214876033,0.13615023474178403,1.0,0.1566265060240964,0.27083333333333337,0.1566265060240964,1.0,0.2765957446808511,0.43333333333333335,0.2765957446808511,1.0,0.26785714285714285,0.4225352112676056,0.26785714285714285,1.0,0.26785714285714285,0.4225352112676056,1.0,1.0,1.0,0.0,0.2619047619047619,0.26785714285714285,0.26785714285714285,0.2765957446808511,0.5,0.4,29,13,15,22,15
test_02751,no_redundancy,0.3,0.7,0.0,438,180,143.33333333333334,1.0,0.28169014084507044,0.43956043956043955,0.28169014084507044,1.0,0.3253012048192771,0.4909090909090909,0.3253012048192771,1.0,0.06382978723404255,0.12,0.06382978723404255,1.0,0.07142857142857142,0.13333333333333333,0.07142857142857142,1.0,0.07142857142857142,0.13333333333333333,1.0,1.0,1.0,0.0,0.08333333333333333,0.07142857142857142,0.07142857142857142,0.06382978723404255,0.3,0.0,60,27,4,7,4
test_02765,full_run82,0.3,0.7,1.0,228,228,0.0,1.0,0.2582781456953642,0.4105263157894737,0.2582781456953642,1.0,0.265625,0.41975308641975306,0.265625,1.0,0.3333333333333333,0.5,0.3333333333333333,1.0,0.23076923076923078,0.375,0.23076923076923078,1.0,0.23076923076923078,0.375,1.0,1.0,1.0,0.0,0.25,0.23076923076923078,0.23076923076923078,0.3333333333333333,0.6,0.2,39,17,6,11,6
test_02765,no_topic,0.0,1.0,1.0,226,228,0.8771929824561403,1.0,0.25165562913907286,0.40211640211640215,0.25165562913907286,1.0,0.25,0.4,0.25,1.0,0.3333333333333333,0.5,0.3333333333333333,0.8333333333333334,0.19230769230769232,0.3125,0.18518518518518517,0.8333333333333334,0.19230769230769232,0.3125,1.0,1.0,1.0,0.0,0.22727272727272727,0.19230769230769232,0.18518518518518517,0.3333333333333333,0.6,0.2,38,16,6,11,6
test_02765,no_pattern,1.0,0.0,1.0,202,228,11.403508771929824,1.0,0.2119205298013245,0.34972677595628415,0.2119205298013245,1.0,0.203125,0.33766233766233766,0.203125,1.0,0.2222222222222222,0.3636363636363636,0.2222222222222222,0.8,0.15384615384615385,0.25806451612903225,0.14814814814814814,1.0,0.19230769230769232,0.32258064516129037,1.0,0.8,0.8,0.19999999999999996,0.20454545454545456,0.15384615384615385,0.14814814814814814,0.2222222222222222,0.4,0.1,32,13,5,10,5
test_02765,no_redundancy,0.3,0.7,0.0,343,228,50.43859649122807,1.0,0.2980132450331126,0.4591836734693878,0.2980132450331126,1.0,0.3125,0.47619047619047616,0.3125,0.7692307692307693,0.5555555555555556,0.6451612903225806,0.47619047619047616,0.7857142857142857,0.4230769230769231,0.55,0.3793103448275862,0.7857142857142857,0.4230769230769231,0.55,0.7857142857142857,0.7857142857142857,0.7857142857142857,0.2142857142857143,0.45454545454545453,0.4230769230769231,0.3793103448275862,0.5555555555555556,0.8,0.5,45,20,14,24,14
test_02816,full_run82,0.3,0.7,1.0,101,101,0.0,1.0,0.010078387458006719,0.019955654101995565,0.010078387458006719,1.0,0.02064896755162242,0.04046242774566474,0.02064896755162242,1.0,0.027649769585253458,0.05381165919282511,0.027649769585253458,1.0,0.020833333333333332,0.04081632653061225,0.020833333333333332,1.0,0.020833333333333332,0.04081632653061225,1.0,1.0,1.0,0.0,0.030136986301369864,0.020833333333333332,0.020833333333333332,0.027649769585253458,0.023809523809523808,0.4,9,7,7,11,7
test_02816,no_topic,0.0,1.0,1.0,491,101,386.13861386138615,1.0,0.0940649496080627,0.1719549641760491,0.0940649496080627,1.0,0.11799410029498525,0.21108179419525067,0.11799410029498525,1.0,0.027649769585253458,0.05381165919282511,0.027649769585253458,1.0,0.03571428571428571,0.0689655172413793,0.03571428571428571,1.0,0.03571428571428571,0.0689655172413793,1.0,1.0,1.0,0.0,0.0547945205479452,0.03571428571428571,0.03571428571428571,0.027649769585253458,0.023809523809523808,0.2,84,40,12,20,12
test_02816,no_pattern,1.0,0.0,1.0,72,101,28.71287128712871,1.0,0.006718924972004479,0.013348164627363737,0.006718924972004479,1.0,0.011799410029498525,0.023323615160349854,0.011799410029498525,1.0,0.027649769585253458,0.05381165919282511,0.027649769585253458,1.0,0.020833333333333332,0.04081632653061225,0.020833333333333332,1.0,0.020833333333333332,0.04081632653061225,1.0,1.0,1.0,0.0,0.030136986301369864,0.020833333333333332,0.020833333333333332,0.027649769585253458,0.023809523809523808,0.4,6,4,7,11,7
test_02816,no_redundancy,0.3,0.7,0.0,158,101,56.43564356435643,1.0,0.0167973124300112,0.03303964757709251,0.0167973124300112,1.0,0.02359882005899705,0.046109510086455335,0.02359882005899705,1.0,0.04608294930875576,0.0881057268722467,0.04608294930875576,1.0,0.02976190476190476,0.05780346820809249,0.02976190476190476,1.0,0.02976190476190476,0.05780346820809249,1.0,1.0,1.0,0.0,0.03561643835616438,0.02976190476190476,0.02976190476190476,0.04608294930875576,0.03333333333333333,0.3,15,8,10,13,10
test_02823,full_run82,0.3,0.7,1.0,289,289,0.0,1.0,0.2127659574468085,0.3508771929824561,0.2127659574468085,1.0,0.3,0.4615384615384615,0.3,1.0,0.38461538461538464,0.5555555555555556,0.38461538461538464,1.0,0.29411764705882354,0.45454545454545453,0.29411764705882354,1.0,0.29411764705882354,0.45454545454545453,1.0,1.0,1.0,0.0,0.32075471698113206,0.29411764705882354,0.29411764705882354,0.38461538461538464,0.5,0.4,50,21,10,17,10
test_02823,no_topic,0.0,1.0,1.0,316,289,9.342560553633218,1.0,0.24680851063829787,0.39590443686006827,0.24680851063829787,1.0,0.2857142857142857,0.4444444444444445,0.2857142857142857,1.0,0.38461538461538464,0.5555555555555556,0.38461538461538464,1.0,0.29411764705882354,0.45454545454545453,0.29411764705882354,1.0,0.29411764705882354,0.45454545454545453,1.0,1.0,1.0,0.0,0.32075471698113206,0.29411764705882354,0.29411764705882354,0.38461538461538464,0.5,0.4,58,20,10,17,10
test_02823,no_pattern,1.0,0.0,1.0,198,289,31.4878892733564,1.0,0.16170212765957448,0.2783882783882784,0.16170212765957448,1.0,0.11428571428571428,0.20512820512820512,0.11428571428571428,0.8333333333333334,0.19230769230769232,0.3125,0.18518518518518517,0.875,0.20588235294117646,0.33333333333333337,0.2,0.875,0.20588235294117646,0.33333333333333337,0.875,0.875,0.875,0.125,0.20754716981132076,0.20588235294117646,0.2,0.19230769230769232,0.6666666666666666,0.2,38,8,8,13,8
test_02823,no_redundancy,0.3,0.7,0.0,335,289,15.916955017301039,1.0,0.23404255319148937,0.3793103448275862,0.23404255319148937,1.0,0.45714285714285713,0.6274509803921569,0.45714285714285713,1.0,0.15384615384615385,0.2666666666666667,0.15384615384615385,1.0,0.14705882352941177,0.25641025641025644,0.14705882352941177,1.0,0.14705882352941177,0.25641025641025644,1.0,1.0,1.0,0.0,0.16981132075471697,0.14705882352941177,0.14705882352941177,0.15384615384615385,0.5,0.3,55,32,5,9,5
test_02828,full_run82,0.3,0.7,1.0,136,136,0.0,1.0,0.2911392405063291,0.45098039215686275,0.2911392405063291,1.0,0.25925925925925924,0.4117647058823529,0.25925925925925924,1.0,0.35294117647058826,0.5217391304347826,0.35294117647058826,1.0,0.2857142857142857,0.4444444444444445,0.2857142857142857,1.0,0.2857142857142857,0.4444444444444445,1.0,1.0,1.0,0.0,0.3448275862068966,0.2857142857142857,0.2857142857142857,0.35294117647058826,0.42857142857142855,0.6,23,7,6,10,6
test_02828,no_topic,0.0,1.0,1.0,218,136,60.29411764705882,1.0,0.3924050632911392,0.5636363636363637,0.3924050632911392,1.0,0.37037037037037035,0.5405405405405406,0.37037037037037035,1.0,0.47058823529411764,0.6399999999999999,0.47058823529411764,1.0,0.47619047619047616,0.6451612903225806,0.47619047619047616,1.0,0.47619047619047616,0.6451612903225806,1.0,1.0,1.0,0.0,0.5862068965517241,0.47619047619047616,0.47619047619047616,0.47058823529411764,0.42857142857142855,0.5,31,10,10,17,10
test_02828,no_pattern,1.0,0.0,1.0,128,136,5.88235294117647,1.0,0.31645569620253167,0.48076923076923084,0.31645569620253167,1.0,0.2222222222222222,0.3636363636363636,0.2222222222222222,1.0,0.47058823529411764,0.6399999999999999,0.47058823529411764,1.0,0.38095238095238093,0.5517241379310345,0.38095238095238093,1.0,0.38095238095238093,0.5517241379310345,1.0,1.0,1.0,0.0,0.4482758620689655,0.38095238095238093,0.38095238095238093,0.47058823529411764,0.5714285714285714,0.3,25,6,8,13,8
test_02828,no_redundancy,0.3,0.7,0.0,192,136,41.17647058823529,1.0,0.26582278481012656,0.41999999999999993,0.26582278481012656,1.0,0.1111111111111111,0.19999999999999998,0.1111111111111111,0.8888888888888888,0.47058823529411764,0.6153846153846153,0.4444444444444444,0.9230769230769231,0.5714285714285714,0.7058823529411765,0.5454545454545454,0.9230769230769231,0.5714285714285714,0.7058823529411765,0.9230769230769231,0.9230769230769231,0.9230769230769231,0.07692307692307687,0.5517241379310345,0.5714285714285714,0.5454545454545454,0.47058823529411764,0.7142857142857143,0.8,21,3,13,16,13
test_02859,full_run82,0.3,0.7,1.0,185,185,0.0,1.0,0.1977401129943503,0.330188679245283,0.1977401129943503,1.0,0.3,0.4615384615384615,0.3,1.0,0.4375,0.6086956521739131,0.4375,1.0,0.375,0.5454545454545454,0.375,1.0,0.375,0.5454545454545454,1.0,1.0,1.0,0.0,0.40476190476190477,0.375,0.375,0.4375,0.75,0.3,35,15,9,17,9
test_02859,no_topic,0.0,1.0,1.0,248,185,34.054054054054056,1.0,0.24858757062146894,0.3981900452488688,0.24858757062146894,1.0,0.28,0.43750000000000006,0.28,1.0,0.125,0.2222222222222222,0.125,1.0,0.125,0.2222222222222222,0.125,1.0,0.125,0.2222222222222222,1.0,1.0,1.0,0.0,0.14285714285714285,0.125,0.125,0.125,0.5,0.2,44,14,3,6,3
test_02859,no_pattern,1.0,0.0,1.0,213,185,15.135135135135137,1.0,0.23728813559322035,0.3835616438356164,0.23728813559322035,1.0,0.26,0.41269841269841273,0.26,1.0,0.3125,0.47619047619047616,0.3125,1.0,0.2916666666666667,0.45161290322580644,0.2916666666666667,1.0,0.2916666666666667,0.45161290322580644,1.0,1.0,1.0,0.0,0.30952380952380953,0.2916666666666667,0.2916666666666667,0.3125,0.75,0.4,42,13,7,13,7
test_02859,no_redundancy,0.3,0.7,0.0,335,185,81.08108108108108,0.9821428571428571,0.3107344632768362,0.4721030042918455,0.3089887640449438,1.0,0.32,0.48484848484848486,0.32,1.0,0.25,0.4,0.25,1.0,0.16666666666666666,0.2857142857142857,0.16666666666666666,1.0,0.16666666666666666,0.2857142857142857,1.0,1.0,1.0,0.0,0.19047619047619047,0.16666666666666666,0.16666666666666666,0.25,0.5,0.1,56,16,4,8,4
test_02862,full_run82,0.3,0.7,1.0,286,286,0.0,1.0,0.4583333333333333,0.6285714285714286,0.4583333333333333,1.0,0.4016393442622951,0.5730994152046784,0.4016393442622951,1.0,0.42857142857142855,0.6,0.42857142857142855,1.0,0.3953488372093023,0.5666666666666667,0.3953488372093023,1.0,0.3953488372093023,0.5666666666666667,1.0,1.0,1.0,0.0,0.4406779661016949,0.3953488372093023,0.3953488372093023,0.42857142857142855,0.2777777777777778,0.5,44,49,17,26,17
test_02862,no_topic,0.0,1.0,1.0,286,286,0.0,1.0,0.46875,0.6382978723404256,0.46875,1.0,0.3524590163934426,0.5212121212121212,0.3524590163934426,1.0,0.42857142857142855,0.6,0.42857142857142855,1.0,0.4186046511627907,0.5901639344262295,0.4186046511627907,1.0,0.4186046511627907,0.5901639344262295,1.0,1.0,1.0,0.0,0.4576271186440678,0.4186046511627907,0.4186046511627907,0.42857142857142855,0.2777777777777778,0.5,45,43,18,27,18
test_02862,no_pattern,1.0,0.0,1.0,277,286,3.146853146853147,1.0,0.4270833333333333,0.5985401459854015,0.4270833333333333,1.0,0.3360655737704918,0.5030674846625767,0.3360655737704918,1.0,0.42857142857142855,0.6,0.42857142857142855,1.0,0.3488372093023256,0.5172413793103449,0.3488372093023256,1.0,0.3488372093023256,0.5172413793103449,1.0,1.0,1.0,0.0,0.3559322033898305,0.3488372093023256,0.3488372093023256,0.42857142857142855,0.5,0.4,41,41,15,21,15
test_02862,no_redundancy,0.3,0.7,0.0,441,286,54.1958041958042,1.0,0.5520833333333334,0.7114093959731543,0.5520833333333334,1.0,0.4918032786885246,0.6593406593406593,0.4918032786885246,1.0,0.37142857142857144,0.5416666666666666,0.37142857142857144,1.0,0.37209302325581395,0.5423728813559322,0.37209302325581395,1.0,0.37209302325581395,0.5423728813559322,1.0,1.0,1.0,0.0,0.423728813559322,0.37209302325581395,0.37209302325581395,0.37142857142857144,0.3333333333333333,0.5,53,60,16,25,16
test_02864,full_run82,0.3,0.7,1.0,201,201,0.0,1.0,0.15311004784688995,0.26556016597510373,0.15311004784688995,1.0,0.171875,0.29333333333333333,0.171875,1.0,0.2,0.33333333333333337,0.2,1.0,0.171875,0.29333333333333333,0.171875,1.0,0.171875,0.29333333333333333,1.0,1.0,1.0,0.0,0.22727272727272727,0.171875,0.171875,0.2,0.13636363636363635,0.3,32,11,11,20,11
test_02864,no_topic,0.0,1.0,1.0,210,201,4.477611940298507,1.0,0.12440191387559808,0.22127659574468084,0.12440191387559808,1.0,0.203125,0.33766233766233766,0.203125,1.0,0.18181818181818182,0.3076923076923077,0.18181818181818182,1.0,0.15625,0.2702702702702703,0.15625,1.0,0.15625,0.2702702702702703,1.0,1.0,1.0,0.0,0.17045454545454544,0.15625,0.15625,0.18181818181818182,0.18181818181818182,0.5,26,13,10,15,10
test_02864,no_pattern,1.0,0.0,1.0,179,201,10.945273631840797,1.0,0.14832535885167464,0.2583333333333333,0.14832535885167464,1.0,0.140625,0.2465753424657534,0.140625,1.0,0.12727272727272726,0.22580645161290322,0.12727272727272726,1.0,0.109375,0.19718309859154928,0.109375,1.0,0.109375,0.19718309859154928,1.0,1.0,1.0,0.0,0.13636363636363635,0.109375,0.109375,0.12727272727272726,0.13636363636363635,0.3,31,9,7,12,7
test_02864,no_redundancy,0.3,0.7,0.0,261,201,29.850746268656714,0.9782608695652174,0.215311004784689,0.35294117647058826,0.21428571428571427,1.0,0.234375,0.379746835443038,0.234375,1.0,0.23636363636363636,0.3823529411764706,0.23636363636363636,1.0,0.28125,0.43902439024390244,0.28125,1.0,0.28125,0.43902439024390244,1.0,1.0,1.0,0.0,0.29545454545454547,0.28125,0.28125,0.23636363636363636,0.18181818181818182,0.3,46,15,18,26,18
test_02877,full_run82,0.3,0.7,1.0,218,218,0.0,1.0,0.1634980988593156,0.28104575163398693,0.1634980988593156,1.0,0.1095890410958904,0.19753086419753085,0.1095890410958904,1.0,0.2,0.33333333333333337,0.2,1.0,0.18,0.3050847457627119,0.18,1.0,0.18,0.3050847457627119,1.0,1.0,1.0,0.0,0.1891891891891892,0.18,0.18,0.2,0.4444444444444444,0.2,43,8,9,14,9
test_02877,no_topic,0.0,1.0,1.0,228,218,4.587155963302752,1.0,0.17870722433460076,0.3032258064516129,0.17870722433460076,1.0,0.1095890410958904,0.19753086419753085,0.1095890410958904,1.0,0.1111111111111111,0.19999999999999998,0.1111111111111111,1.0,0.1,0.18181818181818182,0.1,1.0,0.1,0.18181818181818182,1.0,1.0,1.0,0.0,0.12162162162162163,0.1,0.1,0.1111111111111111,0.3333333333333333,0.1,47,8,5,9,5
test_02877,no_pattern,1.0,0.0,1.0,185,218,15.137614678899084,1.0,0.1444866920152091,0.25249169435215946,0.1444866920152091,0.875,0.0958904109589041,0.17283950617283952,0.0945945945945946,1.0,0.15555555555555556,0.2692307692307693,0.15555555555555556,0.8571428571428571,0.12,0.21052631578947367,0.11764705882352941,0.8571428571428571,0.12,0.21052631578947367,0.8571428571428571,1.0,0.8571428571428571,0.1428571428571429,0.13513513513513514,0.12,0.11764705882352941,0.15555555555555556,0.4444444444444444,0.1,38,8,7,11,7
test_02877,no_redundancy,0.3,0.7,0.0,404,218,85.3211009174312,1.0,0.30038022813688214,0.4619883040935673,0.30038022813688214,0.9629629629629629,0.3561643835616438,0.52,0.35135135135135137,1.0,0.28888888888888886,0.4482758620689655,0.28888888888888886,1.0,0.28,0.43750000000000006,0.28,1.0,0.28,0.43750000000000006,1.0,1.0,1.0,0.0,0.2972972972972973,0.28,0.28,0.28888888888888886,0.5555555555555556,0.4,79,27,14,22,14
test_02881,full_run82,0.3,0.7,1.0,208,208,0.0,1.0,0.10666666666666667,0.1927710843373494,0.10666666666666667,1.0,0.12060301507537688,0.21524663677130043,0.12060301507537688,1.0,0.08139534883720931,0.15053763440860218,0.08139534883720931,1.0,0.056910569105691054,0.10769230769230768,0.056910569105691054,1.0,0.056910569105691054,0.10769230769230768,1.0,1.0,1.0,0.0,0.07453416149068323,0.056910569105691054,0.056910569105691054,0.08139534883720931,0.047619047619047616,0.3,40,24,7,12,7
test_02881,no_topic,0.0,1.0,1.0,263,208,26.442307692307693,1.0,0.12266666666666666,0.2185273159144893,0.12266666666666666,1.0,0.1457286432160804,0.25438596491228066,0.1457286432160804,1.0,0.046511627906976744,0.08888888888888888,0.046511627906976744,1.0,0.04065040650406504,0.078125,0.04065040650406504,1.0,0.04065040650406504,0.078125,1.0,1.0,1.0,0.0,0.055900621118012424,0.04065040650406504,0.04065040650406504,0.046511627906976744,0.047619047619047616,0.0,46,29,5,9,5
test_02881,no_pattern,1.0,0.0,1.0,175,208,15.865384615384615,1.0,0.09066666666666667,0.1662591687041565,0.09066666666666667,1.0,0.12060301507537688,0.21524663677130043,0.12060301507537688,1.0,0.05813953488372093,0.10989010989010987,0.05813953488372093,1.0,0.04065040650406504,0.078125,0.04065040650406504,1.0,0.04065040650406504,0.078125,1.0,1.0,1.0,0.0,0.062111801242236024,0.04065040650406504,0.04065040650406504,0.05813953488372093,0.031746031746031744,0.1,34,24,5,10,5
test_02881,no_redundancy,0.3,0.7,0.0,433,208,108.17307692307692,1.0,0.16533333333333333,0.2837528604118993,0.16533333333333333,1.0,0.22110552763819097,0.36213991769547327,0.22110552763819097,1.0,0.1744186046511628,0.297029702970297,0.1744186046511628,0.9375,0.12195121951219512,0.21582733812949637,0.12096774193548387,0.9375,0.12195121951219512,0.21582733812949637,0.9375,1.0,0.9375,0.0625,0.15527950310559005,0.12195121951219512,0.12096774193548387,0.1744186046511628,0.07936507936507936,0.1,62,44,16,26,16
test_02886,full_run82,0.3,0.7,1.0,235,235,0.0,1.0,0.34959349593495936,0.5180722891566265,0.34959349593495936,1.0,0.36538461538461536,0.5352112676056338,0.36538461538461536,1.0,0.15384615384615385,0.2666666666666667,0.15384615384615385,1.0,0.14814814814814814,0.25806451612903225,0.14814814814814814,1.0,0.14814814814814814,0.25806451612903225,1.0,1.0,1.0,0.0,0.17391304347826086,0.14814814814814814,0.14814814814814814,0.15384615384615385,0.3333333333333333,0.1,43,19,4,8,4
test_02886,no_topic,0.0,1.0,1.0,234,235,0.425531914893617,1.0,0.37398373983739835,0.5443786982248521,0.37398373983739835,1.0,0.34615384615384615,0.5142857142857142,0.34615384615384615,1.0,0.19230769230769232,0.32258064516129037,0.19230769230769232,1.0,0.18518518518518517,0.3125,0.18518518518518517,1.0,0.18518518518518517,0.3125,1.0,1.0,1.0,0.0,0.21739130434782608,0.18518518518518517,0.18518518518518517,0.19230769230769232,0.3333333333333333,0.1,46,18,5,10,5
test_02886,no_pattern,1.0,0.0,1.0,172,235,26.80851063829787,1.0,0.2682926829268293,0.4230769230769231,0.2682926829268293,1.0,0.15384615384615385,0.2666666666666667,0.15384615384615385,1.0,0.2692307692307692,0.42424242424242425,0.2692307692307692,0.8571428571428571,0.2222222222222222,0.35294117647058826,0.21428571428571427,1.0,0.25925925925925924,0.4117647058823529,1.0,1.0,1.0,0.0,0.2391304347826087,0.2222222222222222,0.21428571428571427,0.2692307692307692,0.5,0.2,33,8,7,12,7
test_02886,no_redundancy,0.3,0.7,0.0,386,235,64.25531914893618,1.0,0.3821138211382114,0.5529411764705883,0.3821138211382114,1.0,0.5769230769230769,0.7317073170731707,0.5769230769230769,1.0,0.34615384615384615,0.5142857142857142,0.34615384615384615,0.9,0.3333333333333333,0.48648648648648646,0.32142857142857145,1.0,0.37037037037037035,0.5405405405405406,1.0,1.0,1.0,0.0,0.34782608695652173,0.3333333333333333,0.32142857142857145,0.34615384615384615,0.5,0.5,47,30,10,17,10
test_02892,full_run82,0.3,0.7,1.0,346,346,0.0,1.0,0.7012987012987013,0.8244274809160306,0.7012987012987013,1.0,0.7575757575757576,0.8620689655172413,0.7575757575757576,1.0,0.5714285714285714,0.7272727272727273,0.5714285714285714,1.0,0.47368421052631576,0.6428571428571429,0.47368421052631576,1.0,0.47368421052631576,0.6428571428571429,1.0,1.0,1.0,0.0,0.5357142857142857,0.47368421052631576,0.47368421052631576,0.5714285714285714,0.6666666666666666,0.8,54,25,9,15,9
test_02892,no_topic,0.0,1.0,1.0,339,346,2.023121387283237,1.0,0.7402597402597403,0.8507462686567165,0.7402597402597403,1.0,0.7272727272727273,0.8421052631578948,0.7272727272727273,1.0,0.5,0.6666666666666666,0.5,1.0,0.42105263157894735,0.5925925925925926,0.42105263157894735,1.0,0.42105263157894735,0.5925925925925926,1.0,1.0,1.0,0.0,0.5,0.42105263157894735,0.42105263157894735,0.5,0.5,0.7,57,24,8,14,8
test_02892,no_pattern,1.0,0.0,1.0,303,346,12.427745664739884,1.0,0.7012987012987013,0.8244274809160306,0.7012987012987013,0.9565217391304348,0.6666666666666666,0.7857142857142856,0.6470588235294118,1.0,0.5714285714285714,0.7272727272727273,0.5714285714285714,1.0,0.42105263157894735,0.5925925925925926,0.42105263157894735,1.0,0.42105263157894735,0.5925925925925926,1.0,1.0,1.0,0.0,0.5357142857142857,0.42105263157894735,0.42105263157894735,0.5714285714285714,0.5,0.6,54,23,8,15,8
test_02892,no_redundancy,0.3,0.7,0.0,343,346,0.8670520231213872,1.0,0.6753246753246753,0.8062015503875969,0.6753246753246753,1.0,0.696969696969697,0.8214285714285715,0.696969696969697,1.0,0.7857142857142857,0.88,0.7857142857142857,1.0,0.7368421052631579,0.8484848484848484,0.7368421052631579,1.0,0.7368421052631579,0.8484848484848484,1.0,1.0,1.0,0.0,0.8214285714285714,0.7368421052631579,0.7368421052631579,0.7857142857142857,0.6666666666666666,0.8,52,23,14,23,14
test_02904,full_run82,0.3,0.7,1.0,329,329,0.0,1.0,0.8805970149253731,0.9365079365079364,0.8805970149253731,1.0,0.8275862068965517,0.9056603773584906,0.8275862068965517,1.0,0.9230769230769231,0.9600000000000001,0.9230769230769231,1.0,0.9333333333333333,0.9655172413793104,0.9333333333333333,1.0,0.9333333333333333,0.9655172413793104,1.0,1.0,1.0,0.0,0.9583333333333334,0.9333333333333333,0.9333333333333333,0.9230769230769231,1.0,1.0,59,24,14,23,14
test_02904,no_topic,0.0,1.0,1.0,329,329,0.0,1.0,0.8805970149253731,0.9365079365079364,0.8805970149253731,1.0,0.8275862068965517,0.9056603773584906,0.8275862068965517,1.0,0.9230769230769231,0.9600000000000001,0.9230769230769231,1.0,0.9333333333333333,0.9655172413793104,0.9333333333333333,1.0,0.9333333333333333,0.9655172413793104,1.0,1.0,1.0,0.0,0.9583333333333334,0.9333333333333333,0.9333333333333333,0.9230769230769231,1.0,1.0,59,24,14,23,14
test_02904,no_pattern,1.0,0.0,1.0,296,329,10.030395136778116,1.0,0.7611940298507462,0.864406779661017,0.7611940298507462,1.0,0.896551724137931,0.9454545454545454,0.896551724137931,1.0,0.7692307692307693,0.8695652173913044,0.7692307692307693,1.0,0.7333333333333333,0.846153846153846,0.7333333333333333,1.0,0.7333333333333333,0.846153846153846,1.0,1.0,1.0,0.0,0.7083333333333334,0.7333333333333333,0.7333333333333333,0.7692307692307693,1.0,0.7,51,26,11,17,11
test_02904,no_redundancy,0.3,0.7,0.0,373,329,13.37386018237082,1.0,0.9701492537313433,0.9848484848484849,0.9701492537313433,1.0,0.9655172413793104,0.9824561403508771,0.9655172413793104,1.0,1.0,1.0,1.0,1.0,1.0,1.0,1.0,1.0,1.0,1.0,1.0,1.0,1.0,0.0,1.0,1.0,1.0,1.0,1.0,1.0,65,28,15,24,15
test_02917,full_run82,0.3,0.7,1.0,179,179,0.0,1.0,0.24087591240875914,0.38823529411764707,0.24087591240875914,1.0,0.22950819672131148,0.37333333333333335,0.22950819672131148,1.0,0.48,0.6486486486486487,0.48,1.0,0.4,0.5714285714285715,0.4,1.0,0.4,0.5714285714285715,1.0,1.0,1.0,0.0,0.43137254901960786,0.4,0.4,0.48,0.75,0.2,33,14,12,22,12
test_02917,no_topic,0.0,1.0,1.0,198,179,10.614525139664805,1.0,0.23357664233576642,0.378698224852071,0.23357664233576642,1.0,0.22950819672131148,0.37333333333333335,0.22950819672131148,1.0,0.28,0.43750000000000006,0.28,1.0,0.23333333333333334,0.37837837837837834,0.23333333333333334,1.0,0.23333333333333334,0.37837837837837834,1.0,1.0,1.0,0.0,0.2549019607843137,0.23333333333333334,0.23333333333333334,0.28,0.75,0.2,32,14,7,13,7
test_02917,no_pattern,1.0,0.0,1.0,116,179,35.19553072625698,1.0,0.1386861313868613,0.24358974358974358,0.1386861313868613,1.0,0.09836065573770492,0.1791044776119403,0.09836065573770492,1.0,0.4,0.5714285714285715,0.4,1.0,0.3333333333333333,0.5,0.3333333333333333,1.0,0.3333333333333333,0.5,1.0,1.0,1.0,0.0,0.35294117647058826,0.3333333333333333,0.3333333333333333,0.4,0.75,0.3,19,6,10,18,10
test_02917,no_redundancy,0.3,0.7,0.0,272,179,51.955307262569825,1.0,0.21897810218978103,0.35928143712574856,0.21897810218978103,1.0,0.3114754098360656,0.475,0.3114754098360656,1.0,0.16,0.2758620689655173,0.16,1.0,0.13333333333333333,0.23529411764705882,0.13333333333333333,1.0,0.13333333333333333,0.23529411764705882,1.0,1.0,1.0,0.0,0.13725490196078433,0.13333333333333333,0.13333333333333333,0.16,0.75,0.2,30,19,4,7,4
test_02922,full_run82,0.3,0.7,1.0,242,242,0.0,1.0,0.8269230769230769,0.9052631578947368,0.8269230769230769,1.0,0.7096774193548387,0.8301886792452831,0.7096774193548387,1.0,0.8181818181818182,0.9,0.8181818181818182,1.0,0.8461538461538461,0.9166666666666666,0.8461538461538461,1.0,0.8461538461538461,0.9166666666666666,1.0,1.0,1.0,0.0,0.8636363636363636,0.8461538461538461,0.8461538461538461,0.8181818181818182,0.75,0.7,43,22,11,19,11
test_02922,no_topic,0.0,1.0,1.0,281,242,16.115702479338843,1.0,0.9038461538461539,0.9494949494949495,0.9038461538461539,1.0,0.8387096774193549,0.9122807017543859,0.8387096774193549,1.0,0.8181818181818182,0.9,0.8181818181818182,1.0,0.8461538461538461,0.9166666666666666,0.8461538461538461,1.0,0.8461538461538461,0.9166666666666666,1.0,1.0,1.0,0.0,0.8636363636363636,0.8461538461538461,0.8461538461538461,0.8181818181818182,0.75,0.8,47,26,11,19,11
test_02922,no_pattern,1.0,0.0,1.0,242,242,0.0,1.0,0.8269230769230769,0.9052631578947368,0.8269230769230769,1.0,0.7096774193548387,0.8301886792452831,0.7096774193548387,1.0,0.8181818181818182,0.9,0.8181818181818182,1.0,0.8461538461538461,0.9166666666666666,0.8461538461538461,1.0,0.8461538461538461,0.9166666666666666,1.0,1.0,1.0,0.0,0.8636363636363636,0.8461538461538461,0.8461538461538461,0.8181818181818182,0.75,0.7,43,22,11,19,11
test_02922,no_redundancy,0.3,0.7,0.0,290,242,19.834710743801654,1.0,0.8653846153846154,0.9278350515463918,0.8653846153846154,1.0,0.8709677419354839,0.9310344827586207,0.8709677419354839,1.0,0.9090909090909091,0.9523809523809523,0.9090909090909091,1.0,0.9230769230769231,0.9600000000000001,0.9230769230769231,1.0,0.9230769230769231,0.9600000000000001,1.0,1.0,1.0,0.0,0.9090909090909091,0.9230769230769231,0.9230769230769231,0.9090909090909091,1.0,1.0,45,27,12,20,12
test_02923,full_run82,0.3,0.7,1.0,175,175,0.0,1.0,0.24175824175824176,0.3893805309734513,0.24175824175824176,1.0,0.32653061224489793,0.4923076923076923,0.32653061224489793,1.0,0.3076923076923077,0.47058823529411764,0.3076923076923077,1.0,0.2222222222222222,0.3636363636363636,0.2222222222222222,1.0,0.2222222222222222,0.3636363636363636,1.0,1.0,1.0,0.0,0.25,0.2222222222222222,0.2222222222222222,0.3076923076923077,0.6,0.4,22,16,4,7,4
test_02923,no_topic,0.0,1.0,1.0,256,175,46.285714285714285,1.0,0.34065934065934067,0.5081967213114754,0.34065934065934067,1.0,0.3877551020408163,0.5588235294117647,0.3877551020408163,1.0,0.3076923076923077,0.47058823529411764,0.3076923076923077,1.0,0.2777777777777778,0.4347826086956522,0.2777777777777778,1.0,0.2777777777777778,0.4347826086956522,1.0,1.0,1.0,0.0,0.35714285714285715,0.2777777777777778,0.2777777777777778,0.3076923076923077,0.4,0.4,31,19,5,10,5
test_02923,no_pattern,1.0,0.0,1.0,138,175,21.142857142857142,1.0,0.1978021978021978,0.3302752293577982,0.1978021978021978,0.8888888888888888,0.16326530612244897,0.27586206896551724,0.16,1.0,0.38461538461538464,0.5555555555555556,0.38461538461538464,1.0,0.2777777777777778,0.4347826086956522,0.2777777777777778,1.0,0.2777777777777778,0.4347826086956522,1.0,1.0,1.0,0.0,0.2857142857142857,0.2777777777777778,0.2777777777777778,0.38461538461538464,0.6,0.4,18,9,5,8,5
test_02923,no_redundancy,0.3,0.7,0.0,310,175,77.14285714285715,1.0,0.3626373626373626,0.532258064516129,0.3626373626373626,1.0,0.5102040816326531,0.6756756756756758,0.5102040816326531,1.0,0.3076923076923077,0.47058823529411764,0.3076923076923077,1.0,0.2777777777777778,0.4347826086956522,0.2777777777777778,1.0,0.2777777777777778,0.4347826086956522,1.0,1.0,1.0,0.0,0.2857142857142857,0.2777777777777778,0.2777777777777778,0.3076923076923077,0.6,0.4,33,25,5,8,5
test_02947,full_run82,0.3,0.7,1.0,320,320,0.0,1.0,0.27232142857142855,0.42807017543859643,0.27232142857142855,1.0,0.2676056338028169,0.42222222222222217,0.2676056338028169,1.0,0.15217391304347827,0.2641509433962264,0.15217391304347827,1.0,0.12903225806451613,0.2285714285714286,0.12903225806451613,1.0,0.12903225806451613,0.2285714285714286,1.0,1.0,1.0,0.0,0.15053763440860216,0.12903225806451613,0.12903225806451613,0.15217391304347827,0.375,0.0,61,19,8,14,8
test_02947,no_topic,0.0,1.0,1.0,305,320,4.6875,1.0,0.25892857142857145,0.4113475177304965,0.25892857142857145,1.0,0.2535211267605634,0.40449438202247184,0.2535211267605634,1.0,0.1956521739130435,0.32727272727272727,0.1956521739130435,0.7857142857142857,0.1774193548387097,0.2894736842105263,0.16923076923076924,0.7857142857142857,0.1774193548387097,0.2894736842105263,0.7857142857142857,1.0,0.7857142857142857,0.2142857142857143,0.1935483870967742,0.1774193548387097,0.16923076923076924,0.1956521739130435,0.625,0.2,58,18,14,19,14
test_02947,no_pattern,1.0,0.0,1.0,184,320,42.5,0.9722222222222222,0.15625,0.26923076923076916,0.15555555555555556,1.0,0.19718309859154928,0.32941176470588235,0.19718309859154928,1.0,0.13043478260869565,0.23076923076923078,0.13043478260869565,1.0,0.11290322580645161,0.2028985507246377,0.11290322580645161,1.0,0.11290322580645161,0.2028985507246377,1.0,1.0,1.0,0.0,0.12903225806451613,0.11290322580645161,0.11290322580645161,0.13043478260869565,0.375,0.2,36,14,7,12,7
test_02947,no_redundancy,0.3,0.7,0.0,501,320,56.56250000000001,1.0,0.36160714285714285,0.5311475409836066,0.36160714285714285,1.0,0.29577464788732394,0.45652173913043476,0.29577464788732394,1.0,0.3695652173913043,0.5396825396825397,0.3695652173913043,0.7727272727272727,0.27419354838709675,0.4047619047619047,0.2537313432835821,0.7727272727272727,0.27419354838709675,0.4047619047619047,0.8181818181818182,1.0,0.8181818181818182,0.18181818181818177,0.3333333333333333,0.27419354838709675,0.2537313432835821,0.3695652173913043,0.875,0.3,81,21,22,32,22
test_02950,full_run82,0.3,0.7,1.0,458,458,0.0,1.0,0.5096774193548387,0.6752136752136751,0.5096774193548387,0.972972972972973,0.6,0.7422680412371134,0.5901639344262295,1.0,0.4722222222222222,0.6415094339622641,0.4722222222222222,1.0,0.4,0.5714285714285715,0.4,1.0,0.4,0.5714285714285715,1.0,1.0,1.0,0.0,0.41379310344827586,0.4,0.4,0.4722222222222222,0.42857142857142855,0.5,79,37,18,24,18
test_02950,no_topic,0.0,1.0,1.0,485,458,5.895196506550218,1.0,0.5225806451612903,0.6864406779661018,0.5225806451612903,1.0,0.6166666666666667,0.7628865979381444,0.6166666666666667,1.0,0.5277777777777778,0.6909090909090909,0.5277777777777778,1.0,0.4444444444444444,0.6153846153846153,0.4444444444444444,1.0,0.4444444444444444,0.6153846153846153,1.0,1.0,1.0,0.0,0.4827586206896552,0.4444444444444444,0.4444444444444444,0.5277777777777778,0.23809523809523808,0.7,81,37,20,28,20
test_02950,no_pattern,1.0,0.0,1.0,285,458,37.77292576419214,1.0,0.3419354838709677,0.5096153846153847,0.3419354838709677,1.0,0.36666666666666664,0.5365853658536585,0.36666666666666664,1.0,0.4166666666666667,0.5882352941176471,0.4166666666666667,1.0,0.3333333333333333,0.5,0.3333333333333333,1.0,0.3333333333333333,0.5,1.0,1.0,1.0,0.0,0.3448275862068966,0.3333333333333333,0.3333333333333333,0.4166666666666667,0.38095238095238093,0.6,53,22,15,20,15
test_02950,no_redundancy,0.3,0.7,0.0,539,458,17.685589519650655,1.0,0.4645161290322581,0.6343612334801763,0.4645161290322581,1.0,0.6333333333333333,0.7755102040816326,0.6333333333333333,1.0,0.3611111111111111,0.5306122448979591,0.3611111111111111,1.0,0.37777777777777777,0.5483870967741935,0.37777777777777777,1.0,0.37777777777777777,0.5483870967741935,1.0,1.0,1.0,0.0,0.39655172413793105,0.37777777777777777,0.37777777777777777,0.3611111111111111,0.38095238095238093,0.5,72,38,17,23,17
test_02956,full_run82,0.3,0.7,1.0,165,165,0.0,1.0,0.12295081967213115,0.218978102189781,0.12295081967213115,1.0,0.125,0.2222222222222222,0.125,1.0,0.15,0.2608695652173913,0.15,1.0,0.13953488372093023,0.24489795918367346,0.13953488372093023,1.0,0.13953488372093023,0.24489795918367346,0.8333333333333334,1.0,0.8333333333333334,0.16666666666666663,0.16,0.13953488372093023,0.13953488372093023,0.15,0.5,0.1,30,16,6,12,6
test_02956,no_topic,0.0,1.0,1.0,167,165,1.2121212121212122,1.0,0.13524590163934427,0.23826714801444043,0.13524590163934427,1.0,0.1328125,0.23448275862068965,0.1328125,1.0,0.2,0.33333333333333337,0.2,1.0,0.18604651162790697,0.3137254901960785,0.18604651162790697,1.0,0.18604651162790697,0.3137254901960785,1.0,1.0,1.0,0.0,0.2,0.18604651162790697,0.18604651162790697,0.2,0.75,0.2,33,17,8,15,8
test_02956,no_pattern,1.0,0.0,1.0,152,165,7.878787878787878,0.9230769230769231,0.09836065573770492,0.1777777777777778,0.0975609756097561,0.9333333333333333,0.109375,0.1958041958041958,0.10852713178294573,1.0,0.225,0.36734693877551017,0.225,1.0,0.20930232558139536,0.3461538461538462,0.20930232558139536,1.0,0.20930232558139536,0.3461538461538462,1.0,1.0,1.0,0.0,0.2,0.20930232558139536,0.20930232558139536,0.225,1.0,0.3,26,15,9,15,9
test_02956,no_redundancy,0.3,0.7,0.0,300,165,81.81818181818183,1.0,0.1721311475409836,0.2937062937062937,0.1721311475409836,1.0,0.2890625,0.4484848484848485,0.2890625,1.0,0.35,0.5185185185185185,0.35,1.0,0.32558139534883723,0.49122807017543857,0.32558139534883723,1.0,0.32558139534883723,0.49122807017543857,1.0,1.0,1.0,0.0,0.30666666666666664,0.32558139534883723,0.32558139534883723,0.35,1.0,0.4,42,37,14,23,14
test_02961,full_run82,0.3,0.7,1.0,184,184,0.0,1.0,0.09221902017291066,0.1688654353562005,0.09221902017291066,1.0,0.1223021582733813,0.21794871794871798,0.1223021582733813,1.0,0.10869565217391304,0.19607843137254902,0.10869565217391304,1.0,0.08771929824561403,0.16129032258064516,0.08771929824561403,1.0,0.08771929824561403,0.16129032258064516,1.0,1.0,1.0,0.0,0.11409395973154363,0.08771929824561403,0.08771929824561403,0.10869565217391304,0.1,0.2,32,17,10,17,10
test_02961,no_topic,0.0,1.0,1.0,250,184,35.869565217391305,1.0,0.11815561959654179,0.211340206185567,0.11815561959654179,1.0,0.1510791366906475,0.2625,0.1510791366906475,1.0,0.10869565217391304,0.19607843137254902,0.10869565217391304,0.9090909090909091,0.08771929824561403,0.16,0.08695652173913043,1.0,0.09649122807017543,0.176,1.0,1.0,1.0,0.0,0.10067114093959731,0.08771929824561403,0.08695652173913043,0.10869565217391304,0.2,0.2,41,21,11,16,11
test_02961,no_pattern,1.0,0.0,1.0,145,184,21.195652173913043,1.0,0.05763688760806916,0.10899182561307902,0.05763688760806916,1.0,0.12949640287769784,0.22929936305732482,0.12949640287769784,1.0,0.08695652173913043,0.16,0.08695652173913043,1.0,0.08771929824561403,0.16129032258064516,0.08771929824561403,1.0,0.08771929824561403,0.16129032258064516,1.0,1.0,1.0,0.0,0.10067114093959731,0.08771929824561403,0.08771929824561403,0.08695652173913043,0.13333333333333333,0.2,20,18,10,15,10
test_02961,no_redundancy,0.3,0.7,0.0,392,184,113.04347826086956,1.0,0.14985590778097982,0.2606516290726817,0.14985590778097982,1.0,0.23741007194244604,0.3837209302325581,0.23741007194244604,1.0,0.13043478260869565,0.23076923076923078,0.13043478260869565,1.0,0.13157894736842105,0.23255813953488372,0.13157894736842105,1.0,0.13157894736842105,0.23255813953488372,1.0,1.0,1.0,0.0,0.1476510067114094,0.13157894736842105,0.13157894736842105,0.13043478260869565,0.13333333333333333,0.1,52,33,15,22,15
test_02963,full_run82,0.3,0.7,1.0,325,325,0.0,1.0,0.28402366863905326,0.44239631336405527,0.28402366863905326,1.0,0.45901639344262296,0.6292134831460674,0.45901639344262296,1.0,0.375,0.5454545454545454,0.375,1.0,0.36363636363636365,0.5333333333333333,0.36363636363636365,1.0,0.36363636363636365,0.5333333333333333,1.0,1.0,1.0,0.0,0.35,0.36363636363636365,0.36363636363636365,0.375,0.6428571428571429,0.7,48,56,16,21,16
test_02963,no_topic,0.0,1.0,1.0,325,325,0.0,1.0,0.28402366863905326,0.44239631336405527,0.28402366863905326,1.0,0.45901639344262296,0.6292134831460674,0.45901639344262296,1.0,0.375,0.5454545454545454,0.375,1.0,0.36363636363636365,0.5333333333333333,0.36363636363636365,1.0,0.36363636363636365,0.5333333333333333,1.0,1.0,1.0,0.0,0.35,0.36363636363636365,0.36363636363636365,0.375,0.6428571428571429,0.7,48,56,16,21,16
test_02963,no_pattern,1.0,0.0,1.0,232,325,28.615384615384613,1.0,0.2485207100591716,0.3981042654028436,0.2485207100591716,0.9655172413793104,0.22950819672131148,0.3708609271523179,0.22764227642276422,0.9090909090909091,0.3125,0.4651162790697674,0.30303030303030304,0.8461538461538461,0.25,0.38596491228070173,0.2391304347826087,0.8461538461538461,0.25,0.38596491228070173,0.8461538461538461,0.9230769230769231,0.8461538461538461,0.15384615384615385,0.3333333333333333,0.25,0.2391304347826087,0.3125,0.35714285714285715,0.1,42,29,13,22,13
test_02963,no_redundancy,0.3,0.7,0.0,388,325,19.384615384615383,1.0,0.2958579881656805,0.4566210045662101,0.2958579881656805,0.972972972972973,0.29508196721311475,0.45283018867924524,0.2926829268292683,1.0,0.15625,0.2702702702702703,0.15625,1.0,0.11363636363636363,0.20408163265306123,0.11363636363636363,1.0,0.11363636363636363,0.20408163265306123,1.0,1.0,1.0,0.0,0.16666666666666666,0.11363636363636363,0.11363636363636363,0.15625,0.14285714285714285,0.0,50,37,5,10,5
test_02964,full_run82,0.3,0.7,1.0,313,313,0.0,1.0,0.7647058823529411,0.8666666666666666,0.7647058823529411,1.0,0.6388888888888888,0.7796610169491525,0.6388888888888888,1.0,0.9333333333333333,0.9655172413793104,0.9333333333333333,1.0,0.8823529411764706,0.9375,0.8823529411764706,1.0,0.8823529411764706,0.9375,1.0,1.0,1.0,0.0,0.8571428571428571,0.8823529411764706,0.8823529411764706,0.9333333333333333,1.0,0.9,39,23,15,24,15
test_02964,no_topic,0.0,1.0,1.0,315,313,0.6389776357827476,1.0,0.7647058823529411,0.8666666666666666,0.7647058823529411,1.0,0.6388888888888888,0.7796610169491525,0.6388888888888888,1.0,0.9333333333333333,0.9655172413793104,0.9333333333333333,1.0,0.8823529411764706,0.9375,0.8823529411764706,1.0,0.8823529411764706,0.9375,1.0,1.0,1.0,0.0,0.8571428571428571,0.8823529411764706,0.8823529411764706,0.9333333333333333,1.0,0.9,39,23,15,24,15
test_02964,no_pattern,1.0,0.0,1.0,271,313,13.418530351437699,1.0,0.5882352941176471,0.7407407407407407,0.5882352941176471,1.0,0.5833333333333334,0.7368421052631579,0.5833333333333334,1.0,0.6666666666666666,0.8,0.6666666666666666,1.0,0.6470588235294118,0.7857142857142858,0.6470588235294118,1.0,0.6470588235294118,0.7857142857142858,1.0,1.0,1.0,0.0,0.6071428571428571,0.6470588235294118,0.6470588235294118,0.6666666666666666,1.0,0.7,30,21,11,17,11
test_02964,no_redundancy,0.3,0.7,0.0,375,313,19.808306709265175,1.0,0.7843137254901961,0.8791208791208792,0.7843137254901961,1.0,0.8611111111111112,0.9253731343283582,0.8611111111111112,1.0,0.8,0.888888888888889,0.8,1.0,0.7058823529411765,0.8275862068965517,0.7058823529411765,1.0,0.7058823529411765,0.8275862068965517,1.0,1.0,1.0,0.0,0.7142857142857143,0.7058823529411765,0.7058823529411765,0.8,1.0,0.8,40,31,12,20,12
test_02990,full_run82,0.3,0.7,1.0,89,89,0.0,1.0,0.01647058823529412,0.03240740740740741,0.01647058823529412,1.0,0.03333333333333333,0.06451612903225806,0.03333333333333333,1.0,0.05952380952380952,0.11235955056179775,0.05952380952380952,1.0,0.04,0.07692307692307693,0.04,1.0,0.04,0.07692307692307693,1.0,1.0,1.0,0.0,0.05844155844155844,0.04,0.04,0.05952380952380952,0.04411764705882353,0.4,7,5,5,9,5
test_02990,no_topic,0.0,1.0,1.0,188,89,111.23595505617978,1.0,0.07058823529411765,0.13186813186813187,0.07058823529411765,1.0,0.14,0.24561403508771928,0.14,1.0,0.10714285714285714,0.19354838709677416,0.10714285714285714,1.0,0.072,0.1343283582089552,0.072,1.0,0.072,0.1343283582089552,1.0,1.0,1.0,0.0,0.1038961038961039,0.072,0.072,0.10714285714285714,0.04411764705882353,0.4,30,21,9,16,9
test_02990,no_pattern,1.0,0.0,1.0,82,89,7.865168539325842,1.0,0.01411764705882353,0.027842227378190254,0.01411764705882353,1.0,0.02666666666666667,0.05194805194805195,0.02666666666666667,1.0,0.05952380952380952,0.11235955056179775,0.05952380952380952,1.0,0.04,0.07692307692307693,0.04,1.0,0.04,0.07692307692307693,1.0,0.8,0.8,0.19999999999999996,0.045454545454545456,0.04,0.04,0.05952380952380952,0.058823529411764705,0.4,6,4,5,7,5
test_02990,no_redundancy,0.3,0.7,0.0,356,89,300.0,1.0,0.13411764705882354,0.23651452282157678,0.13411764705882354,1.0,0.16666666666666666,0.2857142857142857,0.16666666666666666,1.0,0.17857142857142858,0.30303030303030304,0.17857142857142858,1.0,0.128,0.22695035460992907,0.128,1.0,0.128,0.22695035460992907,0.9375,1.0,0.9375,0.0625,0.17532467532467533,0.128,0.128,0.17857142857142858,0.07352941176470588,0.3,57,25,16,27,16
test_03027,full_run82,0.3,0.7,1.0,426,426,0.0,1.0,0.6767676767676768,0.8072289156626505,0.6767676767676768,1.0,0.7441860465116279,0.8533333333333333,0.7441860465116279,1.0,0.42857142857142855,0.6,0.42857142857142855,1.0,0.4,0.5714285714285715,0.4,1.0,0.4,0.5714285714285715,1.0,1.0,1.0,0.0,0.4583333333333333,0.4,0.4,0.42857142857142855,0.75,0.4,67,32,6,11,6
test_03027,no_topic,0.0,1.0,1.0,422,426,0.9389671361502347,1.0,0.6868686868686869,0.8143712574850299,0.6868686868686869,1.0,0.7209302325581395,0.8378378378378378,0.7209302325581395,1.0,0.42857142857142855,0.6,0.42857142857142855,1.0,0.4,0.5714285714285715,0.4,1.0,0.4,0.5714285714285715,1.0,1.0,1.0,0.0,0.4583333333333333,0.4,0.4,0.42857142857142855,0.75,0.4,68,31,6,11,6
test_03027,no_pattern,1.0,0.0,1.0,349,426,18.07511737089202,1.0,0.5959595959595959,0.7468354430379746,0.5959595959595959,1.0,0.7441860465116279,0.8533333333333333,0.7441860465116279,1.0,0.7142857142857143,0.8333333333333333,0.7142857142857143,1.0,0.7333333333333333,0.846153846153846,0.7333333333333333,1.0,0.7333333333333333,0.846153846153846,1.0,1.0,1.0,0.0,0.7083333333333334,0.7333333333333333,0.7333333333333333,0.7142857142857143,1.0,0.7,59,32,11,17,11
test_03027,no_redundancy,0.3,0.7,0.0,456,426,7.042253521126761,1.0,0.7373737373737373,0.8488372093023255,0.7373737373737373,1.0,0.6511627906976745,0.7887323943661972,0.6511627906976745,1.0,0.35714285714285715,0.5263157894736842,0.35714285714285715,1.0,0.3333333333333333,0.5,0.3333333333333333,1.0,0.3333333333333333,0.5,1.0,1.0,1.0,0.0,0.375,0.3333333333333333,0.3333333333333333,0.35714285714285715,0.75,0.3,73,28,5,9,5
test_03033,full_run82,0.3,0.7,1.0,410,410,0.0,1.0,0.2907801418439716,0.45054945054945056,0.2907801418439716,1.0,0.37735849056603776,0.5479452054794521,0.37735849056603776,1.0,0.2916666666666667,0.45161290322580644,0.2916666666666667,1.0,0.28205128205128205,0.44000000000000006,0.28205128205128205,1.0,0.28205128205128205,0.44000000000000006,1.0,1.0,1.0,0.0,0.2857142857142857,0.28205128205128205,0.28205128205128205,0.2916666666666667,0.6,0.7,41,20,11,14,11
test_03033,no_topic,0.0,1.0,1.0,416,410,1.4634146341463417,1.0,0.3049645390070922,0.46739130434782605,0.3049645390070922,1.0,0.39622641509433965,0.5675675675675675,0.39622641509433965,1.0,0.3333333333333333,0.5,0.3333333333333333,1.0,0.3076923076923077,0.47058823529411764,0.3076923076923077,1.0,0.3076923076923077,0.47058823529411764,0.9166666666666666,1.0,0.9166666666666666,0.08333333333333337,0.30612244897959184,0.3076923076923077,0.3076923076923077,0.3333333333333333,0.6,0.7,43,21,12,15,12
test_03033,no_pattern,1.0,0.0,1.0,212,410,48.292682926829265,0.9705882352941176,0.23404255319148937,0.37714285714285717,0.2323943661971831,1.0,0.3584905660377358,0.5277777777777778,0.3584905660377358,1.0,0.2916666666666667,0.45161290322580644,0.2916666666666667,0.875,0.1794871794871795,0.2978723404255319,0.175,0.875,0.1794871794871795,0.2978723404255319,0.875,1.0,0.875,0.125,0.2653061224489796,0.1794871794871795,0.175,0.2916666666666667,0.3,0.0,34,19,8,14,8
test_03033,no_redundancy,0.3,0.7,0.0,420,410,2.4390243902439024,1.0,0.22695035460992907,0.36994219653179194,0.22695035460992907,1.0,0.2641509433962264,0.41791044776119407,0.2641509433962264,1.0,0.25,0.4,0.25,1.0,0.28205128205128205,0.44000000000000006,0.28205128205128205,1.0,0.28205128205128205,0.44000000000000006,1.0,1.0,1.0,0.0,0.2653061224489796,0.28205128205128205,0.28205128205128205,0.25,0.6,0.6,32,14,11,13,11
test_03035,full_run82,0.3,0.7,1.0,384,384,0.0,1.0,0.46710526315789475,0.6367713004484306,0.46710526315789475,1.0,0.4411764705882353,0.6122448979591837,0.4411764705882353,1.0,0.35714285714285715,0.5263157894736842,0.35714285714285715,1.0,0.3333333333333333,0.5,0.3333333333333333,1.0,0.3333333333333333,0.5,1.0,1.0,1.0,0.0,0.28888888888888886,0.3333333333333333,0.3333333333333333,0.35714285714285715,0.7777777777777778,0.4,71,15,10,13,10
test_03035,no_topic,0.0,1.0,1.0,393,384,2.34375,1.0,0.45394736842105265,0.6244343891402715,0.45394736842105265,1.0,0.38235294117647056,0.5531914893617021,0.38235294117647056,1.0,0.2857142857142857,0.4444444444444445,0.2857142857142857,1.0,0.26666666666666666,0.4210526315789474,0.26666666666666666,1.0,0.26666666666666666,0.4210526315789474,1.0,1.0,1.0,0.0,0.26666666666666666,0.26666666666666666,0.26666666666666666,0.2857142857142857,0.5555555555555556,0.4,69,13,8,12,8
test_03035,no_pattern,1.0,0.0,1.0,223,384,41.92708333333333,1.0,0.2894736842105263,0.4489795918367347,0.2894736842105263,1.0,0.2647058823529412,0.4186046511627907,0.2647058823529412,1.0,0.35714285714285715,0.5263157894736842,0.35714285714285715,1.0,0.3333333333333333,0.5,0.3333333333333333,1.0,0.3333333333333333,0.5,1.0,1.0,1.0,0.0,0.37777777777777777,0.3333333333333333,0.3333333333333333,0.35714285714285715,0.3333333333333333,0.4,44,9,10,17,10
test_03035,no_redundancy,0.3,0.7,0.0,427,384,11.197916666666668,1.0,0.4144736842105263,0.586046511627907,0.4144736842105263,1.0,0.2647058823529412,0.4186046511627907,0.2647058823529412,1.0,0.39285714285714285,0.5641025641025641,0.39285714285714285,1.0,0.36666666666666664,0.5365853658536585,0.36666666666666664,1.0,0.36666666666666664,0.5365853658536585,1.0,1.0,1.0,0.0,0.35555555555555557,0.36666666666666664,0.36666666666666664,0.39285714285714285,0.7777777777777778,0.4,63,9,11,16,11
test_03043,full_run82,0.3,0.7,1.0,164,164,0.0,1.0,0.20496894409937888,0.34020618556701027,0.20496894409937888,0.9166666666666666,0.16417910447761194,0.2784810126582279,0.16176470588235295,1.0,0.21428571428571427,0.35294117647058826,0.21428571428571427,1.0,0.20408163265306123,0.3389830508474576,0.20408163265306123,1.0,0.20408163265306123,0.3389830508474576,1.0,1.0,0.9,0.09999999999999998,0.2571428571428571,0.20408163265306123,0.20408163265306123,0.21428571428571427,0.25,0.2,33,12,10,18,10
test_03043,no_topic,0.0,1.0,1.0,224,164,36.58536585365854,1.0,0.2732919254658385,0.4292682926829268,0.2732919254658385,0.95,0.2835820895522388,0.4367816091954023,0.27941176470588236,1.0,0.25,0.4,0.25,1.0,0.22448979591836735,0.36666666666666664,0.22448979591836735,1.0,0.22448979591836735,0.36666666666666664,1.0,1.0,0.9090909090909091,0.09090909090909094,0.2714285714285714,0.22448979591836735,0.22448979591836735,0.25,0.25,0.2,44,20,11,19,11
test_03043,no_pattern,1.0,0.0,1.0,172,164,4.878048780487805,1.0,0.2236024844720497,0.3654822335025381,0.2236024844720497,0.9333333333333333,0.208955223880597,0.34146341463414637,0.20588235294117646,1.0,0.25,0.4,0.25,1.0,0.22448979591836735,0.36666666666666664,0.22448979591836735,1.0,0.22448979591836735,0.36666666666666664,1.0,1.0,0.9090909090909091,0.09090909090909094,0.2857142857142857,0.22448979591836735,0.22448979591836735,0.25,0.1875,0.2,36,15,11,20,11
test_03043,no_redundancy,0.3,0.7,0.0,288,164,75.60975609756098,1.0,0.21739130434782608,0.3571428571428571,0.21739130434782608,1.0,0.4626865671641791,0.6326530612244898,0.4626865671641791,1.0,0.35714285714285715,0.5263157894736842,0.35714285714285715,1.0,0.30612244897959184,0.46874999999999994,0.30612244897959184,1.0,0.30612244897959184,0.46874999999999994,1.0,1.0,1.0,0.0,0.3142857142857143,0.30612244897959184,0.30612244897959184,0.35714285714285715,0.4375,0.5,35,31,15,22,15
test_03046,full_run82,0.3,0.7,1.0,251,251,0.0,1.0,0.27011494252873564,0.4253393665158371,0.27011494252873564,0.9583333333333334,0.2987012987012987,0.4554455445544554,0.2948717948717949,1.0,0.30952380952380953,0.4727272727272727,0.30952380952380953,1.0,0.3103448275862069,0.4736842105263158,0.3103448275862069,1.0,0.3103448275862069,0.4736842105263158,1.0,1.0,1.0,0.0,0.2875,0.3103448275862069,0.3103448275862069,0.30952380952380953,0.5333333333333333,0.3,47,24,18,23,18
test_03046,no_topic,0.0,1.0,1.0,247,251,1.593625498007968,1.0,0.2471264367816092,0.39631336405529954,0.2471264367816092,1.0,0.2987012987012987,0.45999999999999996,0.2987012987012987,1.0,0.30952380952380953,0.4727272727272727,0.30952380952380953,1.0,0.3103448275862069,0.4736842105263158,0.3103448275862069,1.0,0.3103448275862069,0.4736842105263158,1.0,1.0,1.0,0.0,0.3,0.3103448275862069,0.3103448275862069,0.30952380952380953,0.4,0.4,43,23,18,24,18
test_03046,no_pattern,1.0,0.0,1.0,196,251,21.91235059760956,1.0,0.20114942528735633,0.3349282296650718,0.20114942528735633,0.9411764705882353,0.2077922077922078,0.3404255319148936,0.20512820512820512,1.0,0.2619047619047619,0.41509433962264153,0.2619047619047619,1.0,0.29310344827586204,0.4533333333333333,0.29310344827586204,1.0,0.29310344827586204,0.4533333333333333,0.8823529411764706,1.0,0.8823529411764706,0.11764705882352944,0.2625,0.29310344827586204,0.29310344827586204,0.2619047619047619,0.5333333333333333,0.3,35,17,17,21,17
test_03046,no_redundancy,0.3,0.7,0.0,374,251,49.00398406374502,0.9824561403508771,0.3218390804597701,0.4848484848484848,0.32,1.0,0.4025974025974026,0.5740740740740741,0.4025974025974026,1.0,0.19047619047619047,0.32,0.19047619047619047,1.0,0.1896551724137931,0.3188405797101449,0.1896551724137931,1.0,0.1896551724137931,0.3188405797101449,1.0,1.0,1.0,0.0,0.2125,0.1896551724137931,0.1896551724137931,0.19047619047619047,0.26666666666666666,0.1,57,31,11,17,11
test_03053,full_run82,0.3,0.7,1.0,299,299,0.0,1.0,0.10472279260780287,0.1895910780669145,0.10472279260780287,1.0,0.12162162162162163,0.21686746987951808,0.12162162162162163,1.0,0.09859154929577464,0.17948717948717946,0.09859154929577464,0.8888888888888888,0.08888888888888889,0.16161616161616163,0.08791208791208792,1.0,0.1,0.18181818181818182,1.0,1.0,1.0,0.0,0.11940298507462686,0.08888888888888889,0.08791208791208792,0.09859154929577464,0.25,0.1,51,18,9,17,9
test_03053,no_topic,0.0,1.0,1.0,323,299,8.02675585284281,1.0,0.10882956878850103,0.1962962962962963,0.10882956878850103,1.0,0.12837837837837837,0.22754491017964074,0.12837837837837837,1.0,0.11267605633802817,0.20253164556962025,0.11267605633802817,0.875,0.07777777777777778,0.14285714285714288,0.07692307692307693,1.0,0.08888888888888889,0.163265306122449,1.0,1.0,1.0,0.0,0.1044776119402985,0.07777777777777778,0.07692307692307693,0.11267605633802817,0.25,0.2,53,19,8,15,8
test_03053,no_pattern,1.0,0.0,1.0,187,299,37.45819397993311,1.0,0.057494866529774126,0.1087378640776699,0.057494866529774126,1.0,0.08108108108108109,0.15,0.08108108108108109,0.75,0.04225352112676056,0.08,0.041666666666666664,0.7142857142857143,0.05555555555555555,0.10309278350515463,0.05434782608695652,0.7142857142857143,0.05555555555555555,0.10309278350515463,0.7142857142857143,0.7142857142857143,0.7142857142857143,0.2857142857142857,0.07462686567164178,0.05555555555555555,0.05434782608695652,0.04225352112676056,0.16666666666666666,0.0,28,12,7,14,7
test_03053,no_redundancy,0.3,0.7,0.0,548,299,83.27759197324414,1.0,0.1806981519507187,0.3060869565217392,0.1806981519507187,1.0,0.20270270270270271,0.3370786516853933,0.20270270270270271,1.0,0.1267605633802817,0.22499999999999998,0.1267605633802817,1.0,0.1111111111111111,0.19999999999999998,0.1111111111111111,1.0,0.1111111111111111,0.19999999999999998,1.0,1.0,1.0,0.0,0.11940298507462686,0.1111111111111111,0.1111111111111111,0.1267605633802817,0.4166666666666667,0.3,88,30,10,16,10
test_03054,full_run82,0.3,0.7,1.0,363,363,0.0,0.9841269841269841,0.3147208121827411,0.47692307692307695,0.31313131313131315,1.0,0.37383177570093457,0.5442176870748299,0.37383177570093457,1.0,0.3170731707317073,0.48148148148148145,0.3170731707317073,1.0,0.2916666666666667,0.45161290322580644,0.2916666666666667,1.0,0.2916666666666667,0.45161290322580644,1.0,1.0,1.0,0.0,0.25333333333333335,0.2916666666666667,0.2916666666666667,0.3170731707317073,0.8,0.2,63,40,14,19,14
test_03054,no_topic,0.0,1.0,1.0,399,363,9.917355371900827,1.0,0.350253807106599,0.518796992481203,0.350253807106599,1.0,0.35514018691588783,0.5241379310344827,0.35514018691588783,1.0,0.34146341463414637,0.5090909090909091,0.34146341463414637,1.0,0.2916666666666667,0.45161290322580644,0.2916666666666667,1.0,0.2916666666666667,0.45161290322580644,1.0,1.0,1.0,0.0,0.26666666666666666,0.2916666666666667,0.2916666666666667,0.34146341463414637,0.8,0.2,69,38,14,20,14
test_03054,no_pattern,1.0,0.0,1.0,184,363,49.311294765840216,0.9696969696969697,0.16243654822335024,0.27826086956521734,0.16161616161616163,1.0,0.17757009345794392,0.30158730158730157,0.17757009345794392,1.0,0.12195121951219512,0.21739130434782605,0.12195121951219512,1.0,0.10416666666666667,0.18867924528301885,0.10416666666666667,1.0,0.10416666666666667,0.18867924528301885,1.0,1.0,1.0,0.0,0.13333333333333333,0.10416666666666667,0.10416666666666667,0.12195121951219512,0.2,0.0,33,19,5,10,5
test_03054,no_redundancy,0.3,0.7,0.0,426,363,17.355371900826448,1.0,0.3248730964467005,0.49042145593869724,0.3248730964467005,1.0,0.4205607476635514,0.5921052631578948,0.4205607476635514,1.0,0.3170731707317073,0.48148148148148145,0.3170731707317073,1.0,0.2916666666666667,0.45161290322580644,0.2916666666666667,1.0,0.2916666666666667,0.45161290322580644,1.0,1.0,1.0,0.0,0.29333333333333333,0.2916666666666667,0.2916666666666667,0.3170731707317073,0.4,0.3,64,45,14,22,14
test_03056,full_run82,0.3,0.7,1.0,301,301,0.0,1.0,0.3790849673202614,0.5497630331753555,0.3790849673202614,1.0,0.26785714285714285,0.4225352112676056,0.26785714285714285,1.0,0.2413793103448276,0.3888888888888889,0.2413793103448276,1.0,0.2,0.33333333333333337,0.2,1.0,0.2,0.33333333333333337,1.0,1.0,1.0,0.0,0.20754716981132076,0.2,0.2,0.2413793103448276,0.3333333333333333,0.5,58,15,7,11,7
test_03056,no_topic,0.0,1.0,1.0,323,301,7.308970099667775,1.0,0.40522875816993464,0.5767441860465117,0.40522875816993464,1.0,0.30357142857142855,0.4657534246575342,0.30357142857142855,1.0,0.3103448275862069,0.4736842105263158,0.3103448275862069,1.0,0.2571428571428571,0.40909090909090906,0.2571428571428571,1.0,0.2571428571428571,0.40909090909090906,1.0,1.0,1.0,0.0,0.2641509433962264,0.2571428571428571,0.2571428571428571,0.3103448275862069,0.3333333333333333,0.4,62,17,9,14,9
test_03056,no_pattern,1.0,0.0,1.0,231,301,23.25581395348837,1.0,0.24836601307189543,0.3979057591623037,0.24836601307189543,1.0,0.30357142857142855,0.4657534246575342,0.30357142857142855,1.0,0.27586206896551724,0.4324324324324324,0.27586206896551724,1.0,0.2571428571428571,0.40909090909090906,0.2571428571428571,1.0,0.2571428571428571,0.40909090909090906,1.0,1.0,1.0,0.0,0.3018867924528302,0.2571428571428571,0.2571428571428571,0.27586206896551724,0.3333333333333333,0.2,38,17,9,16,9
test_03056,no_redundancy,0.3,0.7,0.0,451,301,49.83388704318937,1.0,0.49673202614379086,0.6637554585152838,0.49673202614379086,1.0,0.4107142857142857,0.5822784810126582,0.4107142857142857,1.0,0.3793103448275862,0.5499999999999999,0.3793103448275862,1.0,0.37142857142857144,0.5416666666666666,0.37142857142857144,1.0,0.37142857142857144,0.5416666666666666,0.9230769230769231,1.0,0.9230769230769231,0.07692307692307687,0.33962264150943394,0.37142857142857144,0.37142857142857144,0.3793103448275862,0.6666666666666666,0.3,76,23,13,18,13
test_03068,full_run82,0.3,0.7,1.0,375,375,0.0,1.0,0.6666666666666666,0.8,0.6666666666666666,1.0,0.6415094339622641,0.7816091954022989,0.6415094339622641,1.0,0.38461538461538464,0.5555555555555556,0.38461538461538464,1.0,0.38461538461538464,0.5555555555555556,0.38461538461538464,1.0,0.38461538461538464,0.5555555555555556,1.0,1.0,1.0,0.0,0.4166666666666667,0.38461538461538464,0.38461538461538464,0.38461538461538464,0.5,0.5,76,34,5,10,5
test_03068,no_topic,0.0,1.0,1.0,388,375,3.4666666666666663,1.0,0.6666666666666666,0.8,0.6666666666666666,1.0,0.6981132075471698,0.8222222222222222,0.6981132075471698,1.0,0.46153846153846156,0.631578947368421,0.46153846153846156,1.0,0.46153846153846156,0.631578947368421,0.46153846153846156,1.0,0.46153846153846156,0.631578947368421,1.0,1.0,1.0,0.0,0.5,0.46153846153846156,0.46153846153846156,0.46153846153846156,0.5,0.5,76,37,6,12,6
test_03068,no_pattern,1.0,0.0,1.0,226,375,39.733333333333334,1.0,0.39473684210526316,0.5660377358490566,0.39473684210526316,1.0,0.5094339622641509,0.6749999999999999,0.5094339622641509,1.0,0.23076923076923078,0.375,0.23076923076923078,1.0,0.23076923076923078,0.375,0.23076923076923078,1.0,0.23076923076923078,0.375,1.0,1.0,1.0,0.0,0.25,0.23076923076923078,0.23076923076923078,0.23076923076923078,0.5,0.5,45,27,3,6,3
test_03068,no_redundancy,0.3,0.7,0.0,405,375,8.0,1.0,0.6228070175438597,0.7675675675675676,0.6228070175438597,1.0,0.6981132075471698,0.8222222222222222,0.6981132075471698,1.0,0.5384615384615384,0.7000000000000001,0.5384615384615384,1.0,0.5384615384615384,0.7000000000000001,0.5384615384615384,1.0,0.5384615384615384,0.7000000000000001,1.0,1.0,1.0,0.0,0.5,0.5384615384615384,0.5384615384615384,0.5384615384615384,1.0,0.5,71,37,7,12,7
test_03086,full_run82,0.3,0.7,1.0,209,209,0.0,0.9722222222222222,0.4861111111111111,0.6481481481481481,0.4794520547945205,1.0,0.6470588235294118,0.7857142857142858,0.6470588235294118,1.0,0.6666666666666666,0.8,0.6666666666666666,1.0,0.5238095238095238,0.6875000000000001,0.5238095238095238,1.0,0.5238095238095238,0.6875000000000001,1.0,1.0,1.0,0.0,0.5454545454545454,0.5238095238095238,0.5238095238095238,0.6666666666666666,0.6666666666666666,0.5,36,22,11,18,11
test_03086,no_topic,0.0,1.0,1.0,200,209,4.30622009569378,0.9705882352941176,0.4583333333333333,0.6226415094339622,0.4520547945205479,1.0,0.6176470588235294,0.7636363636363637,0.6176470588235294,1.0,0.5333333333333333,0.6956521739130436,0.5333333333333333,1.0,0.42857142857142855,0.6,0.42857142857142855,1.0,0.42857142857142855,0.6,1.0,1.0,1.0,0.0,0.45454545454545453,0.42857142857142855,0.42857142857142855,0.5333333333333333,0.6666666666666666,0.4,34,21,9,15,9
test_03086,no_pattern,1.0,0.0,1.0,162,209,22.48803827751196,0.9666666666666667,0.4027777777777778,0.5686274509803922,0.3972602739726027,1.0,0.38235294117647056,0.5531914893617021,0.38235294117647056,1.0,0.4666666666666667,0.6363636363636364,0.4666666666666667,1.0,0.38095238095238093,0.5517241379310345,0.38095238095238093,1.0,0.38095238095238093,0.5517241379310345,1.0,1.0,1.0,0.0,0.3939393939393939,0.38095238095238093,0.38095238095238093,0.4666666666666667,0.6666666666666666,0.4,30,13,8,13,8
test_03086,no_redundancy,0.3,0.7,0.0,229,209,9.569377990430622,0.9666666666666667,0.4027777777777778,0.5686274509803922,0.3972602739726027,0.9583333333333334,0.6764705882352942,0.7931034482758621,0.6571428571428571,1.0,0.4666666666666667,0.6363636363636364,0.4666666666666667,1.0,0.42857142857142855,0.6,0.42857142857142855,1.0,0.42857142857142855,0.6,0.7777777777777778,1.0,0.7777777777777778,0.2222222222222222,0.3939393939393939,0.42857142857142855,0.42857142857142855,0.4666666666666667,0.8333333333333334,0.5,30,24,9,13,9
test_03108,full_run82,0.3,0.7,1.0,274,274,0.0,0.9791666666666666,0.1934156378600823,0.3230240549828179,0.19262295081967212,1.0,0.21311475409836064,0.3513513513513513,0.21311475409836064,1.0,0.18604651162790697,0.3137254901960785,0.18604651162790697,1.0,0.17543859649122806,0.29850746268656714,0.17543859649122806,1.0,0.17543859649122806,0.29850746268656714,1.0,1.0,1.0,0.0,0.1951219512195122,0.17543859649122806,0.17543859649122806,0.18604651162790697,0.42857142857142855,0.3,48,13,10,16,10
test_03108,no_topic,0.0,1.0,1.0,272,274,0.7299270072992701,1.0,0.20164609053497942,0.33561643835616434,0.20164609053497942,1.0,0.16393442622950818,0.28169014084507044,0.16393442622950818,1.0,0.23255813953488372,0.37735849056603776,0.23255813953488372,1.0,0.21052631578947367,0.34782608695652173,0.21052631578947367,1.0,0.21052631578947367,0.34782608695652173,1.0,1.0,1.0,0.0,0.23170731707317074,0.21052631578947367,0.21052631578947367,0.23255813953488372,0.42857142857142855,0.3,49,10,12,19,12
test_03108,no_pattern,1.0,0.0,1.0,226,274,17.51824817518248,0.9743589743589743,0.15637860082304528,0.2695035460992908,0.1557377049180328,1.0,0.22950819672131148,0.37333333333333335,0.22950819672131148,1.0,0.20930232558139536,0.3461538461538462,0.20930232558139536,1.0,0.19298245614035087,0.3235294117647059,0.19298245614035087,1.0,0.19298245614035087,0.3235294117647059,1.0,1.0,1.0,0.0,0.23170731707317074,0.19298245614035087,0.19298245614035087,0.20930232558139536,0.2857142857142857,0.4,39,14,11,19,11
test_03108,no_redundancy,0.3,0.7,0.0,405,274,47.81021897810219,1.0,0.2962962962962963,0.45714285714285713,0.2962962962962963,1.0,0.36065573770491804,0.5301204819277109,0.36065573770491804,1.0,0.32558139534883723,0.49122807017543857,0.32558139534883723,1.0,0.2807017543859649,0.4383561643835616,0.2807017543859649,1.0,0.2807017543859649,0.4383561643835616,1.0,1.0,1.0,0.0,0.2804878048780488,0.2807017543859649,0.2807017543859649,0.32558139534883723,0.5714285714285714,0.5,72,22,16,23,16
test_03117,full_run82,0.3,0.7,1.0,196,196,0.0,1.0,0.04721030042918455,0.09016393442622951,0.04721030042918455,1.0,0.08677685950413223,0.1596958174904943,0.08677685950413223,1.0,0.1282051282051282,0.22727272727272727,0.1282051282051282,0.9285714285714286,0.1111111111111111,0.19847328244274806,0.11016949152542373,1.0,0.11965811965811966,0.21374045801526717,1.0,1.0,1.0,0.0,0.1069182389937107,0.1111111111111111,0.11016949152542373,0.1282051282051282,0.45454545454545453,0.1,22,21,14,18,14
test_03117,no_topic,0.0,1.0,1.0,265,196,35.204081632653065,0.972972972972973,0.07725321888412018,0.14314115308151093,0.07708779443254818,0.9583333333333334,0.09504132231404959,0.1729323308270677,0.09465020576131687,1.0,0.08974358974358974,0.1647058823529412,0.08974358974358974,1.0,0.06837606837606838,0.128,0.06837606837606838,1.0,0.06837606837606838,0.128,0.875,1.0,0.875,0.125,0.08176100628930817,0.06837606837606838,0.06837606837606838,0.08974358974358974,0.36363636363636365,0.1,37,24,8,13,8
test_03117,no_pattern,1.0,0.0,1.0,190,196,3.061224489795918,1.0,0.045064377682403435,0.0862422997946612,0.045064377682403435,1.0,0.08264462809917356,0.15267175572519084,0.08264462809917356,1.0,0.14102564102564102,0.24719101123595508,0.14102564102564102,0.9333333333333333,0.11965811965811966,0.21212121212121213,0.11864406779661017,1.0,0.1282051282051282,0.22727272727272727,1.0,1.0,1.0,0.0,0.11320754716981132,0.11965811965811966,0.11864406779661017,0.14102564102564102,0.45454545454545453,0.2,21,20,15,19,15
test_03117,no_redundancy,0.3,0.7,0.0,313,196,59.693877551020414,1.0,0.08798283261802575,0.16173570019723865,0.08798283261802575,1.0,0.128099173553719,0.2271062271062271,0.128099173553719,1.0,0.14102564102564102,0.24719101123595508,0.14102564102564102,0.9285714285714286,0.1111111111111111,0.19847328244274806,0.11016949152542373,1.0,0.11965811965811966,0.21374045801526717,0.9285714285714286,1.0,0.9285714285714286,0.0714285714285714,0.11949685534591195,0.1111111111111111,0.11016949152542373,0.14102564102564102,0.36363636363636365,0.1,41,31,14,20,14
test_03126,full_run82,0.3,0.7,1.0,342,342,0.0,1.0,0.6575342465753424,0.7933884297520661,0.6575342465753424,1.0,0.6190476190476191,0.7647058823529412,0.6190476190476191,1.0,0.4,0.5714285714285715,0.4,1.0,0.5,0.6666666666666666,0.5,1.0,0.5,0.6666666666666666,1.0,1.0,1.0,0.0,0.5,0.5,0.5,0.4,1.0,0.6,48,26,3,6,3
test_03126,no_topic,0.0,1.0,1.0,352,342,2.923976608187134,1.0,0.684931506849315,0.8130081300813007,0.684931506849315,1.0,0.7380952380952381,0.8493150684931507,0.7380952380952381,1.0,0.6,0.7499999999999999,0.6,1.0,0.5,0.6666666666666666,0.5,1.0,0.5,0.6666666666666666,1.0,1.0,1.0,0.0,0.5,0.5,0.5,0.6,1.0,0.5,50,31,3,6,3
test_03126,no_pattern,1.0,0.0,1.0,319,342,6.725146198830409,1.0,0.6575342465753424,0.7933884297520661,0.6575342465753424,1.0,0.7380952380952381,0.8493150684931507,0.7380952380952381,1.0,0.8,0.888888888888889,0.8,1.0,0.8333333333333334,0.9090909090909091,0.8333333333333334,1.0,0.8333333333333334,0.9090909090909091,1.0,1.0,1.0,0.0,0.8333333333333334,0.8333333333333334,0.8333333333333334,0.8,1.0,0.8,48,31,5,10,5
test_03126,no_redundancy,0.3,0.7,0.0,370,342,8.187134502923977,1.0,0.7397260273972602,0.8503937007874016,0.7397260273972602,1.0,0.7380952380952381,0.8493150684931507,0.7380952380952381,1.0,0.6,0.7499999999999999,0.6,1.0,0.5,0.6666666666666666,0.5,1.0,0.5,0.6666666666666666,1.0,1.0,1.0,0.0,0.5,0.5,0.5,0.6,1.0,0.5,54,31,3,6,3
test_03131,full_run82,0.3,0.7,1.0,158,158,0.0,1.0,0.09289617486338798,0.16999999999999998,0.09289617486338798,1.0,0.13953488372093023,0.24489795918367346,0.13953488372093023,1.0,0.09433962264150944,0.1724137931034483,0.09433962264150944,1.0,0.05555555555555555,0.10526315789473684,0.05555555555555555,1.0,0.05555555555555555,0.10526315789473684,1.0,1.0,1.0,0.0,0.08695652173913043,0.05555555555555555,0.05555555555555555,0.09433962264150944,0.07692307692307693,0.4,17,6,5,8,5
test_03131,no_topic,0.0,1.0,1.0,216,158,36.708860759493675,1.0,0.14754098360655737,0.2571428571428572,0.14754098360655737,1.0,0.09302325581395349,0.1702127659574468,0.09302325581395349,1.0,0.11320754716981132,0.2033898305084746,0.11320754716981132,0.8333333333333334,0.05555555555555555,0.10416666666666666,0.054945054945054944,0.8333333333333334,0.05555555555555555,0.10416666666666666,1.0,1.0,1.0,0.0,0.08695652173913043,0.05555555555555555,0.054945054945054944,0.11320754716981132,0.09615384615384616,0.4,27,4,6,9,6
test_03131,no_pattern,1.0,0.0,1.0,118,158,25.31645569620253,1.0,0.0546448087431694,0.10362694300518134,0.0546448087431694,1.0,0.09302325581395349,0.1702127659574468,0.09302325581395349,1.0,0.11320754716981132,0.2033898305084746,0.11320754716981132,1.0,0.06666666666666667,0.125,0.06666666666666667,1.0,0.06666666666666667,0.125,1.0,1.0,1.0,0.0,0.10869565217391304,0.06666666666666667,0.06666666666666667,0.11320754716981132,0.07692307692307693,0.4,10,4,6,10,6
test_03131,no_redundancy,0.3,0.7,0.0,218,158,37.9746835443038,1.0,0.1092896174863388,0.19704433497536947,0.1092896174863388,1.0,0.046511627906976744,0.08888888888888888,0.046511627906976744,1.0,0.05660377358490566,0.10714285714285715,0.05660377358490566,1.0,0.03333333333333333,0.06451612903225806,0.03333333333333333,1.0,0.03333333333333333,0.06451612903225806,1.0,1.0,1.0,0.0,0.05434782608695652,0.03333333333333333,0.03333333333333333,0.05660377358490566,0.057692307692307696,0.3,20,2,3,5,3
test_03133,full_run82,0.3,0.7,1.0,183,183,0.0,0.9714285714285714,0.11805555555555555,0.2105263157894737,0.11764705882352941,1.0,0.11811023622047244,0.2112676056338028,0.11811023622047244,1.0,0.21153846153846154,0.34920634920634924,0.21153846153846154,1.0,0.1506849315068493,0.2619047619047619,0.1506849315068493,1.0,0.1506849315068493,0.2619047619047619,1.0,1.0,1.0,0.0,0.1782178217821782,0.1506849315068493,0.1506849315068493,0.21153846153846154,0.3333333333333333,0.2,35,15,11,18,11
test_03133,no_topic,0.0,1.0,1.0,248,183,35.51912568306011,0.975,0.13541666666666666,0.23780487804878048,0.13494809688581316,1.0,0.2125984251968504,0.35064935064935066,0.2125984251968504,1.0,0.17307692307692307,0.29508196721311475,0.17307692307692307,1.0,0.1232876712328767,0.2195121951219512,0.1232876712328767,1.0,0.1232876712328767,0.2195121951219512,1.0,1.0,1.0,0.0,0.1485148514851485,0.1232876712328767,0.1232876712328767,0.17307692307692307,0.25,0.1,40,27,9,15,9
test_03133,no_pattern,1.0,0.0,1.0,170,183,7.103825136612022,0.967741935483871,0.10416666666666667,0.18808777429467086,0.10380622837370242,1.0,0.10236220472440945,0.1857142857142857,0.10236220472440945,1.0,0.17307692307692307,0.29508196721311475,0.17307692307692307,1.0,0.136986301369863,0.24096385542168672,0.136986301369863,1.0,0.136986301369863,0.24096385542168672,1.0,1.0,1.0,0.0,0.15841584158415842,0.136986301369863,0.136986301369863,0.17307692307692307,0.25,0.2,31,13,10,16,10
test_03133,no_redundancy,0.3,0.7,0.0,410,183,124.04371584699454,1.0,0.19444444444444445,0.32558139534883723,0.19444444444444445,1.0,0.3228346456692913,0.48809523809523814,0.3228346456692913,1.0,0.28846153846153844,0.44776119402985076,0.28846153846153844,0.9444444444444444,0.2328767123287671,0.3736263736263736,0.22972972972972974,0.9444444444444444,0.2328767123287671,0.3736263736263736,0.9444444444444444,0.9444444444444444,0.8888888888888888,0.11111111111111116,0.22772277227722773,0.2328767123287671,0.22972972972972974,0.28846153846153844,0.75,0.3,56,41,18,24,18
test_03136,full_run82,0.3,0.7,1.0,337,337,0.0,0.9811320754716981,0.17869415807560138,0.3023255813953488,0.1780821917808219,1.0,0.31521739130434784,0.4793388429752066,0.31521739130434784,1.0,0.1702127659574468,0.2909090909090909,0.1702127659574468,1.0,0.125,0.2222222222222222,0.125,1.0,0.125,0.2222222222222222,0.625,1.0,0.625,0.375,0.15476190476190477,0.125,0.125,0.1702127659574468,0.16666666666666666,0.3,53,29,8,13,8
test_03136,no_topic,0.0,1.0,1.0,316,337,6.231454005934718,0.9821428571428571,0.18900343642611683,0.3170028818443804,0.18835616438356165,1.0,0.2717391304347826,0.4273504273504273,0.2717391304347826,1.0,0.1702127659574468,0.2909090909090909,0.1702127659574468,1.0,0.140625,0.2465753424657534,0.140625,1.0,0.140625,0.2465753424657534,0.6666666666666666,1.0,0.6666666666666666,0.33333333333333337,0.15476190476190477,0.140625,0.140625,0.1702127659574468,0.25,0.2,56,25,9,13,9
test_03136,no_pattern,1.0,0.0,1.0,199,337,40.94955489614243,0.9655172413793104,0.09621993127147767,0.17500000000000002,0.0958904109589041,1.0,0.1956521739130435,0.32727272727272727,0.1956521739130435,1.0,0.14893617021276595,0.25925925925925924,0.14893617021276595,0.875,0.109375,0.19444444444444445,0.1076923076923077,0.875,0.109375,0.19444444444444445,0.875,1.0,0.875,0.125,0.15476190476190477,0.109375,0.1076923076923077,0.14893617021276595,0.125,0.4,29,18,8,14,8
test_03136,no_redundancy,0.3,0.7,0.0,577,337,71.2166172106825,1.0,0.27835051546391754,0.435483870967742,0.27835051546391754,1.0,0.4782608695652174,0.6470588235294118,0.4782608695652174,1.0,0.1702127659574468,0.2909090909090909,0.1702127659574468,1.0,0.1875,0.3157894736842105,0.1875,1.0,0.1875,0.3157894736842105,1.0,1.0,1.0,0.0,0.2261904761904762,0.1875,0.1875,0.1702127659574468,0.16666666666666666,0.2,81,44,12,19,12
test_03152,full_run82,0.3,0.7,1.0,318,318,0.0,1.0,0.20350877192982456,0.33819241982507287,0.20350877192982456,1.0,0.21568627450980393,0.3548387096774193,0.21568627450980393,1.0,0.18,0.3050847457627119,0.18,1.0,0.14516129032258066,0.2535211267605634,0.14516129032258066,1.0,0.14516129032258066,0.2535211267605634,1.0,1.0,1.0,0.0,0.1839080459770115,0.14516129032258066,0.14516129032258066,0.18,0.16666666666666666,0.4,58,11,9,16,9
test_03152,no_topic,0.0,1.0,1.0,285,318,10.377358490566039,1.0,0.18596491228070175,0.3136094674556213,0.18596491228070175,1.0,0.17647058823529413,0.3,0.17647058823529413,1.0,0.16,0.2758620689655173,0.16,1.0,0.14516129032258066,0.2535211267605634,0.14516129032258066,1.0,0.14516129032258066,0.2535211267605634,1.0,1.0,1.0,0.0,0.1839080459770115,0.14516129032258066,0.14516129032258066,0.16,0.16666666666666666,0.1,53,9,9,16,9
test_03152,no_pattern,1.0,0.0,1.0,230,318,27.67295597484277,1.0,0.14385964912280702,0.25153374233128833,0.14385964912280702,1.0,0.1568627450980392,0.2711864406779661,0.1568627450980392,1.0,0.2,0.33333333333333337,0.2,1.0,0.16129032258064516,0.27777777777777773,0.16129032258064516,1.0,0.16129032258064516,0.27777777777777773,1.0,1.0,1.0,0.0,0.20689655172413793,0.16129032258064516,0.16129032258064516,0.2,0.125,0.2,41,8,10,18,10
test_03152,no_redundancy,0.3,0.7,0.0,449,318,41.19496855345912,1.0,0.23508771929824562,0.3806818181818182,0.23508771929824562,1.0,0.19607843137254902,0.3278688524590164,0.19607843137254902,1.0,0.16,0.2758620689655173,0.16,1.0,0.12903225806451613,0.2285714285714286,0.12903225806451613,1.0,0.12903225806451613,0.2285714285714286,1.0,1.0,1.0,0.0,0.1724137931034483,0.12903225806451613,0.12903225806451613,0.16,0.125,0.2,67,10,8,15,8
test_03155,full_run82,0.3,0.7,1.0,158,158,0.0,1.0,0.2066115702479339,0.34246575342465757,0.2066115702479339,0.9444444444444444,0.23943661971830985,0.3820224719101124,0.2361111111111111,1.0,0.27586206896551724,0.4324324324324324,0.27586206896551724,0.8888888888888888,0.22857142857142856,0.3636363636363636,0.2222222222222222,0.8888888888888888,0.22857142857142856,0.3636363636363636,0.8888888888888888,1.0,0.8888888888888888,0.11111111111111116,0.2765957446808511,0.22857142857142856,0.2222222222222222,0.27586206896551724,0.2,0.3,25,18,9,14,9
test_03155,no_topic,0.0,1.0,1.0,174,158,10.126582278481013,1.0,0.256198347107438,0.4078947368421052,0.256198347107438,0.9333333333333333,0.19718309859154928,0.3255813953488372,0.19444444444444445,1.0,0.2413793103448276,0.3888888888888889,0.2413793103448276,0.875,0.2,0.32558139534883723,0.19444444444444445,0.875,0.2,0.32558139534883723,0.875,1.0,0.875,0.125,0.23404255319148937,0.2,0.19444444444444445,0.2413793103448276,0.2,0.3,31,15,8,12,8
test_03155,no_pattern,1.0,0.0,1.0,146,158,7.59493670886076,1.0,0.2066115702479339,0.34246575342465757,0.2066115702479339,1.0,0.19718309859154928,0.32941176470588235,0.19718309859154928,0.8888888888888888,0.27586206896551724,0.42105263157894735,0.26666666666666666,0.8888888888888888,0.22857142857142856,0.3636363636363636,0.2222222222222222,0.8888888888888888,0.22857142857142856,0.3636363636363636,0.8888888888888888,0.8888888888888888,0.8888888888888888,0.11111111111111116,0.2553191489361702,0.22857142857142856,0.2222222222222222,0.27586206896551724,0.2,0.4,25,14,9,14,9
test_03155,no_redundancy,0.3,0.7,0.0,259,158,63.92405063291139,1.0,0.21487603305785125,0.35374149659863946,0.21487603305785125,1.0,0.30985915492957744,0.47311827956989244,0.30985915492957744,1.0,0.3793103448275862,0.5499999999999999,0.3793103448275862,1.0,0.3142857142857143,0.4782608695652174,0.3142857142857143,1.0,0.3142857142857143,0.4782608695652174,1.0,1.0,1.0,0.0,0.2765957446808511,0.3142857142857143,0.3142857142857143,0.3793103448275862,0.55,0.6,26,22,11,13,11
test_03170,full_run82,0.3,0.7,1.0,135,135,0.0,0.9615384615384616,0.11682242990654206,0.20833333333333334,0.11627906976744186,1.0,0.1326530612244898,0.23423423423423423,0.1326530612244898,1.0,0.11290322580645161,0.2028985507246377,0.11290322580645161,0.875,0.08433734939759036,0.15384615384615385,0.08333333333333333,1.0,0.0963855421686747,0.1758241758241758,1.0,1.0,1.0,0.0,0.13157894736842105,0.08433734939759036,0.08333333333333333,0.11290322580645161,0.07692307692307693,0.0,26,13,8,16,8
test_03170,no_topic,0.0,1.0,1.0,197,135,45.925925925925924,0.96875,0.14485981308411214,0.25203252032520324,0.14418604651162792,1.0,0.24489795918367346,0.39344262295081966,0.24489795918367346,1.0,0.11290322580645161,0.2028985507246377,0.11290322580645161,1.0,0.08433734939759036,0.15555555555555556,0.08433734939759036,1.0,0.08433734939759036,0.15555555555555556,1.0,1.0,1.0,0.0,0.09649122807017543,0.08433734939759036,0.08433734939759036,0.11290322580645161,0.19230769230769232,0.3,32,24,7,11,7
test_03170,no_pattern,1.0,0.0,1.0,143,135,5.9259259259259265,1.0,0.11682242990654206,0.20920502092050208,0.11682242990654206,1.0,0.08163265306122448,0.15094339622641506,0.08163265306122448,1.0,0.11290322580645161,0.2028985507246377,0.11290322580645161,0.8888888888888888,0.0963855421686747,0.17391304347826086,0.09523809523809523,1.0,0.10843373493975904,0.1956521739130435,1.0,1.0,1.0,0.0,0.14035087719298245,0.0963855421686747,0.09523809523809523,0.11290322580645161,0.11538461538461539,0.1,25,8,9,17,9
test_03170,no_redundancy,0.3,0.7,0.0,365,135,170.37037037037038,1.0,0.16355140186915887,0.28112449799196787,0.16355140186915887,1.0,0.29591836734693877,0.4566929133858268,0.29591836734693877,1.0,0.12903225806451613,0.2285714285714286,0.12903225806451613,1.0,0.10843373493975904,0.1956521739130435,0.10843373493975904,1.0,0.10843373493975904,0.1956521739130435,0.8888888888888888,1.0,0.8888888888888888,0.11111111111111116,0.12280701754385964,0.10843373493975904,0.10843373493975904,0.12903225806451613,0.19230769230769232,0.2,35,29,9,14,9
test_03175,full_run82,0.3,0.7,1.0,157,157,0.0,0.9375,0.018137847642079808,0.03558718861209965,0.018115942028985508,1.0,0.05286343612334802,0.10041841004184102,0.05286343612334802,1.0,0.02857142857142857,0.05555555555555556,0.02857142857142857,0.8571428571428571,0.023255813953488372,0.045283018867924525,0.023166023166023165,0.8571428571428571,0.023255813953488372,0.045283018867924525,1.0,1.0,1.0,0.0,0.037162162162162164,0.023255813953488372,0.023166023166023165,0.02857142857142857,0.026845637583892617,0.3,16,12,7,12,7
test_03175,no_topic,0.0,1.0,1.0,345,157,119.7452229299363,1.0,0.06287787182587666,0.11831626848691694,0.06287787182587666,1.0,0.1145374449339207,0.20553359683794467,0.1145374449339207,1.0,0.05714285714285714,0.1081081081081081,0.05714285714285714,1.0,0.03875968992248062,0.07462686567164178,0.03875968992248062,1.0,0.03875968992248062,0.07462686567164178,1.0,1.0,1.0,0.0,0.057432432432432436,0.03875968992248062,0.03875968992248062,0.05714285714285714,0.020134228187919462,0.2,52,26,10,17,10
test_03175,no_pattern,1.0,0.0,1.0,131,157,16.560509554140125,1.0,0.016928657799274487,0.03329369797859691,0.016928657799274487,1.0,0.03524229074889868,0.06808510638297872,0.03524229074889868,1.0,0.02857142857142857,0.05555555555555556,0.02857142857142857,0.8571428571428571,0.023255813953488372,0.045283018867924525,0.023166023166023165,0.8571428571428571,0.023255813953488372,0.045283018867924525,1.0,1.0,1.0,0.0,0.037162162162162164,0.023255813953488372,0.023166023166023165,0.02857142857142857,0.026845637583892617,0.2,14,8,7,12,7
test_03175,no_redundancy,0.3,0.7,0.0,263,157,67.51592356687898,1.0,0.045949214026602174,0.08786127167630056,0.045949214026602174,1.0,0.11894273127753303,0.21259842519685038,0.11894273127753303,1.0,0.06857142857142857,0.12834224598930483,0.06857142857142857,1.0,0.06589147286821706,0.12363636363636363,0.06589147286821706,1.0,0.06589147286821706,0.12363636363636363,1.0,1.0,1.0,0.0,0.07094594594594594,0.06589147286821706,0.06589147286821706,0.06857142857142857,0.06040268456375839,0.1,38,27,17,21,17
test_03177,full_run82,0.3,0.7,1.0,185,185,0.0,1.0,0.13240418118466898,0.23384615384615384,0.13240418118466898,0.9411764705882353,0.10666666666666667,0.19161676646706588,0.10596026490066225,1.0,0.13114754098360656,0.23188405797101452,0.13114754098360656,1.0,0.08247422680412371,0.1523809523809524,0.08247422680412371,1.0,0.08247422680412371,0.1523809523809524,1.0,1.0,1.0,0.0,0.1111111111111111,0.08247422680412371,0.08247422680412371,0.13114754098360656,0.06666666666666667,0.1,38,17,8,14,8
test_03177,no_topic,0.0,1.0,1.0,264,185,42.7027027027027,1.0,0.15331010452961671,0.2658610271903323,0.15331010452961671,1.0,0.14666666666666667,0.2558139534883721,0.14666666666666667,1.0,0.18032786885245902,0.3055555555555556,0.18032786885245902,1.0,0.1134020618556701,0.2037037037037037,0.1134020618556701,1.0,0.1134020618556701,0.2037037037037037,1.0,1.0,1.0,0.0,0.15873015873015872,0.1134020618556701,0.1134020618556701,0.18032786885245902,0.06666666666666667,0.2,44,22,11,20,11
test_03177,no_pattern,1.0,0.0,1.0,159,185,14.054054054054054,1.0,0.10452961672473868,0.1892744479495268,0.10452961672473868,0.9375,0.1,0.18072289156626503,0.09933774834437085,1.0,0.13114754098360656,0.23188405797101452,0.13114754098360656,0.8888888888888888,0.08247422680412371,0.15094339622641506,0.08163265306122448,0.8888888888888888,0.08247422680412371,0.15094339622641506,1.0,1.0,1.0,0.0,0.1111111111111111,0.08247422680412371,0.08163265306122448,0.13114754098360656,0.08888888888888889,0.2,30,16,9,15,9
test_03177,no_redundancy,0.3,0.7,0.0,43,185,76.75675675675676,1.0,0.010452961672473868,0.020689655172413796,0.010452961672473868,1.0,0.03333333333333333,0.06451612903225806,0.03333333333333333,1.0,0.01639344262295082,0.03225806451612903,0.01639344262295082,1.0,0.041237113402061855,0.0792079207920792,0.041237113402061855,1.0,0.041237113402061855,0.0792079207920792,1.0,1.0,1.0,0.0,0.03968253968253968,0.041237113402061855,0.041237113402061855,0.01639344262295082,0.1111111111111111,0.1,3,5,4,5,4
test_03179,full_run82,0.3,0.7,1.0,365,365,0.0,0.9857142857142858,0.4928571428571429,0.6571428571428571,0.48936170212765956,1.0,0.5192307692307693,0.6835443037974684,0.5192307692307693,1.0,0.3333333333333333,0.5,0.3333333333333333,1.0,0.3333333333333333,0.5,0.3333333333333333,1.0,0.3333333333333333,0.5,1.0,1.0,1.0,0.0,0.2916666666666667,0.3333333333333333,0.3333333333333333,0.3333333333333333,1.0,0.5,70,27,10,14,10
test_03179,no_topic,0.0,1.0,1.0,388,365,6.301369863013699,0.9714285714285714,0.4857142857142857,0.6476190476190476,0.4788732394366197,1.0,0.6538461538461539,0.7906976744186047,0.6538461538461539,1.0,0.4583333333333333,0.6285714285714286,0.4583333333333333,1.0,0.4666666666666667,0.6363636363636364,0.4666666666666667,1.0,0.4666666666666667,0.6363636363636364,1.0,1.0,1.0,0.0,0.4166666666666667,0.4666666666666667,0.4666666666666667,0.4583333333333333,1.0,0.7,70,34,14,20,14
test_03179,no_pattern,1.0,0.0,1.0,283,365,22.465753424657535,0.9833333333333333,0.42142857142857143,0.59,0.41843971631205673,1.0,0.38461538461538464,0.5555555555555556,0.38461538461538464,1.0,0.2916666666666667,0.45161290322580644,0.2916666666666667,1.0,0.26666666666666666,0.4210526315789474,0.26666666666666666,1.0,0.26666666666666666,0.4210526315789474,1.0,1.0,1.0,0.0,0.3125,0.26666666666666666,0.26666666666666666,0.2916666666666667,0.6,0.3,60,20,8,15,8
test_03179,no_redundancy,0.3,0.7,0.0,401,365,9.863013698630137,0.9696969696969697,0.45714285714285713,0.6213592233009709,0.4507042253521127,1.0,0.6153846153846154,0.761904761904762,0.6153846153846154,1.0,0.4166666666666667,0.5882352941176471,0.4166666666666667,1.0,0.4,0.5714285714285715,0.4,1.0,0.4,0.5714285714285715,0.9166666666666666,1.0,0.9166666666666666,0.08333333333333337,0.375,0.4,0.4,0.4166666666666667,0.8,0.6,66,32,12,18,12
test_03188,full_run82,0.3,0.7,1.0,374,374,0.0,0.9830508474576272,0.6666666666666666,0.7945205479452054,0.6590909090909091,1.0,0.8863636363636364,0.9397590361445783,0.8863636363636364,1.0,0.65,0.787878787878788,0.65,0.8666666666666667,0.5652173913043478,0.6842105263157895,0.52,0.8666666666666667,0.5652173913043478,0.6842105263157895,1.0,1.0,1.0,0.0,0.5555555555555556,0.5652173913043478,0.52,0.65,1.0,0.7,59,39,15,22,15
test_03188,no_topic,0.0,1.0,1.0,375,374,0.267379679144385,0.9830508474576272,0.6666666666666666,0.7945205479452054,0.6590909090909091,1.0,0.8863636363636364,0.9397590361445783,0.8863636363636364,1.0,0.6,0.7499999999999999,0.6,0.8571428571428571,0.5217391304347826,0.6486486486486486,0.48,0.8571428571428571,0.5217391304347826,0.6486486486486486,1.0,1.0,1.0,0.0,0.5277777777777778,0.5217391304347826,0.48,0.6,1.0,0.6,59,39,14,21,14
test_03188,no_pattern,1.0,0.0,1.0,244,374,34.75935828877005,0.9444444444444444,0.39080459770114945,0.5528455284552846,0.38202247191011235,0.9565217391304348,0.5,0.6567164179104478,0.4888888888888889,1.0,0.65,0.787878787878788,0.65,0.9333333333333333,0.6086956521739131,0.7368421052631579,0.5833333333333334,0.9333333333333333,0.6086956521739131,0.7368421052631579,1.0,1.0,1.0,0.0,0.6111111111111112,0.6086956521739131,0.5833333333333334,0.65,1.0,0.6,36,23,15,23,15
test_03188,no_redundancy,0.3,0.7,0.0,424,374,13.368983957219251,0.9852941176470589,0.7701149425287356,0.8645161290322582,0.7613636363636364,1.0,0.8409090909090909,0.9135802469135803,0.8409090909090909,0.9333333333333333,0.7,0.8,0.6666666666666666,0.8125,0.5652173913043478,0.6666666666666667,0.5,0.8125,0.5652173913043478,0.6666666666666667,0.9375,0.9375,0.9375,0.0625,0.5833333333333334,0.5652173913043478,0.5,0.7,1.0,0.5,68,37,16,25,16
test_03189,full_run82,0.3,0.7,1.0,197,197,0.0,1.0,0.12955465587044535,0.22939068100358426,0.12955465587044535,1.0,0.12698412698412698,0.22535211267605632,0.12698412698412698,1.0,0.17647058823529413,0.3,0.17647058823529413,1.0,0.16666666666666666,0.2857142857142857,0.16666666666666666,1.0,0.16666666666666666,0.2857142857142857,1.0,1.0,1.0,0.0,0.19298245614035087,0.16666666666666666,0.16666666666666666,0.17647058823529413,0.5,0.2,32,8,6,11,6
test_03189,no_topic,0.0,1.0,1.0,248,197,25.888324873096447,1.0,0.1700404858299595,0.29065743944636674,0.1700404858299595,1.0,0.23809523809523808,0.3846153846153846,0.23809523809523808,0.875,0.20588235294117646,0.33333333333333337,0.2,0.875,0.19444444444444445,0.3181818181818182,0.1891891891891892,0.875,0.19444444444444445,0.3181818181818182,0.875,0.875,0.875,0.125,0.21052631578947367,0.19444444444444445,0.1891891891891892,0.20588235294117646,0.5,0.4,42,15,8,14,8
test_03189,no_pattern,1.0,0.0,1.0,176,197,10.65989847715736,1.0,0.13765182186234817,0.24199288256227758,0.13765182186234817,1.0,0.07936507936507936,0.14705882352941177,0.07936507936507936,1.0,0.20588235294117646,0.34146341463414637,0.20588235294117646,1.0,0.19444444444444445,0.32558139534883723,0.19444444444444445,1.0,0.19444444444444445,0.32558139534883723,1.0,1.0,1.0,0.0,0.21052631578947367,0.19444444444444445,0.19444444444444445,0.20588235294117646,0.6666666666666666,0.3,34,5,7,12,7
test_03189,no_redundancy,0.3,0.7,0.0,380,197,92.89340101522842,1.0,0.2591093117408907,0.4115755627009646,0.2591093117408907,1.0,0.36507936507936506,0.5348837209302325,0.36507936507936506,1.0,0.14705882352941177,0.25641025641025644,0.14705882352941177,1.0,0.1388888888888889,0.24390243902439027,0.1388888888888889,1.0,0.1388888888888889,0.24390243902439027,1.0,1.0,1.0,0.0,0.17543859649122806,0.1388888888888889,0.1388888888888889,0.14705882352941177,0.3333333333333333,0.1,64,23,5,10,5
test_03207,full_run82,0.3,0.7,1.0,317,317,0.0,1.0,0.8153846153846154,0.8983050847457628,0.8153846153846154,1.0,0.6774193548387096,0.8076923076923077,0.6774193548387096,1.0,0.45,0.6206896551724138,0.45,1.0,0.391304347826087,0.5625,0.391304347826087,1.0,0.391304347826087,0.5625,1.0,1.0,1.0,0.0,0.5161290322580645,0.391304347826087,0.391304347826087,0.45,0.23076923076923078,0.5,53,21,9,16,9
test_03207,no_topic,0.0,1.0,1.0,304,317,4.100946372239748,1.0,0.7538461538461538,0.8596491228070176,0.7538461538461538,1.0,0.7096774193548387,0.8301886792452831,0.7096774193548387,1.0,0.5,0.6666666666666666,0.5,1.0,0.43478260869565216,0.6060606060606061,0.43478260869565216,1.0,0.43478260869565216,0.6060606060606061,1.0,1.0,1.0,0.0,0.5806451612903226,0.43478260869565216,0.43478260869565216,0.5,0.23076923076923078,0.5,49,22,10,18,10
test_03207,no_pattern,1.0,0.0,1.0,283,317,10.725552050473187,0.9782608695652174,0.6923076923076923,0.8108108108108107,0.6818181818181818,0.9523809523809523,0.6451612903225806,0.7692307692307692,0.625,1.0,0.5,0.6666666666666666,0.5,0.9,0.391304347826087,0.5454545454545454,0.375,0.9,0.391304347826087,0.5454545454545454,0.9,1.0,0.9,0.09999999999999998,0.5161290322580645,0.391304347826087,0.375,0.5,0.3076923076923077,0.6,46,21,10,17,10
test_03207,no_redundancy,0.3,0.7,0.0,267,317,15.772870662460567,1.0,0.4461538461538462,0.6170212765957447,0.4461538461538462,1.0,0.45161290322580644,0.6222222222222222,0.45161290322580644,1.0,0.6,0.7499999999999999,0.6,1.0,0.6086956521739131,0.7567567567567568,0.6086956521739131,1.0,0.6086956521739131,0.7567567567567568,0.9285714285714286,1.0,0.9285714285714286,0.0714285714285714,0.5483870967741935,0.6086956521739131,0.6086956521739131,0.6,0.7692307692307693,0.8,29,14,14,17,14
test_03226,full_run82,0.3,0.7,1.0,374,374,0.0,1.0,0.5943396226415094,0.7455621301775148,0.5943396226415094,1.0,0.7083333333333334,0.8292682926829268,0.7083333333333334,1.0,0.6428571428571429,0.782608695652174,0.6428571428571429,0.9375,0.6,0.7317073170731707,0.5769230769230769,0.9375,0.6,0.7317073170731707,0.9375,0.9375,0.875,0.125,0.6111111111111112,0.6,0.5769230769230769,0.6428571428571429,0.7142857142857143,0.8,63,34,16,23,16
test_03226,no_topic,0.0,1.0,1.0,377,374,0.8021390374331552,1.0,0.5471698113207547,0.7073170731707317,0.5471698113207547,1.0,0.7291666666666666,0.8433734939759037,0.7291666666666666,1.0,0.6428571428571429,0.782608695652174,0.6428571428571429,0.9285714285714286,0.52,0.6666666666666666,0.5,0.9285714285714286,0.52,0.6666666666666666,1.0,0.9285714285714286,0.9285714285714286,0.0714285714285714,0.5277777777777778,0.52,0.5,0.6428571428571429,0.7142857142857143,0.7,58,35,14,20,14
test_03226,no_pattern,1.0,0.0,1.0,299,374,20.053475935828878,1.0,0.4528301886792453,0.6233766233766235,0.4528301886792453,1.0,0.4375,0.6086956521739131,0.4375,1.0,0.5714285714285714,0.7272727272727273,0.5714285714285714,0.9166666666666666,0.44,0.5945945945945945,0.4230769230769231,0.9166666666666666,0.44,0.5945945945945945,1.0,0.9166666666666666,0.9166666666666666,0.08333333333333337,0.4444444444444444,0.44,0.4230769230769231,0.5714285714285714,0.7142857142857143,0.6,48,21,12,17,12
test_03226,no_redundancy,0.3,0.7,0.0,413,374,10.427807486631016,1.0,0.4811320754716981,0.6496815286624203,0.4811320754716981,1.0,0.6041666666666666,0.7532467532467533,0.6041666666666666,1.0,0.5,0.6666666666666666,0.5,1.0,0.48,0.6486486486486487,0.48,1.0,0.48,0.6486486486486487,1.0,1.0,1.0,0.0,0.5,0.48,0.48,0.5,0.7142857142857143,0.4,51,29,12,18,12
test_03229,full_run82,0.3,0.7,1.0,272,272,0.0,1.0,0.48214285714285715,0.6506024096385542,0.48214285714285715,1.0,0.43209876543209874,0.603448275862069,0.43209876543209874,1.0,0.4782608695652174,0.6470588235294118,0.4782608695652174,1.0,0.41935483870967744,0.5909090909090909,0.41935483870967744,1.0,0.41935483870967744,0.5909090909090909,0.8461538461538461,1.0,0.8461538461538461,0.15384615384615385,0.4666666666666667,0.41935483870967744,0.41935483870967744,0.4782608695652174,0.36363636363636365,0.4,54,35,13,21,13
test_03229,no_topic,0.0,1.0,1.0,393,272,44.48529411764706,0.9864864864864865,0.6517857142857143,0.7849462365591399,0.6460176991150443,1.0,0.5432098765432098,0.704,0.5432098765432098,1.0,0.391304347826087,0.5625,0.391304347826087,1.0,0.3548387096774194,0.5238095238095238,0.3548387096774194,1.0,0.3548387096774194,0.5238095238095238,1.0,1.0,1.0,0.0,0.4,0.3548387096774194,0.3548387096774194,0.391304347826087,0.36363636363636365,0.4,74,44,11,18,11
test_03229,no_pattern,1.0,0.0,1.0,209,272,23.161764705882355,1.0,0.35714285714285715,0.5263157894736842,0.35714285714285715,1.0,0.41975308641975306,0.5913043478260869,0.41975308641975306,1.0,0.782608695652174,0.878048780487805,0.782608695652174,1.0,0.6451612903225806,0.7843137254901961,0.6451612903225806,1.0,0.6451612903225806,0.7843137254901961,1.0,1.0,1.0,0.0,0.6444444444444445,0.6451612903225806,0.6451612903225806,0.782608695652174,0.8181818181818182,0.6,40,34,20,29,20
test_03229,no_redundancy,0.3,0.7,0.0,387,272,42.279411764705884,1.0,0.5357142857142857,0.6976744186046512,0.5357142857142857,1.0,0.6172839506172839,0.7633587786259541,0.6172839506172839,1.0,0.34782608695652173,0.5161290322580645,0.34782608695652173,1.0,0.41935483870967744,0.5909090909090909,0.41935483870967744,1.0,0.41935483870967744,0.5909090909090909,1.0,1.0,1.0,0.0,0.4444444444444444,0.41935483870967744,0.41935483870967744,0.34782608695652173,0.36363636363636365,0.5,60,50,13,20,13
test_03235,full_run82,0.3,0.7,1.0,195,195,0.0,1.0,0.5416666666666666,0.7027027027027027,0.5416666666666666,1.0,0.5434782608695652,0.704225352112676,0.5434782608695652,1.0,0.5384615384615384,0.7000000000000001,0.5384615384615384,1.0,0.4375,0.6086956521739131,0.4375,1.0,0.4375,0.6086956521739131,1.0,1.0,1.0,0.0,0.4666666666666667,0.4375,0.4375,0.5384615384615384,0.7,0.4,26,25,14,21,14
test_03235,no_topic,0.0,1.0,1.0,209,195,7.179487179487179,1.0,0.6041666666666666,0.7532467532467533,0.6041666666666666,1.0,0.6304347826086957,0.7733333333333333,0.6304347826086957,1.0,0.4230769230769231,0.5945945945945945,0.4230769230769231,1.0,0.40625,0.5777777777777777,0.40625,1.0,0.40625,0.5777777777777777,1.0,1.0,1.0,0.0,0.4888888888888889,0.40625,0.40625,0.4230769230769231,0.3,0.6,29,29,13,22,13
test_03235,no_pattern,1.0,0.0,1.0,167,195,14.358974358974358,1.0,0.4791666666666667,0.647887323943662,0.4791666666666667,1.0,0.5217391304347826,0.6857142857142856,0.5217391304347826,1.0,0.7307692307692307,0.8444444444444443,0.7307692307692307,1.0,0.59375,0.7450980392156863,0.59375,1.0,0.59375,0.7450980392156863,1.0,1.0,1.0,0.0,0.6,0.59375,0.59375,0.7307692307692307,0.7,0.5,23,24,19,27,19
test_03235,no_redundancy,0.3,0.7,0.0,311,195,59.48717948717949,1.0,0.6875,0.8148148148148148,0.6875,1.0,0.782608695652174,0.878048780487805,0.782608695652174,1.0,0.7307692307692307,0.8444444444444443,0.7307692307692307,1.0,0.71875,0.8363636363636363,0.71875,1.0,0.71875,0.8363636363636363,1.0,1.0,1.0,0.0,0.7111111111111111,0.71875,0.71875,0.7307692307692307,1.0,0.9,33,36,23,32,23
test_03244,full_run82,0.3,0.7,1.0,276,276,0.0,1.0,0.2261904761904762,0.36893203883495146,0.2261904761904762,1.0,0.27906976744186046,0.43636363636363634,0.27906976744186046,1.0,0.18,0.3050847457627119,0.18,0.9,0.14516129032258066,0.25,0.14285714285714285,0.9,0.14516129032258066,0.25,1.0,1.0,1.0,0.0,0.19047619047619047,0.14516129032258066,0.14285714285714285,0.18,0.2857142857142857,0.2,57,24,10,17,10
test_03244,no_topic,0.0,1.0,1.0,308,276,11.594202898550725,1.0,0.23015873015873015,0.37419354838709673,0.23015873015873015,1.0,0.27906976744186046,0.43636363636363634,0.27906976744186046,1.0,0.14,0.24561403508771928,0.14,1.0,0.12903225806451613,0.2285714285714286,0.12903225806451613,1.0,0.12903225806451613,0.2285714285714286,1.0,1.0,1.0,0.0,0.15476190476190477,0.12903225806451613,0.12903225806451613,0.14,0.35714285714285715,0.1,58,24,8,13,8
test_03244,no_pattern,1.0,0.0,1.0,209,276,24.27536231884058,1.0,0.1746031746031746,0.29729729729729726,0.1746031746031746,1.0,0.20930232558139536,0.3461538461538462,0.20930232558139536,1.0,0.14,0.24561403508771928,0.14,1.0,0.11290322580645161,0.2028985507246377,0.11290322580645161,1.0,0.11290322580645161,0.2028985507246377,1.0,1.0,1.0,0.0,0.16666666666666666,0.11290322580645161,0.11290322580645161,0.14,0.14285714285714285,0.1,44,18,7,14,7
test_03244,no_redundancy,0.3,0.7,0.0,512,276,85.5072463768116,1.0,0.24206349206349206,0.38977635782747605,0.24206349206349206,1.0,0.36046511627906974,0.5299145299145299,0.36046511627906974,1.0,0.22,0.36065573770491804,0.22,1.0,0.22580645161290322,0.3684210526315789,0.22580645161290322,1.0,0.22580645161290322,0.3684210526315789,1.0,1.0,1.0,0.0,0.23809523809523808,0.22580645161290322,0.22580645161290322,0.22,0.35714285714285715,0.5,61,31,14,20,14
test_03248,full_run82,0.3,0.7,1.0,371,371,0.0,0.9682539682539683,0.40131578947368424,0.5674418604651164,0.3961038961038961,1.0,0.5416666666666666,0.7027027027027027,0.5416666666666666,1.0,0.3225806451612903,0.4878048780487805,0.3225806451612903,0.9285714285714286,0.28888888888888886,0.44067796610169485,0.2826086956521739,0.9285714285714286,0.28888888888888886,0.44067796610169485,0.9285714285714286,1.0,0.9285714285714286,0.0714285714285714,0.3492063492063492,0.28888888888888886,0.2826086956521739,0.3225806451612903,0.2857142857142857,0.2,63,39,14,24,14
test_03248,no_topic,0.0,1.0,1.0,378,371,1.8867924528301887,0.9672131147540983,0.3881578947368421,0.5539906103286385,0.38311688311688313,1.0,0.5277777777777778,0.6909090909090909,0.5277777777777778,1.0,0.25806451612903225,0.41025641025641024,0.25806451612903225,0.9166666666666666,0.24444444444444444,0.3859649122807018,0.2391304347826087,0.9166666666666666,0.24444444444444444,0.3859649122807018,0.9166666666666666,1.0,0.9166666666666666,0.08333333333333337,0.31746031746031744,0.24444444444444444,0.2391304347826087,0.25806451612903225,0.21428571428571427,0.2,61,38,12,22,12
test_03248,no_pattern,1.0,0.0,1.0,235,371,36.65768194070081,1.0,0.24342105263157895,0.3915343915343915,0.24342105263157895,1.0,0.3055555555555556,0.46808510638297873,0.3055555555555556,1.0,0.3548387096774194,0.5238095238095238,0.3548387096774194,1.0,0.24444444444444444,0.39285714285714285,0.24444444444444444,1.0,0.24444444444444444,0.39285714285714285,1.0,1.0,1.0,0.0,0.2698412698412698,0.24444444444444444,0.24444444444444444,0.3548387096774194,0.2857142857142857,0.4,37,22,11,17,11
test_03248,no_redundancy,0.3,0.7,0.0,437,371,17.78975741239892,0.9846153846153847,0.42105263157894735,0.5898617511520737,0.41830065359477125,1.0,0.5277777777777778,0.6909090909090909,0.5277777777777778,1.0,0.2903225806451613,0.45000000000000007,0.2903225806451613,1.0,0.24444444444444444,0.39285714285714285,0.24444444444444444,1.0,0.24444444444444444,0.39285714285714285,1.0,1.0,1.0,0.0,0.30158730158730157,0.24444444444444444,0.24444444444444444,0.2903225806451613,0.21428571428571427,0.4,65,38,11,19,11
test_03250,full_run82,0.3,0.7,1.0,248,248,0.0,1.0,0.04452054794520548,0.08524590163934426,0.04452054794520548,1.0,0.035842293906810034,0.06920415224913495,0.035842293906810034,1.0,0.02459016393442623,0.048,0.02459016393442623,1.0,0.015544041450777202,0.030612244897959183,0.015544041450777202,1.0,0.015544041450777202,0.030612244897959183,1.0,1.0,1.0,0.0,0.026570048309178744,0.015544041450777202,0.015544041450777202,0.02459016393442623,0.011904761904761904,0.3,39,10,6,11,6
test_03250,no_topic,0.0,1.0,1.0,384,248,54.83870967741935,1.0,0.0593607305936073,0.11206896551724138,0.0593607305936073,1.0,0.07168458781362007,0.13377926421404682,0.07168458781362007,1.0,0.02459016393442623,0.048,0.02459016393442623,1.0,0.015544041450777202,0.030612244897959183,0.015544041450777202,1.0,0.015544041450777202,0.030612244897959183,1.0,1.0,1.0,0.0,0.026570048309178744,0.015544041450777202,0.015544041450777202,0.02459016393442623,0.011904761904761904,0.3,52,20,6,11,6
test_03250,no_pattern,1.0,0.0,1.0,158,248,36.29032258064516,1.0,0.03424657534246575,0.06622516556291391,0.03424657534246575,0.8571428571428571,0.021505376344086023,0.04195804195804196,0.02142857142857143,1.0,0.040983606557377046,0.07874015748031496,0.040983606557377046,0.9166666666666666,0.02849740932642487,0.055276381909547735,0.028423772609819122,1.0,0.031088082901554404,0.06030150753768843,1.0,1.0,1.0,0.0,0.043478260869565216,0.02849740932642487,0.028423772609819122,0.040983606557377046,0.01984126984126984,0.2,30,7,12,19,12
test_03250,no_redundancy,0.3,0.7,0.0,440,248,77.41935483870968,1.0,0.06621004566210045,0.12419700214132762,0.06621004566210045,1.0,0.08960573476702509,0.1644736842105263,0.08960573476702509,1.0,0.040983606557377046,0.07874015748031496,0.040983606557377046,0.9,0.023316062176165803,0.045454545454545456,0.023255813953488372,1.0,0.025906735751295335,0.0505050505050505,1.0,1.0,1.0,0.0,0.03864734299516908,0.023316062176165803,0.023255813953488372,0.040983606557377046,0.015873015873015872,0.2,58,25,10,17,10
test_03266,full_run82,0.3,0.7,1.0,315,315,0.0,1.0,1.0,1.0,1.0,1.0,1.0,1.0,1.0,1.0,1.0,1.0,1.0,1.0,1.0,1.0,1.0,1.0,1.0,1.0,1.0,1.0,1.0,0.0,1.0,1.0,1.0,1.0,1.0,1.0,52,25,15,25,15
test_03266,no_topic,0.0,1.0,1.0,315,315,0.0,1.0,1.0,1.0,1.0,1.0,1.0,1.0,1.0,1.0,1.0,1.0,1.0,1.0,1.0,1.0,1.0,1.0,1.0,1.0,1.0,1.0,1.0,0.0,1.0,1.0,1.0,1.0,1.0,1.0,52,25,15,25,15
test_03266,no_pattern,1.0,0.0,1.0,315,315,0.0,1.0,1.0,1.0,1.0,1.0,1.0,1.0,1.0,1.0,1.0,1.0,1.0,1.0,1.0,1.0,1.0,1.0,1.0,1.0,1.0,1.0,1.0,0.0,1.0,1.0,1.0,1.0,1.0,1.0,52,25,15,25,15
test_03266,no_redundancy,0.3,0.7,0.0,315,315,0.0,1.0,1.0,1.0,1.0,1.0,1.0,1.0,1.0,1.0,1.0,1.0,1.0,1.0,1.0,1.0,1.0,1.0,1.0,1.0,1.0,1.0,1.0,0.0,1.0,1.0,1.0,1.0,1.0,1.0,52,25,15,25,15
test_03277,full_run82,0.3,0.7,1.0,347,347,0.0,1.0,0.2727272727272727,0.42857142857142855,0.2727272727272727,1.0,0.4,0.5714285714285715,0.4,0.7692307692307693,0.2564102564102564,0.38461538461538464,0.23809523809523808,0.7692307692307693,0.23809523809523808,0.36363636363636365,0.2222222222222222,0.7692307692307693,0.23809523809523808,0.36363636363636365,0.7692307692307693,0.7692307692307693,0.7692307692307693,0.23076923076923073,0.2698412698412698,0.23809523809523808,0.2222222222222222,0.2564102564102564,0.8,0.2,60,30,13,21,13
test_03277,no_topic,0.0,1.0,1.0,319,347,8.069164265129682,1.0,0.2318181818181818,0.37638376383763833,0.2318181818181818,1.0,0.3466666666666667,0.5148514851485149,0.3466666666666667,1.0,0.23076923076923078,0.375,0.23076923076923078,1.0,0.23809523809523808,0.3846153846153846,0.23809523809523808,1.0,0.23809523809523808,0.3846153846153846,1.0,1.0,1.0,0.0,0.2698412698412698,0.23809523809523808,0.23809523809523808,0.23076923076923078,0.8,0.4,51,26,10,17,10
test_03277,no_pattern,1.0,0.0,1.0,305,347,12.103746397694524,1.0,0.25,0.4,0.25,1.0,0.26666666666666666,0.4210526315789474,0.26666666666666666,1.0,0.23076923076923078,0.375,0.23076923076923078,1.0,0.21428571428571427,0.35294117647058826,0.21428571428571427,1.0,0.21428571428571427,0.35294117647058826,1.0,1.0,1.0,0.0,0.2698412698412698,0.21428571428571427,0.21428571428571427,0.23076923076923078,0.6,0.2,55,20,9,17,9
test_03277,no_redundancy,0.3,0.7,0.0,498,347,43.51585014409222,1.0,0.37727272727272726,0.5478547854785478,0.37727272727272726,1.0,0.4,0.5714285714285715,0.4,1.0,0.28205128205128205,0.44000000000000006,0.28205128205128205,1.0,0.2857142857142857,0.4444444444444445,0.2857142857142857,1.0,0.2857142857142857,0.4444444444444445,1.0,1.0,1.0,0.0,0.2857142857142857,0.2857142857142857,0.2857142857142857,0.28205128205128205,0.8,0.3,83,30,12,18,12
test_03278,full_run82,0.3,0.7,1.0,229,229,0.0,1.0,0.23178807947019867,0.3763440860215053,0.23178807947019867,1.0,0.15942028985507245,0.27499999999999997,0.15942028985507245,1.0,0.2692307692307692,0.42424242424242425,0.2692307692307692,1.0,0.23529411764705882,0.38095238095238093,0.23529411764705882,1.0,0.23529411764705882,0.38095238095238093,1.0,1.0,1.0,0.0,0.3,0.23529411764705882,0.23529411764705882,0.2692307692307692,0.42857142857142855,0.1,35,11,8,15,8
test_03278,no_topic,0.0,1.0,1.0,254,229,10.91703056768559,1.0,0.25165562913907286,0.40211640211640215,0.25165562913907286,1.0,0.2898550724637681,0.44943820224719105,0.2898550724637681,1.0,0.3076923076923077,0.47058823529411764,0.3076923076923077,1.0,0.23529411764705882,0.38095238095238093,0.23529411764705882,1.0,0.23529411764705882,0.38095238095238093,1.0,1.0,1.0,0.0,0.3,0.23529411764705882,0.23529411764705882,0.3076923076923077,0.42857142857142855,0.2,38,20,8,15,8
test_03278,no_pattern,1.0,0.0,1.0,171,229,25.327510917030565,1.0,0.2119205298013245,0.34972677595628415,0.2119205298013245,1.0,0.17391304347826086,0.29629629629629634,0.17391304347826086,1.0,0.23076923076923078,0.375,0.23076923076923078,1.0,0.20588235294117646,0.34146341463414637,0.20588235294117646,1.0,0.20588235294117646,0.34146341463414637,1.0,1.0,1.0,0.0,0.24,0.20588235294117646,0.20588235294117646,0.23076923076923078,0.42857142857142855,0.2,32,12,7,12,7
test_03278,no_redundancy,0.3,0.7,0.0,321,229,40.174672489082965,1.0,0.2980132450331126,0.4591836734693878,0.2980132450331126,1.0,0.43478260869565216,0.6060606060606061,0.43478260869565216,1.0,0.46153846153846156,0.631578947368421,0.46153846153846156,1.0,0.38235294117647056,0.5531914893617021,0.38235294117647056,1.0,0.38235294117647056,0.5531914893617021,1.0,1.0,1.0,0.0,0.42,0.38235294117647056,0.38235294117647056,0.46153846153846156,0.42857142857142855,0.5,45,30,13,21,13
test_03281,full_run82,0.3,0.7,1.0,238,238,0.0,0.975609756097561,0.13071895424836602,0.23054755043227668,0.13029315960912052,0.9696969696969697,0.23529411764705882,0.378698224852071,0.23357664233576642,0.8571428571428571,0.12,0.21052631578947367,0.11764705882352941,0.8571428571428571,0.0967741935483871,0.17391304347826084,0.09523809523809523,0.8571428571428571,0.0967741935483871,0.17391304347826084,0.8571428571428571,0.8571428571428571,0.8571428571428571,0.1428571428571429,0.1134020618556701,0.0967741935483871,0.09523809523809523,0.12,0.42857142857142855,0.1,41,33,7,13,7
test_03281,no_topic,0.0,1.0,1.0,236,238,0.8403361344537815,0.9782608695652174,0.14705882352941177,0.2556818181818182,0.1465798045602606,1.0,0.15441176470588236,0.26751592356687903,0.15441176470588236,1.0,0.16,0.2758620689655173,0.16,1.0,0.12903225806451613,0.2285714285714286,0.12903225806451613,1.0,0.12903225806451613,0.2285714285714286,1.0,1.0,1.0,0.0,0.15463917525773196,0.12903225806451613,0.12903225806451613,0.16,0.42857142857142855,0.2,46,21,8,15,8
test_03281,no_pattern,1.0,0.0,1.0,158,238,33.61344537815126,0.96875,0.10130718954248366,0.1834319526627219,0.10097719869706841,1.0,0.125,0.2222222222222222,0.125,1.0,0.18,0.3050847457627119,0.18,1.0,0.14516129032258066,0.2535211267605634,0.14516129032258066,1.0,0.14516129032258066,0.2535211267605634,0.8888888888888888,1.0,0.8888888888888888,0.11111111111111116,0.16494845360824742,0.14516129032258066,0.14516129032258066,0.18,0.5714285714285714,0.2,32,17,9,16,9
test_03281,no_redundancy,0.3,0.7,0.0,367,238,54.20168067226891,1.0,0.20588235294117646,0.34146341463414637,0.20588235294117646,1.0,0.25735294117647056,0.4093567251461988,0.25735294117647056,1.0,0.24,0.3870967741935484,0.24,1.0,0.22580645161290322,0.3684210526315789,0.22580645161290322,1.0,0.22580645161290322,0.3684210526315789,1.0,1.0,1.0,0.0,0.21649484536082475,0.22580645161290322,0.22580645161290322,0.24,0.5714285714285714,0.3,63,35,14,21,14
test_03282,full_run82,0.3,0.7,1.0,244,244,0.0,1.0,0.11140583554376658,0.20047732696897375,0.11140583554376658,1.0,0.2191780821917808,0.3595505617977528,0.2191780821917808,1.0,0.1044776119402985,0.18918918918918917,0.1044776119402985,1.0,0.08421052631578947,0.1553398058252427,0.08421052631578947,1.0,0.08421052631578947,0.1553398058252427,1.0,1.0,1.0,0.0,0.104,0.08421052631578947,0.08421052631578947,0.1044776119402985,0.0975609756097561,0.2,42,16,8,13,8
test_03282,no_topic,0.0,1.0,1.0,280,244,14.754098360655737,0.98,0.129973474801061,0.22950819672131148,0.12962962962962962,1.0,0.2054794520547945,0.3409090909090909,0.2054794520547945,1.0,0.1044776119402985,0.18918918918918917,0.1044776119402985,1.0,0.11578947368421053,0.20754716981132076,0.11578947368421053,1.0,0.11578947368421053,0.20754716981132076,1.0,1.0,1.0,0.0,0.112,0.11578947368421053,0.11578947368421053,0.1044776119402985,0.12195121951219512,0.4,50,15,11,14,11
test_03282,no_pattern,1.0,0.0,1.0,176,244,27.86885245901639,0.975,0.10344827586206896,0.1870503597122302,0.10317460317460317,1.0,0.1095890410958904,0.19753086419753085,0.1095890410958904,1.0,0.11940298507462686,0.21333333333333335,0.11940298507462686,1.0,0.09473684210526316,0.17307692307692307,0.09473684210526316,1.0,0.09473684210526316,0.17307692307692307,1.0,1.0,1.0,0.0,0.112,0.09473684210526316,0.09473684210526316,0.11940298507462686,0.0975609756097561,0.3,40,8,9,14,9
test_03282,no_redundancy,0.3,0.7,0.0,574,244,135.24590163934425,1.0,0.246684350132626,0.39574468085106385,0.246684350132626,1.0,0.2465753424657534,0.39560439560439553,0.2465753424657534,1.0,0.2537313432835821,0.40476190476190477,0.2537313432835821,1.0,0.25263157894736843,0.4033613445378152,0.25263157894736843,1.0,0.25263157894736843,0.4033613445378152,1.0,1.0,1.0,0.0,0.232,0.25263157894736843,0.25263157894736843,0.2537313432835821,0.2926829268292683,0.5,93,18,24,29,24
test_03285,full_run82,0.3,0.7,1.0,297,297,0.0,1.0,0.18604651162790697,0.3137254901960785,0.18604651162790697,1.0,0.17699115044247787,0.3007518796992481,0.17699115044247787,1.0,0.1875,0.3157894736842105,0.1875,1.0,0.16666666666666666,0.2857142857142857,0.16666666666666666,1.0,0.16666666666666666,0.2857142857142857,1.0,1.0,1.0,0.0,0.17346938775510204,0.16666666666666666,0.16666666666666666,0.1875,0.4,0.1,56,20,11,17,11
test_03285,no_topic,0.0,1.0,1.0,387,297,30.303030303030305,1.0,0.23588039867109634,0.3817204301075268,0.23588039867109634,0.9583333333333334,0.20353982300884957,0.33576642335766427,0.20175438596491227,1.0,0.1875,0.3157894736842105,0.1875,1.0,0.16666666666666666,0.2857142857142857,0.16666666666666666,1.0,0.16666666666666666,0.2857142857142857,0.8181818181818182,1.0,0.8181818181818182,0.18181818181818177,0.17346938775510204,0.16666666666666666,0.16666666666666666,0.1875,0.4,0.2,71,24,11,17,11
test_03285,no_pattern,1.0,0.0,1.0,250,297,15.824915824915825,0.9782608695652174,0.14950166112956811,0.25936599423631124,0.1490066225165563,1.0,0.1592920353982301,0.2748091603053435,0.1592920353982301,1.0,0.20833333333333334,0.3448275862068966,0.20833333333333334,1.0,0.15151515151515152,0.2631578947368421,0.15151515151515152,1.0,0.15151515151515152,0.2631578947368421,1.0,1.0,1.0,0.0,0.1836734693877551,0.15151515151515152,0.15151515151515152,0.20833333333333334,0.3,0.2,46,18,10,18,10
test_03285,no_redundancy,0.3,0.7,0.0,550,297,85.18518518518519,1.0,0.2724252491694352,0.42819843342036557,0.2724252491694352,1.0,0.25663716814159293,0.4084507042253521,0.25663716814159293,1.0,0.16666666666666666,0.2857142857142857,0.16666666666666666,1.0,0.21212121212121213,0.35,0.21212121212121213,1.0,0.21212121212121213,0.35,1.0,1.0,1.0,0.0,0.19387755102040816,0.21212121212121213,0.21212121212121213,0.16666666666666666,0.4,0.3,82,29,14,19,14
test_03297,full_run82,0.3,0.7,1.0,243,243,0.0,1.0,0.14396887159533073,0.25170068027210885,0.14396887159533073,1.0,0.2,0.33333333333333337,0.2,1.0,0.16666666666666666,0.2857142857142857,0.16666666666666666,1.0,0.16,0.2758620689655173,0.16,1.0,0.16,0.2758620689655173,1.0,1.0,1.0,0.0,0.18518518518518517,0.16,0.16,0.16666666666666666,0.5,0.2,37,25,8,15,8
test_03297,no_topic,0.0,1.0,1.0,236,243,2.880658436213992,1.0,0.15953307392996108,0.2751677852348993,0.15953307392996108,1.0,0.176,0.29931972789115646,0.176,1.0,0.09523809523809523,0.17391304347826084,0.09523809523809523,1.0,0.1,0.18181818181818182,0.1,1.0,0.1,0.18181818181818182,1.0,1.0,1.0,0.0,0.12345679012345678,0.1,0.1,0.09523809523809523,0.3333333333333333,0.1,41,22,5,10,5
test_03297,no_pattern,1.0,0.0,1.0,215,243,11.522633744855968,1.0,0.12062256809338522,0.2152777777777778,0.12062256809338522,1.0,0.216,0.35526315789473684,0.216,1.0,0.21428571428571427,0.35294117647058826,0.21428571428571427,1.0,0.2,0.33333333333333337,0.2,1.0,0.2,0.33333333333333337,0.9,1.0,0.9,0.09999999999999998,0.2345679012345679,0.2,0.2,0.21428571428571427,0.5,0.2,31,27,10,19,10
test_03297,no_redundancy,0.3,0.7,0.0,424,243,74.48559670781893,0.984375,0.245136186770428,0.3925233644859813,0.2441860465116279,1.0,0.304,0.4662576687116564,0.304,1.0,0.23809523809523808,0.3846153846153846,0.23809523809523808,0.7272727272727273,0.16,0.2622950819672131,0.1509433962264151,1.0,0.22,0.36065573770491804,1.0,1.0,1.0,0.0,0.2222222222222222,0.16,0.1509433962264151,0.23809523809523808,0.6666666666666666,0.1,64,38,11,19,11
test_03308,full_run82,0.3,0.7,1.0,304,304,0.0,1.0,0.8775510204081632,0.9347826086956522,0.8775510204081632,1.0,1.0,1.0,1.0,1.0,0.8181818181818182,0.9,0.8181818181818182,0.9090909090909091,0.8333333333333334,0.8695652173913043,0.7692307692307693,0.9090909090909091,0.8333333333333334,0.8695652173913043,0.9090909090909091,1.0,0.9090909090909091,0.09090909090909094,0.8421052631578947,0.8333333333333334,0.7692307692307693,0.8181818181818182,1.0,0.8,43,17,11,17,11
test_03308,no_topic,0.0,1.0,1.0,304,304,0.0,1.0,0.8775510204081632,0.9347826086956522,0.8775510204081632,1.0,1.0,1.0,1.0,1.0,0.8181818181818182,0.9,0.8181818181818182,0.9090909090909091,0.8333333333333334,0.8695652173913043,0.7692307692307693,0.9090909090909091,0.8333333333333334,0.8695652173913043,0.9090909090909091,1.0,0.9090909090909091,0.09090909090909094,0.8421052631578947,0.8333333333333334,0.7692307692307693,0.8181818181818182,1.0,0.8,43,17,11,17,11
test_03308,no_pattern,1.0,0.0,1.0,295,304,2.9605263157894735,1.0,0.8367346938775511,0.9111111111111111,0.8367346938775511,1.0,0.8235294117647058,0.9032258064516129,0.8235294117647058,1.0,0.8181818181818182,0.9,0.8181818181818182,1.0,0.8333333333333334,0.9090909090909091,0.8333333333333334,1.0,0.8333333333333334,0.9090909090909091,1.0,1.0,1.0,0.0,0.7894736842105263,0.8333333333333334,0.8333333333333334,0.8181818181818182,1.0,0.9,41,14,10,15,10
test_03308,no_redundancy,0.3,0.7,0.0,343,304,12.828947368421053,1.0,0.9591836734693877,0.9791666666666666,0.9591836734693877,1.0,0.9411764705882353,0.9696969696969697,0.9411764705882353,1.0,0.9090909090909091,0.9523809523809523,0.9090909090909091,1.0,0.9166666666666666,0.9565217391304348,0.9166666666666666,1.0,0.9166666666666666,0.9565217391304348,1.0,1.0,1.0,0.0,0.9473684210526315,0.9166666666666666,0.9166666666666666,0.9090909090909091,1.0,0.9,47,16,11,18,11
test_03312,full_run82,0.3,0.7,1.0,271,271,0.0,1.0,0.362962962962963,0.532608695652174,0.362962962962963,1.0,0.43103448275862066,0.6024096385542169,0.43103448275862066,0.9166666666666666,0.4782608695652174,0.6285714285714286,0.4583333333333333,0.9166666666666666,0.4074074074074074,0.5641025641025641,0.39285714285714285,0.9166666666666666,0.4074074074074074,0.5641025641025641,0.9166666666666666,0.9166666666666666,0.9166666666666666,0.08333333333333337,0.38636363636363635,0.4074074074074074,0.39285714285714285,0.4782608695652174,1.0,0.4,49,25,12,19,12
test_03312,no_topic,0.0,1.0,1.0,267,271,1.4760147601476015,1.0,0.37037037037037035,0.5405405405405406,0.37037037037037035,1.0,0.41379310344827586,0.5853658536585366,0.41379310344827586,0.9230769230769231,0.5217391304347826,0.6666666666666667,0.5,0.9230769230769231,0.4444444444444444,0.6,0.42857142857142855,0.9230769230769231,0.4444444444444444,0.6,0.9230769230769231,0.9230769230769231,0.9230769230769231,0.07692307692307687,0.4318181818181818,0.4444444444444444,0.42857142857142855,0.5217391304347826,1.0,0.4,50,24,13,21,13
test_03312,no_pattern,1.0,0.0,1.0,245,271,9.59409594095941,1.0,0.3111111111111111,0.4745762711864407,0.3111111111111111,1.0,0.3448275862068966,0.5128205128205129,0.3448275862068966,1.0,0.43478260869565216,0.6060606060606061,0.43478260869565216,1.0,0.37037037037037035,0.5405405405405406,0.37037037037037035,1.0,0.37037037037037035,0.5405405405405406,1.0,1.0,1.0,0.0,0.38636363636363635,0.37037037037037035,0.37037037037037035,0.43478260869565216,0.75,0.5,42,20,10,17,10
test_03312,no_redundancy,0.3,0.7,0.0,440,271,62.36162361623616,1.0,0.4,0.5714285714285715,0.4,1.0,0.43103448275862066,0.6024096385542169,0.43103448275862066,1.0,0.391304347826087,0.5625,0.391304347826087,1.0,0.37037037037037035,0.5405405405405406,0.37037037037037035,1.0,0.37037037037037035,0.5405405405405406,1.0,1.0,1.0,0.0,0.38636363636363635,0.37037037037037035,0.37037037037037035,0.391304347826087,1.0,0.3,54,25,10,17,10
test_03321,full_run82,0.3,0.7,1.0,185,185,0.0,1.0,0.15566037735849056,0.2693877551020408,0.15566037735849056,1.0,0.16666666666666666,0.2857142857142857,0.16666666666666666,1.0,0.2962962962962963,0.45714285714285713,0.2962962962962963,1.0,0.22727272727272727,0.37037037037037035,0.22727272727272727,1.0,0.22727272727272727,0.37037037037037035,1.0,1.0,1.0,0.0,0.2698412698412698,0.22727272727272727,0.22727272727272727,0.2962962962962963,0.15,0.3,33,6,10,17,10
test_03321,no_topic,0.0,1.0,1.0,244,185,31.891891891891895,1.0,0.21226415094339623,0.3501945525291829,0.21226415094339623,1.0,0.2222222222222222,0.3636363636363636,0.2222222222222222,1.0,0.25925925925925924,0.4117647058823529,0.25925925925925924,1.0,0.18181818181818182,0.3076923076923077,0.18181818181818182,1.0,0.18181818181818182,0.3076923076923077,1.0,1.0,1.0,0.0,0.2222222222222222,0.18181818181818182,0.18181818181818182,0.25925925925925924,0.15,0.2,45,8,8,14,8
test_03321,no_pattern,1.0,0.0,1.0,139,185,24.864864864864867,1.0,0.1179245283018868,0.2109704641350211,0.1179245283018868,1.0,0.19444444444444445,0.32558139534883723,0.19444444444444445,1.0,0.2222222222222222,0.3636363636363636,0.2222222222222222,1.0,0.22727272727272727,0.37037037037037035,0.22727272727272727,1.0,0.22727272727272727,0.37037037037037035,1.0,1.0,1.0,0.0,0.2698412698412698,0.22727272727272727,0.22727272727272727,0.2222222222222222,0.15,0.3,25,7,10,17,10
test_03321,no_redundancy,0.3,0.7,0.0,265,185,43.24324324324324,1.0,0.19811320754716982,0.33070866141732286,0.19811320754716982,1.0,0.3055555555555556,0.46808510638297873,0.3055555555555556,1.0,0.2222222222222222,0.3636363636363636,0.2222222222222222,1.0,0.20454545454545456,0.339622641509434,0.20454545454545456,1.0,0.20454545454545456,0.339622641509434,1.0,1.0,1.0,0.0,0.20634920634920634,0.20454545454545456,0.20454545454545456,0.2222222222222222,0.3,0.3,42,11,9,13,9
test_03338,full_run82,0.3,0.7,1.0,150,150,0.0,1.0,0.25263157894736843,0.4033613445378152,0.25263157894736843,1.0,0.28125,0.43902439024390244,0.28125,1.0,0.2777777777777778,0.4347826086956522,0.2777777777777778,1.0,0.2692307692307692,0.42424242424242425,0.2692307692307692,1.0,0.2692307692307692,0.42424242424242425,1.0,1.0,1.0,0.0,0.3170731707317073,0.2692307692307692,0.2692307692307692,0.2777777777777778,0.6,0.2,24,9,7,13,7
test_03338,no_topic,0.0,1.0,1.0,180,150,20.0,1.0,0.3368421052631579,0.5039370078740157,0.3368421052631579,1.0,0.34375,0.5116279069767442,0.34375,1.0,0.3333333333333333,0.5,0.3333333333333333,1.0,0.34615384615384615,0.5142857142857142,0.34615384615384615,1.0,0.34615384615384615,0.5142857142857142,1.0,1.0,1.0,0.0,0.3902439024390244,0.34615384615384615,0.34615384615384615,0.3333333333333333,0.6,0.3,32,11,9,16,9
test_03338,no_pattern,1.0,0.0,1.0,127,150,15.333333333333332,1.0,0.22105263157894736,0.3620689655172414,0.22105263157894736,1.0,0.15625,0.2702702702702703,0.15625,1.0,0.2222222222222222,0.3636363636363636,0.2222222222222222,1.0,0.23076923076923078,0.375,0.23076923076923078,1.0,0.23076923076923078,0.375,1.0,1.0,1.0,0.0,0.2682926829268293,0.23076923076923078,0.23076923076923078,0.2222222222222222,0.6,0.2,21,5,6,11,6
test_03338,no_redundancy,0.3,0.7,0.0,289,150,92.66666666666666,1.0,0.43157894736842106,0.6029411764705882,0.43157894736842106,1.0,0.5,0.6666666666666666,0.5,1.0,0.3333333333333333,0.5,0.3333333333333333,1.0,0.38461538461538464,0.5555555555555556,0.38461538461538464,1.0,0.38461538461538464,0.5555555555555556,1.0,1.0,1.0,0.0,0.3902439024390244,0.38461538461538464,0.38461538461538464,0.3333333333333333,0.8,0.5,41,16,10,16,10
test_03364,full_run82,0.3,0.7,1.0,211,211,0.0,1.0,0.11254019292604502,0.2023121387283237,0.11254019292604502,1.0,0.14473684210526316,0.2528735632183908,0.14473684210526316,1.0,0.18181818181818182,0.3076923076923077,0.18181818181818182,0.875,0.12280701754385964,0.2153846153846154,0.1206896551724138,0.875,0.12280701754385964,0.2153846153846154,1.0,0.875,0.875,0.125,0.15476190476190477,0.12280701754385964,0.1206896551724138,0.18181818181818182,0.2,0.2,35,11,8,14,8
test_03364,no_topic,0.0,1.0,1.0,224,211,6.161137440758294,1.0,0.13183279742765272,0.23295454545454544,0.13183279742765272,1.0,0.18421052631578946,0.3111111111111111,0.18421052631578946,1.0,0.13636363636363635,0.24000000000000002,0.13636363636363635,1.0,0.10526315789473684,0.1904761904761905,0.10526315789473684,1.0,0.10526315789473684,0.1904761904761905,1.0,1.0,1.0,0.0,0.13095238095238096,0.10526315789473684,0.10526315789473684,0.13636363636363635,0.2,0.3,41,14,6,11,6
test_03364,no_pattern,1.0,0.0,1.0,186,211,11.848341232227488,1.0,0.0932475884244373,0.17058823529411765,0.0932475884244373,1.0,0.11842105263157894,0.2117647058823529,0.11842105263157894,1.0,0.1590909090909091,0.2745098039215686,0.1590909090909091,0.875,0.12280701754385964,0.2153846153846154,0.1206896551724138,0.875,0.12280701754385964,0.2153846153846154,1.0,0.875,0.875,0.125,0.15476190476190477,0.12280701754385964,0.1206896551724138,0.1590909090909091,0.2,0.2,29,9,8,14,8
test_03364,no_redundancy,0.3,0.7,0.0,405,211,91.9431279620853,1.0,0.19614147909967847,0.3279569892473118,0.19614147909967847,1.0,0.40789473684210525,0.5794392523364486,0.40789473684210525,1.0,0.13636363636363635,0.24000000000000002,0.13636363636363635,1.0,0.12280701754385964,0.21875,0.12280701754385964,1.0,0.12280701754385964,0.21875,1.0,1.0,1.0,0.0,0.14285714285714285,0.12280701754385964,0.12280701754385964,0.13636363636363635,0.26666666666666666,0.2,61,31,7,12,7
test_03375,full_run82,0.3,0.7,1.0,230,230,0.0,1.0,0.07334525939177101,0.13666666666666666,0.07334525939177101,1.0,0.03821656050955414,0.07361963190184048,0.03821656050955414,1.0,0.12790697674418605,0.2268041237113402,0.12790697674418605,1.0,0.0967741935483871,0.17647058823529413,0.0967741935483871,1.0,0.0967741935483871,0.17647058823529413,1.0,1.0,1.0,0.0,0.11413043478260869,0.0967741935483871,0.0967741935483871,0.12790697674418605,0.21428571428571427,0.3,41,6,12,21,12
test_03375,no_topic,0.0,1.0,1.0,285,230,23.91304347826087,1.0,0.08765652951699464,0.1611842105263158,0.08765652951699464,1.0,0.08280254777070063,0.15294117647058822,0.08280254777070063,1.0,0.08139534883720931,0.15053763440860218,0.08139534883720931,1.0,0.06451612903225806,0.12121212121212122,0.06451612903225806,1.0,0.06451612903225806,0.12121212121212122,1.0,1.0,1.0,0.0,0.07608695652173914,0.06451612903225806,0.06451612903225806,0.08139534883720931,0.2857142857142857,0.2,49,13,8,14,8
test_03375,no_pattern,1.0,0.0,1.0,190,230,17.391304347826086,1.0,0.0518783542039356,0.09863945578231292,0.0518783542039356,1.0,0.050955414012738856,0.09696969696969697,0.050955414012738856,1.0,0.10465116279069768,0.18947368421052632,0.10465116279069768,1.0,0.07258064516129033,0.13533834586466167,0.07258064516129033,1.0,0.07258064516129033,0.13533834586466167,1.0,1.0,1.0,0.0,0.08695652173913043,0.07258064516129033,0.07258064516129033,0.10465116279069768,0.21428571428571427,0.3,29,8,9,16,9
test_03375,no_redundancy,0.3,0.7,0.0,435,230,89.13043478260869,0.9841269841269841,0.11091234347048301,0.19935691318327975,0.11071428571428571,1.0,0.16560509554140126,0.28415300546448086,0.16560509554140126,1.0,0.08139534883720931,0.15053763440860218,0.08139534883720931,1.0,0.056451612903225805,0.10687022900763359,0.056451612903225805,1.0,0.056451612903225805,0.10687022900763359,1.0,1.0,1.0,0.0,0.059782608695652176,0.056451612903225805,0.056451612903225805,0.08139534883720931,0.35714285714285715,0.3,63,26,7,11,7
test_03382,full_run82,0.3,0.7,1.0,215,215,0.0,1.0,0.18220338983050846,0.3082437275985663,0.18220338983050846,1.0,0.22093023255813954,0.36190476190476195,0.22093023255813954,1.0,0.1724137931034483,0.29411764705882354,0.1724137931034483,1.0,0.13333333333333333,0.23529411764705882,0.13333333333333333,1.0,0.13333333333333333,0.23529411764705882,1.0,1.0,1.0,0.0,0.16666666666666666,0.13333333333333333,0.13333333333333333,0.1724137931034483,0.3,0.2,43,19,10,18,10
test_03382,no_topic,0.0,1.0,1.0,253,215,17.674418604651162,1.0,0.17372881355932204,0.29602888086642604,0.17372881355932204,1.0,0.2441860465116279,0.3925233644859813,0.2441860465116279,1.0,0.13793103448275862,0.2424242424242424,0.13793103448275862,1.0,0.10666666666666667,0.1927710843373494,0.10666666666666667,1.0,0.10666666666666667,0.1927710843373494,1.0,1.0,1.0,0.0,0.1388888888888889,0.10666666666666667,0.10666666666666667,0.13793103448275862,0.3,0.3,41,21,8,15,8
test_03382,no_pattern,1.0,0.0,1.0,196,215,8.837209302325581,1.0,0.18220338983050846,0.3082437275985663,0.18220338983050846,1.0,0.1744186046511628,0.297029702970297,0.1744186046511628,1.0,0.27586206896551724,0.4324324324324324,0.27586206896551724,1.0,0.21333333333333335,0.3516483516483517,0.21333333333333335,1.0,0.21333333333333335,0.3516483516483517,1.0,1.0,1.0,0.0,0.24074074074074073,0.21333333333333335,0.21333333333333335,0.27586206896551724,0.4,0.4,43,15,16,26,16
test_03382,no_redundancy,0.3,0.7,0.0,443,215,106.04651162790697,1.0,0.17796610169491525,0.302158273381295,0.17796610169491525,1.0,0.2558139534883721,0.40740740740740744,0.2558139534883721,1.0,0.2413793103448276,0.3888888888888889,0.2413793103448276,1.0,0.21333333333333335,0.3516483516483517,0.21333333333333335,1.0,0.21333333333333335,0.3516483516483517,0.9375,1.0,0.9375,0.0625,0.24074074074074073,0.21333333333333335,0.21333333333333335,0.2413793103448276,0.5,0.3,42,22,16,26,16
test_03390,full_run82,0.3,0.7,1.0,149,149,0.0,1.0,0.3333333333333333,0.5,0.3333333333333333,1.0,0.3611111111111111,0.5306122448979591,0.3611111111111111,0.9090909090909091,0.5555555555555556,0.6896551724137931,0.5263157894736842,0.9166666666666666,0.5,0.6470588235294118,0.4782608695652174,0.9166666666666666,0.5,0.6470588235294118,0.9166666666666666,0.9166666666666666,0.9166666666666666,0.08333333333333337,0.5294117647058824,0.5,0.4782608695652174,0.5555555555555556,0.6666666666666666,0.6,30,13,12,19,12
test_03390,no_topic,0.0,1.0,1.0,181,149,21.476510067114095,1.0,0.3888888888888889,0.56,0.3888888888888889,1.0,0.4722222222222222,0.6415094339622641,0.4722222222222222,0.9090909090909091,0.5555555555555556,0.6896551724137931,0.5263157894736842,0.8571428571428571,0.5454545454545454,0.6666666666666665,0.5,0.8571428571428571,0.5454545454545454,0.6666666666666665,0.8571428571428571,0.9285714285714286,0.8571428571428571,0.1428571428571429,0.5882352941176471,0.5454545454545454,0.5,0.5555555555555556,0.6666666666666666,0.6,35,17,14,22,14
test_03390,no_pattern,1.0,0.0,1.0,159,149,6.7114093959731544,1.0,0.32222222222222224,0.4873949579831933,0.32222222222222224,1.0,0.3888888888888889,0.56,0.3888888888888889,1.0,0.4444444444444444,0.6153846153846153,0.4444444444444444,1.0,0.45454545454545453,0.625,0.45454545454545453,1.0,0.45454545454545453,0.625,1.0,1.0,1.0,0.0,0.47058823529411764,0.45454545454545453,0.45454545454545453,0.4444444444444444,0.5,0.5,29,14,10,16,10
test_03390,no_redundancy,0.3,0.7,0.0,387,149,159.73154362416108,1.0,0.6444444444444445,0.7837837837837839,0.6444444444444445,0.96,0.6666666666666666,0.7868852459016393,0.6486486486486487,1.0,0.6666666666666666,0.8,0.6666666666666666,1.0,0.5454545454545454,0.7058823529411764,0.5454545454545454,1.0,0.5454545454545454,0.7058823529411764,1.0,1.0,1.0,0.0,0.5294117647058824,0.5454545454545454,0.5454545454545454,0.6666666666666666,1.0,0.5,58,25,12,18,12
test_03413,full_run82,0.3,0.7,1.0,250,250,0.0,1.0,0.86,0.924731182795699,0.86,1.0,0.9130434782608695,0.9545454545454545,0.9130434782608695,1.0,0.7777777777777778,0.8750000000000001,0.7777777777777778,1.0,0.6428571428571429,0.782608695652174,0.6428571428571429,1.0,0.6428571428571429,0.782608695652174,1.0,1.0,1.0,0.0,0.6818181818181818,0.6428571428571429,0.6428571428571429,0.7777777777777778,0.75,0.6,43,21,9,15,9
test_03413,no_topic,0.0,1.0,1.0,265,250,6.0,1.0,0.86,0.924731182795699,0.86,1.0,0.9130434782608695,0.9545454545454545,0.9130434782608695,1.0,0.7777777777777778,0.8750000000000001,0.7777777777777778,1.0,0.5714285714285714,0.7272727272727273,0.5714285714285714,1.0,0.5714285714285714,0.7272727272727273,1.0,1.0,1.0,0.0,0.6363636363636364,0.5714285714285714,0.5714285714285714,0.7777777777777778,0.75,0.6,43,21,8,14,8
test_03413,no_pattern,1.0,0.0,1.0,238,250,4.8,1.0,0.94,0.9690721649484536,0.94,1.0,0.8260869565217391,0.9047619047619047,0.8260869565217391,1.0,1.0,1.0,1.0,0.9230769230769231,0.8571428571428571,0.888888888888889,0.8,0.9230769230769231,0.8571428571428571,0.888888888888889,0.8461538461538461,1.0,0.8461538461538461,0.15384615384615385,0.8636363636363636,0.8571428571428571,0.8,1.0,1.0,0.9,47,19,13,20,13
test_03413,no_redundancy,0.3,0.7,0.0,261,250,4.3999999999999995,0.975609756097561,0.8,0.8791208791208791,0.7843137254901961,1.0,0.8695652173913043,0.9302325581395349,0.8695652173913043,1.0,0.8888888888888888,0.9411764705882353,0.8888888888888888,0.8571428571428571,0.8571428571428571,0.8571428571428571,0.75,0.8571428571428571,0.8571428571428571,0.8571428571428571,0.8571428571428571,1.0,0.8571428571428571,0.1428571428571429,0.8636363636363636,0.8571428571428571,0.75,0.8888888888888888,1.0,0.8,41,20,14,20,14
test_03439,full_run82,0.3,0.7,1.0,164,164,0.0,1.0,0.1457286432160804,0.25438596491228066,0.1457286432160804,1.0,0.12195121951219512,0.21739130434782605,0.12195121951219512,1.0,0.17777777777777778,0.3018867924528302,0.17777777777777778,1.0,0.12048192771084337,0.21505376344086022,0.12048192771084337,1.0,0.12048192771084337,0.21505376344086022,1.0,1.0,1.0,0.0,0.15217391304347827,0.12048192771084337,0.12048192771084337,0.17777777777777778,0.0851063829787234,0.3,29,5,10,14,10
test_03439,no_topic,0.0,1.0,1.0,199,164,21.341463414634145,1.0,0.19095477386934673,0.3206751054852321,0.19095477386934673,1.0,0.17073170731707318,0.2916666666666667,0.17073170731707318,1.0,0.17777777777777778,0.3018867924528302,0.17777777777777778,1.0,0.13253012048192772,0.23404255319148937,0.13253012048192772,1.0,0.13253012048192772,0.23404255319148937,1.0,1.0,1.0,0.0,0.16304347826086957,0.13253012048192772,0.13253012048192772,0.17777777777777778,0.0851063829787234,0.3,38,7,11,15,11
test_03439,no_pattern,1.0,0.0,1.0,114,164,30.48780487804878,0.95,0.09547738693467336,0.1735159817351598,0.095,1.0,0.0975609756097561,0.17777777777777776,0.0975609756097561,1.0,0.1111111111111111,0.19999999999999998,0.1111111111111111,1.0,0.0963855421686747,0.1758241758241758,0.0963855421686747,1.0,0.0963855421686747,0.1758241758241758,1.0,1.0,1.0,0.0,0.14130434782608695,0.0963855421686747,0.0963855421686747,0.1111111111111111,0.0851063829787234,0.3,20,4,8,13,8
test_03439,no_redundancy,0.3,0.7,0.0,308,164,87.8048780487805,1.0,0.22110552763819097,0.36213991769547327,0.22110552763819097,1.0,0.1951219512195122,0.326530612244898,0.1951219512195122,1.0,0.2222222222222222,0.3636363636363636,0.2222222222222222,0.8461538461538461,0.13253012048192772,0.22916666666666669,0.12941176470588237,0.8461538461538461,0.13253012048192772,0.22916666666666669,1.0,0.9230769230769231,0.9230769230769231,0.07692307692307687,0.22826086956521738,0.13253012048192772,0.12941176470588237,0.2222222222222222,0.06382978723404255,0.2,44,8,13,22,13
test_03464,full_run82,0.3,0.7,1.0,157,157,0.0,1.0,0.116751269035533,0.2090909090909091,0.116751269035533,1.0,0.16666666666666666,0.2857142857142857,0.16666666666666666,1.0,0.13157894736842105,0.23255813953488372,0.13157894736842105,0.6666666666666666,0.07272727272727272,0.13114754098360654,0.07017543859649122,1.0,0.10909090909090909,0.19672131147540983,0.8333333333333334,1.0,0.8333333333333334,0.16666666666666663,0.11842105263157894,0.07272727272727272,0.07017543859649122,0.13157894736842105,0.23076923076923078,0.3,23,11,6,10,6
test_03464,no_topic,0.0,1.0,1.0,222,157,41.40127388535032,0.9411764705882353,0.16243654822335024,0.277056277056277,0.16080402010050251,1.0,0.2878787878787879,0.4470588235294118,0.2878787878787879,0.8,0.10526315789473684,0.18604651162790697,0.10256410256410256,0.8333333333333334,0.09090909090909091,0.16393442622950818,0.08928571428571429,0.8333333333333334,0.09090909090909091,0.16393442622950818,0.8333333333333334,0.8333333333333334,0.8333333333333334,0.16666666666666663,0.13157894736842105,0.09090909090909091,0.08928571428571429,0.10526315789473684,0.15384615384615385,0.1,34,19,6,12,6
test_03464,no_pattern,1.0,0.0,1.0,107,157,31.84713375796178,1.0,0.09137055837563451,0.16744186046511628,0.09137055837563451,0.9090909090909091,0.15151515151515152,0.25974025974025977,0.14925373134328357,1.0,0.10526315789473684,0.1904761904761905,0.10526315789473684,0.6666666666666666,0.07272727272727272,0.13114754098360654,0.07017543859649122,1.0,0.10909090909090909,0.19672131147540983,0.8333333333333334,1.0,0.8333333333333334,0.16666666666666663,0.13157894736842105,0.07272727272727272,0.07017543859649122,0.10526315789473684,0.23076923076923078,0.2,18,11,6,11,6
test_03464,no_redundancy,0.3,0.7,0.0,306,157,94.90445859872611,1.0,0.20304568527918782,0.33755274261603374,0.20304568527918782,1.0,0.21212121212121213,0.35,0.21212121212121213,1.0,0.2894736842105263,0.4489795918367347,0.2894736842105263,0.8666666666666667,0.23636363636363636,0.37142857142857144,0.22807017543859648,0.9333333333333333,0.2545454545454545,0.3999999999999999,1.0,0.9333333333333333,0.9333333333333333,0.06666666666666665,0.23684210526315788,0.23636363636363636,0.22807017543859648,0.2894736842105263,0.5384615384615384,0.2,40,14,15,20,15
test_03470,full_run82,0.3,0.7,1.0,184,184,0.0,1.0,0.13445378151260504,0.23703703703703705,0.13445378151260504,1.0,0.19642857142857142,0.3283582089552239,0.19642857142857142,1.0,0.18421052631578946,0.3111111111111111,0.18421052631578946,0.8888888888888888,0.14814814814814814,0.25396825396825395,0.14545454545454545,1.0,0.16666666666666666,0.2857142857142857,1.0,1.0,1.0,0.0,0.20270270270270271,0.14814814814814814,0.14545454545454545,0.18421052631578946,0.3333333333333333,0.2,32,11,9,16,9
test_03470,no_topic,0.0,1.0,1.0,213,184,15.760869565217392,1.0,0.1638655462184874,0.2815884476534296,0.1638655462184874,1.0,0.16071428571428573,0.27692307692307694,0.16071428571428573,1.0,0.15789473684210525,0.2727272727272727,0.15789473684210525,1.0,0.14814814814814814,0.25806451612903225,0.14814814814814814,1.0,0.14814814814814814,0.25806451612903225,1.0,1.0,1.0,0.0,0.20270270270270271,0.14814814814814814,0.14814814814814814,0.15789473684210525,0.3333333333333333,0.2,39,9,8,15,8
test_03470,no_pattern,1.0,0.0,1.0,176,184,4.3478260869565215,1.0,0.12184873949579832,0.21722846441947566,0.12184873949579832,1.0,0.16071428571428573,0.27692307692307694,0.16071428571428573,1.0,0.13157894736842105,0.23255813953488372,0.13157894736842105,0.8571428571428571,0.1111111111111111,0.19672131147540986,0.10909090909090909,1.0,0.12962962962962962,0.22950819672131148,1.0,1.0,1.0,0.0,0.12162162162162163,0.1111111111111111,0.10909090909090909,0.13157894736842105,0.4444444444444444,0.3,29,9,7,10,7
test_03470,no_redundancy,0.3,0.7,0.0,386,184,109.78260869565217,1.0,0.3025210084033613,0.46451612903225803,0.3025210084033613,1.0,0.30357142857142855,0.4657534246575342,0.30357142857142855,1.0,0.2631578947368421,0.4166666666666667,0.2631578947368421,1.0,0.2222222222222222,0.3636363636363636,0.2222222222222222,1.0,0.2222222222222222,0.3636363636363636,1.0,1.0,1.0,0.0,0.28378378378378377,0.2222222222222222,0.2222222222222222,0.2631578947368421,0.4444444444444444,0.4,72,17,12,21,12
test_03485,full_run82,0.3,0.7,1.0,223,223,0.0,1.0,0.11764705882352941,0.21052631578947367,0.11764705882352941,1.0,0.24358974358974358,0.3917525773195876,0.24358974358974358,1.0,0.09803921568627451,0.17857142857142855,0.09803921568627451,1.0,0.16,0.2758620689655173,0.16,1.0,0.16,0.2758620689655173,1.0,1.0,1.0,0.0,0.16964285714285715,0.16,0.16,0.09803921568627451,0.36363636363636365,0.3,38,19,12,19,12
test_03485,no_topic,0.0,1.0,1.0,364,223,63.22869955156951,1.0,0.21052631578947367,0.34782608695652173,0.21052631578947367,1.0,0.28205128205128205,0.44000000000000006,0.28205128205128205,1.0,0.23529411764705882,0.38095238095238093,0.23529411764705882,1.0,0.21333333333333335,0.3516483516483517,0.21333333333333335,1.0,0.21333333333333335,0.3516483516483517,1.0,0.9375,0.9375,0.0625,0.20535714285714285,0.21333333333333335,0.21333333333333335,0.23529411764705882,0.36363636363636365,0.5,68,22,16,23,16
test_03485,no_pattern,1.0,0.0,1.0,188,223,15.695067264573993,1.0,0.09597523219814241,0.1751412429378531,0.09597523219814241,1.0,0.20512820512820512,0.3404255319148936,0.20512820512820512,1.0,0.17647058823529413,0.3,0.17647058823529413,1.0,0.16,0.2758620689655173,0.16,1.0,0.16,0.2758620689655173,1.0,1.0,1.0,0.0,0.17857142857142858,0.16,0.16,0.17647058823529413,0.2727272727272727,0.3,31,16,12,20,12
test_03485,no_redundancy,0.3,0.7,0.0,350,223,56.95067264573991,0.9821428571428571,0.17027863777089783,0.29023746701846964,0.1697530864197531,1.0,0.3076923076923077,0.47058823529411764,0.3076923076923077,1.0,0.1568627450980392,0.2711864406779661,0.1568627450980392,1.0,0.16,0.2758620689655173,0.16,1.0,0.16,0.2758620689655173,1.0,1.0,1.0,0.0,0.15178571428571427,0.16,0.16,0.1568627450980392,0.6363636363636364,0.2,56,24,12,17,12
test_03492,full_run82,0.3,0.7,1.0,126,126,0.0,1.0,1.0,1.0,1.0,1.0,1.0,1.0,1.0,1.0,1.0,1.0,1.0,1.0,1.0,1.0,1.0,1.0,1.0,1.0,1.0,1.0,1.0,0.0,1.0,1.0,1.0,1.0,1.0,1.0,18,4,8,12,8
test_03492,no_topic,0.0,1.0,1.0,126,126,0.0,1.0,1.0,1.0,1.0,1.0,1.0,1.0,1.0,1.0,1.0,1.0,1.0,1.0,1.0,1.0,1.0,1.0,1.0,1.0,1.0,1.0,1.0,0.0,1.0,1.0,1.0,1.0,1.0,1.0,18,4,8,12,8
test_03492,no_pattern,1.0,0.0,1.0,126,126,0.0,1.0,1.0,1.0,1.0,1.0,1.0,1.0,1.0,1.0,1.0,1.0,1.0,1.0,1.0,1.0,1.0,1.0,1.0,1.0,1.0,1.0,1.0,0.0,1.0,1.0,1.0,1.0,1.0,1.0,18,4,8,12,8
test_03492,no_redundancy,0.3,0.7,0.0,126,126,0.0,1.0,1.0,1.0,1.0,1.0,1.0,1.0,1.0,1.0,1.0,1.0,1.0,1.0,1.0,1.0,1.0,1.0,1.0,1.0,1.0,1.0,1.0,0.0,1.0,1.0,1.0,1.0,1.0,1.0,18,4,8,12,8
test_03530,full_run82,0.3,0.7,1.0,338,338,0.0,0.9807692307692307,0.15178571428571427,0.2628865979381443,0.1513353115727003,1.0,0.27692307692307694,0.4337349397590362,0.27692307692307694,0.9090909090909091,0.16129032258064516,0.273972602739726,0.15873015873015872,0.9230769230769231,0.11428571428571428,0.20338983050847456,0.11320754716981132,0.9230769230769231,0.11428571428571428,0.20338983050847456,0.9230769230769231,0.9230769230769231,0.9230769230769231,0.07692307692307687,0.1532258064516129,0.11428571428571428,0.11320754716981132,0.16129032258064516,0.20833333333333334,0.2,52,36,13,21,13
test_03530,no_topic,0.0,1.0,1.0,358,338,5.9171597633136095,1.0,0.18154761904761904,0.3073047858942065,0.18154761904761904,0.9722222222222222,0.2692307692307692,0.4216867469879517,0.26717557251908397,1.0,0.16129032258064516,0.27777777777777773,0.16129032258064516,1.0,0.11428571428571428,0.20512820512820512,0.11428571428571428,1.0,0.11428571428571428,0.20512820512820512,1.0,1.0,1.0,0.0,0.16129032258064516,0.11428571428571428,0.11428571428571428,0.16129032258064516,0.16666666666666666,0.2,61,36,12,20,12
test_03530,no_pattern,1.0,0.0,1.0,95,338,71.89349112426035,1.0,0.03273809523809524,0.06340057636887608,0.03273809523809524,1.0,0.038461538461538464,0.07407407407407407,0.038461538461538464,1.0,0.04838709677419355,0.09230769230769231,0.04838709677419355,1.0,0.05714285714285714,0.1081081081081081,0.05714285714285714,1.0,0.05714285714285714,0.1081081081081081,1.0,1.0,1.0,0.0,0.08064516129032258,0.05714285714285714,0.05714285714285714,0.04838709677419355,0.16666666666666666,0.2,11,5,6,10,6
test_03530,no_redundancy,0.3,0.7,0.0,557,338,64.79289940828401,1.0,0.12202380952380952,0.21750663129973474,0.12202380952380952,1.0,0.17692307692307693,0.3006535947712418,0.17692307692307693,1.0,0.16129032258064516,0.27777777777777773,0.16129032258064516,1.0,0.14285714285714285,0.25,0.14285714285714285,1.0,0.14285714285714285,0.25,1.0,1.0,1.0,0.0,0.1532258064516129,0.14285714285714285,0.14285714285714285,0.16129032258064516,0.3333333333333333,0.3,41,23,15,19,15
test_03557,full_run82,0.3,0.7,1.0,260,260,0.0,1.0,1.0,1.0,1.0,1.0,1.0,1.0,1.0,1.0,1.0,1.0,1.0,1.0,1.0,1.0,1.0,1.0,1.0,1.0,1.0,1.0,1.0,0.0,1.0,1.0,1.0,1.0,1.0,1.0,41,19,16,23,16
test_03557,no_topic,0.0,1.0,1.0,260,260,0.0,1.0,1.0,1.0,1.0,1.0,1.0,1.0,1.0,1.0,1.0,1.0,1.0,1.0,1.0,1.0,1.0,1.0,1.0,1.0,1.0,1.0,1.0,0.0,1.0,1.0,1.0,1.0,1.0,1.0,41,19,16,23,16
test_03557,no_pattern,1.0,0.0,1.0,260,260,0.0,1.0,1.0,1.0,1.0,1.0,1.0,1.0,1.0,1.0,1.0,1.0,1.0,1.0,1.0,1.0,1.0,1.0,1.0,1.0,1.0,1.0,1.0,0.0,1.0,1.0,1.0,1.0,1.0,1.0,41,19,16,23,16
test_03557,no_redundancy,0.3,0.7,0.0,260,260,0.0,1.0,1.0,1.0,1.0,1.0,1.0,1.0,1.0,1.0,1.0,1.0,1.0,1.0,1.0,1.0,1.0,1.0,1.0,1.0,1.0,1.0,1.0,0.0,1.0,1.0,1.0,1.0,1.0,1.0,41,19,16,23,16
test_03570,full_run82,0.3,0.7,1.0,358,358,0.0,1.0,0.6226415094339622,0.7674418604651162,0.6226415094339622,1.0,0.6470588235294118,0.7857142857142858,0.6470588235294118,1.0,0.23809523809523808,0.3846153846153846,0.23809523809523808,1.0,0.23076923076923078,0.375,0.23076923076923078,1.0,0.23076923076923078,0.375,1.0,1.0,1.0,0.0,0.2857142857142857,0.23076923076923078,0.23076923076923078,0.23809523809523808,0.2727272727272727,0.5,66,22,6,10,6
test_03570,no_topic,0.0,1.0,1.0,360,358,0.5586592178770949,1.0,0.6037735849056604,0.7529411764705882,0.6037735849056604,1.0,0.7352941176470589,0.8474576271186441,0.7352941176470589,1.0,0.3333333333333333,0.5,0.3333333333333333,1.0,0.34615384615384615,0.5142857142857142,0.34615384615384615,1.0,0.34615384615384615,0.5142857142857142,1.0,1.0,1.0,0.0,0.4,0.34615384615384615,0.34615384615384615,0.3333333333333333,0.36363636363636365,0.5,64,25,9,14,9
test_03570,no_pattern,1.0,0.0,1.0,308,358,13.966480446927374,1.0,0.5,0.6666666666666666,0.5,1.0,0.5294117647058824,0.6923076923076924,0.5294117647058824,1.0,0.3333333333333333,0.5,0.3333333333333333,1.0,0.3076923076923077,0.47058823529411764,0.3076923076923077,1.0,0.3076923076923077,0.47058823529411764,1.0,1.0,1.0,0.0,0.37142857142857144,0.3076923076923077,0.3076923076923077,0.3333333333333333,0.36363636363636365,0.3,53,18,8,13,8
test_03570,no_redundancy,0.3,0.7,0.0,373,358,4.189944134078212,1.0,0.6226415094339622,0.7674418604651162,0.6226415094339622,1.0,0.7941176470588235,0.8852459016393442,0.7941176470588235,1.0,0.6190476190476191,0.7647058823529412,0.6190476190476191,1.0,0.6538461538461539,0.7906976744186047,0.6538461538461539,1.0,0.6538461538461539,0.7906976744186047,1.0,1.0,1.0,0.0,0.6,0.6538461538461539,0.6538461538461539,0.6190476190476191,1.0,0.8,66,27,17,21,17
test_03571,full_run82,0.3,0.7,1.0,167,167,0.0,1.0,0.19170984455958548,0.3217391304347826,0.19170984455958548,1.0,0.20652173913043478,0.34234234234234234,0.20652173913043478,1.0,0.1891891891891892,0.3181818181818182,0.1891891891891892,1.0,0.17777777777777778,0.3018867924528302,0.17777777777777778,1.0,0.17777777777777778,0.3018867924528302,1.0,1.0,1.0,0.0,0.18840579710144928,0.17777777777777778,0.17777777777777778,0.1891891891891892,0.6666666666666666,0.3,37,19,8,13,8
test_03571,no_topic,0.0,1.0,1.0,230,167,37.72455089820359,1.0,0.22797927461139897,0.37130801687763715,0.22797927461139897,1.0,0.2826086956521739,0.4406779661016949,0.2826086956521739,1.0,0.24324324324324326,0.391304347826087,0.24324324324324326,1.0,0.2222222222222222,0.3636363636363636,0.2222222222222222,1.0,0.2222222222222222,0.3636363636363636,1.0,1.0,1.0,0.0,0.2318840579710145,0.2222222222222222,0.2222222222222222,0.24324324324324326,0.6666666666666666,0.3,44,26,10,16,10
test_03571,no_pattern,1.0,0.0,1.0,157,167,5.9880239520958085,0.9333333333333333,0.14507772020725387,0.2511210762331838,0.14358974358974358,1.0,0.16304347826086957,0.2803738317757009,0.16304347826086957,1.0,0.1891891891891892,0.3181818181818182,0.1891891891891892,1.0,0.2,0.33333333333333337,0.2,1.0,0.2,0.33333333333333337,1.0,1.0,1.0,0.0,0.21739130434782608,0.2,0.2,0.1891891891891892,0.6666666666666666,0.2,30,15,9,15,9
test_03571,no_redundancy,0.3,0.7,0.0,447,167,167.6646706586826,1.0,0.31088082901554404,0.4743083003952569,0.31088082901554404,0.9714285714285714,0.3695652173913043,0.5354330708661418,0.3655913978494624,1.0,0.24324324324324326,0.391304347826087,0.24324324324324326,1.0,0.28888888888888886,0.4482758620689655,0.28888888888888886,1.0,0.28888888888888886,0.4482758620689655,0.8461538461538461,1.0,0.8461538461538461,0.15384615384615385,0.2608695652173913,0.28888888888888886,0.28888888888888886,0.24324324324324326,0.8333333333333334,0.4,60,35,13,18,13
test_03579,full_run82,0.3,0.7,1.0,178,178,0.0,1.0,0.08504398826979472,0.15675675675675677,0.08504398826979472,1.0,0.1319796954314721,0.2331838565022422,0.1319796954314721,1.0,0.11764705882352941,0.21052631578947367,0.11764705882352941,1.0,0.11458333333333333,0.205607476635514,0.11458333333333333,1.0,0.11458333333333333,0.205607476635514,1.0,1.0,1.0,0.0,0.1079136690647482,0.11458333333333333,0.11458333333333333,0.11764705882352941,0.5714285714285714,0.1,29,26,11,15,11
test_03579,no_topic,0.0,1.0,1.0,181,178,1.6853932584269662,0.9411764705882353,0.093841642228739,0.1706666666666667,0.09329446064139942,1.0,0.116751269035533,0.2090909090909091,0.116751269035533,1.0,0.04411764705882353,0.08450704225352113,0.04411764705882353,1.0,0.052083333333333336,0.09900990099009901,0.052083333333333336,1.0,0.052083333333333336,0.09900990099009901,1.0,1.0,1.0,0.0,0.04316546762589928,0.052083333333333336,0.052083333333333336,0.04411764705882353,0.5714285714285714,0.0,34,23,5,6,5
test_03579,no_pattern,1.0,0.0,1.0,141,178,20.786516853932586,1.0,0.07038123167155426,0.1315068493150685,0.07038123167155426,1.0,0.10152284263959391,0.18433179723502302,0.10152284263959391,1.0,0.08823529411764706,0.1621621621621622,0.08823529411764706,1.0,0.0625,0.11764705882352941,0.0625,1.0,0.0625,0.11764705882352941,1.0,1.0,1.0,0.0,0.06474820143884892,0.0625,0.0625,0.08823529411764706,0.7142857142857143,0.2,24,20,6,9,6
test_03579,no_redundancy,0.3,0.7,0.0,450,178,152.80898876404493,0.987012987012987,0.22287390029325513,0.36363636363636365,0.2222222222222222,1.0,0.233502538071066,0.3786008230452675,0.233502538071066,1.0,0.14705882352941177,0.25641025641025644,0.14705882352941177,1.0,0.1875,0.3157894736842105,0.1875,1.0,0.1875,0.3157894736842105,1.0,1.0,1.0,0.0,0.17985611510791366,0.1875,0.1875,0.14705882352941177,0.5714285714285714,0.2,77,46,18,25,18
test_03620,full_run82,0.3,0.7,1.0,329,329,0.0,1.0,0.8363636363636363,0.9108910891089108,0.8363636363636363,1.0,0.875,0.9333333333333333,0.875,1.0,0.42857142857142855,0.6,0.42857142857142855,1.0,0.42857142857142855,0.6,0.42857142857142855,1.0,0.42857142857142855,0.6,1.0,1.0,1.0,0.0,0.5454545454545454,0.42857142857142855,0.42857142857142855,0.42857142857142855,0.6666666666666666,0.5,46,14,3,6,3
test_03620,no_topic,0.0,1.0,1.0,347,329,5.47112462006079,1.0,0.7818181818181819,0.8775510204081634,0.7818181818181819,1.0,0.875,0.9333333333333333,0.875,1.0,0.5714285714285714,0.7272727272727273,0.5714285714285714,1.0,0.5714285714285714,0.7272727272727273,0.5714285714285714,1.0,0.5714285714285714,0.7272727272727273,1.0,1.0,1.0,0.0,0.7272727272727273,0.5714285714285714,0.5714285714285714,0.5714285714285714,0.6666666666666666,0.7,43,14,4,8,4
test_03620,no_pattern,1.0,0.0,1.0,286,329,13.069908814589665,1.0,0.7454545454545455,0.8541666666666666,0.7454545454545455,1.0,0.625,0.7692307692307693,0.625,1.0,0.5714285714285714,0.7272727272727273,0.5714285714285714,1.0,0.5714285714285714,0.7272727272727273,0.5714285714285714,1.0,0.5714285714285714,0.7272727272727273,1.0,1.0,1.0,0.0,0.7272727272727273,0.5714285714285714,0.5714285714285714,0.5714285714285714,0.6666666666666666,0.7,41,10,4,8,4
test_03620,no_redundancy,0.3,0.7,0.0,326,329,0.911854103343465,1.0,0.7090909090909091,0.8297872340425533,0.7090909090909091,1.0,0.875,0.9333333333333333,0.875,1.0,0.8571428571428571,0.923076923076923,0.8571428571428571,1.0,0.8571428571428571,0.923076923076923,0.8571428571428571,1.0,0.8571428571428571,0.923076923076923,1.0,1.0,1.0,0.0,0.9090909090909091,0.8571428571428571,0.8571428571428571,0.8571428571428571,0.6666666666666666,0.9,39,14,6,10,6
test_03627,full_run82,0.3,0.7,1.0,478,478,0.0,1.0,0.9166666666666666,0.9565217391304348,0.9166666666666666,1.0,0.8979591836734694,0.9462365591397849,0.8979591836734694,0.875,1.0,0.9333333333333333,0.875,0.875,0.7777777777777778,0.823529411764706,0.7,0.875,0.7777777777777778,0.823529411764706,0.875,0.875,0.875,0.125,0.7857142857142857,0.7777777777777778,0.7,1.0,1.0,0.7,77,44,8,13,8
test_03627,no_topic,0.0,1.0,1.0,478,478,0.0,1.0,0.9166666666666666,0.9565217391304348,0.9166666666666666,1.0,0.8979591836734694,0.9462365591397849,0.8979591836734694,0.875,1.0,0.9333333333333333,0.875,0.875,0.7777777777777778,0.823529411764706,0.7,0.875,0.7777777777777778,0.823529411764706,0.875,0.875,0.875,0.125,0.7857142857142857,0.7777777777777778,0.7,1.0,1.0,0.7,77,44,8,13,8
test_03627,no_pattern,1.0,0.0,1.0,325,478,32.00836820083682,1.0,0.6071428571428571,0.7555555555555554,0.6071428571428571,1.0,0.5510204081632653,0.7105263157894737,0.5510204081632653,1.0,1.0,1.0,1.0,1.0,0.7777777777777778,0.8750000000000001,0.7777777777777778,1.0,0.7777777777777778,0.8750000000000001,1.0,1.0,1.0,0.0,0.8571428571428571,0.7777777777777778,0.7777777777777778,1.0,0.75,0.8,51,27,7,12,7
test_03627,no_redundancy,0.3,0.7,0.0,507,478,6.066945606694561,1.0,0.9047619047619048,0.9500000000000001,0.9047619047619048,1.0,0.9183673469387755,0.9574468085106383,0.9183673469387755,0.6666666666666666,0.8571428571428571,0.75,0.6,0.5454545454545454,0.6666666666666666,0.6,0.42857142857142855,0.5454545454545454,0.6666666666666666,0.6,0.5454545454545454,0.5454545454545454,0.5454545454545454,0.4545454545454546,0.7142857142857143,0.6666666666666666,0.42857142857142855,0.8571428571428571,1.5,0.7,76,45,11,14,11
test_03635,full_run82,0.3,0.7,1.0,339,339,0.0,1.0,0.45263157894736844,0.6231884057971014,0.45263157894736844,1.0,0.5588235294117647,0.7169811320754718,0.5588235294117647,1.0,0.5,0.6666666666666666,0.5,1.0,0.5,0.6666666666666666,0.5,1.0,0.5,0.6666666666666666,1.0,1.0,1.0,0.0,0.4864864864864865,0.5,0.5,0.5,0.6666666666666666,0.6,43,19,13,18,13
test_03635,no_topic,0.0,1.0,1.0,376,339,10.914454277286136,0.9787234042553191,0.4842105263157895,0.647887323943662,0.4791666666666667,1.0,0.6470588235294118,0.7857142857142858,0.6470588235294118,1.0,0.35,0.5185185185185185,0.35,1.0,0.4230769230769231,0.5945945945945945,0.4230769230769231,1.0,0.4230769230769231,0.5945945945945945,1.0,1.0,1.0,0.0,0.43243243243243246,0.4230769230769231,0.4230769230769231,0.35,0.4444444444444444,0.6,47,22,11,16,11
test_03635,no_pattern,1.0,0.0,1.0,206,339,39.233038348082594,1.0,0.3684210526315789,0.5384615384615384,0.3684210526315789,1.0,0.35294117647058826,0.5217391304347826,0.35294117647058826,1.0,0.4,0.5714285714285715,0.4,1.0,0.3076923076923077,0.47058823529411764,0.3076923076923077,1.0,0.3076923076923077,0.47058823529411764,1.0,1.0,1.0,0.0,0.40540540540540543,0.3076923076923077,0.3076923076923077,0.4,0.3333333333333333,0.2,35,12,8,15,8
test_03635,no_redundancy,0.3,0.7,0.0,447,339,31.858407079646017,0.9807692307692307,0.5368421052631579,0.6938775510204082,0.53125,1.0,0.6764705882352942,0.8070175438596492,0.6764705882352942,1.0,0.5,0.6666666666666666,0.5,0.9333333333333333,0.5384615384615384,0.6829268292682926,0.5185185185185185,0.9333333333333333,0.5384615384615384,0.6829268292682926,0.9333333333333333,0.9333333333333333,0.9333333333333333,0.06666666666666665,0.5135135135135135,0.5384615384615384,0.5185185185185185,0.5,0.6666666666666666,0.8,52,23,15,21,15
test_03643,full_run82,0.3,0.7,1.0,163,163,0.0,1.0,0.13875598086124402,0.24369747899159666,0.13875598086124402,1.0,0.11267605633802817,0.20253164556962025,0.11267605633802817,1.0,0.19230769230769232,0.32258064516129037,0.19230769230769232,1.0,0.15873015873015872,0.27397260273972607,0.15873015873015872,1.0,0.15873015873015872,0.27397260273972607,1.0,1.0,1.0,0.0,0.21428571428571427,0.15873015873015872,0.15873015873015872,0.19230769230769232,0.11538461538461539,0.1,29,8,10,18,10
test_03643,no_topic,0.0,1.0,1.0,222,163,36.19631901840491,1.0,0.19138755980861244,0.32128514056224894,0.19138755980861244,1.0,0.2112676056338028,0.3488372093023256,0.2112676056338028,1.0,0.23076923076923078,0.375,0.23076923076923078,1.0,0.19047619047619047,0.32,0.19047619047619047,1.0,0.19047619047619047,0.32,1.0,1.0,1.0,0.0,0.25,0.19047619047619047,0.19047619047619047,0.23076923076923078,0.11538461538461539,0.1,40,15,12,21,12
test_03643,no_pattern,1.0,0.0,1.0,144,163,11.65644171779141,1.0,0.12440191387559808,0.22127659574468084,0.12440191387559808,1.0,0.07042253521126761,0.13157894736842107,0.07042253521126761,1.0,0.19230769230769232,0.32258064516129037,0.19230769230769232,1.0,0.15873015873015872,0.27397260273972607,0.15873015873015872,1.0,0.15873015873015872,0.27397260273972607,1.0,1.0,1.0,0.0,0.20238095238095238,0.15873015873015872,0.15873015873015872,0.19230769230769232,0.11538461538461539,0.2,26,5,10,17,10
test_03643,no_redundancy,0.3,0.7,0.0,344,163,111.04294478527608,1.0,0.27751196172248804,0.4344569288389514,0.27751196172248804,1.0,0.29577464788732394,0.45652173913043476,0.29577464788732394,1.0,0.25,0.4,0.25,1.0,0.25396825396825395,0.4050632911392405,0.25396825396825395,1.0,0.25396825396825395,0.4050632911392405,0.9375,1.0,0.9375,0.0625,0.25,0.25396825396825395,0.25396825396825395,0.25,0.34615384615384615,0.6,58,21,16,21,16
test_03649,full_run82,0.3,0.7,1.0,295,295,0.0,1.0,0.6419753086419753,0.7819548872180451,0.6419753086419753,1.0,0.7272727272727273,0.8421052631578948,0.7272727272727273,1.0,0.8,0.888888888888889,0.8,1.0,0.65,0.787878787878788,0.65,1.0,0.65,0.787878787878788,1.0,1.0,1.0,0.0,0.7,0.65,0.65,0.8,0.8,0.6,52,32,13,21,13
test_03649,no_topic,0.0,1.0,1.0,306,295,3.728813559322034,0.98,0.6049382716049383,0.7480916030534351,0.5975609756097561,1.0,0.75,0.8571428571428571,0.75,1.0,0.5333333333333333,0.6956521739130436,0.5333333333333333,1.0,0.4,0.5714285714285715,0.4,1.0,0.4,0.5714285714285715,1.0,1.0,1.0,0.0,0.43333333333333335,0.4,0.4,0.5333333333333333,0.6,0.3,50,33,8,13,8
test_03649,no_pattern,1.0,0.0,1.0,252,295,14.576271186440678,1.0,0.5308641975308642,0.6935483870967741,0.5308641975308642,1.0,0.6136363636363636,0.7605633802816901,0.6136363636363636,1.0,0.3333333333333333,0.5,0.3333333333333333,1.0,0.3,0.4615384615384615,0.3,1.0,0.3,0.4615384615384615,1.0,1.0,1.0,0.0,0.36666666666666664,0.3,0.3,0.3333333333333333,0.6,0.4,43,27,6,11,6
test_03649,no_redundancy,0.3,0.7,0.0,329,295,11.525423728813559,0.9803921568627451,0.6172839506172839,0.7575757575757576,0.6097560975609756,1.0,0.6363636363636364,0.7777777777777778,0.6363636363636364,0.8181818181818182,0.6,0.6923076923076923,0.5294117647058824,0.8181818181818182,0.45,0.5806451612903226,0.4090909090909091,0.8181818181818182,0.45,0.5806451612903226,0.8181818181818182,0.8181818181818182,0.8181818181818182,0.18181818181818177,0.5333333333333333,0.45,0.4090909090909091,0.6,0.6,0.3,51,28,11,19,11
test_03657,full_run82,0.3,0.7,1.0,140,140,0.0,1.0,1.0,1.0,1.0,1.0,1.0,1.0,1.0,1.0,1.0,1.0,1.0,1.0,1.0,1.0,1.0,1.0,1.0,1.0,1.0,1.0,1.0,0.0,1.0,1.0,1.0,1.0,1.0,1.0,21,11,3,5,3
test_03657,no_topic,0.0,1.0,1.0,140,140,0.0,1.0,1.0,1.0,1.0,1.0,1.0,1.0,1.0,1.0,1.0,1.0,1.0,1.0,1.0,1.0,1.0,1.0,1.0,1.0,1.0,1.0,1.0,0.0,1.0,1.0,1.0,1.0,1.0,1.0,21,11,3,5,3
test_03657,no_pattern,1.0,0.0,1.0,140,140,0.0,1.0,1.0,1.0,1.0,1.0,1.0,1.0,1.0,1.0,1.0,1.0,1.0,1.0,1.0,1.0,1.0,1.0,1.0,1.0,1.0,1.0,1.0,0.0,1.0,1.0,1.0,1.0,1.0,1.0,21,11,3,5,3
test_03657,no_redundancy,0.3,0.7,0.0,140,140,0.0,1.0,1.0,1.0,1.0,1.0,1.0,1.0,1.0,1.0,1.0,1.0,1.0,1.0,1.0,1.0,1.0,1.0,1.0,1.0,1.0,1.0,1.0,0.0,1.0,1.0,1.0,1.0,1.0,1.0,21,11,3,5,3
test_03659,full_run82,0.3,0.7,1.0,145,145,0.0,1.0,0.24615384615384617,0.39506172839506176,0.24615384615384617,1.0,0.1509433962264151,0.26229508196721313,0.1509433962264151,1.0,0.2564102564102564,0.4081632653061224,0.2564102564102564,1.0,0.22,0.36065573770491804,0.22,1.0,0.22,0.36065573770491804,1.0,1.0,1.0,0.0,0.2753623188405797,0.22,0.22,0.2564102564102564,0.4,0.3,32,8,11,19,11
test_03659,no_topic,0.0,1.0,1.0,234,145,61.37931034482759,1.0,0.3230769230769231,0.48837209302325585,0.3230769230769231,1.0,0.32075471698113206,0.4857142857142857,0.32075471698113206,1.0,0.2564102564102564,0.4081632653061224,0.2564102564102564,1.0,0.22,0.36065573770491804,0.22,1.0,0.22,0.36065573770491804,1.0,1.0,1.0,0.0,0.2463768115942029,0.22,0.22,0.2564102564102564,0.4,0.3,42,17,11,17,11
test_03659,no_pattern,1.0,0.0,1.0,154,145,6.206896551724138,1.0,0.24615384615384617,0.39506172839506176,0.24615384615384617,1.0,0.1509433962264151,0.26229508196721313,0.1509433962264151,1.0,0.2564102564102564,0.4081632653061224,0.2564102564102564,1.0,0.2,0.33333333333333337,0.2,1.0,0.2,0.33333333333333337,1.0,1.0,1.0,0.0,0.2318840579710145,0.2,0.2,0.2564102564102564,0.6,0.3,32,8,10,16,10
test_03659,no_redundancy,0.3,0.7,0.0,391,145,169.6551724137931,1.0,0.5,0.6666666666666666,0.5,1.0,0.5283018867924528,0.6913580246913581,0.5283018867924528,1.0,0.358974358974359,0.5283018867924528,0.358974358974359,1.0,0.32,0.48484848484848486,0.32,1.0,0.32,0.48484848484848486,1.0,1.0,1.0,0.0,0.36231884057971014,0.32,0.32,0.358974358974359,0.5,0.3,65,28,16,25,16
test_03669,full_run82,0.3,0.7,1.0,191,191,0.0,1.0,0.20134228187919462,0.33519553072625696,0.20134228187919462,1.0,0.23076923076923078,0.375,0.23076923076923078,1.0,0.3333333333333333,0.5,0.3333333333333333,1.0,0.22727272727272727,0.37037037037037035,0.22727272727272727,1.0,0.22727272727272727,0.37037037037037035,1.0,1.0,1.0,0.0,0.2631578947368421,0.22727272727272727,0.22727272727272727,0.3333333333333333,0.5,0.2,30,9,5,10,5
test_03669,no_topic,0.0,1.0,1.0,218,191,14.136125654450263,1.0,0.2751677852348993,0.43157894736842106,0.2751677852348993,1.0,0.2564102564102564,0.4081632653061224,0.2564102564102564,1.0,0.26666666666666666,0.4210526315789474,0.26666666666666666,1.0,0.22727272727272727,0.37037037037037035,0.22727272727272727,1.0,0.22727272727272727,0.37037037037037035,1.0,1.0,1.0,0.0,0.23684210526315788,0.22727272727272727,0.22727272727272727,0.26666666666666666,0.75,0.4,41,10,5,9,5
test_03669,no_pattern,1.0,0.0,1.0,211,191,10.471204188481675,0.9696969696969697,0.21476510067114093,0.3516483516483517,0.21333333333333335,1.0,0.3333333333333333,0.5,0.3333333333333333,1.0,0.26666666666666666,0.4210526315789474,0.26666666666666666,1.0,0.22727272727272727,0.37037037037037035,0.22727272727272727,1.0,0.22727272727272727,0.37037037037037035,1.0,1.0,1.0,0.0,0.2631578947368421,0.22727272727272727,0.22727272727272727,0.26666666666666666,0.5,0.2,33,13,5,10,5
test_03669,no_redundancy,0.3,0.7,0.0,327,191,71.20418848167539,1.0,0.3422818791946309,0.51,0.3422818791946309,0.9090909090909091,0.2564102564102564,0.3999999999999999,0.25,1.0,0.3333333333333333,0.5,0.3333333333333333,1.0,0.3181818181818182,0.4827586206896552,0.3181818181818182,1.0,0.3181818181818182,0.4827586206896552,1.0,1.0,1.0,0.0,0.3684210526315789,0.3181818181818182,0.3181818181818182,0.3333333333333333,0.5,0.5,51,11,7,14,7
test_03670,full_run82,0.3,0.7,1.0,250,250,0.0,1.0,0.5212765957446809,0.6853146853146853,0.5212765957446809,1.0,0.5217391304347826,0.6857142857142856,0.5217391304347826,1.0,0.6153846153846154,0.761904761904762,0.6153846153846154,1.0,0.5333333333333333,0.6956521739130436,0.5333333333333333,1.0,0.5333333333333333,0.6956521739130436,1.0,1.0,1.0,0.0,0.5185185185185185,0.5333333333333333,0.5333333333333333,0.6153846153846154,1.0,0.7,49,12,8,14,8
test_03670,no_topic,0.0,1.0,1.0,265,250,6.0,1.0,0.5212765957446809,0.6853146853146853,0.5212765957446809,1.0,0.4782608695652174,0.6470588235294118,0.4782608695652174,1.0,0.6923076923076923,0.8181818181818181,0.6923076923076923,1.0,0.6,0.7499999999999999,0.6,1.0,0.6,0.7499999999999999,1.0,1.0,1.0,0.0,0.5925925925925926,0.6,0.6,0.6923076923076923,1.0,0.8,49,11,9,16,9
test_03670,no_pattern,1.0,0.0,1.0,208,250,16.8,1.0,0.4148936170212766,0.5864661654135339,0.4148936170212766,1.0,0.43478260869565216,0.6060606060606061,0.43478260869565216,1.0,0.6923076923076923,0.8181818181818181,0.6923076923076923,1.0,0.6,0.7499999999999999,0.6,1.0,0.6,0.7499999999999999,1.0,1.0,1.0,0.0,0.5555555555555556,0.6,0.6,0.6923076923076923,1.0,0.7,39,10,9,15,9
test_03670,no_redundancy,0.3,0.7,0.0,383,250,53.2,1.0,0.6595744680851063,0.7948717948717948,0.6595744680851063,1.0,0.6956521739130435,0.8205128205128205,0.6956521739130435,1.0,0.38461538461538464,0.5555555555555556,0.38461538461538464,1.0,0.3333333333333333,0.5,0.3333333333333333,1.0,0.3333333333333333,0.5,1.0,1.0,1.0,0.0,0.37037037037037035,0.3333333333333333,0.3333333333333333,0.38461538461538464,0.6666666666666666,0.3,62,16,5,10,5
test_03680,full_run82,0.3,0.7,1.0,223,223,0.0,1.0,0.2631578947368421,0.4166666666666667,0.2631578947368421,1.0,0.41935483870967744,0.5909090909090909,0.41935483870967744,1.0,0.3076923076923077,0.47058823529411764,0.3076923076923077,1.0,0.2765957446808511,0.43333333333333335,0.2765957446808511,1.0,0.2765957446808511,0.43333333333333335,1.0,1.0,1.0,0.0,0.3188405797101449,0.2765957446808511,0.2765957446808511,0.3076923076923077,0.625,0.2,40,26,13,22,13
test_03680,no_topic,0.0,1.0,1.0,252,223,13.004484304932735,1.0,0.3026315789473684,0.46464646464646464,0.3026315789473684,1.0,0.41935483870967744,0.5909090909090909,0.41935483870967744,1.0,0.2564102564102564,0.4081632653061224,0.2564102564102564,1.0,0.2127659574468085,0.3508771929824561,0.2127659574468085,1.0,0.2127659574468085,0.3508771929824561,1.0,1.0,1.0,0.0,0.2753623188405797,0.2127659574468085,0.2127659574468085,0.2564102564102564,0.375,0.1,46,26,10,19,10
test_03680,no_pattern,1.0,0.0,1.0,188,223,15.695067264573993,1.0,0.23684210526315788,0.38297872340425526,0.23684210526315788,1.0,0.3387096774193548,0.5060240963855421,0.3387096774193548,1.0,0.20512820512820512,0.3404255319148936,0.20512820512820512,1.0,0.1702127659574468,0.2909090909090909,0.1702127659574468,1.0,0.1702127659574468,0.2909090909090909,1.0,1.0,1.0,0.0,0.21739130434782608,0.1702127659574468,0.1702127659574468,0.20512820512820512,0.375,0.1,36,21,8,15,8
test_03680,no_redundancy,0.3,0.7,0.0,249,223,11.659192825112108,1.0,0.17763157894736842,0.3016759776536313,0.17763157894736842,1.0,0.1774193548387097,0.3013698630136986,0.1774193548387097,1.0,0.2564102564102564,0.4081632653061224,0.2564102564102564,1.0,0.2765957446808511,0.43333333333333335,0.2765957446808511,1.0,0.2765957446808511,0.43333333333333335,1.0,1.0,1.0,0.0,0.2318840579710145,0.2765957446808511,0.2765957446808511,0.2564102564102564,0.75,0.5,27,11,13,16,13
test_03684,full_run82,0.3,0.7,1.0,421,421,0.0,1.0,0.270042194092827,0.4252491694352159,0.270042194092827,1.0,0.36363636363636365,0.5333333333333333,0.36363636363636365,1.0,0.27906976744186046,0.43636363636363634,0.27906976744186046,1.0,0.21666666666666667,0.3561643835616438,0.21666666666666667,1.0,0.21666666666666667,0.3561643835616438,1.0,1.0,1.0,0.0,0.2564102564102564,0.21666666666666667,0.21666666666666667,0.27906976744186046,0.21428571428571427,0.5,64,32,13,20,13
test_03684,no_topic,0.0,1.0,1.0,363,421,13.77672209026128,1.0,0.25316455696202533,0.4040404040404041,0.25316455696202533,1.0,0.3977272727272727,0.5691056910569106,0.3977272727272727,1.0,0.27906976744186046,0.43636363636363634,0.27906976744186046,1.0,0.26666666666666666,0.4210526315789474,0.26666666666666666,1.0,0.26666666666666666,0.4210526315789474,1.0,1.0,1.0,0.0,0.28205128205128205,0.26666666666666666,0.26666666666666666,0.27906976744186046,0.2857142857142857,0.5,60,35,16,22,16
test_03684,no_pattern,1.0,0.0,1.0,275,421,34.679334916864605,1.0,0.1940928270042194,0.3250883392226148,0.1940928270042194,1.0,0.36363636363636365,0.5333333333333333,0.36363636363636365,1.0,0.2558139534883721,0.40740740740740744,0.2558139534883721,1.0,0.2,0.33333333333333337,0.2,1.0,0.2,0.33333333333333337,1.0,1.0,1.0,0.0,0.24358974358974358,0.2,0.2,0.2558139534883721,0.14285714285714285,0.4,46,32,12,19,12
test_03684,no_redundancy,0.3,0.7,0.0,487,421,15.676959619952493,0.9852941176470589,0.28270042194092826,0.43934426229508206,0.2815126050420168,1.0,0.3068181818181818,0.46956521739130436,0.3068181818181818,1.0,0.16279069767441862,0.28,0.16279069767441862,1.0,0.16666666666666666,0.2857142857142857,0.16666666666666666,1.0,0.16666666666666666,0.2857142857142857,0.9,1.0,0.9,0.09999999999999998,0.16666666666666666,0.16666666666666666,0.16666666666666666,0.16279069767441862,0.17857142857142858,0.3,68,27,10,13,10
test_03699,full_run82,0.3,0.7,1.0,353,353,0.0,1.0,1.0,1.0,1.0,1.0,1.0,1.0,1.0,1.0,1.0,1.0,1.0,1.0,1.0,1.0,1.0,1.0,1.0,1.0,1.0,1.0,1.0,0.0,1.0,1.0,1.0,1.0,1.0,1.0,56,27,10,17,10
test_03699,no_topic,0.0,1.0,1.0,353,353,0.0,1.0,1.0,1.0,1.0,1.0,1.0,1.0,1.0,1.0,1.0,1.0,1.0,1.0,1.0,1.0,1.0,1.0,1.0,1.0,1.0,1.0,1.0,0.0,1.0,1.0,1.0,1.0,1.0,1.0,56,27,10,17,10
test_03699,no_pattern,1.0,0.0,1.0,353,353,0.0,1.0,1.0,1.0,1.0,1.0,1.0,1.0,1.0,1.0,1.0,1.0,1.0,1.0,1.0,1.0,1.0,1.0,1.0,1.0,1.0,1.0,1.0,0.0,1.0,1.0,1.0,1.0,1.0,1.0,56,27,10,17,10
test_03699,no_redundancy,0.3,0.7,0.0,353,353,0.0,1.0,1.0,1.0,1.0,1.0,1.0,1.0,1.0,1.0,1.0,1.0,1.0,1.0,1.0,1.0,1.0,1.0,1.0,1.0,1.0,1.0,1.0,0.0,1.0,1.0,1.0,1.0,1.0,1.0,56,27,10,17,10
test_03723,full_run82,0.3,0.7,1.0,242,242,0.0,0.9772727272727273,0.1519434628975265,0.26299694189602446,0.15140845070422534,1.0,0.2549019607843137,0.40625,0.2549019607843137,1.0,0.16393442622950818,0.28169014084507044,0.16393442622950818,1.0,0.14084507042253522,0.2469135802469136,0.14084507042253522,1.0,0.14084507042253522,0.2469135802469136,1.0,1.0,1.0,0.0,0.17142857142857143,0.14084507042253522,0.14084507042253522,0.16393442622950818,0.23076923076923078,0.3,44,26,10,18,10
test_03723,no_topic,0.0,1.0,1.0,245,242,1.2396694214876034,0.96,0.1696113074204947,0.2882882882882883,0.16842105263157894,0.9230769230769231,0.23529411764705882,0.375,0.23076923076923078,1.0,0.16393442622950818,0.28169014084507044,0.16393442622950818,0.7,0.09859154929577464,0.1728395061728395,0.0945945945945946,0.8,0.11267605633802817,0.19753086419753088,1.0,1.0,1.0,0.0,0.1523809523809524,0.09859154929577464,0.0945945945945946,0.16393442622950818,0.23076923076923078,0.1,50,26,10,18,10
test_03723,no_pattern,1.0,0.0,1.0,175,242,27.685950413223143,1.0,0.12014134275618374,0.21451104100946372,0.12014134275618374,1.0,0.1568627450980392,0.2711864406779661,0.1568627450980392,1.0,0.16393442622950818,0.28169014084507044,0.16393442622950818,1.0,0.14084507042253522,0.2469135802469136,0.14084507042253522,1.0,0.14084507042253522,0.2469135802469136,1.0,1.0,1.0,0.0,0.17142857142857143,0.14084507042253522,0.14084507042253522,0.16393442622950818,0.23076923076923078,0.1,34,16,10,18,10
test_03723,no_redundancy,0.3,0.7,0.0,436,242,80.16528925619835,1.0,0.24734982332155478,0.39660056657223797,0.24734982332155478,1.0,0.38235294117647056,0.5531914893617021,0.38235294117647056,1.0,0.13114754098360656,0.23188405797101452,0.13114754098360656,1.0,0.14084507042253522,0.2469135802469136,0.14084507042253522,1.0,0.14084507042253522,0.2469135802469136,1.0,1.0,1.0,0.0,0.1619047619047619,0.14084507042253522,0.14084507042253522,0.13114754098360656,0.3076923076923077,0.2,70,39,10,17,10
test_03729,full_run82,0.3,0.7,1.0,217,217,0.0,1.0,0.08,0.14814814814814814,0.08,1.0,0.12637362637362637,0.22439024390243903,0.12637362637362637,1.0,0.13333333333333333,0.23529411764705882,0.13333333333333333,1.0,0.12162162162162163,0.21686746987951808,0.12162162162162163,1.0,0.12162162162162163,0.21686746987951808,1.0,1.0,1.0,0.0,0.14545454545454545,0.12162162162162163,0.12162162162162163,0.13333333333333333,0.3,0.1,32,23,9,16,9
test_03729,no_topic,0.0,1.0,1.0,352,217,62.21198156682027,1.0,0.145,0.25327510917030566,0.145,1.0,0.18681318681318682,0.3148148148148148,0.18681318681318682,1.0,0.16666666666666666,0.2857142857142857,0.16666666666666666,1.0,0.16216216216216217,0.27906976744186046,0.16216216216216217,1.0,0.16216216216216217,0.27906976744186046,1.0,1.0,1.0,0.0,0.17272727272727273,0.16216216216216217,0.16216216216216217,0.16666666666666666,0.4,0.2,58,34,12,19,12
test_03729,no_pattern,1.0,0.0,1.0,152,217,29.953917050691242,1.0,0.07,0.13084112149532712,0.07,0.9,0.04945054945054945,0.09375,0.04918032786885246,1.0,0.08333333333333333,0.15384615384615385,0.08333333333333333,1.0,0.08108108108108109,0.15,0.08108108108108109,1.0,0.08108108108108109,0.15,1.0,1.0,1.0,0.0,0.1,0.08108108108108109,0.08108108108108109,0.08333333333333333,0.3,0.2,28,10,6,11,6
test_03729,no_redundancy,0.3,0.7,0.0,533,217,145.62211981566819,0.9885057471264368,0.215,0.3531827515400411,0.2144638403990025,1.0,0.2802197802197802,0.43776824034334766,0.2802197802197802,1.0,0.16666666666666666,0.2857142857142857,0.16666666666666666,1.0,0.13513513513513514,0.2380952380952381,0.13513513513513514,1.0,0.13513513513513514,0.2380952380952381,0.9,1.0,0.9,0.09999999999999998,0.15454545454545454,0.13513513513513514,0.13513513513513514,0.16666666666666666,0.3,0.1,87,51,10,17,10
test_03736,full_run82,0.3,0.7,1.0,236,236,0.0,0.9666666666666667,0.5918367346938775,0.7341772151898733,0.58,1.0,0.6571428571428571,0.7931034482758621,0.6571428571428571,1.0,0.5384615384615384,0.7000000000000001,0.5384615384615384,1.0,0.4375,0.6086956521739131,0.4375,1.0,0.4375,0.6086956521739131,1.0,1.0,1.0,0.0,0.5,0.4375,0.4375,0.5384615384615384,0.5,0.6,30,23,7,12,7
test_03736,no_topic,0.0,1.0,1.0,264,236,11.864406779661017,0.9705882352941176,0.673469387755102,0.7951807228915663,0.66,1.0,0.8571428571428571,0.923076923076923,0.8571428571428571,1.0,0.5384615384615384,0.7000000000000001,0.5384615384615384,1.0,0.5,0.6666666666666666,0.5,1.0,0.5,0.6666666666666666,1.0,1.0,1.0,0.0,0.5833333333333334,0.5,0.5,0.5384615384615384,0.5,0.7,34,30,8,14,8
test_03736,no_pattern,1.0,0.0,1.0,194,236,17.796610169491526,1.0,0.5510204081632653,0.7105263157894737,0.5510204081632653,1.0,0.7428571428571429,0.8524590163934427,0.7428571428571429,1.0,0.46153846153846156,0.631578947368421,0.46153846153846156,1.0,0.4375,0.6086956521739131,0.4375,1.0,0.4375,0.6086956521739131,1.0,1.0,1.0,0.0,0.5416666666666666,0.4375,0.4375,0.46153846153846156,0.375,0.5,27,26,7,13,7
test_03736,no_redundancy,0.3,0.7,0.0,281,236,19.06779661016949,1.0,0.6326530612244898,0.775,0.6326530612244898,1.0,0.7714285714285715,0.870967741935484,0.7714285714285715,1.0,0.7692307692307693,0.8695652173913044,0.7692307692307693,1.0,0.75,0.8571428571428571,0.75,1.0,0.75,0.8571428571428571,1.0,1.0,1.0,0.0,0.7083333333333334,0.75,0.75,0.7692307692307693,1.0,0.8,31,27,12,17,12
test_03772,full_run82,0.3,0.7,1.0,249,249,0.0,1.0,0.1932367149758454,0.32388663967611336,0.1932367149758454,1.0,0.21739130434782608,0.3571428571428571,0.21739130434782608,1.0,0.275,0.4313725490196079,0.275,1.0,0.24489795918367346,0.39344262295081966,0.24489795918367346,1.0,0.24489795918367346,0.39344262295081966,1.0,1.0,1.0,0.0,0.26666666666666666,0.24489795918367346,0.24489795918367346,0.275,0.5714285714285714,0.3,40,20,12,20,12
test_03772,no_topic,0.0,1.0,1.0,263,249,5.622489959839357,1.0,0.22705314009661837,0.37007874015748027,0.22705314009661837,1.0,0.22826086956521738,0.37168141592920356,0.22826086956521738,1.0,0.2,0.33333333333333337,0.2,1.0,0.16326530612244897,0.2807017543859649,0.16326530612244897,1.0,0.16326530612244897,0.2807017543859649,1.0,1.0,1.0,0.0,0.17333333333333334,0.16326530612244897,0.16326530612244897,0.2,0.5714285714285714,0.2,47,21,8,13,8
test_03772,no_pattern,1.0,0.0,1.0,168,249,32.53012048192771,1.0,0.13526570048309178,0.23829787234042552,0.13526570048309178,1.0,0.14130434782608695,0.2476190476190476,0.14130434782608695,1.0,0.275,0.4313725490196079,0.275,1.0,0.22448979591836735,0.36666666666666664,0.22448979591836735,1.0,0.22448979591836735,0.36666666666666664,1.0,1.0,1.0,0.0,0.26666666666666666,0.22448979591836735,0.22448979591836735,0.275,0.5714285714285714,0.2,28,13,11,20,11
test_03772,no_redundancy,0.3,0.7,0.0,489,249,96.3855421686747,1.0,0.3188405797101449,0.48351648351648346,0.3188405797101449,0.9714285714285714,0.3695652173913043,0.5354330708661418,0.3655913978494624,0.9090909090909091,0.25,0.392156862745098,0.24390243902439024,0.9090909090909091,0.20408163265306123,0.33333333333333337,0.2,0.9090909090909091,0.20408163265306123,0.33333333333333337,0.9090909090909091,0.9090909090909091,0.9090909090909091,0.09090909090909094,0.24,0.20408163265306123,0.2,0.25,0.42857142857142855,0.2,66,35,11,20,11
test_03780,full_run82,0.3,0.7,1.0,233,233,0.0,1.0,0.1781818181818182,0.30246913580246915,0.1781818181818182,1.0,0.15151515151515152,0.2631578947368421,0.15151515151515152,1.0,0.22916666666666666,0.37288135593220334,0.22916666666666666,1.0,0.171875,0.29333333333333333,0.171875,1.0,0.171875,0.29333333333333333,1.0,1.0,1.0,0.0,0.21875,0.171875,0.171875,0.22916666666666666,0.3,0.1,49,15,11,21,11
test_03780,no_topic,0.0,1.0,1.0,310,233,33.047210300429185,0.9807692307692307,0.18545454545454546,0.3119266055045872,0.18478260869565216,1.0,0.26262626262626265,0.4160000000000001,0.26262626262626265,1.0,0.22916666666666666,0.37288135593220334,0.22916666666666666,1.0,0.203125,0.33766233766233766,0.203125,1.0,0.203125,0.33766233766233766,1.0,1.0,1.0,0.0,0.22916666666666666,0.203125,0.203125,0.22916666666666666,0.3,0.2,52,26,13,22,13
test_03780,no_pattern,1.0,0.0,1.0,192,233,17.59656652360515,1.0,0.14909090909090908,0.2594936708860759,0.14909090909090908,1.0,0.13131313131313133,0.23214285714285718,0.13131313131313133,1.0,0.20833333333333334,0.3448275862068966,0.20833333333333334,1.0,0.15625,0.2702702702702703,0.15625,1.0,0.15625,0.2702702702702703,1.0,1.0,1.0,0.0,0.17708333333333334,0.15625,0.15625,0.20833333333333334,0.4,0.4,41,13,10,17,10
test_03780,no_redundancy,0.3,0.7,0.0,401,233,72.1030042918455,0.9855072463768116,0.24727272727272728,0.39534883720930236,0.2463768115942029,1.0,0.2727272727272727,0.42857142857142855,0.2727272727272727,1.0,0.1875,0.3157894736842105,0.1875,1.0,0.1875,0.3157894736842105,0.1875,1.0,0.1875,0.3157894736842105,1.0,1.0,1.0,0.0,0.20833333333333334,0.1875,0.1875,0.1875,0.3,0.0,69,27,12,20,12
test_03786,full_run82,0.3,0.7,1.0,181,181,0.0,1.0,0.453125,0.6236559139784946,0.453125,1.0,0.49019607843137253,0.6578947368421052,0.49019607843137253,1.0,0.3333333333333333,0.5,0.3333333333333333,0.875,0.30434782608695654,0.4516129032258065,0.2916666666666667,0.875,0.30434782608695654,0.4516129032258065,1.0,0.875,0.875,0.125,0.41379310344827586,0.30434782608695654,0.2916666666666667,0.3333333333333333,0.4444444444444444,0.5,29,25,8,13,8
test_03786,no_topic,0.0,1.0,1.0,196,181,8.287292817679557,1.0,0.5,0.6666666666666666,0.5,1.0,0.5490196078431373,0.7088607594936709,0.5490196078431373,1.0,0.2857142857142857,0.4444444444444445,0.2857142857142857,0.8571428571428571,0.2608695652173913,0.4,0.25,0.8571428571428571,0.2608695652173913,0.4,1.0,0.8571428571428571,0.8571428571428571,0.1428571428571429,0.3793103448275862,0.2608695652173913,0.25,0.2857142857142857,0.4444444444444444,0.5,32,28,7,12,7
test_03786,no_pattern,1.0,0.0,1.0,139,181,23.204419889502763,0.9523809523809523,0.3125,0.47058823529411764,0.3076923076923077,1.0,0.29411764705882354,0.45454545454545453,0.29411764705882354,1.0,0.38095238095238093,0.5517241379310345,0.38095238095238093,1.0,0.34782608695652173,0.5161290322580645,0.34782608695652173,1.0,0.34782608695652173,0.5161290322580645,1.0,1.0,1.0,0.0,0.3793103448275862,0.34782608695652173,0.34782608695652173,0.38095238095238093,0.6666666666666666,0.5,21,15,8,11,8
test_03786,no_redundancy,0.3,0.7,0.0,277,181,53.03867403314917,1.0,0.59375,0.7450980392156863,0.59375,1.0,0.5686274509803921,0.725,0.5686274509803921,1.0,0.5714285714285714,0.7272727272727273,0.5714285714285714,1.0,0.5652173913043478,0.7222222222222222,0.5652173913043478,1.0,0.5652173913043478,0.7222222222222222,1.0,1.0,1.0,0.0,0.6551724137931034,0.5652173913043478,0.5652173913043478,0.5714285714285714,0.5555555555555556,0.5,38,29,13,19,13
test_03793,full_run82,0.3,0.7,1.0,287,287,0.0,1.0,0.22685185185185186,0.369811320754717,0.22685185185185186,0.9642857142857143,0.20149253731343283,0.33333333333333337,0.2,1.0,0.18032786885245902,0.3055555555555556,0.18032786885245902,1.0,0.1875,0.3157894736842105,0.1875,1.0,0.1875,0.3157894736842105,1.0,1.0,1.0,0.0,0.17647058823529413,0.1875,0.1875,0.18032786885245902,1.0,0.2,49,28,12,18,12
test_03793,no_topic,0.0,1.0,1.0,308,287,7.317073170731707,1.0,0.21296296296296297,0.3511450381679389,0.21296296296296297,0.9428571428571428,0.2462686567164179,0.3905325443786982,0.2426470588235294,1.0,0.19672131147540983,0.3287671232876712,0.19672131147540983,1.0,0.1875,0.3157894736842105,0.1875,1.0,0.1875,0.3157894736842105,1.0,1.0,1.0,0.0,0.17647058823529413,0.1875,0.1875,0.19672131147540983,1.0,0.4,46,35,12,18,12
test_03793,no_pattern,1.0,0.0,1.0,179,287,37.63066202090592,1.0,0.17592592592592593,0.2992125984251968,0.17592592592592593,0.9444444444444444,0.12686567164179105,0.2236842105263158,0.1259259259259259,1.0,0.21311475409836064,0.3513513513513513,0.21311475409836064,1.0,0.21875,0.358974358974359,0.21875,1.0,0.21875,0.358974358974359,0.8571428571428571,1.0,0.8571428571428571,0.1428571428571429,0.22549019607843138,0.21875,0.21875,0.21311475409836064,1.0,0.2,38,18,14,23,14
test_03793,no_redundancy,0.3,0.7,0.0,437,287,52.264808362369344,1.0,0.2962962962962963,0.45714285714285713,0.2962962962962963,1.0,0.30597014925373134,0.4685714285714285,0.30597014925373134,1.0,0.22950819672131148,0.37333333333333335,0.22950819672131148,1.0,0.234375,0.379746835443038,0.234375,1.0,0.234375,0.379746835443038,1.0,1.0,1.0,0.0,0.24509803921568626,0.234375,0.234375,0.22950819672131148,1.0,0.2,64,41,15,25,15
test_03797,full_run82,0.3,0.7,1.0,308,308,0.0,0.9803921568627451,0.12594458438287154,0.22321428571428573,0.12562814070351758,1.0,0.09944751381215469,0.18090452261306533,0.09944751381215469,1.0,0.1375,0.2417582417582418,0.1375,1.0,0.10619469026548672,0.192,0.10619469026548672,1.0,0.10619469026548672,0.192,1.0,1.0,1.0,0.0,0.1032258064516129,0.10619469026548672,0.10619469026548672,0.1375,0.25806451612903225,0.2,51,18,12,16,12
test_03797,no_topic,0.0,1.0,1.0,378,308,22.727272727272727,0.9661016949152542,0.14357682619647355,0.25,0.14285714285714285,1.0,0.143646408839779,0.251207729468599,0.143646408839779,1.0,0.1125,0.20224719101123595,0.1125,0.8888888888888888,0.07079646017699115,0.13114754098360654,0.07017543859649122,1.0,0.07964601769911504,0.1475409836065574,1.0,1.0,1.0,0.0,0.09032258064516129,0.07079646017699115,0.07017543859649122,0.1125,0.0967741935483871,0.2,59,26,9,15,9
test_03797,no_pattern,1.0,0.0,1.0,191,308,37.98701298701299,0.9428571428571428,0.08312342569269521,0.1527777777777778,0.08270676691729323,1.0,0.08839779005524862,0.16243654822335024,0.08839779005524862,1.0,0.1625,0.27956989247311825,0.1625,1.0,0.13274336283185842,0.23437500000000003,0.13274336283185842,1.0,0.13274336283185842,0.23437500000000003,1.0,1.0,1.0,0.0,0.15483870967741936,0.13274336283185842,0.13274336283185842,0.1625,0.12903225806451613,0.3,35,16,15,24,15
test_03797,no_redundancy,0.3,0.7,0.0,412,308,33.76623376623377,1.0,0.14105793450881612,0.24724061810154527,0.14105793450881612,1.0,0.1712707182320442,0.29245283018867924,0.1712707182320442,1.0,0.0625,0.11764705882352941,0.0625,1.0,0.04424778761061947,0.0847457627118644,0.04424778761061947,1.0,0.04424778761061947,0.0847457627118644,1.0,1.0,1.0,0.0,0.06451612903225806,0.04424778761061947,0.04424778761061947,0.0625,0.06451612903225806,0.2,56,31,5,10,5
test_03798,full_run82,0.3,0.7,1.0,241,241,0.0,1.0,0.10845986984815618,0.19569471624266144,0.10845986984815618,1.0,0.08396946564885496,0.15492957746478872,0.08396946564885496,1.0,0.136986301369863,0.24096385542168672,0.136986301369863,1.0,0.11702127659574468,0.2095238095238095,0.11702127659574468,1.0,0.11702127659574468,0.2095238095238095,1.0,1.0,1.0,0.0,0.1342281879194631,0.11702127659574468,0.11702127659574468,0.136986301369863,0.375,0.3,50,11,11,20,11
test_03798,no_topic,0.0,1.0,1.0,312,241,29.460580912863072,1.0,0.1301518438177874,0.23032629558541268,0.1301518438177874,1.0,0.15267175572519084,0.26490066225165565,0.15267175572519084,1.0,0.0684931506849315,0.1282051282051282,0.0684931506849315,1.0,0.05319148936170213,0.10101010101010102,0.05319148936170213,1.0,0.05319148936170213,0.10101010101010102,1.0,1.0,1.0,0.0,0.06711409395973154,0.05319148936170213,0.05319148936170213,0.0684931506849315,0.25,0.0,60,20,5,10,5
test_03798,no_pattern,1.0,0.0,1.0,242,241,0.4149377593360996,1.0,0.11062906724511931,0.19921875,0.11062906724511931,1.0,0.06870229007633588,0.1285714285714286,0.06870229007633588,1.0,0.1232876712328767,0.2195121951219512,0.1232876712328767,1.0,0.11702127659574468,0.2095238095238095,0.11702127659574468,1.0,0.11702127659574468,0.2095238095238095,1.0,1.0,1.0,0.0,0.1342281879194631,0.11702127659574468,0.11702127659574468,0.1232876712328767,0.375,0.5,51,9,11,20,11
test_03798,no_redundancy,0.3,0.7,0.0,414,241,71.78423236514523,1.0,0.16052060737527116,0.2766355140186916,0.16052060737527116,1.0,0.17557251908396945,0.2987012987012987,0.17557251908396945,1.0,0.1643835616438356,0.2823529411764706,0.1643835616438356,1.0,0.1276595744680851,0.22641509433962262,0.1276595744680851,1.0,0.1276595744680851,0.22641509433962262,1.0,1.0,1.0,0.0,0.15436241610738255,0.1276595744680851,0.1276595744680851,0.1643835616438356,0.375,0.1,74,23,12,23,12
test_03801,full_run82,0.3,0.7,1.0,174,174,0.0,1.0,0.07352941176470588,0.13698630136986303,0.07352941176470588,0.9090909090909091,0.11363636363636363,0.202020202020202,0.11235955056179775,1.0,0.23333333333333334,0.37837837837837834,0.23333333333333334,0.8666666666666667,0.15853658536585366,0.2680412371134021,0.15476190476190477,0.8666666666666667,0.15853658536585366,0.2680412371134021,0.8666666666666667,1.0,0.8666666666666667,0.1333333333333333,0.21,0.15853658536585366,0.15476190476190477,0.23333333333333334,0.1,0.4,20,11,15,22,15
test_03801,no_topic,0.0,1.0,1.0,237,174,36.206896551724135,0.9459459459459459,0.12867647058823528,0.22653721682847897,0.12773722627737227,1.0,0.14772727272727273,0.25742574257425743,0.14772727272727273,1.0,0.18333333333333332,0.30985915492957744,0.18333333333333332,0.9090909090909091,0.12195121951219512,0.21505376344086022,0.12048192771084337,1.0,0.13414634146341464,0.23655913978494622,1.0,1.0,1.0,0.0,0.16,0.12195121951219512,0.12048192771084337,0.18333333333333332,0.125,0.2,37,13,11,17,11
test_03801,no_pattern,1.0,0.0,1.0,173,174,0.5747126436781609,0.95,0.06985294117647059,0.13013698630136988,0.0695970695970696,0.875,0.07954545454545454,0.14583333333333331,0.07865168539325842,1.0,0.16666666666666666,0.2857142857142857,0.16666666666666666,1.0,0.13414634146341464,0.23655913978494622,0.13414634146341464,1.0,0.13414634146341464,0.23655913978494622,1.0,1.0,1.0,0.0,0.17,0.13414634146341464,0.13414634146341464,0.16666666666666666,0.1,0.3,20,8,11,17,11
test_03801,no_redundancy,0.3,0.7,0.0,300,174,72.41379310344827,0.9705882352941176,0.1213235294117647,0.21568627450980393,0.12087912087912088,0.9230769230769231,0.13636363636363635,0.23762376237623756,0.1348314606741573,1.0,0.18333333333333332,0.30985915492957744,0.18333333333333332,0.9285714285714286,0.15853658536585366,0.27083333333333337,0.1566265060240964,0.9285714285714286,0.15853658536585366,0.27083333333333337,0.9285714285714286,1.0,0.9285714285714286,0.0714285714285714,0.22,0.15853658536585366,0.1566265060240964,0.18333333333333332,0.075,0.4,34,13,14,23,14
test_03806,full_run82,0.3,0.7,1.0,360,360,0.0,1.0,0.9436619718309859,0.9710144927536231,0.9436619718309859,1.0,1.0,1.0,1.0,1.0,0.8888888888888888,0.9411764705882353,0.8888888888888888,1.0,0.8888888888888888,0.9411764705882353,0.8888888888888888,1.0,0.8888888888888888,0.9411764705882353,1.0,1.0,1.0,0.0,0.8823529411764706,0.8888888888888888,0.8888888888888888,0.8888888888888888,1.0,0.8,67,19,8,15,8
test_03806,no_topic,0.0,1.0,1.0,360,360,0.0,1.0,0.9436619718309859,0.9710144927536231,0.9436619718309859,1.0,1.0,1.0,1.0,1.0,0.8888888888888888,0.9411764705882353,0.8888888888888888,1.0,0.8888888888888888,0.9411764705882353,0.8888888888888888,1.0,0.8888888888888888,0.9411764705882353,1.0,1.0,1.0,0.0,0.8823529411764706,0.8888888888888888,0.8888888888888888,0.8888888888888888,1.0,0.8,67,19,8,15,8
test_03806,no_pattern,1.0,0.0,1.0,327,360,9.166666666666666,1.0,0.8169014084507042,0.8992248062015504,0.8169014084507042,1.0,1.0,1.0,1.0,1.0,0.8888888888888888,0.9411764705882353,0.8888888888888888,1.0,0.8888888888888888,0.9411764705882353,0.8888888888888888,1.0,0.8888888888888888,0.9411764705882353,1.0,1.0,1.0,0.0,0.8823529411764706,0.8888888888888888,0.8888888888888888,0.8888888888888888,1.0,0.8,58,19,8,15,8
test_03806,no_redundancy,0.3,0.7,0.0,368,360,2.2222222222222223,1.0,0.8732394366197183,0.9323308270676691,0.8732394366197183,1.0,0.8421052631578947,0.9142857142857143,0.8421052631578947,1.0,0.7777777777777778,0.8750000000000001,0.7777777777777778,1.0,0.7777777777777778,0.8750000000000001,0.7777777777777778,1.0,0.7777777777777778,0.8750000000000001,1.0,1.0,1.0,0.0,0.8235294117647058,0.7777777777777778,0.7777777777777778,0.7777777777777778,0.6666666666666666,0.7,62,16,7,14,7
test_03812,full_run82,0.3,0.7,1.0,217,217,0.0,1.0,0.15677966101694915,0.27106227106227104,0.15677966101694915,1.0,0.16853932584269662,0.28846153846153844,0.16853932584269662,1.0,0.17777777777777778,0.3018867924528302,0.17777777777777778,1.0,0.1509433962264151,0.26229508196721313,0.1509433962264151,1.0,0.1509433962264151,0.26229508196721313,1.0,1.0,1.0,0.0,0.1875,0.1509433962264151,0.1509433962264151,0.17777777777777778,0.2,0.3,37,15,8,15,8
test_03812,no_topic,0.0,1.0,1.0,239,217,10.138248847926267,0.9772727272727273,0.18220338983050846,0.30714285714285716,0.18143459915611815,1.0,0.1797752808988764,0.30476190476190473,0.1797752808988764,1.0,0.28888888888888886,0.4482758620689655,0.28888888888888886,0.9230769230769231,0.22641509433962265,0.36363636363636365,0.2222222222222222,1.0,0.24528301886792453,0.393939393939394,1.0,1.0,1.0,0.0,0.2875,0.22641509433962265,0.2222222222222222,0.28888888888888886,0.2,0.1,44,16,13,24,13
test_03812,no_pattern,1.0,0.0,1.0,189,217,12.903225806451612,0.967741935483871,0.1271186440677966,0.22471910112359547,0.12658227848101267,1.0,0.14606741573033707,0.25490196078431376,0.14606741573033707,1.0,0.24444444444444444,0.39285714285714285,0.24444444444444444,0.9090909090909091,0.18867924528301888,0.3125,0.18518518518518517,1.0,0.20754716981132076,0.34375000000000006,1.0,1.0,1.0,0.0,0.25,0.18867924528301888,0.18518518518518517,0.24444444444444444,0.2,0.2,31,13,11,21,11
test_03812,no_redundancy,0.3,0.7,0.0,407,217,87.55760368663594,0.9298245614035088,0.2245762711864407,0.36177474402730375,0.22083333333333333,1.0,0.2696629213483146,0.4247787610619469,0.2696629213483146,1.0,0.17777777777777778,0.3018867924528302,0.17777777777777778,1.0,0.1509433962264151,0.26229508196721313,0.1509433962264151,1.0,0.1509433962264151,0.26229508196721313,1.0,1.0,1.0,0.0,0.15,0.1509433962264151,0.1509433962264151,0.17777777777777778,0.4,0.3,57,24,8,12,8
test_03816,full_run82,0.3,0.7,1.0,400,400,0.0,1.0,0.18410041841004185,0.31095406360424027,0.18410041841004185,1.0,0.16101694915254236,0.2773722627737226,0.16101694915254236,1.0,0.2962962962962963,0.45714285714285713,0.2962962962962963,1.0,0.29333333333333333,0.45360824742268036,0.29333333333333333,1.0,0.29333333333333333,0.45360824742268036,1.0,1.0,1.0,0.0,0.19801980198019803,0.29333333333333333,0.29333333333333333,0.2962962962962963,0.75,0.6,44,19,22,20,22
test_03816,no_topic,0.0,1.0,1.0,401,400,0.25,1.0,0.1799163179916318,0.3049645390070922,0.1799163179916318,1.0,0.16101694915254236,0.2773722627737226,0.16101694915254236,1.0,0.2962962962962963,0.45714285714285713,0.2962962962962963,1.0,0.30666666666666664,0.4693877551020408,0.30666666666666664,1.0,0.30666666666666664,0.4693877551020408,1.0,1.0,1.0,0.0,0.19801980198019803,0.30666666666666664,0.30666666666666664,0.2962962962962963,0.75,0.6,43,19,23,20,23
test_03816,no_pattern,1.0,0.0,1.0,195,400,51.24999999999999,1.0,0.13807531380753138,0.24264705882352938,0.13807531380753138,0.9411764705882353,0.13559322033898305,0.237037037037037,0.13445378151260504,1.0,0.16666666666666666,0.2857142857142857,0.16666666666666666,1.0,0.14666666666666667,0.2558139534883721,0.14666666666666667,1.0,0.14666666666666667,0.2558139534883721,1.0,1.0,1.0,0.0,0.1782178217821782,0.14666666666666667,0.14666666666666667,0.16666666666666666,0.3125,0.3,33,17,11,18,11
test_03816,no_redundancy,0.3,0.7,0.0,322,400,19.5,1.0,0.08368200836820083,0.15444015444015444,0.08368200836820083,1.0,0.09322033898305085,0.17054263565891473,0.09322033898305085,1.0,0.2777777777777778,0.4347826086956522,0.2777777777777778,1.0,0.29333333333333333,0.45360824742268036,0.29333333333333333,1.0,0.29333333333333333,0.45360824742268036,1.0,1.0,1.0,0.0,0.16831683168316833,0.29333333333333333,0.29333333333333333,0.2777777777777778,0.875,0.6,20,11,22,17,22
test_03859,full_run82,0.3,0.7,1.0,483,483,0.0,1.0,0.6129032258064516,0.76,0.6129032258064516,1.0,0.6428571428571429,0.782608695652174,0.6428571428571429,1.0,0.4666666666666667,0.6363636363636364,0.4666666666666667,1.0,0.391304347826087,0.5625,0.391304347826087,1.0,0.391304347826087,0.5625,1.0,1.0,1.0,0.0,0.4857142857142857,0.391304347826087,0.391304347826087,0.4666666666666667,0.3333333333333333,0.3,76,18,9,17,9
test_03859,no_topic,0.0,1.0,1.0,512,483,6.004140786749482,1.0,0.6370967741935484,0.7783251231527093,0.6370967741935484,1.0,0.6071428571428571,0.7555555555555554,0.6071428571428571,1.0,0.4,0.5714285714285715,0.4,1.0,0.34782608695652173,0.5161290322580645,0.34782608695652173,1.0,0.34782608695652173,0.5161290322580645,1.0,1.0,1.0,0.0,0.42857142857142855,0.34782608695652173,0.34782608695652173,0.4,0.3333333333333333,0.3,79,17,8,15,8
test_03859,no_pattern,1.0,0.0,1.0,306,483,36.64596273291926,1.0,0.4435483870967742,0.6145251396648045,0.4435483870967742,1.0,0.4642857142857143,0.6341463414634146,0.4642857142857143,1.0,0.5333333333333333,0.6956521739130436,0.5333333333333333,1.0,0.5217391304347826,0.6857142857142856,0.5217391304347826,1.0,0.5217391304347826,0.6857142857142856,1.0,1.0,1.0,0.0,0.5714285714285714,0.5217391304347826,0.5217391304347826,0.5333333333333333,0.5555555555555556,0.5,55,13,12,20,12
test_03859,no_redundancy,0.3,0.7,0.0,473,483,2.070393374741201,1.0,0.5645161290322581,0.7216494845360826,0.5645161290322581,1.0,0.5357142857142857,0.6976744186046512,0.5357142857142857,1.0,0.4666666666666667,0.6363636363636364,0.4666666666666667,1.0,0.43478260869565216,0.6060606060606061,0.43478260869565216,1.0,0.43478260869565216,0.6060606060606061,1.0,1.0,1.0,0.0,0.45714285714285713,0.43478260869565216,0.43478260869565216,0.4666666666666667,0.4444444444444444,0.5,70,15,10,16,10
test_03860,full_run82,0.3,0.7,1.0,220,220,0.0,1.0,0.1625615763546798,0.2796610169491526,0.1625615763546798,1.0,0.21951219512195122,0.36,0.21951219512195122,1.0,0.1095890410958904,0.19753086419753085,0.1095890410958904,1.0,0.12359550561797752,0.21999999999999997,0.12359550561797752,1.0,0.12359550561797752,0.21999999999999997,1.0,1.0,1.0,0.0,0.16,0.12359550561797752,0.12359550561797752,0.1095890410958904,0.06349206349206349,0.3,33,18,11,16,11
test_03860,no_topic,0.0,1.0,1.0,285,220,29.545454545454547,1.0,0.2315270935960591,0.376,0.2315270935960591,1.0,0.2073170731707317,0.3434343434343434,0.2073170731707317,1.0,0.0684931506849315,0.1282051282051282,0.0684931506849315,1.0,0.07865168539325842,0.14583333333333334,0.07865168539325842,1.0,0.07865168539325842,0.14583333333333334,1.0,1.0,1.0,0.0,0.11,0.07865168539325842,0.07865168539325842,0.0684931506849315,0.047619047619047616,0.3,47,17,7,11,7
test_03860,no_pattern,1.0,0.0,1.0,106,220,51.81818181818182,1.0,0.054187192118226604,0.102803738317757,0.054187192118226604,1.0,0.10975609756097561,0.1978021978021978,0.10975609756097561,1.0,0.1643835616438356,0.2823529411764706,0.1643835616438356,1.0,0.15730337078651685,0.27184466019417475,0.15730337078651685,1.0,0.15730337078651685,0.27184466019417475,1.0,1.0,1.0,0.0,0.18,0.15730337078651685,0.15730337078651685,0.1643835616438356,0.09523809523809523,0.3,11,9,14,18,14
test_03860,no_redundancy,0.3,0.7,0.0,313,220,42.27272727272727,1.0,0.19704433497536947,0.3292181069958848,0.19704433497536947,1.0,0.23170731707317074,0.37623762376237624,0.23170731707317074,1.0,0.136986301369863,0.24096385542168672,0.136986301369863,1.0,0.11235955056179775,0.20202020202020202,0.11235955056179775,1.0,0.11235955056179775,0.20202020202020202,1.0,1.0,1.0,0.0,0.11,0.11235955056179775,0.11235955056179775,0.136986301369863,0.1111111111111111,0.5,40,19,10,11,10
test_03865,full_run82,0.3,0.7,1.0,381,381,0.0,1.0,0.29694323144104806,0.45791245791245794,0.29694323144104806,1.0,0.390625,0.5617977528089888,0.390625,1.0,0.1794871794871795,0.30434782608695654,0.1794871794871795,1.0,0.15217391304347827,0.2641509433962264,0.15217391304347827,1.0,0.15217391304347827,0.2641509433962264,1.0,1.0,1.0,0.0,0.16666666666666666,0.15217391304347827,0.15217391304347827,0.1794871794871795,0.42857142857142855,0.2,68,50,7,12,7
test_03865,no_topic,0.0,1.0,1.0,393,381,3.149606299212598,1.0,0.2925764192139738,0.45270270270270274,0.2925764192139738,1.0,0.3828125,0.5536723163841808,0.3828125,1.0,0.1282051282051282,0.22727272727272727,0.1282051282051282,1.0,0.10869565217391304,0.19607843137254902,0.10869565217391304,1.0,0.10869565217391304,0.19607843137254902,1.0,1.0,1.0,0.0,0.125,0.10869565217391304,0.10869565217391304,0.1282051282051282,0.42857142857142855,0.2,67,49,5,9,5
test_03865,no_pattern,1.0,0.0,1.0,305,381,19.94750656167979,1.0,0.22707423580786026,0.3701067615658363,0.22707423580786026,1.0,0.2890625,0.4484848484848485,0.2890625,1.0,0.2564102564102564,0.4081632653061224,0.2564102564102564,1.0,0.2608695652173913,0.41379310344827586,0.2608695652173913,1.0,0.2608695652173913,0.41379310344827586,1.0,1.0,1.0,0.0,0.2777777777777778,0.2608695652173913,0.2608695652173913,0.2564102564102564,0.5714285714285714,0.3,52,37,12,20,12
test_03865,no_redundancy,0.3,0.7,0.0,480,381,25.984251968503933,1.0,0.3318777292576419,0.49836065573770494,0.3318777292576419,1.0,0.4140625,0.585635359116022,0.4140625,0.8571428571428571,0.15384615384615385,0.2608695652173913,0.15,0.8888888888888888,0.17391304347826086,0.29090909090909095,0.1702127659574468,0.8888888888888888,0.17391304347826086,0.29090909090909095,0.8888888888888888,0.8888888888888888,0.8888888888888888,0.11111111111111116,0.2222222222222222,0.17391304347826086,0.1702127659574468,0.15384615384615385,0.2857142857142857,0.0,76,53,9,18,9
test_03871,full_run82,0.3,0.7,1.0,189,189,0.0,1.0,0.39473684210526316,0.5660377358490566,0.39473684210526316,1.0,0.3023255813953488,0.46428571428571425,0.3023255813953488,1.0,0.375,0.5454545454545454,0.375,1.0,0.36,0.5294117647058824,0.36,1.0,0.36,0.5294117647058824,1.0,1.0,1.0,0.0,0.42105263157894735,0.36,0.36,0.375,0.8,0.4,30,13,9,16,9
test_03871,no_topic,0.0,1.0,1.0,188,189,0.5291005291005291,1.0,0.40789473684210525,0.5794392523364486,0.40789473684210525,1.0,0.32558139534883723,0.49122807017543857,0.32558139534883723,1.0,0.4166666666666667,0.5882352941176471,0.4166666666666667,1.0,0.4,0.5714285714285715,0.4,1.0,0.4,0.5714285714285715,1.0,1.0,1.0,0.0,0.42105263157894735,0.4,0.4,0.4166666666666667,0.8,0.3,31,14,10,16,10
test_03871,no_pattern,1.0,0.0,1.0,183,189,3.1746031746031744,1.0,0.39473684210526316,0.5660377358490566,0.39473684210526316,1.0,0.2558139534883721,0.40740740740740744,0.2558139534883721,1.0,0.20833333333333334,0.3448275862068966,0.20833333333333334,1.0,0.24,0.3870967741935484,0.24,1.0,0.24,0.3870967741935484,0.8333333333333334,1.0,0.8333333333333334,0.16666666666666663,0.2631578947368421,0.24,0.24,0.20833333333333334,0.8,0.3,30,11,6,10,6
test_03871,no_redundancy,0.3,0.7,0.0,224,189,18.51851851851852,1.0,0.4473684210526316,0.6181818181818182,0.4473684210526316,1.0,0.6046511627906976,0.7536231884057971,0.6046511627906976,1.0,0.4583333333333333,0.6285714285714286,0.4583333333333333,1.0,0.44,0.6111111111111112,0.44,1.0,0.44,0.6111111111111112,1.0,1.0,1.0,0.0,0.4473684210526316,0.44,0.44,0.4583333333333333,0.8,0.6,34,26,11,17,11
test_03878,full_run82,0.3,0.7,1.0,160,160,0.0,1.0,0.1402439024390244,0.24598930481283426,0.1402439024390244,1.0,0.18888888888888888,0.3177570093457944,0.18888888888888888,1.0,0.17647058823529413,0.3,0.17647058823529413,1.0,0.2127659574468085,0.3508771929824561,0.2127659574468085,1.0,0.2127659574468085,0.3508771929824561,1.0,1.0,1.0,0.0,0.2727272727272727,0.2127659574468085,0.2127659574468085,0.17647058823529413,0.23076923076923078,0.4,23,17,10,18,10
test_03878,no_topic,0.0,1.0,1.0,204,160,27.500000000000004,1.0,0.18902439024390244,0.317948717948718,0.18902439024390244,1.0,0.28888888888888886,0.4482758620689655,0.28888888888888886,1.0,0.2647058823529412,0.4186046511627907,0.2647058823529412,1.0,0.2127659574468085,0.3508771929824561,0.2127659574468085,1.0,0.2127659574468085,0.3508771929824561,1.0,1.0,1.0,0.0,0.25757575757575757,0.2127659574468085,0.2127659574468085,0.2647058823529412,0.3076923076923077,0.5,31,26,10,17,10
test_03878,no_pattern,1.0,0.0,1.0,145,160,9.375,1.0,0.11585365853658537,0.2076502732240437,0.11585365853658537,1.0,0.15555555555555556,0.2692307692307693,0.15555555555555556,1.0,0.17647058823529413,0.3,0.17647058823529413,1.0,0.2127659574468085,0.3508771929824561,0.2127659574468085,1.0,0.2127659574468085,0.3508771929824561,1.0,1.0,1.0,0.0,0.2727272727272727,0.2127659574468085,0.2127659574468085,0.17647058823529413,0.23076923076923078,0.4,19,14,10,18,10
test_03878,no_redundancy,0.3,0.7,0.0,417,160,160.625,1.0,0.2926829268292683,0.45283018867924524,0.2926829268292683,1.0,0.4,0.5714285714285715,0.4,1.0,0.29411764705882354,0.45454545454545453,0.29411764705882354,1.0,0.2553191489361702,0.4067796610169491,0.2553191489361702,1.0,0.2553191489361702,0.4067796610169491,0.8333333333333334,1.0,0.8333333333333334,0.16666666666666663,0.30303030303030304,0.2553191489361702,0.2553191489361702,0.29411764705882354,0.23076923076923078,0.4,48,36,12,20,12
test_03883,full_run82,0.3,0.7,1.0,270,270,0.0,1.0,0.3072289156626506,0.4700460829493087,0.3072289156626506,1.0,0.3181818181818182,0.4827586206896552,0.3181818181818182,1.0,0.4230769230769231,0.5945945945945945,0.4230769230769231,1.0,0.41379310344827586,0.5853658536585366,0.41379310344827586,1.0,0.41379310344827586,0.5853658536585366,1.0,1.0,1.0,0.0,0.44,0.41379310344827586,0.41379310344827586,0.4230769230769231,0.75,0.2,51,21,12,22,12
test_03883,no_topic,0.0,1.0,1.0,274,270,1.4814814814814816,1.0,0.3132530120481928,0.47706422018348627,0.3132530120481928,1.0,0.3333333333333333,0.5,0.3333333333333333,1.0,0.38461538461538464,0.5555555555555556,0.38461538461538464,1.0,0.3793103448275862,0.5499999999999999,0.3793103448275862,1.0,0.3793103448275862,0.5499999999999999,1.0,1.0,1.0,0.0,0.4,0.3793103448275862,0.3793103448275862,0.38461538461538464,0.75,0.2,52,22,11,20,11
test_03883,no_pattern,1.0,0.0,1.0,230,270,14.814814814814813,1.0,0.2469879518072289,0.3961352657004831,0.2469879518072289,1.0,0.2878787878787879,0.4470588235294118,0.2878787878787879,1.0,0.34615384615384615,0.5142857142857142,0.34615384615384615,1.0,0.3103448275862069,0.4736842105263158,0.3103448275862069,1.0,0.3103448275862069,0.4736842105263158,1.0,1.0,1.0,0.0,0.34,0.3103448275862069,0.3103448275862069,0.34615384615384615,0.75,0.1,41,19,9,17,9
test_03883,no_redundancy,0.3,0.7,0.0,379,270,40.370370370370374,1.0,0.3433734939759036,0.5112107623318385,0.3433734939759036,1.0,0.5303030303030303,0.693069306930693,0.5303030303030303,1.0,0.15384615384615385,0.2666666666666667,0.15384615384615385,1.0,0.1724137931034483,0.29411764705882354,0.1724137931034483,1.0,0.1724137931034483,0.29411764705882354,1.0,1.0,1.0,0.0,0.18,0.1724137931034483,0.1724137931034483,0.15384615384615385,0.75,0.4,57,35,5,9,5
test_03888,full_run82,0.3,0.7,1.0,260,260,0.0,0.9836065573770492,0.1986754966887417,0.3305785123966942,0.19801980198019803,1.0,0.2222222222222222,0.3636363636363636,0.2222222222222222,1.0,0.11428571428571428,0.20512820512820512,0.11428571428571428,1.0,0.1,0.18181818181818182,0.1,1.0,0.1,0.18181818181818182,1.0,1.0,1.0,0.0,0.11851851851851852,0.1,0.1,0.11428571428571428,0.17647058823529413,0.1,61,26,9,16,9
test_03888,no_topic,0.0,1.0,1.0,243,260,6.538461538461539,1.0,0.18211920529801323,0.3081232492997199,0.18211920529801323,0.9655172413793104,0.23931623931623933,0.3835616438356165,0.23728813559322035,1.0,0.14285714285714285,0.25,0.14285714285714285,1.0,0.14444444444444443,0.2524271844660194,0.14444444444444443,1.0,0.14444444444444443,0.2524271844660194,1.0,1.0,1.0,0.0,0.15555555555555556,0.14444444444444443,0.14444444444444443,0.14285714285714285,0.29411764705882354,0.1,55,29,13,21,13
test_03888,no_pattern,1.0,0.0,1.0,186,260,28.46153846153846,1.0,0.152317880794702,0.264367816091954,0.152317880794702,1.0,0.15384615384615385,0.2666666666666667,0.15384615384615385,1.0,0.18571428571428572,0.3132530120481928,0.18571428571428572,1.0,0.15555555555555556,0.2692307692307693,0.15555555555555556,1.0,0.15555555555555556,0.2692307692307693,1.0,1.0,1.0,0.0,0.17037037037037037,0.15555555555555556,0.15555555555555556,0.18571428571428572,0.17647058823529413,0.2,46,18,14,23,14
test_03888,no_redundancy,0.3,0.7,0.0,398,260,53.07692307692308,0.9868421052631579,0.24834437086092714,0.39682539682539686,0.24752475247524752,1.0,0.23931623931623933,0.38620689655172413,0.23931623931623933,1.0,0.2,0.33333333333333337,0.2,1.0,0.17777777777777778,0.3018867924528302,0.17777777777777778,1.0,0.17777777777777778,0.3018867924528302,1.0,1.0,1.0,0.0,0.17037037037037037,0.17777777777777778,0.17777777777777778,0.2,0.47058823529411764,0.3,76,28,16,23,16
test_03898,full_run82,0.3,0.7,1.0,163,163,0.0,0.96,0.22857142857142856,0.3692307692307692,0.22641509433962265,0.9285714285714286,0.21666666666666667,0.35135135135135137,0.21311475409836064,1.0,0.375,0.5454545454545454,0.375,0.8333333333333334,0.21739130434782608,0.3448275862068966,0.20833333333333334,1.0,0.2608695652173913,0.41379310344827586,0.8333333333333334,1.0,0.8333333333333334,0.16666666666666663,0.3142857142857143,0.21739130434782608,0.20833333333333334,0.375,0.3333333333333333,0.1,25,14,6,12,6
test_03898,no_topic,0.0,1.0,1.0,163,163,0.0,0.96,0.22857142857142856,0.3692307692307692,0.22641509433962265,0.9285714285714286,0.21666666666666667,0.35135135135135137,0.21311475409836064,1.0,0.375,0.5454545454545454,0.375,0.8333333333333334,0.21739130434782608,0.3448275862068966,0.20833333333333334,1.0,0.2608695652173913,0.41379310344827586,0.8333333333333334,1.0,0.8333333333333334,0.16666666666666663,0.3142857142857143,0.21739130434782608,0.20833333333333334,0.375,0.3333333333333333,0.1,25,14,6,12,6
test_03898,no_pattern,1.0,0.0,1.0,183,163,12.269938650306749,1.0,0.18095238095238095,0.3064516129032258,0.18095238095238095,0.9444444444444444,0.2833333333333333,0.4358974358974359,0.2786885245901639,1.0,0.5,0.6666666666666666,0.5,0.9090909090909091,0.43478260869565216,0.5882352941176471,0.4166666666666667,0.9090909090909091,0.43478260869565216,0.5882352941176471,0.9090909090909091,1.0,0.9090909090909091,0.09090909090909094,0.4857142857142857,0.43478260869565216,0.4166666666666667,0.5,0.8333333333333334,0.2,19,18,11,18,11
test_03898,no_redundancy,0.3,0.7,0.0,341,163,109.20245398773005,1.0,0.3904761904761905,0.5616438356164384,0.3904761904761905,0.9696969696969697,0.5333333333333333,0.6881720430107527,0.5245901639344263,1.0,0.25,0.4,0.25,1.0,0.21739130434782608,0.3571428571428571,0.21739130434782608,1.0,0.21739130434782608,0.3571428571428571,1.0,1.0,1.0,0.0,0.2571428571428571,0.21739130434782608,0.21739130434782608,0.25,0.5,0.6,41,33,5,9,5
test_03919,full_run82,0.3,0.7,1.0,185,185,0.0,1.0,0.23387096774193547,0.3790849673202614,0.23387096774193547,1.0,0.37037037037037035,0.5405405405405406,0.37037037037037035,1.0,0.34782608695652173,0.5161290322580645,0.34782608695652173,1.0,0.4375,0.6086956521739131,0.4375,1.0,0.4375,0.6086956521739131,1.0,1.0,1.0,0.0,0.43137254901960786,0.4375,0.4375,0.34782608695652173,1.0,0.4,29,10,14,22,14
test_03919,no_topic,0.0,1.0,1.0,228,185,23.243243243243246,1.0,0.3225806451612903,0.4878048780487805,0.3225806451612903,0.9285714285714286,0.48148148148148145,0.6341463414634146,0.4642857142857143,1.0,0.21739130434782608,0.3571428571428571,0.21739130434782608,1.0,0.3125,0.47619047619047616,0.3125,1.0,0.3125,0.47619047619047616,1.0,1.0,1.0,0.0,0.37254901960784315,0.3125,0.3125,0.21739130434782608,0.42857142857142855,0.2,40,14,10,19,10
test_03919,no_pattern,1.0,0.0,1.0,146,185,21.08108108108108,1.0,0.20967741935483872,0.3466666666666667,0.20967741935483872,1.0,0.18518518518518517,0.3125,0.18518518518518517,1.0,0.30434782608695654,0.4666666666666667,0.30434782608695654,1.0,0.375,0.5454545454545454,0.375,1.0,0.375,0.5454545454545454,1.0,1.0,1.0,0.0,0.37254901960784315,0.375,0.375,0.30434782608695654,1.0,0.2,26,5,12,19,12
test_03919,no_redundancy,0.3,0.7,0.0,258,185,39.45945945945946,1.0,0.4032258064516129,0.5747126436781609,0.4032258064516129,1.0,0.4074074074074074,0.5789473684210525,0.4074074074074074,1.0,0.34782608695652173,0.5161290322580645,0.34782608695652173,1.0,0.28125,0.43902439024390244,0.28125,1.0,0.28125,0.43902439024390244,1.0,1.0,1.0,0.0,0.29411764705882354,0.28125,0.28125,0.34782608695652173,0.42857142857142855,0.5,50,11,9,15,9
test_03930,full_run82,0.3,0.7,1.0,252,252,0.0,1.0,0.1827956989247312,0.3090909090909091,0.1827956989247312,1.0,0.16556291390728478,0.2840909090909091,0.16556291390728478,1.0,0.13043478260869565,0.23076923076923078,0.13043478260869565,1.0,0.11666666666666667,0.208955223880597,0.11666666666666667,1.0,0.11666666666666667,0.208955223880597,1.0,1.0,1.0,0.0,0.13953488372093023,0.11666666666666667,0.11666666666666667,0.13043478260869565,0.2727272727272727,0.1,34,25,7,12,7
test_03930,no_topic,0.0,1.0,1.0,276,252,9.523809523809524,1.0,0.23118279569892472,0.37554585152838427,0.23118279569892472,1.0,0.2119205298013245,0.34972677595628415,0.2119205298013245,1.0,0.13043478260869565,0.23076923076923078,0.13043478260869565,1.0,0.13333333333333333,0.23529411764705882,0.13333333333333333,1.0,0.13333333333333333,0.23529411764705882,1.0,1.0,1.0,0.0,0.16279069767441862,0.13333333333333333,0.13333333333333333,0.13043478260869565,0.2727272727272727,0.1,43,32,8,14,8
test_03930,no_pattern,1.0,0.0,1.0,170,252,32.53968253968254,1.0,0.13978494623655913,0.24528301886792453,0.13978494623655913,1.0,0.11258278145695365,0.2023809523809524,0.11258278145695365,1.0,0.2391304347826087,0.3859649122807018,0.2391304347826087,1.0,0.21666666666666667,0.3561643835616438,0.21666666666666667,1.0,0.21666666666666667,0.3561643835616438,1.0,1.0,1.0,0.0,0.22093023255813954,0.21666666666666667,0.21666666666666667,0.2391304347826087,0.36363636363636365,0.3,26,17,13,19,13
test_03930,no_redundancy,0.3,0.7,0.0,471,252,86.90476190476191,1.0,0.27419354838709675,0.430379746835443,0.27419354838709675,1.0,0.304635761589404,0.467005076142132,0.304635761589404,1.0,0.17391304347826086,0.29629629629629634,0.17391304347826086,1.0,0.13333333333333333,0.23529411764705882,0.13333333333333333,1.0,0.13333333333333333,0.23529411764705882,1.0,1.0,1.0,0.0,0.1511627906976744,0.13333333333333333,0.13333333333333333,0.17391304347826086,0.36363636363636365,0.3,51,46,8,13,8
test_03935,full_run82,0.3,0.7,1.0,129,129,0.0,1.0,0.1417910447761194,0.2483660130718954,0.1417910447761194,1.0,0.10606060606060606,0.19178082191780824,0.10606060606060606,1.0,0.2692307692307692,0.42424242424242425,0.2692307692307692,1.0,0.20588235294117646,0.34146341463414637,0.20588235294117646,1.0,0.20588235294117646,0.34146341463414637,1.0,1.0,1.0,0.0,0.21818181818181817,0.20588235294117646,0.20588235294117646,0.2692307692307692,0.42857142857142855,0.4,19,7,7,12,7
test_03935,no_topic,0.0,1.0,1.0,191,129,48.06201550387597,1.0,0.22388059701492538,0.36585365853658536,0.22388059701492538,1.0,0.18181818181818182,0.3076923076923077,0.18181818181818182,1.0,0.19230769230769232,0.32258064516129037,0.19230769230769232,1.0,0.14705882352941177,0.25641025641025644,0.14705882352941177,1.0,0.14705882352941177,0.25641025641025644,1.0,1.0,1.0,0.0,0.16363636363636364,0.14705882352941177,0.14705882352941177,0.19230769230769232,0.42857142857142855,0.3,30,12,5,9,5
test_03935,no_pattern,1.0,0.0,1.0,113,129,12.4031007751938,1.0,0.12686567164179105,0.2251655629139073,0.12686567164179105,1.0,0.07575757575757576,0.14084507042253522,0.07575757575757576,1.0,0.15384615384615385,0.2666666666666667,0.15384615384615385,1.0,0.14705882352941177,0.25641025641025644,0.14705882352941177,1.0,0.14705882352941177,0.25641025641025644,1.0,1.0,1.0,0.0,0.18181818181818182,0.14705882352941177,0.14705882352941177,0.15384615384615385,0.2857142857142857,0.4,17,5,5,10,5
test_03935,no_redundancy,0.3,0.7,0.0,251,129,94.57364341085271,1.0,0.208955223880597,0.345679012345679,0.208955223880597,1.0,0.30303030303030304,0.4651162790697675,0.30303030303030304,1.0,0.2692307692307692,0.42424242424242425,0.2692307692307692,1.0,0.2647058823529412,0.4186046511627907,0.2647058823529412,1.0,0.2647058823529412,0.4186046511627907,1.0,1.0,1.0,0.0,0.2909090909090909,0.2647058823529412,0.2647058823529412,0.2692307692307692,0.42857142857142855,0.4,28,20,9,16,9
test_03958,full_run82,0.3,0.7,1.0,196,196,0.0,0.9428571428571428,0.559322033898305,0.7021276595744681,0.5409836065573771,1.0,0.6333333333333333,0.7755102040816326,0.6333333333333333,1.0,0.625,0.7692307692307693,0.625,1.0,0.6666666666666666,0.8,0.6666666666666666,1.0,0.6666666666666666,0.8,1.0,1.0,1.0,0.0,0.6666666666666666,0.6666666666666666,0.6666666666666666,0.625,1.0,0.6,35,19,6,12,6
test_03958,no_topic,0.0,1.0,1.0,197,196,0.5102040816326531,0.9428571428571428,0.559322033898305,0.7021276595744681,0.5409836065573771,1.0,0.6,0.7499999999999999,0.6,1.0,0.625,0.7692307692307693,0.625,1.0,0.5555555555555556,0.7142857142857143,0.5555555555555556,1.0,0.5555555555555556,0.7142857142857143,1.0,1.0,1.0,0.0,0.5555555555555556,0.5555555555555556,0.5555555555555556,0.625,1.0,0.4,35,18,5,10,5
test_03958,no_pattern,1.0,0.0,1.0,146,196,25.510204081632654,1.0,0.4745762711864407,0.6436781609195402,0.4745762711864407,1.0,0.43333333333333335,0.6046511627906976,0.43333333333333335,1.0,0.625,0.7692307692307693,0.625,1.0,0.6666666666666666,0.8,0.6666666666666666,1.0,0.6666666666666666,0.8,1.0,1.0,1.0,0.0,0.6666666666666666,0.6666666666666666,0.6666666666666666,0.625,1.0,0.8,28,13,6,12,6
test_03958,no_redundancy,0.3,0.7,0.0,281,196,43.36734693877551,0.9705882352941176,0.559322033898305,0.7096774193548386,0.55,1.0,0.6666666666666666,0.8,0.6666666666666666,1.0,0.5,0.6666666666666666,0.5,1.0,0.4444444444444444,0.6153846153846153,0.4444444444444444,1.0,0.4444444444444444,0.6153846153846153,0.75,1.0,0.75,0.25,0.4444444444444444,0.4444444444444444,0.4444444444444444,0.5,1.0,0.4,34,20,4,8,4
test_03968,full_run82,0.3,0.7,1.0,169,169,0.0,1.0,0.10150375939849623,0.18430034129692832,0.10150375939849623,1.0,0.12941176470588237,0.22916666666666669,0.12941176470588237,1.0,0.16,0.2758620689655173,0.16,1.0,0.11428571428571428,0.20512820512820512,0.11428571428571428,1.0,0.11428571428571428,0.20512820512820512,1.0,1.0,1.0,0.0,0.14893617021276595,0.11428571428571428,0.11428571428571428,0.16,0.1111111111111111,0.3,27,11,8,14,8
test_03968,no_topic,0.0,1.0,1.0,229,169,35.50295857988166,1.0,0.12406015037593984,0.22073578595317725,0.12406015037593984,1.0,0.17647058823529413,0.3,0.17647058823529413,1.0,0.1,0.18181818181818182,0.1,1.0,0.07142857142857142,0.13333333333333333,0.07142857142857142,1.0,0.07142857142857142,0.13333333333333333,1.0,1.0,1.0,0.0,0.09574468085106383,0.07142857142857142,0.07142857142857142,0.1,0.1111111111111111,0.4,33,15,5,9,5
test_03968,no_pattern,1.0,0.0,1.0,158,169,6.508875739644971,1.0,0.08270676691729323,0.1527777777777778,0.08270676691729323,1.0,0.11764705882352941,0.21052631578947367,0.11764705882352941,1.0,0.18,0.3050847457627119,0.18,1.0,0.12857142857142856,0.22784810126582278,0.12857142857142856,1.0,0.12857142857142856,0.22784810126582278,1.0,1.0,1.0,0.0,0.14893617021276595,0.12857142857142856,0.12857142857142856,0.18,0.14814814814814814,0.3,22,10,9,14,9
test_03968,no_redundancy,0.3,0.7,0.0,319,169,88.75739644970415,1.0,0.17293233082706766,0.2948717948717949,0.17293233082706766,1.0,0.27058823529411763,0.42592592592592593,0.27058823529411763,1.0,0.2,0.33333333333333337,0.2,1.0,0.14285714285714285,0.25,0.14285714285714285,1.0,0.14285714285714285,0.25,1.0,1.0,1.0,0.0,0.1595744680851064,0.14285714285714285,0.14285714285714285,0.2,0.2222222222222222,0.1,46,23,10,15,10
test_04025,full_run82,0.3,0.7,1.0,224,224,0.0,1.0,0.4,0.5714285714285715,0.4,1.0,0.4523809523809524,0.6229508196721312,0.4523809523809524,1.0,0.6153846153846154,0.761904761904762,0.6153846153846154,1.0,0.5294117647058824,0.6923076923076924,0.5294117647058824,1.0,0.5294117647058824,0.6923076923076924,1.0,1.0,1.0,0.0,0.5416666666666666,0.5294117647058824,0.5294117647058824,0.6153846153846154,0.6666666666666666,0.5,36,19,9,13,9
test_04025,no_topic,0.0,1.0,1.0,253,224,12.946428571428573,1.0,0.45555555555555555,0.6259541984732825,0.45555555555555555,1.0,0.5952380952380952,0.7462686567164178,0.5952380952380952,1.0,0.5384615384615384,0.7000000000000001,0.5384615384615384,1.0,0.47058823529411764,0.6399999999999999,0.47058823529411764,1.0,0.47058823529411764,0.6399999999999999,1.0,1.0,1.0,0.0,0.5,0.47058823529411764,0.47058823529411764,0.5384615384615384,0.6666666666666666,0.3,41,25,8,12,8
test_04025,no_pattern,1.0,0.0,1.0,150,224,33.035714285714285,1.0,0.26666666666666666,0.4210526315789474,0.26666666666666666,1.0,0.19047619047619047,0.32,0.19047619047619047,1.0,0.3076923076923077,0.47058823529411764,0.3076923076923077,1.0,0.23529411764705882,0.38095238095238093,0.23529411764705882,1.0,0.23529411764705882,0.38095238095238093,1.0,1.0,1.0,0.0,0.2916666666666667,0.23529411764705882,0.23529411764705882,0.3076923076923077,0.3333333333333333,0.2,24,8,4,7,4
test_04025,no_redundancy,0.3,0.7,0.0,201,224,10.267857142857142,1.0,0.2777777777777778,0.4347826086956522,0.2777777777777778,1.0,0.23809523809523808,0.3846153846153846,0.23809523809523808,1.0,0.38461538461538464,0.5555555555555556,0.38461538461538464,1.0,0.35294117647058826,0.5217391304347826,0.35294117647058826,1.0,0.35294117647058826,0.5217391304347826,1.0,1.0,1.0,0.0,0.4166666666666667,0.35294117647058826,0.35294117647058826,0.38461538461538464,0.4444444444444444,0.7,25,10,6,10,6
test_04050,full_run82,0.3,0.7,1.0,355,355,0.0,1.0,0.6363636363636364,0.7777777777777778,0.6363636363636364,1.0,0.6481481481481481,0.7865168539325843,0.6481481481481481,1.0,0.6666666666666666,0.8,0.6666666666666666,1.0,0.5882352941176471,0.7407407407407407,0.5882352941176471,1.0,0.5882352941176471,0.7407407407407407,1.0,1.0,1.0,0.0,0.6363636363636364,0.5882352941176471,0.5882352941176471,0.6666666666666666,0.9,0.5,49,35,20,28,20
test_04050,no_topic,0.0,1.0,1.0,364,355,2.535211267605634,1.0,0.7012987012987013,0.8244274809160306,0.7012987012987013,1.0,0.7407407407407407,0.851063829787234,0.7407407407407407,1.0,0.6,0.7499999999999999,0.6,1.0,0.5294117647058824,0.6923076923076924,0.5294117647058824,1.0,0.5294117647058824,0.6923076923076924,1.0,1.0,1.0,0.0,0.5909090909090909,0.5294117647058824,0.5294117647058824,0.6,0.7,0.5,54,40,18,26,18
test_04050,no_pattern,1.0,0.0,1.0,322,355,9.295774647887324,1.0,0.6103896103896104,0.7580645161290321,0.6103896103896104,1.0,0.5740740740740741,0.7294117647058824,0.5740740740740741,1.0,0.5333333333333333,0.6956521739130436,0.5333333333333333,1.0,0.5,0.6666666666666666,0.5,1.0,0.5,0.6666666666666666,1.0,1.0,1.0,0.0,0.5,0.5,0.5,0.5333333333333333,0.8,0.5,47,31,17,22,17
test_04050,no_redundancy,0.3,0.7,0.0,330,355,7.042253521126761,1.0,0.5194805194805194,0.6837606837606837,0.5194805194805194,1.0,0.6851851851851852,0.8131868131868133,0.6851851851851852,1.0,0.5666666666666667,0.7234042553191489,0.5666666666666667,1.0,0.5294117647058824,0.6923076923076924,0.5294117647058824,1.0,0.5294117647058824,0.6923076923076924,0.9444444444444444,1.0,0.9444444444444444,0.05555555555555558,0.5909090909090909,0.5294117647058824,0.5294117647058824,0.5666666666666667,0.5,0.7,40,37,18,26,18
test_04051,full_run82,0.3,0.7,1.0,264,264,0.0,1.0,0.23923444976076555,0.3861003861003861,0.23923444976076555,1.0,0.21818181818181817,0.3582089552238806,0.21818181818181817,1.0,0.1794871794871795,0.30434782608695654,0.1794871794871795,1.0,0.1346153846153846,0.23728813559322035,0.1346153846153846,1.0,0.1346153846153846,0.23728813559322035,1.0,1.0,1.0,0.0,0.16666666666666666,0.1346153846153846,0.1346153846153846,0.1794871794871795,0.2857142857142857,0.2,50,24,7,14,7
test_04051,no_topic,0.0,1.0,1.0,291,264,10.227272727272728,1.0,0.23923444976076555,0.3861003861003861,0.23923444976076555,1.0,0.2909090909090909,0.45070422535211263,0.2909090909090909,1.0,0.15384615384615385,0.2666666666666667,0.15384615384615385,1.0,0.11538461538461539,0.20689655172413793,0.11538461538461539,1.0,0.11538461538461539,0.20689655172413793,1.0,1.0,1.0,0.0,0.14285714285714285,0.11538461538461539,0.11538461538461539,0.15384615384615385,0.2857142857142857,0.0,50,32,6,12,6
test_04051,no_pattern,1.0,0.0,1.0,161,264,39.015151515151516,0.96875,0.14832535885167464,0.2572614107883818,0.14761904761904762,1.0,0.13636363636363635,0.24000000000000002,0.13636363636363635,1.0,0.23076923076923078,0.375,0.23076923076923078,0.8888888888888888,0.15384615384615385,0.2622950819672132,0.1509433962264151,1.0,0.17307692307692307,0.29508196721311475,0.8888888888888888,1.0,0.8888888888888888,0.11111111111111116,0.16666666666666666,0.15384615384615385,0.1509433962264151,0.23076923076923078,0.5714285714285714,0.3,32,15,9,15,9
test_04051,no_redundancy,0.3,0.7,0.0,430,264,62.878787878787875,1.0,0.3397129186602871,0.5071428571428572,0.3397129186602871,1.0,0.34545454545454546,0.5135135135135135,0.34545454545454546,1.0,0.20512820512820512,0.3404255319148936,0.20512820512820512,1.0,0.15384615384615385,0.2666666666666667,0.15384615384615385,1.0,0.15384615384615385,0.2666666666666667,1.0,1.0,1.0,0.0,0.16666666666666666,0.15384615384615385,0.15384615384615385,0.20512820512820512,0.42857142857142855,0.3,71,38,8,14,8
test_04055,full_run82,0.3,0.7,1.0,215,215,0.0,1.0,0.0748663101604278,0.13930348258706465,0.0748663101604278,1.0,0.11052631578947368,0.1990521327014218,0.11052631578947368,1.0,0.08888888888888889,0.163265306122449,0.08888888888888889,0.8888888888888888,0.07079646017699115,0.13114754098360654,0.07017543859649122,0.8888888888888888,0.07079646017699115,0.13114754098360654,1.0,1.0,1.0,0.0,0.08695652173913043,0.07079646017699115,0.07017543859649122,0.08888888888888889,0.25,0.1,42,21,9,15,9
test_04055,no_topic,0.0,1.0,1.0,274,215,27.44186046511628,1.0,0.09269162210338681,0.1696574225122349,0.09269162210338681,1.0,0.14210526315789473,0.2488479262672811,0.14210526315789473,1.0,0.07777777777777778,0.1443298969072165,0.07777777777777778,1.0,0.07079646017699115,0.13223140495867766,0.07079646017699115,1.0,0.07079646017699115,0.13223140495867766,1.0,1.0,1.0,0.0,0.08074534161490683,0.07079646017699115,0.07079646017699115,0.07777777777777778,0.3333333333333333,0.1,52,27,8,13,8
test_04055,no_pattern,1.0,0.0,1.0,188,215,12.558139534883722,1.0,0.0677361853832442,0.1268781302170284,0.0677361853832442,1.0,0.1,0.18181818181818182,0.1,1.0,0.1111111111111111,0.19999999999999998,0.1111111111111111,1.0,0.08849557522123894,0.1626016260162602,0.08849557522123894,1.0,0.08849557522123894,0.1626016260162602,1.0,1.0,1.0,0.0,0.11180124223602485,0.08849557522123894,0.08849557522123894,0.1111111111111111,0.25,0.1,38,19,10,18,10
test_04055,no_redundancy,0.3,0.7,0.0,537,215,149.7674418604651,1.0,0.16934046345811052,0.2896341463414634,0.16934046345811052,1.0,0.21578947368421053,0.354978354978355,0.21578947368421053,1.0,0.15555555555555556,0.2692307692307693,0.15555555555555556,0.9285714285714286,0.11504424778761062,0.2047244094488189,0.11403508771929824,0.9285714285714286,0.11504424778761062,0.2047244094488189,1.0,1.0,1.0,0.0,0.12422360248447205,0.11504424778761062,0.11403508771929824,0.15555555555555556,0.3333333333333333,0.3,95,41,14,21,14
test_04067,full_run82,0.3,0.7,1.0,217,217,0.0,0.9714285714285714,0.15246636771300448,0.2635658914728682,0.15178571428571427,0.9473684210526315,0.2571428571428571,0.4044943820224719,0.2535211267605634,1.0,0.2727272727272727,0.42857142857142855,0.2727272727272727,1.0,0.27450980392156865,0.43076923076923085,0.27450980392156865,1.0,0.27450980392156865,0.43076923076923085,1.0,1.0,1.0,0.0,0.2727272727272727,0.27450980392156865,0.27450980392156865,0.2727272727272727,0.6666666666666666,0.4,35,19,14,21,14
test_04067,no_topic,0.0,1.0,1.0,170,217,21.658986175115206,0.9354838709677419,0.13004484304932734,0.22834645669291337,0.1288888888888889,0.9444444444444444,0.24285714285714285,0.38636363636363635,0.23943661971830985,1.0,0.1590909090909091,0.2745098039215686,0.1590909090909091,1.0,0.13725490196078433,0.24137931034482762,0.13725490196078433,1.0,0.13725490196078433,0.24137931034482762,1.0,1.0,1.0,0.0,0.14285714285714285,0.13725490196078433,0.13725490196078433,0.1590909090909091,0.6666666666666666,0.4,31,18,7,11,7
test_04067,no_pattern,1.0,0.0,1.0,190,217,12.442396313364055,1.0,0.13452914798206278,0.23715415019762848,0.13452914798206278,1.0,0.18571428571428572,0.3132530120481928,0.18571428571428572,1.0,0.25,0.4,0.25,1.0,0.23529411764705882,0.38095238095238093,0.23529411764705882,1.0,0.23529411764705882,0.38095238095238093,1.0,1.0,1.0,0.0,0.24675324675324675,0.23529411764705882,0.23529411764705882,0.25,0.6666666666666666,0.3,30,13,12,19,12
test_04067,no_redundancy,0.3,0.7,0.0,428,217,97.23502304147466,0.9846153846153847,0.28699551569506726,0.4444444444444445,0.2857142857142857,0.9696969696969697,0.45714285714285713,0.6213592233009709,0.4507042253521127,1.0,0.22727272727272727,0.37037037037037035,0.22727272727272727,1.0,0.19607843137254902,0.3278688524590164,0.19607843137254902,1.0,0.19607843137254902,0.3278688524590164,1.0,1.0,1.0,0.0,0.23376623376623376,0.19607843137254902,0.19607843137254902,0.22727272727272727,0.5,0.1,65,33,10,18,10
test_04073,full_run82,0.3,0.7,1.0,176,176,0.0,1.0,1.0,1.0,1.0,1.0,1.0,1.0,1.0,1.0,1.0,1.0,1.0,1.0,1.0,1.0,1.0,1.0,1.0,1.0,1.0,1.0,1.0,0.0,1.0,1.0,1.0,1.0,1.0,1.0,31,21,11,18,11
test_04073,no_topic,0.0,1.0,1.0,176,176,0.0,1.0,1.0,1.0,1.0,1.0,1.0,1.0,1.0,1.0,1.0,1.0,1.0,1.0,1.0,1.0,1.0,1.0,1.0,1.0,1.0,1.0,1.0,0.0,1.0,1.0,1.0,1.0,1.0,1.0,31,21,11,18,11
test_04073,no_pattern,1.0,0.0,1.0,176,176,0.0,1.0,1.0,1.0,1.0,1.0,1.0,1.0,1.0,1.0,1.0,1.0,1.0,1.0,1.0,1.0,1.0,1.0,1.0,1.0,1.0,1.0,1.0,0.0,1.0,1.0,1.0,1.0,1.0,1.0,31,21,11,18,11
test_04073,no_redundancy,0.3,0.7,0.0,176,176,0.0,1.0,1.0,1.0,1.0,1.0,1.0,1.0,1.0,1.0,1.0,1.0,1.0,1.0,1.0,1.0,1.0,1.0,1.0,1.0,1.0,1.0,1.0,0.0,1.0,1.0,1.0,1.0,1.0,1.0,31,21,11,18,11
test_04096,full_run82,0.3,0.7,1.0,346,346,0.0,1.0,0.3422222222222222,0.509933774834437,0.3422222222222222,1.0,0.3488372093023256,0.5172413793103449,0.3488372093023256,1.0,0.34285714285714286,0.5106382978723404,0.34285714285714286,1.0,0.29545454545454547,0.456140350877193,0.29545454545454547,1.0,0.29545454545454547,0.456140350877193,1.0,1.0,1.0,0.0,0.3333333333333333,0.29545454545454547,0.29545454545454547,0.34285714285714286,0.4166666666666667,0.5,77,15,13,20,13
test_04096,no_topic,0.0,1.0,1.0,394,346,13.872832369942195,0.9866666666666667,0.3288888888888889,0.4933333333333334,0.3274336283185841,1.0,0.32558139534883723,0.49122807017543857,0.32558139534883723,1.0,0.34285714285714286,0.5106382978723404,0.34285714285714286,0.9375,0.3409090909090909,0.5,0.3333333333333333,1.0,0.36363636363636365,0.5333333333333333,1.0,1.0,1.0,0.0,0.3333333333333333,0.3409090909090909,0.3333333333333333,0.34285714285714286,0.4166666666666667,0.6,75,14,16,21,16
test_04096,no_pattern,1.0,0.0,1.0,252,346,27.167630057803464,1.0,0.24444444444444444,0.39285714285714285,0.24444444444444444,0.9166666666666666,0.2558139534883721,0.4,0.25,1.0,0.2,0.33333333333333337,0.2,1.0,0.1590909090909091,0.2745098039215686,0.1590909090909091,1.0,0.1590909090909091,0.2745098039215686,0.8571428571428571,1.0,0.8571428571428571,0.1428571428571429,0.21666666666666667,0.1590909090909091,0.1590909090909091,0.2,0.25,0.1,55,12,7,13,7
test_04096,no_redundancy,0.3,0.7,0.0,525,346,51.73410404624278,1.0,0.4266666666666667,0.5981308411214953,0.4266666666666667,1.0,0.5116279069767442,0.676923076923077,0.5116279069767442,1.0,0.42857142857142855,0.6,0.42857142857142855,1.0,0.4772727272727273,0.6461538461538462,0.4772727272727273,1.0,0.4772727272727273,0.6461538461538462,1.0,1.0,1.0,0.0,0.4166666666666667,0.4772727272727273,0.4772727272727273,0.42857142857142855,0.5,0.6,96,22,21,25,21
test_04100,full_run82,0.3,0.7,1.0,281,281,0.0,1.0,0.21428571428571427,0.35294117647058826,0.21428571428571427,1.0,0.26,0.41269841269841273,0.26,0.9090909090909091,0.30303030303030304,0.45454545454545453,0.29411764705882354,0.9230769230769231,0.3,0.4528301886792453,0.2926829268292683,0.9230769230769231,0.3,0.4528301886792453,0.9230769230769231,0.9230769230769231,0.9230769230769231,0.07692307692307687,0.3548387096774194,0.3,0.2926829268292683,0.30303030303030304,0.5714285714285714,0.2,51,26,13,23,13
test_04100,no_topic,0.0,1.0,1.0,275,281,2.135231316725979,1.0,0.20168067226890757,0.3356643356643357,0.20168067226890757,1.0,0.25,0.4,0.25,0.9166666666666666,0.3333333333333333,0.4888888888888888,0.3235294117647059,0.9230769230769231,0.3,0.4528301886792453,0.2926829268292683,0.9230769230769231,0.3,0.4528301886792453,0.9230769230769231,0.9230769230769231,0.9230769230769231,0.07692307692307687,0.3225806451612903,0.3,0.2926829268292683,0.3333333333333333,0.5714285714285714,0.3,48,25,13,21,13
test_04100,no_pattern,1.0,0.0,1.0,209,281,25.622775800711743,1.0,0.13865546218487396,0.24354243542435428,0.13865546218487396,1.0,0.27,0.4251968503937008,0.27,0.9090909090909091,0.30303030303030304,0.45454545454545453,0.29411764705882354,0.9090909090909091,0.25,0.392156862745098,0.24390243902439024,0.9090909090909091,0.25,0.392156862745098,0.9090909090909091,0.9090909090909091,0.9090909090909091,0.09090909090909094,0.2903225806451613,0.25,0.24390243902439024,0.30303030303030304,0.5714285714285714,0.1,33,27,11,19,11
test_04100,no_redundancy,0.3,0.7,0.0,449,281,59.7864768683274,0.9855072463768116,0.2857142857142857,0.4429967426710098,0.28451882845188287,1.0,0.34,0.5074626865671642,0.34,1.0,0.09090909090909091,0.16666666666666669,0.09090909090909091,1.0,0.075,0.13953488372093023,0.075,1.0,0.075,0.13953488372093023,1.0,1.0,1.0,0.0,0.08064516129032258,0.075,0.075,0.09090909090909091,0.42857142857142855,0.3,69,34,3,5,3
test_04108,full_run82,0.3,0.7,1.0,217,217,0.0,1.0,0.3258426966292135,0.4915254237288135,0.3258426966292135,0.9375,0.3,0.45454545454545453,0.29411764705882354,0.8571428571428571,0.4,0.5454545454545455,0.375,0.5,0.19047619047619047,0.27586206896551724,0.16,0.75,0.2857142857142857,0.4137931034482759,0.75,0.75,0.75,0.25,0.22857142857142856,0.19047619047619047,0.16,0.4,0.8,0.5,29,16,8,13,8
test_04108,no_topic,0.0,1.0,1.0,255,217,17.51152073732719,0.9743589743589743,0.42696629213483145,0.59375,0.4222222222222222,1.0,0.46,0.6301369863013699,0.46,0.8888888888888888,0.5333333333333333,0.6666666666666667,0.5,0.6363636363636364,0.3333333333333333,0.43749999999999994,0.28,0.8181818181818182,0.42857142857142855,0.5625,0.8181818181818182,0.8181818181818182,0.8181818181818182,0.18181818181818177,0.4,0.3333333333333333,0.28,0.5333333333333333,0.8,0.5,39,23,11,19,11
test_04108,no_pattern,1.0,0.0,1.0,124,217,42.857142857142854,1.0,0.20224719101123595,0.3364485981308411,0.20224719101123595,0.875,0.14,0.24137931034482757,0.13725490196078433,0.8333333333333334,0.3333333333333333,0.47619047619047616,0.3125,0.5714285714285714,0.19047619047619047,0.2857142857142857,0.16666666666666666,0.7142857142857143,0.23809523809523808,0.35714285714285715,0.7142857142857143,0.7142857142857143,0.7142857142857143,0.2857142857142857,0.22857142857142856,0.19047619047619047,0.16666666666666666,0.3333333333333333,0.8,0.5,18,8,7,12,7
test_04108,no_redundancy,0.3,0.7,0.0,385,217,77.41935483870968,1.0,0.5168539325842697,0.6814814814814816,0.5168539325842697,1.0,0.46,0.6301369863013699,0.46,1.0,0.4666666666666667,0.6363636363636364,0.4666666666666667,0.9090909090909091,0.47619047619047616,0.6249999999999999,0.45454545454545453,1.0,0.5238095238095238,0.6875000000000001,1.0,1.0,1.0,0.0,0.5142857142857142,0.47619047619047616,0.45454545454545453,0.4666666666666667,0.8,0.5,46,23,11,19,11
test_04114,full_run82,0.3,0.7,1.0,389,389,0.0,1.0,0.6111111111111112,0.7586206896551725,0.6111111111111112,1.0,0.7368421052631579,0.8484848484848484,0.7368421052631579,1.0,0.5714285714285714,0.7272727272727273,0.5714285714285714,1.0,0.5,0.6666666666666666,0.5,1.0,0.5,0.6666666666666666,1.0,1.0,1.0,0.0,0.5853658536585366,0.5,0.5,0.5714285714285714,0.5,0.2,55,42,13,24,13
test_04114,no_topic,0.0,1.0,1.0,423,389,8.740359897172237,1.0,0.6555555555555556,0.7919463087248323,0.6555555555555556,1.0,0.7894736842105263,0.8823529411764706,0.7894736842105263,1.0,0.6190476190476191,0.7647058823529412,0.6190476190476191,1.0,0.6153846153846154,0.761904761904762,0.6153846153846154,1.0,0.6153846153846154,0.761904761904762,1.0,1.0,1.0,0.0,0.6341463414634146,0.6153846153846154,0.6153846153846154,0.6190476190476191,0.6666666666666666,0.6,59,45,16,26,16
test_04114,no_pattern,1.0,0.0,1.0,257,389,33.933161953727506,1.0,0.5444444444444444,0.7050359712230216,0.5444444444444444,1.0,0.5263157894736842,0.6896551724137931,0.5263157894736842,0.8888888888888888,0.38095238095238093,0.5333333333333333,0.36363636363636365,0.9,0.34615384615384615,0.5,0.3333333333333333,0.9,0.34615384615384615,0.5,0.9,0.9,0.9,0.09999999999999998,0.36585365853658536,0.34615384615384615,0.3333333333333333,0.38095238095238093,0.6666666666666666,0.3,49,30,10,17,10
test_04114,no_redundancy,0.3,0.7,0.0,350,389,10.025706940874036,0.9787234042553191,0.5111111111111111,0.6715328467153284,0.5054945054945055,0.9736842105263158,0.6491228070175439,0.7789473684210527,0.6379310344827587,1.0,0.42857142857142855,0.6,0.42857142857142855,1.0,0.46153846153846156,0.631578947368421,0.46153846153846156,1.0,0.46153846153846156,0.631578947368421,1.0,1.0,1.0,0.0,0.4634146341463415,0.46153846153846156,0.46153846153846156,0.42857142857142855,0.6666666666666666,0.5,47,38,12,19,12
test_04128,full_run82,0.3,0.7,1.0,376,376,0.0,1.0,0.7837837837837838,0.8787878787878788,0.7837837837837838,1.0,0.8333333333333334,0.9090909090909091,0.8333333333333334,1.0,0.6153846153846154,0.761904761904762,0.6153846153846154,1.0,0.6428571428571429,0.782608695652174,0.6428571428571429,1.0,0.6428571428571429,0.782608695652174,1.0,1.0,1.0,0.0,0.7222222222222222,0.6428571428571429,0.6428571428571429,0.6153846153846154,0.5454545454545454,0.7,58,25,9,13,9
test_04128,no_topic,0.0,1.0,1.0,378,376,0.5319148936170213,1.0,0.7972972972972973,0.8872180451127819,0.7972972972972973,1.0,0.8,0.888888888888889,0.8,1.0,0.6153846153846154,0.761904761904762,0.6153846153846154,1.0,0.6428571428571429,0.782608695652174,0.6428571428571429,1.0,0.6428571428571429,0.782608695652174,1.0,1.0,1.0,0.0,0.7222222222222222,0.6428571428571429,0.6428571428571429,0.6153846153846154,0.5454545454545454,0.7,59,24,9,13,9
test_04128,no_pattern,1.0,0.0,1.0,358,376,4.787234042553192,1.0,0.7702702702702703,0.8702290076335879,0.7702702702702703,1.0,0.9333333333333333,0.9655172413793104,0.9333333333333333,1.0,1.0,1.0,1.0,1.0,0.9285714285714286,0.962962962962963,0.9285714285714286,1.0,0.9285714285714286,0.962962962962963,1.0,1.0,1.0,0.0,0.8888888888888888,0.9285714285714286,0.9285714285714286,1.0,1.0,0.9,57,28,13,16,13
test_04128,no_redundancy,0.3,0.7,0.0,378,376,0.5319148936170213,1.0,0.7972972972972973,0.8872180451127819,0.7972972972972973,1.0,0.8,0.888888888888889,0.8,1.0,0.6153846153846154,0.761904761904762,0.6153846153846154,1.0,0.6428571428571429,0.782608695652174,0.6428571428571429,1.0,0.6428571428571429,0.782608695652174,1.0,1.0,1.0,0.0,0.7222222222222222,0.6428571428571429,0.6428571428571429,0.6153846153846154,0.5454545454545454,0.7,59,24,9,13,9
test_04138,full_run82,0.3,0.7,1.0,157,157,0.0,1.0,1.0,1.0,1.0,1.0,1.0,1.0,1.0,1.0,1.0,1.0,1.0,1.0,1.0,1.0,1.0,1.0,1.0,1.0,1.0,1.0,1.0,0.0,1.0,1.0,1.0,1.0,1.0,1.0,20,20,5,8,5
test_04138,no_topic,0.0,1.0,1.0,157,157,0.0,1.0,1.0,1.0,1.0,1.0,1.0,1.0,1.0,1.0,1.0,1.0,1.0,1.0,1.0,1.0,1.0,1.0,1.0,1.0,1.0,1.0,1.0,0.0,1.0,1.0,1.0,1.0,1.0,1.0,20,20,5,8,5
test_04138,no_pattern,1.0,0.0,1.0,157,157,0.0,1.0,1.0,1.0,1.0,1.0,1.0,1.0,1.0,1.0,1.0,1.0,1.0,1.0,1.0,1.0,1.0,1.0,1.0,1.0,1.0,1.0,1.0,0.0,1.0,1.0,1.0,1.0,1.0,1.0,20,20,5,8,5
test_04138,no_redundancy,0.3,0.7,0.0,157,157,0.0,1.0,1.0,1.0,1.0,1.0,1.0,1.0,1.0,1.0,1.0,1.0,1.0,1.0,1.0,1.0,1.0,1.0,1.0,1.0,1.0,1.0,1.0,0.0,1.0,1.0,1.0,1.0,1.0,1.0,20,20,5,8,5
test_04140,full_run82,0.3,0.7,1.0,176,176,0.0,1.0,0.1935483870967742,0.3243243243243243,0.1935483870967742,1.0,0.2857142857142857,0.4444444444444445,0.2857142857142857,1.0,0.20689655172413793,0.34285714285714286,0.20689655172413793,1.0,0.15789473684210525,0.2727272727272727,0.15789473684210525,1.0,0.15789473684210525,0.2727272727272727,1.0,1.0,1.0,0.0,0.14035087719298245,0.15789473684210525,0.15789473684210525,0.20689655172413793,0.6,0.2,30,16,6,8,6
test_04140,no_topic,0.0,1.0,1.0,263,176,49.43181818181818,1.0,0.2967741935483871,0.45771144278606957,0.2967741935483871,1.0,0.3392857142857143,0.5066666666666666,0.3392857142857143,1.0,0.3448275862068966,0.5128205128205129,0.3448275862068966,1.0,0.2631578947368421,0.4166666666666667,0.2631578947368421,1.0,0.2631578947368421,0.4166666666666667,1.0,1.0,1.0,0.0,0.2631578947368421,0.2631578947368421,0.2631578947368421,0.3448275862068966,0.6,0.3,46,19,10,15,10
test_04140,no_pattern,1.0,0.0,1.0,147,176,16.477272727272727,1.0,0.16129032258064516,0.27777777777777773,0.16129032258064516,1.0,0.16071428571428573,0.27692307692307694,0.16071428571428573,1.0,0.2413793103448276,0.3888888888888889,0.2413793103448276,1.0,0.21052631578947367,0.34782608695652173,0.21052631578947367,1.0,0.21052631578947367,0.34782608695652173,1.0,1.0,1.0,0.0,0.22807017543859648,0.21052631578947367,0.21052631578947367,0.2413793103448276,0.3,0.4,25,9,8,13,8
test_04140,no_redundancy,0.3,0.7,0.0,442,176,151.13636363636365,1.0,0.432258064516129,0.6036036036036037,0.432258064516129,1.0,0.39285714285714285,0.5641025641025641,0.39285714285714285,1.0,0.27586206896551724,0.4324324324324324,0.27586206896551724,1.0,0.2631578947368421,0.4166666666666667,0.2631578947368421,1.0,0.2631578947368421,0.4166666666666667,1.0,1.0,1.0,0.0,0.2982456140350877,0.2631578947368421,0.2631578947368421,0.27586206896551724,0.4,0.3,67,22,10,17,10
test_04141,full_run82,0.3,0.7,1.0,248,248,0.0,0.9591836734693877,0.08851224105461393,0.16206896551724137,0.08818011257035648,1.0,0.14534883720930233,0.25380710659898476,0.14534883720930233,1.0,0.08490566037735849,0.15652173913043477,0.08490566037735849,1.0,0.055900621118012424,0.10588235294117647,0.055900621118012424,1.0,0.055900621118012424,0.10588235294117647,0.7777777777777778,1.0,0.7777777777777778,0.2222222222222222,0.07441860465116279,0.055900621118012424,0.055900621118012424,0.08490566037735849,0.05454545454545454,0.0,49,25,9,16,9
test_04141,no_topic,0.0,1.0,1.0,286,248,15.32258064516129,0.96,0.0903954802259887,0.16523235800344233,0.0900562851782364,1.0,0.13372093023255813,0.23589743589743586,0.13372093023255813,1.0,0.07547169811320754,0.14035087719298245,0.07547169811320754,1.0,0.049689440993788817,0.09467455621301774,0.049689440993788817,1.0,0.049689440993788817,0.09467455621301774,0.75,1.0,0.75,0.25,0.06511627906976744,0.049689440993788817,0.049689440993788817,0.07547169811320754,0.05454545454545454,0.0,50,23,8,14,8
test_04141,no_pattern,1.0,0.0,1.0,199,248,19.758064516129032,0.9607843137254902,0.09227871939736347,0.16838487972508592,0.09193245778611632,0.9523809523809523,0.11627906976744186,0.2072538860103627,0.11560693641618497,1.0,0.11320754716981132,0.2033898305084746,0.11320754716981132,1.0,0.07453416149068323,0.13872832369942198,0.07453416149068323,1.0,0.07453416149068323,0.13872832369942198,0.8333333333333334,1.0,0.8333333333333334,0.16666666666666663,0.09767441860465116,0.07453416149068323,0.07453416149068323,0.11320754716981132,0.05454545454545454,0.1,51,21,12,21,12
test_04141,no_redundancy,0.3,0.7,0.0,528,248,112.90322580645163,1.0,0.1431261770244821,0.2504118616144975,0.1431261770244821,1.0,0.12790697674418605,0.2268041237113402,0.12790697674418605,1.0,0.10377358490566038,0.18803418803418803,0.10377358490566038,1.0,0.10559006211180125,0.19101123595505617,0.10559006211180125,1.0,0.10559006211180125,0.19101123595505617,1.0,1.0,1.0,0.0,0.10232558139534884,0.10559006211180125,0.10559006211180125,0.10377358490566038,0.21818181818181817,0.2,76,22,17,22,17
test_04151,full_run82,0.3,0.7,1.0,147,147,0.0,0.9583333333333334,0.7666666666666667,0.8518518518518519,0.7419354838709677,1.0,0.7222222222222222,0.8387096774193548,0.7222222222222222,1.0,0.75,0.8571428571428571,0.75,1.0,0.8,0.888888888888889,0.8,1.0,0.8,0.888888888888889,1.0,1.0,1.0,0.0,0.8,0.8,0.8,0.75,1.0,0.7,24,13,8,12,8
test_04151,no_topic,0.0,1.0,1.0,147,147,0.0,0.96,0.8,0.8727272727272728,0.7741935483870968,1.0,0.7222222222222222,0.8387096774193548,0.7222222222222222,1.0,0.875,0.9333333333333333,0.875,1.0,0.9,0.9473684210526316,0.9,1.0,0.9,0.9473684210526316,1.0,1.0,1.0,0.0,0.9333333333333333,0.9,0.9,0.875,1.0,0.8,25,13,9,14,9
test_04151,no_pattern,1.0,0.0,1.0,134,147,8.843537414965986,1.0,0.6666666666666666,0.8,0.6666666666666666,1.0,0.6111111111111112,0.7586206896551725,0.6111111111111112,1.0,0.75,0.8571428571428571,0.75,1.0,0.7,0.8235294117647058,0.7,1.0,0.7,0.8235294117647058,1.0,1.0,1.0,0.0,0.6666666666666666,0.7,0.7,0.75,1.0,0.6,20,11,7,10,7
test_04151,no_redundancy,0.3,0.7,0.0,188,147,27.89115646258503,1.0,0.8333333333333334,0.9090909090909091,0.8333333333333334,1.0,0.8333333333333334,0.9090909090909091,0.8333333333333334,1.0,0.75,0.8571428571428571,0.75,1.0,0.8,0.888888888888889,0.8,1.0,0.8,0.888888888888889,1.0,1.0,1.0,0.0,0.8,0.8,0.8,0.75,1.0,0.7,25,15,8,12,8
test_04183,full_run82,0.3,0.7,1.0,329,329,0.0,0.9841269841269841,0.29107981220657275,0.4492753623188406,0.2897196261682243,1.0,0.36619718309859156,0.5360824742268041,0.36619718309859156,1.0,0.2222222222222222,0.3636363636363636,0.2222222222222222,1.0,0.18604651162790697,0.3137254901960785,0.18604651162790697,1.0,0.18604651162790697,0.3137254901960785,1.0,1.0,1.0,0.0,0.2028985507246377,0.18604651162790697,0.18604651162790697,0.2222222222222222,0.5,0.2,63,26,8,14,8
test_04183,no_topic,0.0,1.0,1.0,374,329,13.677811550151976,1.0,0.3427230046948357,0.5104895104895105,0.3427230046948357,1.0,0.36619718309859156,0.5360824742268041,0.36619718309859156,1.0,0.16666666666666666,0.2857142857142857,0.16666666666666666,1.0,0.16279069767441862,0.28,0.16279069767441862,1.0,0.16279069767441862,0.28,1.0,1.0,1.0,0.0,0.17391304347826086,0.16279069767441862,0.16279069767441862,0.16666666666666666,0.5,0.2,73,26,7,12,7
test_04183,no_pattern,1.0,0.0,1.0,255,329,22.492401215805472,1.0,0.2347417840375587,0.38022813688212925,0.2347417840375587,1.0,0.323943661971831,0.4893617021276596,0.323943661971831,1.0,0.3333333333333333,0.5,0.3333333333333333,1.0,0.27906976744186046,0.43636363636363634,0.27906976744186046,1.0,0.27906976744186046,0.43636363636363634,1.0,1.0,1.0,0.0,0.3188405797101449,0.27906976744186046,0.27906976744186046,0.3333333333333333,0.5,0.3,50,23,12,22,12
test_04183,no_redundancy,0.3,0.7,0.0,477,329,44.984802431610944,1.0,0.38497652582159625,0.5559322033898305,0.38497652582159625,1.0,0.39436619718309857,0.5656565656565656,0.39436619718309857,1.0,0.2222222222222222,0.3636363636363636,0.2222222222222222,1.0,0.2558139534883721,0.40740740740740744,0.2558139534883721,1.0,0.2558139534883721,0.40740740740740744,1.0,1.0,1.0,0.0,0.2898550724637681,0.2558139534883721,0.2558139534883721,0.2222222222222222,0.5,0.2,82,28,11,20,11
test_04218,full_run82,0.3,0.7,1.0,168,168,0.0,1.0,0.1065989847715736,0.1926605504587156,0.1065989847715736,1.0,0.16176470588235295,0.27848101265822783,0.16176470588235295,1.0,0.18181818181818182,0.3076923076923077,0.18181818181818182,1.0,0.12941176470588237,0.22916666666666669,0.12941176470588237,1.0,0.12941176470588237,0.22916666666666669,1.0,1.0,1.0,0.0,0.1568627450980392,0.12941176470588237,0.12941176470588237,0.18181818181818182,0.18181818181818182,0.4,21,11,11,16,11
test_04218,no_topic,0.0,1.0,1.0,181,168,7.738095238095238,1.0,0.13705583756345177,0.24107142857142855,0.13705583756345177,1.0,0.29411764705882354,0.45454545454545453,0.29411764705882354,1.0,0.14545454545454545,0.25396825396825395,0.14545454545454545,1.0,0.11764705882352941,0.21052631578947367,0.11764705882352941,1.0,0.11764705882352941,0.21052631578947367,1.0,1.0,1.0,0.0,0.16666666666666666,0.11764705882352941,0.11764705882352941,0.14545454545454545,0.18181818181818182,0.3,27,20,10,17,10
test_04218,no_pattern,1.0,0.0,1.0,150,168,10.714285714285714,1.0,0.08629441624365482,0.1588785046728972,0.08629441624365482,1.0,0.10294117647058823,0.18666666666666665,0.10294117647058823,1.0,0.14545454545454545,0.25396825396825395,0.14545454545454545,1.0,0.10588235294117647,0.19148936170212766,0.10588235294117647,1.0,0.10588235294117647,0.19148936170212766,1.0,1.0,1.0,0.0,0.13725490196078433,0.10588235294117647,0.10588235294117647,0.14545454545454545,0.18181818181818182,0.3,17,7,9,14,9
test_04218,no_redundancy,0.3,0.7,0.0,470,168,179.76190476190476,1.0,0.3197969543147208,0.48461538461538467,0.3197969543147208,1.0,0.4852941176470588,0.6534653465346535,0.4852941176470588,1.0,0.3090909090909091,0.4722222222222222,0.3090909090909091,1.0,0.23529411764705882,0.38095238095238093,0.23529411764705882,1.0,0.23529411764705882,0.38095238095238093,1.0,1.0,1.0,0.0,0.2647058823529412,0.23529411764705882,0.23529411764705882,0.3090909090909091,0.2727272727272727,0.2,63,33,20,27,20
test_04238,full_run82,0.3,0.7,1.0,524,524,0.0,1.0,0.475,0.6440677966101694,0.475,1.0,0.6956521739130435,0.8205128205128205,0.6956521739130435,1.0,0.5416666666666666,0.7027027027027027,0.5416666666666666,1.0,0.5151515151515151,0.6799999999999999,0.5151515151515151,1.0,0.5151515151515151,0.6799999999999999,1.0,1.0,1.0,0.0,0.4583333333333333,0.5151515151515151,0.5151515151515151,0.5416666666666666,0.8,1.0,57,32,17,22,17
test_04238,no_topic,0.0,1.0,1.0,527,524,0.5725190839694656,1.0,0.48333333333333334,0.6516853932584269,0.48333333333333334,1.0,0.6956521739130435,0.8205128205128205,0.6956521739130435,1.0,0.5416666666666666,0.7027027027027027,0.5416666666666666,1.0,0.5151515151515151,0.6799999999999999,0.5151515151515151,1.0,0.5151515151515151,0.6799999999999999,1.0,1.0,1.0,0.0,0.4791666666666667,0.5151515151515151,0.5151515151515151,0.5416666666666666,0.8,0.9,58,32,17,23,17
test_04238,no_pattern,1.0,0.0,1.0,300,524,42.74809160305343,1.0,0.4666666666666667,0.6363636363636364,0.4666666666666667,1.0,0.4782608695652174,0.6470588235294118,0.4782608695652174,1.0,0.3333333333333333,0.5,0.3333333333333333,1.0,0.24242424242424243,0.3902439024390244,0.24242424242424243,1.0,0.24242424242424243,0.3902439024390244,1.0,1.0,1.0,0.0,0.3125,0.24242424242424243,0.24242424242424243,0.3333333333333333,0.3,0.1,56,22,8,15,8
test_04238,no_redundancy,0.3,0.7,0.0,518,524,1.1450381679389312,1.0,0.44166666666666665,0.6127167630057804,0.44166666666666665,1.0,0.6739130434782609,0.8051948051948052,0.6739130434782609,1.0,0.5416666666666666,0.7027027027027027,0.5416666666666666,1.0,0.5151515151515151,0.6799999999999999,0.5151515151515151,1.0,0.5151515151515151,0.6799999999999999,1.0,1.0,1.0,0.0,0.4375,0.5151515151515151,0.5151515151515151,0.5416666666666666,0.8,1.0,53,31,17,21,17
test_04255,full_run82,0.3,0.7,1.0,211,211,0.0,1.0,0.422680412371134,0.5942028985507246,0.422680412371134,1.0,0.46153846153846156,0.631578947368421,0.46153846153846156,0.9230769230769231,0.5454545454545454,0.6857142857142856,0.5217391304347826,0.9230769230769231,0.5454545454545454,0.6857142857142856,0.5217391304347826,0.9230769230769231,0.5454545454545454,0.6857142857142856,0.9230769230769231,0.9230769230769231,0.9230769230769231,0.07692307692307687,0.5882352941176471,0.5454545454545454,0.5217391304347826,0.5454545454545454,0.6,0.6,41,18,13,21,13
test_04255,no_topic,0.0,1.0,1.0,216,211,2.3696682464454977,1.0,0.44329896907216493,0.6142857142857142,0.44329896907216493,1.0,0.4358974358974359,0.6071428571428571,0.4358974358974359,0.9166666666666666,0.5,0.6470588235294118,0.4782608695652174,0.9166666666666666,0.5,0.6470588235294118,0.4782608695652174,0.9166666666666666,0.5,0.6470588235294118,0.9166666666666666,0.9166666666666666,0.9166666666666666,0.08333333333333337,0.5294117647058824,0.5,0.4782608695652174,0.5,0.8,0.6,43,17,12,19,12
test_04255,no_pattern,1.0,0.0,1.0,185,211,12.322274881516588,0.9714285714285714,0.35051546391752575,0.5151515151515151,0.3469387755102041,1.0,0.38461538461538464,0.5555555555555556,0.38461538461538464,0.9166666666666666,0.5,0.6470588235294118,0.4782608695652174,0.8333333333333334,0.45454545454545453,0.5882352941176471,0.4166666666666667,0.9166666666666666,0.5,0.6470588235294118,0.9166666666666666,0.9166666666666666,0.9166666666666666,0.08333333333333337,0.5294117647058824,0.45454545454545453,0.4166666666666667,0.5,0.6,0.6,35,15,12,20,12
test_04255,no_redundancy,0.3,0.7,0.0,319,211,51.18483412322274,1.0,0.5567010309278351,0.7152317880794702,0.5567010309278351,1.0,0.5128205128205128,0.6779661016949152,0.5128205128205128,1.0,0.6363636363636364,0.7777777777777778,0.6363636363636364,1.0,0.6363636363636364,0.7777777777777778,0.6363636363636364,1.0,0.6363636363636364,0.7777777777777778,1.0,1.0,1.0,0.0,0.6176470588235294,0.6363636363636364,0.6363636363636364,0.6363636363636364,1.0,0.6,54,20,14,21,14
test_04266,full_run82,0.3,0.7,1.0,241,241,0.0,1.0,0.1245674740484429,0.22153846153846155,0.1245674740484429,1.0,0.08108108108108109,0.15,0.08108108108108109,1.0,0.12727272727272726,0.22580645161290322,0.12727272727272726,1.0,0.1,0.18181818181818182,0.1,1.0,0.1,0.18181818181818182,1.0,1.0,1.0,0.0,0.09734513274336283,0.1,0.1,0.12727272727272726,0.25,0.2,36,9,8,11,8
test_04266,no_topic,0.0,1.0,1.0,246,241,2.0746887966804977,1.0,0.1453287197231834,0.2537764350453172,0.1453287197231834,1.0,0.0990990990990991,0.180327868852459,0.0990990990990991,1.0,0.09090909090909091,0.16666666666666669,0.09090909090909091,1.0,0.0875,0.16091954022988506,0.0875,1.0,0.0875,0.16091954022988506,1.0,1.0,1.0,0.0,0.08849557522123894,0.0875,0.0875,0.09090909090909091,0.20833333333333334,0.4,42,11,7,10,7
test_04266,no_pattern,1.0,0.0,1.0,204,241,15.352697095435685,1.0,0.10380622837370242,0.18808777429467083,0.10380622837370242,1.0,0.07207207207207207,0.13445378151260504,0.07207207207207207,1.0,0.12727272727272726,0.22580645161290322,0.12727272727272726,1.0,0.0875,0.16091954022988506,0.0875,1.0,0.0875,0.16091954022988506,0.8571428571428571,1.0,0.8571428571428571,0.1428571428571429,0.10619469026548672,0.0875,0.0875,0.12727272727272726,0.125,0.1,30,8,7,12,7
test_04266,no_redundancy,0.3,0.7,0.0,563,241,133.60995850622405,1.0,0.2768166089965398,0.43360433604336046,0.2768166089965398,1.0,0.3333333333333333,0.5,0.3333333333333333,1.0,0.21818181818181817,0.3582089552238806,0.21818181818181817,1.0,0.2,0.33333333333333337,0.2,1.0,0.2,0.33333333333333337,1.0,1.0,1.0,0.0,0.20353982300884957,0.2,0.2,0.21818181818181817,0.20833333333333334,0.3,80,37,16,23,16
test_04279,full_run82,0.3,0.7,1.0,367,367,0.0,1.0,0.29133858267716534,0.45121951219512196,0.29133858267716534,0.9743589743589743,0.5,0.6608695652173913,0.4935064935064935,0.8333333333333334,0.15151515151515152,0.25641025641025644,0.14705882352941177,0.8333333333333334,0.11904761904761904,0.20833333333333331,0.11627906976744186,0.8333333333333334,0.11904761904761904,0.20833333333333331,0.8333333333333334,0.8333333333333334,0.8333333333333334,0.16666666666666663,0.15517241379310345,0.11904761904761904,0.11627906976744186,0.15151515151515152,0.3,0.4,37,39,6,11,6
test_04279,no_topic,0.0,1.0,1.0,467,367,27.247956403269757,1.0,0.4094488188976378,0.5810055865921788,0.4094488188976378,1.0,0.5921052631578947,0.743801652892562,0.5921052631578947,1.0,0.30303030303030304,0.4651162790697675,0.30303030303030304,1.0,0.2857142857142857,0.4444444444444445,0.2857142857142857,1.0,0.2857142857142857,0.4444444444444445,1.0,1.0,1.0,0.0,0.3275862068965517,0.2857142857142857,0.2857142857142857,0.30303030303030304,0.4,0.5,52,45,12,19,12
test_04279,no_pattern,1.0,0.0,1.0,328,367,10.626702997275205,0.9642857142857143,0.2125984251968504,0.3483870967741936,0.2109375,0.9583333333333334,0.3026315789473684,0.46,0.2987012987012987,1.0,0.15151515151515152,0.2631578947368421,0.15151515151515152,1.0,0.16666666666666666,0.2857142857142857,0.16666666666666666,1.0,0.16666666666666666,0.2857142857142857,1.0,1.0,1.0,0.0,0.1724137931034483,0.16666666666666666,0.16666666666666666,0.15151515151515152,0.4,0.3,28,24,7,10,7
test_04279,no_redundancy,0.3,0.7,0.0,552,367,50.40871934604905,0.9836065573770492,0.47244094488188976,0.6382978723404256,0.46875,1.0,0.6447368421052632,0.7839999999999999,0.6447368421052632,1.0,0.3939393939393939,0.5652173913043478,0.3939393939393939,0.9411764705882353,0.38095238095238093,0.5423728813559321,0.37209302325581395,1.0,0.40476190476190477,0.576271186440678,0.9411764705882353,1.0,0.9411764705882353,0.05882352941176472,0.39655172413793105,0.38095238095238093,0.37209302325581395,0.3939393939393939,0.4,0.6,61,49,17,24,17
test_04281,full_run82,0.3,0.7,1.0,153,153,0.0,1.0,0.09065934065934066,0.16624685138539044,0.09065934065934066,1.0,0.08771929824561403,0.16129032258064516,0.08771929824561403,1.0,0.10714285714285714,0.19354838709677416,0.10714285714285714,1.0,0.08955223880597014,0.1643835616438356,0.08955223880597014,1.0,0.08955223880597014,0.1643835616438356,1.0,1.0,1.0,0.0,0.1,0.08955223880597014,0.08955223880597014,0.10714285714285714,0.5,0.2,33,10,6,11,6
test_04281,no_topic,0.0,1.0,1.0,204,153,33.33333333333333,1.0,0.11538461538461539,0.20689655172413793,0.11538461538461539,1.0,0.21929824561403508,0.3597122302158273,0.21929824561403508,1.0,0.125,0.2222222222222222,0.125,1.0,0.13432835820895522,0.2368421052631579,0.13432835820895522,1.0,0.13432835820895522,0.2368421052631579,1.0,1.0,1.0,0.0,0.12727272727272726,0.13432835820895522,0.13432835820895522,0.125,0.6666666666666666,0.3,42,25,9,14,9
test_04281,no_pattern,1.0,0.0,1.0,146,153,4.57516339869281,1.0,0.08241758241758242,0.15228426395939088,0.08241758241758242,1.0,0.11403508771929824,0.2047244094488189,0.11403508771929824,1.0,0.10714285714285714,0.19354838709677416,0.10714285714285714,1.0,0.08955223880597014,0.1643835616438356,0.08955223880597014,1.0,0.08955223880597014,0.1643835616438356,1.0,1.0,1.0,0.0,0.10909090909090909,0.08955223880597014,0.08955223880597014,0.10714285714285714,0.3333333333333333,0.1,30,13,6,12,6
test_04281,no_redundancy,0.3,0.7,0.0,367,153,139.86928104575162,1.0,0.15934065934065933,0.27488151658767773,0.15934065934065933,1.0,0.23684210526315788,0.38297872340425526,0.23684210526315788,1.0,0.07142857142857142,0.13333333333333333,0.07142857142857142,1.0,0.05970149253731343,0.11267605633802817,0.05970149253731343,1.0,0.05970149253731343,0.11267605633802817,1.0,1.0,1.0,0.0,0.06363636363636363,0.05970149253731343,0.05970149253731343,0.07142857142857142,0.5,0.1,58,27,4,7,4
test_04286,full_run82,0.3,0.7,1.0,425,425,0.0,1.0,0.47413793103448276,0.6432748538011697,0.47413793103448276,1.0,0.4888888888888889,0.6567164179104478,0.4888888888888889,1.0,0.3055555555555556,0.46808510638297873,0.3055555555555556,1.0,0.23404255319148937,0.3793103448275862,0.23404255319148937,1.0,0.23404255319148937,0.3793103448275862,1.0,1.0,1.0,0.0,0.2714285714285714,0.23404255319148937,0.23404255319148937,0.3055555555555556,0.25,0.2,55,44,11,19,11
test_04286,no_topic,0.0,1.0,1.0,432,425,1.647058823529412,1.0,0.47413793103448276,0.6432748538011697,0.47413793103448276,1.0,0.4888888888888889,0.6567164179104478,0.4888888888888889,1.0,0.3611111111111111,0.5306122448979591,0.3611111111111111,1.0,0.2765957446808511,0.43333333333333335,0.2765957446808511,1.0,0.2765957446808511,0.43333333333333335,1.0,1.0,1.0,0.0,0.3142857142857143,0.2765957446808511,0.2765957446808511,0.3611111111111111,0.4166666666666667,0.1,55,44,13,22,13
test_04286,no_pattern,1.0,0.0,1.0,222,425,47.76470588235294,1.0,0.2672413793103448,0.42176870748299317,0.2672413793103448,1.0,0.36666666666666664,0.5365853658536585,0.36666666666666664,1.0,0.4166666666666667,0.5882352941176471,0.4166666666666667,1.0,0.3617021276595745,0.53125,0.3617021276595745,1.0,0.3617021276595745,0.53125,1.0,1.0,1.0,0.0,0.35714285714285715,0.3617021276595745,0.3617021276595745,0.4166666666666667,0.5,0.4,31,33,17,25,17
test_04286,no_redundancy,0.3,0.7,0.0,422,425,0.7058823529411765,1.0,0.4482758620689655,0.6190476190476191,0.4482758620689655,1.0,0.5,0.6666666666666666,0.5,1.0,0.3333333333333333,0.5,0.3333333333333333,1.0,0.2978723404255319,0.45901639344262296,0.2978723404255319,1.0,0.2978723404255319,0.45901639344262296,1.0,1.0,1.0,0.0,0.2857142857142857,0.2978723404255319,0.2978723404255319,0.3333333333333333,0.75,0.3,52,45,14,20,14
test_04287,full_run82,0.3,0.7,1.0,366,366,0.0,0.9122807017543859,0.36619718309859156,0.5226130653266332,0.35374149659863946,0.9487179487179487,0.3274336283185841,0.4868421052631579,0.3217391304347826,1.0,0.47619047619047616,0.6451612903225806,0.47619047619047616,1.0,0.41935483870967744,0.5909090909090909,0.41935483870967744,1.0,0.41935483870967744,0.5909090909090909,1.0,1.0,1.0,0.0,0.4418604651162791,0.41935483870967744,0.41935483870967744,0.47619047619047616,0.75,0.5,57,39,13,19,13
test_04287,no_topic,0.0,1.0,1.0,382,366,4.371584699453552,0.8947368421052632,0.3591549295774648,0.5125628140703518,0.34459459459459457,0.9534883720930233,0.36283185840707965,0.5256410256410257,0.3565217391304348,1.0,0.47619047619047616,0.6451612903225806,0.47619047619047616,1.0,0.41935483870967744,0.5909090909090909,0.41935483870967744,1.0,0.41935483870967744,0.5909090909090909,1.0,1.0,1.0,0.0,0.4418604651162791,0.41935483870967744,0.41935483870967744,0.47619047619047616,0.75,0.4,57,43,13,19,13
test_04287,no_pattern,1.0,0.0,1.0,254,366,30.601092896174865,0.8888888888888888,0.28169014084507044,0.42780748663101603,0.272108843537415,0.9583333333333334,0.20353982300884957,0.33576642335766427,0.20175438596491227,1.0,0.5238095238095238,0.6875000000000001,0.5238095238095238,0.9166666666666666,0.3548387096774194,0.5116279069767442,0.34375,0.9166666666666666,0.3548387096774194,0.5116279069767442,1.0,1.0,1.0,0.0,0.4186046511627907,0.3548387096774194,0.34375,0.5238095238095238,0.75,0.5,45,24,12,19,12
test_04287,no_redundancy,0.3,0.7,0.0,474,366,29.508196721311474,0.8367346938775511,0.2887323943661972,0.4293193717277487,0.2733333333333333,0.9705882352941176,0.2920353982300885,0.44897959183673475,0.2894736842105263,1.0,0.3333333333333333,0.5,0.3333333333333333,1.0,0.2903225806451613,0.45000000000000007,0.2903225806451613,1.0,0.2903225806451613,0.45000000000000007,0.8888888888888888,1.0,0.8888888888888888,0.11111111111111116,0.3023255813953488,0.2903225806451613,0.2903225806451613,0.3333333333333333,0.5,0.3,49,34,9,13,9
test_04313,full_run82,0.3,0.7,1.0,199,199,0.0,1.0,0.37894736842105264,0.549618320610687,0.37894736842105264,1.0,0.32653061224489793,0.4923076923076923,0.32653061224489793,1.0,0.5882352941176471,0.7407407407407407,0.5882352941176471,1.0,0.5,0.6666666666666666,0.5,1.0,0.5,0.6666666666666666,1.0,1.0,1.0,0.0,0.5161290322580645,0.5,0.5,0.5882352941176471,1.0,0.6,36,16,10,16,10
test_04313,no_topic,0.0,1.0,1.0,210,199,5.527638190954774,1.0,0.4105263157894737,0.582089552238806,0.4105263157894737,1.0,0.3469387755102041,0.5151515151515151,0.3469387755102041,1.0,0.47058823529411764,0.6399999999999999,0.47058823529411764,1.0,0.4,0.5714285714285715,0.4,1.0,0.4,0.5714285714285715,1.0,1.0,1.0,0.0,0.41935483870967744,0.4,0.4,0.47058823529411764,1.0,0.6,39,17,8,13,8
test_04313,no_pattern,1.0,0.0,1.0,221,199,11.055276381909549,0.9772727272727273,0.45263157894736844,0.6187050359712231,0.4479166666666667,1.0,0.3469387755102041,0.5151515151515151,0.3469387755102041,1.0,0.47058823529411764,0.6399999999999999,0.47058823529411764,0.875,0.35,0.4999999999999999,0.3333333333333333,0.875,0.35,0.4999999999999999,0.875,1.0,0.875,0.125,0.3870967741935484,0.35,0.3333333333333333,0.47058823529411764,1.0,0.7,44,17,8,13,8
test_04313,no_redundancy,0.3,0.7,0.0,264,199,32.663316582914575,1.0,0.43157894736842106,0.6029411764705882,0.43157894736842106,1.0,0.4897959183673469,0.6575342465753424,0.4897959183673469,1.0,0.5294117647058824,0.6923076923076924,0.5294117647058824,1.0,0.55,0.7096774193548387,0.55,1.0,0.55,0.7096774193548387,1.0,1.0,1.0,0.0,0.5483870967741935,0.55,0.55,0.5294117647058824,0.8,0.5,41,24,11,17,11
test_04324,full_run82,0.3,0.7,1.0,250,250,0.0,1.0,0.25,0.4,0.25,1.0,0.13924050632911392,0.2444444444444444,0.13924050632911392,1.0,0.21212121212121213,0.35,0.21212121212121213,1.0,0.16279069767441862,0.28,0.16279069767441862,1.0,0.16279069767441862,0.28,1.0,1.0,1.0,0.0,0.2028985507246377,0.16279069767441862,0.16279069767441862,0.21212121212121213,0.25,0.1,39,11,7,14,7
test_04324,no_topic,0.0,1.0,1.0,242,250,3.2,1.0,0.27564102564102566,0.43216080402010054,0.27564102564102566,1.0,0.34177215189873417,0.5094339622641509,0.34177215189873417,1.0,0.15151515151515152,0.2631578947368421,0.15151515151515152,1.0,0.11627906976744186,0.20833333333333334,0.11627906976744186,1.0,0.11627906976744186,0.20833333333333334,1.0,1.0,1.0,0.0,0.14492753623188406,0.11627906976744186,0.11627906976744186,0.15151515151515152,0.25,0.2,43,27,5,10,5
test_04324,no_pattern,1.0,0.0,1.0,170,250,32.0,1.0,0.14743589743589744,0.2569832402234637,0.14743589743589744,1.0,0.16455696202531644,0.2826086956521739,0.16455696202531644,1.0,0.24242424242424243,0.3902439024390244,0.24242424242424243,1.0,0.18604651162790697,0.3137254901960785,0.18604651162790697,1.0,0.18604651162790697,0.3137254901960785,1.0,1.0,1.0,0.0,0.21739130434782608,0.18604651162790697,0.18604651162790697,0.24242424242424243,0.375,0.4,23,13,8,15,8
test_04324,no_redundancy,0.3,0.7,0.0,319,250,27.6,1.0,0.30128205128205127,0.46305418719211816,0.30128205128205127,1.0,0.35443037974683544,0.5233644859813084,0.35443037974683544,1.0,0.30303030303030304,0.4651162790697675,0.30303030303030304,1.0,0.2558139534883721,0.40740740740740744,0.2558139534883721,1.0,0.2558139534883721,0.40740740740740744,1.0,1.0,1.0,0.0,0.2608695652173913,0.2558139534883721,0.2558139534883721,0.30303030303030304,0.5,0.4,47,28,11,18,11
test_04325,full_run82,0.3,0.7,1.0,187,187,0.0,0.96875,0.06858407079646017,0.128099173553719,0.0684326710816777,1.0,0.10152284263959391,0.18433179723502302,0.10152284263959391,1.0,0.06315789473684211,0.11881188118811882,0.06315789473684211,1.0,0.045454545454545456,0.08695652173913045,0.045454545454545456,1.0,0.045454545454545456,0.08695652173913045,1.0,1.0,1.0,0.0,0.06486486486486487,0.045454545454545456,0.045454545454545456,0.06315789473684211,0.15384615384615385,0.2,32,20,6,12,6
test_04325,no_topic,0.0,1.0,1.0,219,187,17.11229946524064,1.0,0.07964601769911504,0.1475409836065574,0.07964601769911504,1.0,0.12690355329949238,0.2252252252252252,0.12690355329949238,1.0,0.042105263157894736,0.08080808080808081,0.042105263157894736,1.0,0.03787878787878788,0.07299270072992702,0.03787878787878788,1.0,0.03787878787878788,0.07299270072992702,1.0,1.0,1.0,0.0,0.043243243243243246,0.03787878787878788,0.03787878787878788,0.042105263157894736,0.23076923076923078,0.1,36,25,5,8,5
test_04325,no_pattern,1.0,0.0,1.0,141,187,24.598930481283425,1.0,0.05530973451327434,0.10482180293501049,0.05530973451327434,1.0,0.10152284263959391,0.18433179723502302,0.10152284263959391,1.0,0.08421052631578947,0.1553398058252427,0.08421052631578947,1.0,0.07575757575757576,0.14084507042253522,0.07575757575757576,1.0,0.07575757575757576,0.14084507042253522,1.0,1.0,1.0,0.0,0.08648648648648649,0.07575757575757576,0.07575757575757576,0.08421052631578947,0.38461538461538464,0.3,25,20,10,16,10
test_04325,no_redundancy,0.3,0.7,0.0,338,187,80.74866310160428,1.0,0.06637168141592921,0.12448132780082989,0.06637168141592921,1.0,0.10152284263959391,0.18433179723502302,0.10152284263959391,1.0,0.06315789473684211,0.11881188118811882,0.06315789473684211,1.0,0.06060606060606061,0.1142857142857143,0.06060606060606061,1.0,0.06060606060606061,0.1142857142857143,1.0,1.0,1.0,0.0,0.06486486486486487,0.06060606060606061,0.06060606060606061,0.06315789473684211,0.3076923076923077,0.1,30,20,8,12,8
test_04332,full_run82,0.3,0.7,1.0,119,119,0.0,1.0,0.06299212598425197,0.11851851851851852,0.06299212598425197,0.9,0.09090909090909091,0.16513761467889906,0.09,1.0,0.0425531914893617,0.08163265306122448,0.0425531914893617,1.0,0.02702702702702703,0.052631578947368425,0.02702702702702703,1.0,0.02702702702702703,0.052631578947368425,1.0,1.0,1.0,0.0,0.02830188679245283,0.02702702702702703,0.02702702702702703,0.0425531914893617,0.3333333333333333,0.0,16,10,2,3,2
test_04332,no_topic,0.0,1.0,1.0,175,119,47.05882352941176,1.0,0.11023622047244094,0.19858156028368792,0.11023622047244094,0.9090909090909091,0.10101010101010101,0.1818181818181818,0.1,1.0,0.1276595744680851,0.22641509433962262,0.1276595744680851,1.0,0.12162162162162163,0.21686746987951808,0.12162162162162163,1.0,0.12162162162162163,0.21686746987951808,1.0,1.0,1.0,0.0,0.12264150943396226,0.12162162162162163,0.12162162162162163,0.1276595744680851,0.4444444444444444,0.1,28,11,9,13,9
test_04332,no_pattern,1.0,0.0,1.0,100,119,15.966386554621847,1.0,0.03543307086614173,0.06844106463878327,0.03543307086614173,0.7142857142857143,0.050505050505050504,0.09433962264150943,0.04950495049504951,1.0,0.0851063829787234,0.1568627450980392,0.0851063829787234,1.0,0.05405405405405406,0.10256410256410257,0.05405405405405406,1.0,0.05405405405405406,0.10256410256410257,1.0,1.0,1.0,0.0,0.05660377358490566,0.05405405405405406,0.05405405405405406,0.0851063829787234,0.3333333333333333,0.1,9,7,4,6,4
test_04332,no_redundancy,0.3,0.7,0.0,269,119,126.05042016806722,1.0,0.11023622047244094,0.19858156028368792,0.11023622047244094,1.0,0.13131313131313133,0.23214285714285718,0.13131313131313133,1.0,0.10638297872340426,0.1923076923076923,0.10638297872340426,1.0,0.06756756756756757,0.12658227848101267,0.06756756756756757,1.0,0.06756756756756757,0.12658227848101267,1.0,1.0,1.0,0.0,0.08490566037735849,0.06756756756756757,0.06756756756756757,0.10638297872340426,0.3333333333333333,0.1,28,13,5,9,5
test_04334,full_run82,0.3,0.7,1.0,342,342,0.0,0.98,0.4666666666666667,0.632258064516129,0.46226415094339623,1.0,0.55,0.7096774193548387,0.55,1.0,0.3684210526315789,0.5384615384615384,0.3684210526315789,1.0,0.3181818181818182,0.4827586206896552,0.3181818181818182,1.0,0.3181818181818182,0.4827586206896552,1.0,1.0,1.0,0.0,0.3870967741935484,0.3181818181818182,0.3181818181818182,0.3684210526315789,0.375,0.5,50,22,7,12,7
test_04334,no_topic,0.0,1.0,1.0,352,342,2.923976608187134,0.9803921568627451,0.47619047619047616,0.641025641025641,0.4716981132075472,1.0,0.625,0.7692307692307693,0.625,1.0,0.3157894736842105,0.4799999999999999,0.3157894736842105,1.0,0.2727272727272727,0.42857142857142855,0.2727272727272727,1.0,0.2727272727272727,0.42857142857142855,1.0,1.0,1.0,0.0,0.3225806451612903,0.2727272727272727,0.2727272727272727,0.3157894736842105,0.375,0.6,51,25,6,10,6
test_04334,no_pattern,1.0,0.0,1.0,165,342,51.75438596491229,1.0,0.26666666666666666,0.4210526315789474,0.26666666666666666,1.0,0.325,0.4905660377358491,0.325,1.0,0.2631578947368421,0.4166666666666667,0.2631578947368421,1.0,0.22727272727272727,0.37037037037037035,0.22727272727272727,1.0,0.22727272727272727,0.37037037037037035,1.0,1.0,1.0,0.0,0.2903225806451613,0.22727272727272727,0.22727272727272727,0.2631578947368421,0.375,0.4,28,13,5,9,5
test_04334,no_redundancy,0.3,0.7,0.0,416,342,21.637426900584796,1.0,0.4857142857142857,0.6538461538461539,0.4857142857142857,1.0,0.6,0.7499999999999999,0.6,1.0,0.631578947368421,0.7741935483870968,0.631578947368421,1.0,0.6363636363636364,0.7777777777777778,0.6363636363636364,1.0,0.6363636363636364,0.7777777777777778,1.0,1.0,1.0,0.0,0.6129032258064516,0.6363636363636364,0.6363636363636364,0.631578947368421,0.75,0.8,51,24,14,19,14
test_04342,full_run82,0.3,0.7,1.0,233,233,0.0,1.0,0.11231884057971014,0.2019543973941368,0.11231884057971014,1.0,0.24528301886792453,0.393939393939394,0.24528301886792453,1.0,0.07692307692307693,0.14285714285714288,0.07692307692307693,1.0,0.05172413793103448,0.09836065573770492,0.05172413793103448,1.0,0.05172413793103448,0.09836065573770492,1.0,1.0,1.0,0.0,0.05952380952380952,0.05172413793103448,0.05172413793103448,0.07692307692307693,0.12,0.1,31,39,3,5,3
test_04342,no_topic,0.0,1.0,1.0,239,233,2.575107296137339,1.0,0.12681159420289856,0.22508038585209006,0.12681159420289856,1.0,0.22641509433962265,0.36923076923076925,0.22641509433962265,1.0,0.10256410256410256,0.18604651162790695,0.10256410256410256,1.0,0.08620689655172414,0.15873015873015872,0.08620689655172414,1.0,0.08620689655172414,0.15873015873015872,1.0,1.0,1.0,0.0,0.09523809523809523,0.08620689655172414,0.08620689655172414,0.10256410256410256,0.16,0.2,35,36,5,8,5
test_04342,no_pattern,1.0,0.0,1.0,224,233,3.862660944206009,1.0,0.15579710144927536,0.2695924764890282,0.15579710144927536,1.0,0.20754716981132076,0.34375000000000006,0.20754716981132076,1.0,0.05128205128205128,0.09756097560975609,0.05128205128205128,1.0,0.034482758620689655,0.06666666666666667,0.034482758620689655,1.0,0.034482758620689655,0.06666666666666667,1.0,1.0,1.0,0.0,0.047619047619047616,0.034482758620689655,0.034482758620689655,0.05128205128205128,0.08,0.1,43,33,2,4,2
test_04342,no_redundancy,0.3,0.7,0.0,389,233,66.95278969957081,1.0,0.2427536231884058,0.3906705539358601,0.2427536231884058,1.0,0.27044025157232704,0.42574257425742573,0.27044025157232704,1.0,0.20512820512820512,0.3404255319148936,0.20512820512820512,1.0,0.13793103448275862,0.2424242424242424,0.13793103448275862,1.0,0.13793103448275862,0.2424242424242424,1.0,1.0,1.0,0.0,0.14285714285714285,0.13793103448275862,0.13793103448275862,0.20512820512820512,0.2,0.4,67,43,8,12,8
test_04345,full_run82,0.3,0.7,1.0,323,323,0.0,1.0,0.30434782608695654,0.4666666666666667,0.30434782608695654,1.0,0.37777777777777777,0.5483870967741935,0.37777777777777777,0.9166666666666666,0.39285714285714285,0.55,0.3793103448275862,0.9230769230769231,0.3157894736842105,0.47058823529411764,0.3076923076923077,0.9230769230769231,0.3157894736842105,0.47058823529411764,0.9230769230769231,0.9230769230769231,0.9230769230769231,0.07692307692307687,0.3389830508474576,0.3157894736842105,0.3076923076923077,0.39285714285714285,0.5714285714285714,0.4,56,17,13,22,13
test_04345,no_topic,0.0,1.0,1.0,323,323,0.0,1.0,0.30434782608695654,0.4666666666666667,0.30434782608695654,1.0,0.37777777777777777,0.5483870967741935,0.37777777777777777,0.9166666666666666,0.39285714285714285,0.55,0.3793103448275862,0.9230769230769231,0.3157894736842105,0.47058823529411764,0.3076923076923077,0.9230769230769231,0.3157894736842105,0.47058823529411764,0.9230769230769231,0.9230769230769231,0.9230769230769231,0.07692307692307687,0.3389830508474576,0.3157894736842105,0.3076923076923077,0.39285714285714285,0.5714285714285714,0.4,56,17,13,22,13
test_04345,no_pattern,1.0,0.0,1.0,317,323,1.8575851393188854,1.0,0.24456521739130435,0.3930131004366812,0.24456521739130435,1.0,0.37777777777777777,0.5483870967741935,0.37777777777777777,1.0,0.21428571428571427,0.35294117647058826,0.21428571428571427,1.0,0.23684210526315788,0.38297872340425526,0.23684210526315788,1.0,0.23684210526315788,0.38297872340425526,1.0,1.0,1.0,0.0,0.2711864406779661,0.23684210526315788,0.23684210526315788,0.21428571428571427,0.42857142857142855,0.3,45,17,9,16,9
test_04345,no_redundancy,0.3,0.7,0.0,476,323,47.368421052631575,1.0,0.41304347826086957,0.5846153846153846,0.41304347826086957,1.0,0.6222222222222222,0.7671232876712328,0.6222222222222222,1.0,0.5,0.6666666666666666,0.5,0.8947368421052632,0.4473684210526316,0.5964912280701755,0.425,0.8947368421052632,0.4473684210526316,0.5964912280701755,0.8947368421052632,0.9473684210526315,0.8947368421052632,0.10526315789473684,0.4406779661016949,0.4473684210526316,0.425,0.5,0.8571428571428571,0.5,76,28,19,29,19
test_04350,full_run82,0.3,0.7,1.0,347,347,0.0,1.0,0.44776119402985076,0.6185567010309279,0.44776119402985076,1.0,0.4375,0.6086956521739131,0.4375,1.0,0.3870967741935484,0.5581395348837209,0.3870967741935484,0.9411764705882353,0.36363636363636365,0.5245901639344263,0.35555555555555557,1.0,0.38636363636363635,0.5573770491803279,1.0,1.0,1.0,0.0,0.3492063492063492,0.36363636363636365,0.35555555555555557,0.3870967741935484,0.8181818181818182,0.4,60,28,17,23,17
test_04350,no_topic,0.0,1.0,1.0,347,347,0.0,1.0,0.44776119402985076,0.6185567010309279,0.44776119402985076,1.0,0.4375,0.6086956521739131,0.4375,1.0,0.3870967741935484,0.5581395348837209,0.3870967741935484,0.9411764705882353,0.36363636363636365,0.5245901639344263,0.35555555555555557,1.0,0.38636363636363635,0.5573770491803279,1.0,1.0,1.0,0.0,0.3492063492063492,0.36363636363636365,0.35555555555555557,0.3870967741935484,0.8181818181818182,0.4,60,28,17,23,17
test_04350,no_pattern,1.0,0.0,1.0,307,347,11.527377521613833,1.0,0.40298507462686567,0.5744680851063829,0.40298507462686567,1.0,0.3125,0.47619047619047616,0.3125,1.0,0.41935483870967744,0.5909090909090909,0.41935483870967744,1.0,0.4090909090909091,0.5806451612903226,0.4090909090909091,1.0,0.4090909090909091,0.5806451612903226,1.0,1.0,1.0,0.0,0.3968253968253968,0.4090909090909091,0.4090909090909091,0.41935483870967744,0.8181818181818182,0.3,54,20,18,25,18
test_04350,no_redundancy,0.3,0.7,0.0,365,347,5.187319884726225,1.0,0.3358208955223881,0.5027932960893855,0.3358208955223881,1.0,0.421875,0.5934065934065934,0.421875,1.0,0.3225806451612903,0.4878048780487805,0.3225806451612903,0.9166666666666666,0.25,0.3928571428571429,0.24444444444444444,1.0,0.2727272727272727,0.42857142857142855,1.0,1.0,1.0,0.0,0.2857142857142857,0.25,0.24444444444444444,0.3225806451612903,0.45454545454545453,0.4,45,27,12,19,12
test_04370,full_run82,0.3,0.7,1.0,360,360,0.0,1.0,0.7241379310344828,0.8400000000000001,0.7241379310344828,0.96,0.7272727272727273,0.8275862068965517,0.7058823529411765,1.0,0.3333333333333333,0.5,0.3333333333333333,1.0,0.42857142857142855,0.6,0.42857142857142855,1.0,0.42857142857142855,0.6,1.0,1.0,1.0,0.0,0.5,0.42857142857142855,0.42857142857142855,0.3333333333333333,0.5,0.4,63,25,3,6,3
test_04370,no_topic,0.0,1.0,1.0,358,360,0.5555555555555556,1.0,0.7126436781609196,0.8322147651006712,0.7126436781609196,1.0,0.7575757575757576,0.8620689655172413,0.7575757575757576,1.0,0.5,0.6666666666666666,0.5,1.0,0.42857142857142855,0.6,0.42857142857142855,1.0,0.42857142857142855,0.6,1.0,1.0,1.0,0.0,0.4166666666666667,0.42857142857142855,0.42857142857142855,0.5,0.75,0.5,62,25,3,5,3
test_04370,no_pattern,1.0,0.0,1.0,351,360,2.5,1.0,0.7241379310344828,0.8400000000000001,0.7241379310344828,1.0,0.696969696969697,0.8214285714285715,0.696969696969697,1.0,0.5,0.6666666666666666,0.5,1.0,0.42857142857142855,0.6,0.42857142857142855,1.0,0.42857142857142855,0.6,1.0,1.0,1.0,0.0,0.5,0.42857142857142855,0.42857142857142855,0.5,0.5,0.4,63,23,3,6,3
test_04370,no_redundancy,0.3,0.7,0.0,352,360,2.2222222222222223,0.9791666666666666,0.5402298850574713,0.6962962962962962,0.5340909090909091,0.9545454545454546,0.6363636363636364,0.7636363636363637,0.6176470588235294,1.0,0.5,0.6666666666666666,0.5,1.0,0.42857142857142855,0.6,0.42857142857142855,1.0,0.42857142857142855,0.6,1.0,1.0,1.0,0.0,0.3333333333333333,0.42857142857142855,0.42857142857142855,0.5,1.0,0.3,48,22,3,4,3
test_04373,full_run82,0.3,0.7,1.0,387,387,0.0,1.0,0.4866666666666667,0.6547085201793722,0.4866666666666667,1.0,0.6944444444444444,0.819672131147541,0.6944444444444444,1.0,0.5833333333333334,0.7368421052631579,0.5833333333333334,1.0,0.5769230769230769,0.7317073170731707,0.5769230769230769,1.0,0.5769230769230769,0.7317073170731707,1.0,1.0,1.0,0.0,0.5609756097560976,0.5769230769230769,0.5769230769230769,0.5833333333333334,0.8,0.6,73,25,15,23,15
test_04373,no_topic,0.0,1.0,1.0,379,387,2.0671834625323,1.0,0.48,0.6486486486486487,0.48,1.0,0.75,0.8571428571428571,0.75,1.0,0.5,0.6666666666666666,0.5,1.0,0.5384615384615384,0.7000000000000001,0.5384615384615384,1.0,0.5384615384615384,0.7000000000000001,1.0,1.0,1.0,0.0,0.5365853658536586,0.5384615384615384,0.5384615384615384,0.5,0.8,0.5,72,27,14,22,14
test_04373,no_pattern,1.0,0.0,1.0,332,387,14.21188630490956,1.0,0.44,0.6111111111111112,0.44,1.0,0.5,0.6666666666666666,0.5,0.75,0.375,0.5,0.3333333333333333,0.75,0.34615384615384615,0.4736842105263157,0.3103448275862069,0.75,0.34615384615384615,0.4736842105263157,0.75,0.75,0.75,0.25,0.36585365853658536,0.34615384615384615,0.3103448275862069,0.375,0.8,0.5,66,18,12,19,12
test_04373,no_redundancy,0.3,0.7,0.0,393,387,1.550387596899225,1.0,0.48,0.6486486486486487,0.48,1.0,0.6388888888888888,0.7796610169491525,0.6388888888888888,1.0,0.5,0.6666666666666666,0.5,1.0,0.5,0.6666666666666666,0.5,1.0,0.5,0.6666666666666666,1.0,1.0,1.0,0.0,0.5121951219512195,0.5,0.5,0.5,1.0,0.3,72,23,13,21,13
test_04396,full_run82,0.3,0.7,1.0,436,436,0.0,1.0,0.75,0.8571428571428571,0.75,1.0,0.675,0.8059701492537313,0.675,1.0,0.631578947368421,0.7741935483870968,0.631578947368421,1.0,0.5833333333333334,0.7368421052631579,0.5833333333333334,1.0,0.5833333333333334,0.7368421052631579,1.0,1.0,1.0,0.0,0.6666666666666666,0.5833333333333334,0.5833333333333334,0.631578947368421,0.5714285714285714,0.4,81,27,14,24,14
test_04396,no_topic,0.0,1.0,1.0,447,436,2.522935779816514,1.0,0.7314814814814815,0.8449197860962567,0.7314814814814815,1.0,0.75,0.8571428571428571,0.75,1.0,0.6842105263157895,0.8125000000000001,0.6842105263157895,1.0,0.625,0.7692307692307693,0.625,1.0,0.625,0.7692307692307693,1.0,1.0,1.0,0.0,0.6944444444444444,0.625,0.625,0.6842105263157895,0.5714285714285714,0.5,79,30,15,25,15
test_04396,no_pattern,1.0,0.0,1.0,428,436,1.834862385321101,1.0,0.7037037037037037,0.8260869565217391,0.7037037037037037,1.0,0.7,0.8235294117647058,0.7,1.0,0.6842105263157895,0.8125000000000001,0.6842105263157895,1.0,0.625,0.7692307692307693,0.625,1.0,0.625,0.7692307692307693,1.0,1.0,1.0,0.0,0.6666666666666666,0.625,0.625,0.6842105263157895,0.5714285714285714,0.6,76,28,15,24,15
test_04396,no_redundancy,0.3,0.7,0.0,419,436,3.89908256880734,1.0,0.6388888888888888,0.7796610169491525,0.6388888888888888,0.9705882352941176,0.825,0.8918918918918919,0.8048780487804879,1.0,0.7368421052631579,0.8484848484848484,0.7368421052631579,1.0,0.7083333333333334,0.8292682926829268,0.7083333333333334,1.0,0.7083333333333334,0.8292682926829268,1.0,1.0,1.0,0.0,0.6666666666666666,0.7083333333333334,0.7083333333333334,0.7368421052631579,1.0,0.8,69,34,17,24,17
test_04410,full_run82,0.3,0.7,1.0,274,274,0.0,1.0,0.11888111888111888,0.2125,0.11888111888111888,1.0,0.2403846153846154,0.3875968992248062,0.2403846153846154,1.0,0.023255813953488372,0.04545454545454545,0.023255813953488372,1.0,0.037037037037037035,0.07142857142857142,0.037037037037037035,1.0,0.037037037037037035,0.07142857142857142,1.0,1.0,1.0,0.0,0.04938271604938271,0.037037037037037035,0.037037037037037035,0.023255813953488372,0.2,0.1,34,25,2,4,2
test_04410,no_topic,0.0,1.0,1.0,291,274,6.204379562043796,1.0,0.14685314685314685,0.25609756097560976,0.14685314685314685,0.9523809523809523,0.19230769230769232,0.32,0.19047619047619047,1.0,0.09302325581395349,0.1702127659574468,0.09302325581395349,1.0,0.07407407407407407,0.13793103448275862,0.07407407407407407,1.0,0.07407407407407407,0.13793103448275862,1.0,1.0,1.0,0.0,0.09876543209876543,0.07407407407407407,0.07407407407407407,0.09302325581395349,0.2,0.2,42,21,4,8,4
test_04410,no_pattern,1.0,0.0,1.0,207,274,24.45255474452555,1.0,0.11538461538461539,0.20689655172413793,0.11538461538461539,1.0,0.14423076923076922,0.25210084033613445,0.14423076923076922,1.0,0.13953488372093023,0.24489795918367346,0.13953488372093023,1.0,0.12962962962962962,0.22950819672131148,0.12962962962962962,1.0,0.12962962962962962,0.22950819672131148,1.0,1.0,1.0,0.0,0.16049382716049382,0.12962962962962962,0.12962962962962962,0.13953488372093023,0.3,0.1,33,15,7,13,7
test_04410,no_redundancy,0.3,0.7,0.0,503,274,83.57664233576642,1.0,0.14685314685314685,0.25609756097560976,0.14685314685314685,1.0,0.04807692307692308,0.09174311926605505,0.04807692307692308,1.0,0.09302325581395349,0.1702127659574468,0.09302325581395349,1.0,0.07407407407407407,0.13793103448275862,0.07407407407407407,1.0,0.07407407407407407,0.13793103448275862,1.0,1.0,1.0,0.0,0.08641975308641975,0.07407407407407407,0.07407407407407407,0.09302325581395349,0.3,0.3,42,5,4,7,4
test_04440,full_run82,0.3,0.7,1.0,271,271,0.0,1.0,0.30935251798561153,0.4725274725274725,0.30935251798561153,1.0,0.35185185185185186,0.5205479452054794,0.35185185185185186,1.0,0.3076923076923077,0.47058823529411764,0.3076923076923077,1.0,0.2549019607843137,0.40625,0.2549019607843137,1.0,0.2549019607843137,0.40625,1.0,1.0,1.0,0.0,0.30985915492957744,0.2549019607843137,0.2549019607843137,0.3076923076923077,0.2857142857142857,0.2,43,19,13,22,13
test_04440,no_topic,0.0,1.0,1.0,291,271,7.380073800738007,1.0,0.30935251798561153,0.4725274725274725,0.30935251798561153,1.0,0.3333333333333333,0.5,0.3333333333333333,1.0,0.358974358974359,0.5283018867924528,0.358974358974359,1.0,0.29411764705882354,0.45454545454545453,0.29411764705882354,1.0,0.29411764705882354,0.45454545454545453,1.0,1.0,1.0,0.0,0.352112676056338,0.29411764705882354,0.29411764705882354,0.358974358974359,0.2857142857142857,0.3,43,18,15,25,15
test_04440,no_pattern,1.0,0.0,1.0,206,271,23.985239852398525,1.0,0.23741007194244604,0.3837209302325581,0.23741007194244604,1.0,0.37037037037037035,0.5405405405405406,0.37037037037037035,1.0,0.20512820512820512,0.3404255319148936,0.20512820512820512,1.0,0.19607843137254902,0.3278688524590164,0.19607843137254902,1.0,0.19607843137254902,0.3278688524590164,1.0,1.0,1.0,0.0,0.23943661971830985,0.19607843137254902,0.19607843137254902,0.20512820512820512,0.2857142857142857,0.1,33,20,10,17,10
test_04440,no_redundancy,0.3,0.7,0.0,379,271,39.85239852398524,1.0,0.381294964028777,0.5520833333333334,0.381294964028777,1.0,0.35185185185185186,0.5205479452054794,0.35185185185185186,1.0,0.4358974358974359,0.6071428571428571,0.4358974358974359,1.0,0.4117647058823529,0.5833333333333334,0.4117647058823529,1.0,0.4117647058823529,0.5833333333333334,1.0,1.0,1.0,0.0,0.39436619718309857,0.4117647058823529,0.4117647058823529,0.4358974358974359,0.5714285714285714,0.6,53,19,21,28,21
test_04443,full_run82,0.3,0.7,1.0,254,254,0.0,1.0,0.3561643835616438,0.5252525252525252,0.3561643835616438,1.0,0.4222222222222222,0.59375,0.4222222222222222,1.0,0.2222222222222222,0.3636363636363636,0.2222222222222222,1.0,0.21739130434782608,0.3571428571428571,0.21739130434782608,1.0,0.21739130434782608,0.3571428571428571,1.0,1.0,1.0,0.0,0.2571428571428571,0.21739130434782608,0.21739130434782608,0.2222222222222222,0.5,0.2,26,19,5,9,5
test_04443,no_topic,0.0,1.0,1.0,300,254,18.11023622047244,1.0,0.4657534246575342,0.6355140186915887,0.4657534246575342,1.0,0.4888888888888889,0.6567164179104478,0.4888888888888889,1.0,0.3888888888888889,0.56,0.3888888888888889,1.0,0.391304347826087,0.5625,0.391304347826087,1.0,0.391304347826087,0.5625,1.0,1.0,1.0,0.0,0.4,0.391304347826087,0.391304347826087,0.3888888888888889,0.6666666666666666,0.5,34,22,9,14,9
test_04443,no_pattern,1.0,0.0,1.0,172,254,32.28346456692913,1.0,0.2328767123287671,0.37777777777777777,0.2328767123287671,1.0,0.28888888888888886,0.4482758620689655,0.28888888888888886,1.0,0.2222222222222222,0.3636363636363636,0.2222222222222222,1.0,0.30434782608695654,0.4666666666666667,0.30434782608695654,1.0,0.30434782608695654,0.4666666666666667,1.0,1.0,1.0,0.0,0.37142857142857144,0.30434782608695654,0.30434782608695654,0.2222222222222222,0.5,0.3,17,13,7,13,7
test_04443,no_redundancy,0.3,0.7,0.0,357,254,40.55118110236221,1.0,0.4246575342465753,0.5961538461538461,0.4246575342465753,1.0,0.5111111111111111,0.676470588235294,0.5111111111111111,1.0,0.4444444444444444,0.6153846153846153,0.4444444444444444,1.0,0.34782608695652173,0.5161290322580645,0.34782608695652173,1.0,0.34782608695652173,0.5161290322580645,1.0,1.0,1.0,0.0,0.4,0.34782608695652173,0.34782608695652173,0.4444444444444444,0.5,0.4,31,23,8,14,8
test_04493,full_run82,0.3,0.7,1.0,421,421,0.0,1.0,0.9594594594594594,0.9793103448275862,0.9594594594594594,1.0,0.9642857142857143,0.9818181818181818,0.9642857142857143,1.0,1.0,1.0,1.0,1.0,1.0,1.0,1.0,1.0,1.0,1.0,1.0,1.0,1.0,0.0,1.0,1.0,1.0,1.0,1.0,1.0,71,27,15,22,15
test_04493,no_topic,0.0,1.0,1.0,421,421,0.0,1.0,0.9594594594594594,0.9793103448275862,0.9594594594594594,1.0,0.9642857142857143,0.9818181818181818,0.9642857142857143,1.0,1.0,1.0,1.0,1.0,1.0,1.0,1.0,1.0,1.0,1.0,1.0,1.0,1.0,0.0,1.0,1.0,1.0,1.0,1.0,1.0,71,27,15,22,15
test_04493,no_pattern,1.0,0.0,1.0,375,421,10.926365795724466,1.0,0.9054054054054054,0.950354609929078,0.9054054054054054,1.0,0.9642857142857143,0.9818181818181818,0.9642857142857143,1.0,1.0,1.0,1.0,1.0,0.8666666666666667,0.9285714285714286,0.8666666666666667,1.0,0.8666666666666667,0.9285714285714286,1.0,1.0,1.0,0.0,0.9090909090909091,0.8666666666666667,0.8666666666666667,1.0,0.6666666666666666,1.0,67,27,13,20,13
test_04493,no_redundancy,0.3,0.7,0.0,427,421,1.4251781472684086,1.0,1.0,1.0,1.0,1.0,0.9642857142857143,0.9818181818181818,0.9642857142857143,1.0,1.0,1.0,1.0,1.0,0.9333333333333333,0.9655172413793104,0.9333333333333333,1.0,0.9333333333333333,0.9655172413793104,1.0,1.0,1.0,0.0,0.9090909090909091,0.9333333333333333,0.9333333333333333,1.0,1.0,0.9,74,27,14,20,14
test_04495,full_run82,0.3,0.7,1.0,214,214,0.0,1.0,0.21390374331550802,0.3524229074889868,0.21390374331550802,1.0,0.22580645161290322,0.3684210526315789,0.22580645161290322,1.0,0.24,0.3870967741935484,0.24,1.0,0.22580645161290322,0.3684210526315789,0.22580645161290322,1.0,0.22580645161290322,0.3684210526315789,1.0,1.0,1.0,0.0,0.28888888888888886,0.22580645161290322,0.22580645161290322,0.24,0.375,0.2,40,14,7,13,7
test_04495,no_topic,0.0,1.0,1.0,193,214,9.813084112149532,1.0,0.18181818181818182,0.3076923076923077,0.18181818181818182,1.0,0.2903225806451613,0.45000000000000007,0.2903225806451613,1.0,0.24,0.3870967741935484,0.24,1.0,0.22580645161290322,0.3684210526315789,0.22580645161290322,1.0,0.22580645161290322,0.3684210526315789,1.0,1.0,1.0,0.0,0.24444444444444444,0.22580645161290322,0.22580645161290322,0.24,0.5,0.3,34,18,7,11,7
test_04495,no_pattern,1.0,0.0,1.0,174,214,18.69158878504673,1.0,0.16042780748663102,0.2764976958525346,0.16042780748663102,1.0,0.27419354838709675,0.430379746835443,0.27419354838709675,1.0,0.28,0.43750000000000006,0.28,1.0,0.25806451612903225,0.41025641025641024,0.25806451612903225,1.0,0.25806451612903225,0.41025641025641024,1.0,1.0,1.0,0.0,0.3111111111111111,0.25806451612903225,0.25806451612903225,0.28,0.375,0.4,30,17,8,14,8
test_04495,no_redundancy,0.3,0.7,0.0,414,214,93.45794392523365,1.0,0.31016042780748665,0.4734693877551021,0.31016042780748665,1.0,0.3709677419354839,0.5411764705882353,0.3709677419354839,0.875,0.28,0.42424242424242425,0.2692307692307692,0.875,0.22580645161290322,0.358974358974359,0.21875,0.875,0.22580645161290322,0.358974358974359,0.875,0.875,0.875,0.125,0.26666666666666666,0.22580645161290322,0.21875,0.28,0.5,0.3,58,23,8,14,8
test_04497,full_run82,0.3,0.7,1.0,191,191,0.0,1.0,0.6274509803921569,0.7710843373493976,0.6274509803921569,1.0,0.5161290322580645,0.6808510638297872,0.5161290322580645,1.0,0.42105263157894735,0.5925925925925926,0.42105263157894735,1.0,0.47619047619047616,0.6451612903225806,0.47619047619047616,1.0,0.47619047619047616,0.6451612903225806,1.0,1.0,1.0,0.0,0.53125,0.47619047619047616,0.47619047619047616,0.42105263157894735,0.5,0.7,32,16,10,17,10
test_04497,no_topic,0.0,1.0,1.0,212,191,10.99476439790576,1.0,0.7450980392156863,0.8539325842696629,0.7450980392156863,1.0,0.6129032258064516,0.76,0.6129032258064516,1.0,0.631578947368421,0.7741935483870968,0.631578947368421,1.0,0.6666666666666666,0.8,0.6666666666666666,1.0,0.6666666666666666,0.8,1.0,1.0,1.0,0.0,0.6875,0.6666666666666666,0.6666666666666666,0.631578947368421,0.8333333333333334,0.8,38,19,14,22,14
test_04497,no_pattern,1.0,0.0,1.0,183,191,4.18848167539267,1.0,0.5294117647058824,0.6923076923076924,0.5294117647058824,1.0,0.4838709677419355,0.6521739130434783,0.4838709677419355,1.0,0.42105263157894735,0.5925925925925926,0.42105263157894735,1.0,0.47619047619047616,0.6451612903225806,0.47619047619047616,1.0,0.47619047619047616,0.6451612903225806,1.0,1.0,1.0,0.0,0.5,0.47619047619047616,0.47619047619047616,0.42105263157894735,0.6666666666666666,0.7,27,15,10,16,10
test_04497,no_redundancy,0.3,0.7,0.0,195,191,2.094240837696335,1.0,0.5882352941176471,0.7407407407407407,0.5882352941176471,1.0,0.5483870967741935,0.7083333333333333,0.5483870967741935,1.0,0.7368421052631579,0.8484848484848484,0.7368421052631579,0.9333333333333333,0.6666666666666666,0.7777777777777778,0.6363636363636364,1.0,0.7142857142857143,0.8333333333333333,1.0,0.9333333333333333,0.9333333333333333,0.06666666666666665,0.65625,0.6666666666666666,0.6363636363636364,0.7368421052631579,1.0,0.7,30,17,15,22,15
test_04518,full_run82,0.3,0.7,1.0,427,427,0.0,1.0,0.365296803652968,0.5351170568561873,0.365296803652968,1.0,0.4225352112676056,0.5940594059405941,0.4225352112676056,1.0,0.2727272727272727,0.42857142857142855,0.2727272727272727,1.0,0.23214285714285715,0.37681159420289856,0.23214285714285715,1.0,0.23214285714285715,0.37681159420289856,1.0,1.0,1.0,0.0,0.24675324675324675,0.23214285714285715,0.23214285714285715,0.2727272727272727,0.5384615384615384,0.3,80,30,13,19,13
test_04518,no_topic,0.0,1.0,1.0,435,427,1.873536299765808,1.0,0.3424657534246575,0.5102040816326531,0.3424657534246575,1.0,0.49295774647887325,0.660377358490566,0.49295774647887325,1.0,0.3409090909090909,0.5084745762711864,0.3409090909090909,1.0,0.2857142857142857,0.4444444444444445,0.2857142857142857,1.0,0.2857142857142857,0.4444444444444445,1.0,1.0,1.0,0.0,0.2857142857142857,0.2857142857142857,0.2857142857142857,0.3409090909090909,0.5384615384615384,0.4,75,35,16,22,16
test_04518,no_pattern,1.0,0.0,1.0,285,427,33.25526932084309,1.0,0.2694063926940639,0.42446043165467623,0.2694063926940639,1.0,0.29577464788732394,0.45652173913043476,0.29577464788732394,1.0,0.25,0.4,0.25,1.0,0.23214285714285715,0.37681159420289856,0.23214285714285715,1.0,0.23214285714285715,0.37681159420289856,1.0,1.0,1.0,0.0,0.2597402597402597,0.23214285714285715,0.23214285714285715,0.25,0.3076923076923077,0.4,59,21,13,20,13
test_04518,no_redundancy,0.3,0.7,0.0,490,427,14.754098360655737,1.0,0.273972602739726,0.43010752688172044,0.273972602739726,1.0,0.4507042253521127,0.6213592233009708,0.4507042253521127,1.0,0.36363636363636365,0.5333333333333333,0.36363636363636365,1.0,0.35714285714285715,0.5263157894736842,0.35714285714285715,1.0,0.35714285714285715,0.5263157894736842,1.0,1.0,1.0,0.0,0.3116883116883117,0.35714285714285715,0.35714285714285715,0.36363636363636365,0.6153846153846154,0.5,60,32,20,24,20
test_04528,full_run82,0.3,0.7,1.0,217,217,0.0,1.0,0.18032786885245902,0.3055555555555556,0.18032786885245902,0.8823529411764706,0.13636363636363635,0.23622047244094488,0.13392857142857142,1.0,0.12280701754385964,0.21875,0.12280701754385964,0.875,0.09333333333333334,0.1686746987951807,0.09210526315789473,0.875,0.09333333333333334,0.1686746987951807,1.0,0.875,0.875,0.125,0.1111111111111111,0.09333333333333334,0.09210526315789473,0.12280701754385964,0.4444444444444444,0.2,44,17,8,14,8
test_04528,no_topic,0.0,1.0,1.0,288,217,32.71889400921659,1.0,0.21721311475409835,0.3569023569023569,0.21721311475409835,0.9642857142857143,0.24545454545454545,0.391304347826087,0.24324324324324326,1.0,0.19298245614035087,0.3235294117647059,0.19298245614035087,1.0,0.16,0.2758620689655173,0.16,1.0,0.16,0.2758620689655173,1.0,1.0,1.0,0.0,0.18518518518518517,0.16,0.16,0.19298245614035087,0.3333333333333333,0.1,53,28,12,20,12
test_04528,no_pattern,1.0,0.0,1.0,166,217,23.502304147465438,1.0,0.13524590163934427,0.23826714801444043,0.13524590163934427,1.0,0.11818181818181818,0.21138211382113822,0.11818181818181818,1.0,0.15789473684210525,0.2727272727272727,0.15789473684210525,1.0,0.12,0.21428571428571425,0.12,1.0,0.12,0.21428571428571425,1.0,1.0,1.0,0.0,0.1574074074074074,0.12,0.12,0.15789473684210525,0.3333333333333333,0.0,33,13,9,17,9
test_04528,no_redundancy,0.3,0.7,0.0,400,217,84.33179723502305,0.9846153846153847,0.26229508196721313,0.4142394822006473,0.2612244897959184,1.0,0.37272727272727274,0.543046357615894,0.37272727272727274,1.0,0.2631578947368421,0.4166666666666667,0.2631578947368421,0.8666666666666667,0.17333333333333334,0.2888888888888889,0.16883116883116883,1.0,0.2,0.33333333333333337,1.0,1.0,1.0,0.0,0.2037037037037037,0.17333333333333334,0.16883116883116883,0.2631578947368421,0.4444444444444444,0.2,65,41,15,23,15
test_04553,full_run82,0.3,0.7,1.0,223,223,0.0,0.9714285714285714,0.12454212454212454,0.22077922077922077,0.12408759124087591,1.0,0.06666666666666667,0.125,0.06666666666666667,1.0,0.15555555555555556,0.2692307692307693,0.15555555555555556,1.0,0.10294117647058823,0.18666666666666665,0.10294117647058823,1.0,0.10294117647058823,0.18666666666666665,1.0,1.0,1.0,0.0,0.11494252873563218,0.10294117647058823,0.10294117647058823,0.15555555555555556,0.17391304347826086,0.3,35,4,7,10,7
test_04553,no_topic,0.0,1.0,1.0,247,223,10.762331838565023,1.0,0.1391941391941392,0.24437299035369778,0.1391941391941392,1.0,0.11666666666666667,0.208955223880597,0.11666666666666667,1.0,0.26666666666666666,0.4210526315789474,0.26666666666666666,1.0,0.19117647058823528,0.32098765432098764,0.19117647058823528,1.0,0.19117647058823528,0.32098765432098764,1.0,1.0,1.0,0.0,0.21839080459770116,0.19117647058823528,0.19117647058823528,0.26666666666666666,0.21739130434782608,0.5,38,7,13,19,13
test_04553,no_pattern,1.0,0.0,1.0,165,223,26.00896860986547,1.0,0.10256410256410256,0.18604651162790695,0.10256410256410256,1.0,0.11666666666666667,0.208955223880597,0.11666666666666667,1.0,0.06666666666666667,0.125,0.06666666666666667,1.0,0.058823529411764705,0.1111111111111111,0.058823529411764705,1.0,0.058823529411764705,0.1111111111111111,1.0,1.0,1.0,0.0,0.09195402298850575,0.058823529411764705,0.058823529411764705,0.06666666666666667,0.08695652173913043,0.3,28,7,4,8,4
test_04553,no_redundancy,0.3,0.7,0.0,416,223,86.54708520179372,1.0,0.19047619047619047,0.32,0.19047619047619047,1.0,0.16666666666666666,0.2857142857142857,0.16666666666666666,1.0,0.17777777777777778,0.3018867924528302,0.17777777777777778,1.0,0.20588235294117646,0.34146341463414637,0.20588235294117646,1.0,0.20588235294117646,0.34146341463414637,1.0,1.0,1.0,0.0,0.21839080459770116,0.20588235294117646,0.20588235294117646,0.17777777777777778,0.17391304347826086,0.5,52,10,14,19,14
test_04569,full_run82,0.3,0.7,1.0,236,236,0.0,1.0,0.26277372262773724,0.41618497109826585,0.26277372262773724,1.0,0.24193548387096775,0.38961038961038963,0.24193548387096775,1.0,0.15,0.2608695652173913,0.15,1.0,0.1,0.18181818181818182,0.1,1.0,0.1,0.18181818181818182,1.0,1.0,1.0,0.0,0.1276595744680851,0.1,0.1,0.15,0.4,0.2,36,15,3,6,3
test_04569,no_topic,0.0,1.0,1.0,338,236,43.22033898305085,1.0,0.34306569343065696,0.5108695652173912,0.34306569343065696,1.0,0.4032258064516129,0.5747126436781609,0.4032258064516129,1.0,0.1,0.18181818181818182,0.1,1.0,0.1,0.18181818181818182,0.1,1.0,0.1,0.18181818181818182,1.0,1.0,1.0,0.0,0.1276595744680851,0.1,0.1,0.1,0.4,0.2,47,25,3,6,3
test_04569,no_pattern,1.0,0.0,1.0,126,236,46.61016949152542,1.0,0.17518248175182483,0.2981366459627329,0.17518248175182483,0.8888888888888888,0.12903225806451613,0.22535211267605634,0.12698412698412698,1.0,0.3,0.4615384615384615,0.3,1.0,0.2,0.33333333333333337,0.2,1.0,0.2,0.33333333333333337,0.8333333333333334,1.0,0.8333333333333334,0.16666666666666663,0.2553191489361702,0.2,0.2,0.3,0.4,0.1,24,9,6,12,6
test_04569,no_redundancy,0.3,0.7,0.0,506,236,114.40677966101696,1.0,0.46715328467153283,0.6368159203980099,0.46715328467153283,1.0,0.532258064516129,0.6947368421052631,0.532258064516129,1.0,0.3,0.4615384615384615,0.3,1.0,0.26666666666666666,0.4210526315789474,0.26666666666666666,1.0,0.26666666666666666,0.4210526315789474,1.0,1.0,1.0,0.0,0.2978723404255319,0.26666666666666666,0.26666666666666666,0.3,0.8,0.3,64,33,8,14,8
test_04574,full_run82,0.3,0.7,1.0,176,176,0.0,1.0,0.7954545454545454,0.8860759493670886,0.7954545454545454,1.0,0.8333333333333334,0.9090909090909091,0.8333333333333334,1.0,0.8888888888888888,0.9411764705882353,0.8888888888888888,1.0,0.8888888888888888,0.9411764705882353,0.8888888888888888,1.0,0.8888888888888888,0.9411764705882353,1.0,1.0,1.0,0.0,0.9285714285714286,0.8888888888888888,0.8888888888888888,0.8888888888888888,1.0,1.0,35,10,8,13,8
test_04574,no_topic,0.0,1.0,1.0,193,176,9.659090909090908,1.0,0.8636363636363636,0.9268292682926829,0.8636363636363636,1.0,0.9166666666666666,0.9565217391304348,0.9166666666666666,1.0,0.8888888888888888,0.9411764705882353,0.8888888888888888,1.0,0.8888888888888888,0.9411764705882353,0.8888888888888888,1.0,0.8888888888888888,0.9411764705882353,1.0,1.0,1.0,0.0,0.9285714285714286,0.8888888888888888,0.8888888888888888,0.8888888888888888,1.0,1.0,38,11,8,13,8
test_04574,no_pattern,1.0,0.0,1.0,181,176,2.840909090909091,1.0,0.8409090909090909,0.9135802469135803,0.8409090909090909,1.0,0.8333333333333334,0.9090909090909091,0.8333333333333334,1.0,0.6666666666666666,0.8,0.6666666666666666,1.0,0.6666666666666666,0.8,0.6666666666666666,1.0,0.6666666666666666,0.8,1.0,1.0,1.0,0.0,0.7142857142857143,0.6666666666666666,0.6666666666666666,0.6666666666666666,0.75,0.7,37,10,6,10,6
test_04574,no_redundancy,0.3,0.7,0.0,189,176,7.386363636363637,1.0,0.8181818181818182,0.9,0.8181818181818182,1.0,0.9166666666666666,0.9565217391304348,0.9166666666666666,1.0,0.8888888888888888,0.9411764705882353,0.8888888888888888,1.0,0.8888888888888888,0.9411764705882353,0.8888888888888888,1.0,0.8888888888888888,0.9411764705882353,1.0,1.0,1.0,0.0,0.8571428571428571,0.8888888888888888,0.8888888888888888,0.8888888888888888,1.0,0.9,36,11,8,12,8
test_04588,full_run82,0.3,0.7,1.0,182,182,0.0,0.972972972972973,0.12631578947368421,0.22360248447204972,0.1258741258741259,0.9375,0.12295081967213115,0.21739130434782608,0.12195121951219512,1.0,0.14583333333333334,0.2545454545454546,0.14583333333333334,1.0,0.10294117647058823,0.18666666666666665,0.10294117647058823,1.0,0.10294117647058823,0.18666666666666665,1.0,1.0,1.0,0.0,0.12264150943396226,0.10294117647058823,0.10294117647058823,0.14583333333333334,0.42857142857142855,0.2,37,16,7,13,7
test_04588,no_topic,0.0,1.0,1.0,197,182,8.241758241758241,0.9714285714285714,0.11929824561403508,0.21249999999999997,0.11888111888111888,1.0,0.06557377049180328,0.12307692307692307,0.06557377049180328,1.0,0.10416666666666667,0.18867924528301885,0.10416666666666667,1.0,0.07352941176470588,0.13698630136986303,0.07352941176470588,1.0,0.07352941176470588,0.13698630136986303,1.0,1.0,1.0,0.0,0.09433962264150944,0.07352941176470588,0.07352941176470588,0.10416666666666667,0.2857142857142857,0.1,35,8,5,10,5
test_04588,no_pattern,1.0,0.0,1.0,169,182,7.142857142857142,0.9705882352941176,0.11578947368421053,0.20689655172413793,0.11538461538461539,1.0,0.10655737704918032,0.1925925925925926,0.10655737704918032,1.0,0.1875,0.3157894736842105,0.1875,1.0,0.1323529411764706,0.23376623376623376,0.1323529411764706,1.0,0.1323529411764706,0.23376623376623376,1.0,1.0,1.0,0.0,0.14150943396226415,0.1323529411764706,0.1323529411764706,0.1875,0.5714285714285714,0.2,34,13,9,15,9
test_04588,no_redundancy,0.3,0.7,0.0,392,182,115.38461538461537,1.0,0.1649122807017544,0.28313253012048195,0.1649122807017544,1.0,0.22950819672131148,0.37333333333333335,0.22950819672131148,1.0,0.125,0.2222222222222222,0.125,1.0,0.08823529411764706,0.1621621621621622,0.08823529411764706,1.0,0.08823529411764706,0.1621621621621622,1.0,1.0,1.0,0.0,0.09433962264150944,0.08823529411764706,0.08823529411764706,0.125,0.5714285714285714,0.2,47,28,6,10,6
test_04591,full_run82,0.3,0.7,1.0,321,321,0.0,1.0,0.39097744360902253,0.5621621621621622,0.39097744360902253,0.8571428571428571,0.21428571428571427,0.34285714285714286,0.20689655172413793,1.0,0.2857142857142857,0.4444444444444445,0.2857142857142857,1.0,0.2608695652173913,0.41379310344827586,0.2608695652173913,1.0,0.2608695652173913,0.41379310344827586,1.0,1.0,1.0,0.0,0.3142857142857143,0.2608695652173913,0.2608695652173913,0.2857142857142857,0.42857142857142855,0.4,52,7,6,11,6
test_04591,no_topic,0.0,1.0,1.0,342,321,6.5420560747663545,1.0,0.41353383458646614,0.5851063829787234,0.41353383458646614,1.0,0.32142857142857145,0.4864864864864865,0.32142857142857145,1.0,0.23809523809523808,0.3846153846153846,0.23809523809523808,1.0,0.21739130434782608,0.3571428571428571,0.21739130434782608,1.0,0.21739130434782608,0.3571428571428571,1.0,1.0,1.0,0.0,0.2571428571428571,0.21739130434782608,0.21739130434782608,0.23809523809523808,0.42857142857142855,0.3,55,9,5,9,5
test_04591,no_pattern,1.0,0.0,1.0,215,321,33.021806853582554,1.0,0.2556390977443609,0.4071856287425149,0.2556390977443609,0.8571428571428571,0.21428571428571427,0.34285714285714286,0.20689655172413793,1.0,0.38095238095238093,0.5517241379310345,0.38095238095238093,1.0,0.34782608695652173,0.5161290322580645,0.34782608695652173,1.0,0.34782608695652173,0.5161290322580645,1.0,1.0,1.0,0.0,0.37142857142857144,0.34782608695652173,0.34782608695652173,0.38095238095238093,0.42857142857142855,0.7,34,7,8,13,8
test_04591,no_redundancy,0.3,0.7,0.0,492,321,53.271028037383175,1.0,0.5338345864661654,0.696078431372549,0.5338345864661654,1.0,0.5,0.6666666666666666,0.5,1.0,0.2857142857142857,0.4444444444444445,0.2857142857142857,1.0,0.30434782608695654,0.4666666666666667,0.30434782608695654,1.0,0.30434782608695654,0.4666666666666667,1.0,1.0,1.0,0.0,0.3142857142857143,0.30434782608695654,0.30434782608695654,0.2857142857142857,0.7142857142857143,0.2,71,14,7,11,7
test_04620,full_run82,0.3,0.7,1.0,121,121,0.0,1.0,0.1386861313868613,0.24358974358974358,0.1386861313868613,0.9090909090909091,0.13513513513513514,0.23529411764705882,0.13333333333333333,1.0,0.08571428571428572,0.15789473684210528,0.08571428571428572,1.0,0.11320754716981132,0.2033898305084746,0.11320754716981132,1.0,0.11320754716981132,0.2033898305084746,1.0,1.0,1.0,0.0,0.14705882352941177,0.11320754716981132,0.11320754716981132,0.08571428571428572,0.375,0.3,19,11,6,10,6
test_04620,no_topic,0.0,1.0,1.0,122,121,0.8264462809917356,1.0,0.145985401459854,0.2547770700636942,0.145985401459854,1.0,0.13513513513513514,0.2380952380952381,0.13513513513513514,1.0,0.05714285714285714,0.1081081081081081,0.05714285714285714,1.0,0.05660377358490566,0.10714285714285715,0.05660377358490566,1.0,0.05660377358490566,0.10714285714285715,1.0,1.0,1.0,0.0,0.07352941176470588,0.05660377358490566,0.05660377358490566,0.05714285714285714,0.375,0.1,20,10,3,5,3
test_04620,no_pattern,1.0,0.0,1.0,107,121,11.570247933884298,1.0,0.0948905109489051,0.1733333333333333,0.0948905109489051,0.9230769230769231,0.16216216216216217,0.2758620689655173,0.16,1.0,0.02857142857142857,0.05555555555555556,0.02857142857142857,1.0,0.05660377358490566,0.10714285714285715,0.05660377358490566,1.0,0.05660377358490566,0.10714285714285715,1.0,1.0,1.0,0.0,0.07352941176470588,0.05660377358490566,0.05660377358490566,0.02857142857142857,0.375,0.1,13,13,3,5,3
test_04620,no_redundancy,0.3,0.7,0.0,232,121,91.73553719008265,0.9393939393939394,0.22627737226277372,0.36470588235294116,0.22302158273381295,0.9375,0.20270270270270271,0.33333333333333337,0.2,0.8333333333333334,0.14285714285714285,0.2439024390243902,0.1388888888888889,0.7692307692307693,0.18867924528301888,0.30303030303030304,0.17857142857142858,0.8461538461538461,0.20754716981132076,0.33333333333333337,0.9230769230769231,0.9230769230769231,0.9230769230769231,0.07692307692307687,0.19117647058823528,0.18867924528301888,0.17857142857142858,0.14285714285714285,0.625,0.3,33,16,13,17,13
test_04627,full_run82,0.3,0.7,1.0,236,236,0.0,1.0,0.3163265306122449,0.4806201550387597,0.3163265306122449,1.0,0.40540540540540543,0.5769230769230769,0.40540540540540543,1.0,0.2857142857142857,0.4444444444444445,0.2857142857142857,1.0,0.29411764705882354,0.45454545454545453,0.29411764705882354,1.0,0.29411764705882354,0.45454545454545453,1.0,1.0,1.0,0.0,0.28,0.29411764705882354,0.29411764705882354,0.2857142857142857,0.4444444444444444,0.6,31,15,10,14,10
test_04627,no_topic,0.0,1.0,1.0,250,236,5.932203389830509,1.0,0.3163265306122449,0.4806201550387597,0.3163265306122449,1.0,0.35135135135135137,0.52,0.35135135135135137,1.0,0.25,0.4,0.25,1.0,0.2647058823529412,0.4186046511627907,0.2647058823529412,1.0,0.2647058823529412,0.4186046511627907,1.0,1.0,1.0,0.0,0.26,0.2647058823529412,0.2647058823529412,0.25,0.4444444444444444,0.5,31,13,9,13,9
test_04627,no_pattern,1.0,0.0,1.0,138,236,41.52542372881356,1.0,0.2653061224489796,0.41935483870967744,0.2653061224489796,1.0,0.2702702702702703,0.4255319148936171,0.2702702702702703,1.0,0.25,0.4,0.25,1.0,0.23529411764705882,0.38095238095238093,0.23529411764705882,1.0,0.23529411764705882,0.38095238095238093,1.0,1.0,1.0,0.0,0.26,0.23529411764705882,0.23529411764705882,0.25,0.4444444444444444,0.2,26,10,8,13,8
test_04627,no_redundancy,0.3,0.7,0.0,324,236,37.28813559322034,0.9782608695652174,0.45918367346938777,0.625,0.45454545454545453,1.0,0.5675675675675675,0.7241379310344828,0.5675675675675675,1.0,0.35714285714285715,0.5263157894736842,0.35714285714285715,1.0,0.3235294117647059,0.48888888888888893,0.3235294117647059,1.0,0.3235294117647059,0.48888888888888893,1.0,1.0,1.0,0.0,0.34,0.3235294117647059,0.3235294117647059,0.35714285714285715,0.5555555555555556,0.3,46,21,11,17,11
test_04656,full_run82,0.3,0.7,1.0,239,239,0.0,1.0,0.10208816705336426,0.18526315789473685,0.10208816705336426,1.0,0.14166666666666666,0.24817518248175183,0.14166666666666666,1.0,0.1111111111111111,0.19999999999999998,0.1111111111111111,1.0,0.07954545454545454,0.14736842105263157,0.07954545454545454,1.0,0.07954545454545454,0.14736842105263157,1.0,1.0,1.0,0.0,0.09375,0.07954545454545454,0.07954545454545454,0.1111111111111111,0.16666666666666666,0.1,44,17,7,12,7
test_04656,no_topic,0.0,1.0,1.0,239,239,0.0,1.0,0.10440835266821345,0.18907563025210086,0.10440835266821345,1.0,0.19166666666666668,0.3216783216783217,0.19166666666666668,1.0,0.09523809523809523,0.17391304347826084,0.09523809523809523,1.0,0.09090909090909091,0.16666666666666669,0.09090909090909091,1.0,0.09090909090909091,0.16666666666666669,1.0,1.0,1.0,0.0,0.109375,0.09090909090909091,0.09090909090909091,0.09523809523809523,0.16666666666666666,0.1,45,23,8,14,8
test_04656,no_pattern,1.0,0.0,1.0,179,239,25.10460251046025,1.0,0.07424593967517401,0.13822894168466524,0.07424593967517401,1.0,0.10833333333333334,0.19548872180451127,0.10833333333333334,1.0,0.12698412698412698,0.22535211267605632,0.12698412698412698,1.0,0.09090909090909091,0.16666666666666669,0.09090909090909091,1.0,0.09090909090909091,0.16666666666666669,1.0,1.0,1.0,0.0,0.109375,0.09090909090909091,0.09090909090909091,0.12698412698412698,0.16666666666666666,0.3,32,13,8,14,8
test_04656,no_redundancy,0.3,0.7,0.0,443,239,85.35564853556485,1.0,0.15777262180974477,0.2725450901803607,0.15777262180974477,1.0,0.25833333333333336,0.41059602649006627,0.25833333333333336,1.0,0.12698412698412698,0.22535211267605632,0.12698412698412698,1.0,0.09090909090909091,0.16666666666666669,0.09090909090909091,1.0,0.09090909090909091,0.16666666666666669,1.0,1.0,1.0,0.0,0.109375,0.09090909090909091,0.09090909090909091,0.12698412698412698,0.16666666666666666,0.3,68,31,8,14,8
test_04667,full_run82,0.3,0.7,1.0,192,192,0.0,0.9487179487179487,0.14624505928853754,0.25342465753424653,0.1450980392156863,0.9,0.16666666666666666,0.28125,0.16363636363636364,1.0,0.10526315789473684,0.1904761904761905,0.10526315789473684,1.0,0.07692307692307693,0.14285714285714288,0.07692307692307693,1.0,0.07692307692307693,0.14285714285714288,1.0,1.0,1.0,0.0,0.10126582278481013,0.07692307692307693,0.07692307692307693,0.10526315789473684,0.2222222222222222,0.1,39,10,4,8,4
test_04667,no_topic,0.0,1.0,1.0,184,192,4.166666666666666,1.0,0.13438735177865613,0.23693379790940763,0.13438735177865613,0.9,0.16666666666666666,0.28125,0.16363636363636364,1.0,0.13157894736842105,0.23255813953488372,0.13157894736842105,1.0,0.09615384615384616,0.17543859649122806,0.09615384615384616,1.0,0.09615384615384616,0.17543859649122806,1.0,1.0,1.0,0.0,0.11392405063291139,0.09615384615384616,0.09615384615384616,0.13157894736842105,0.3333333333333333,0.1,34,10,5,9,5
test_04667,no_pattern,1.0,0.0,1.0,239,192,24.479166666666664,0.9512195121951219,0.1541501976284585,0.2653061224489796,0.15294117647058825,0.9230769230769231,0.2222222222222222,0.35820895522388063,0.21818181818181817,1.0,0.18421052631578946,0.3111111111111111,0.18421052631578946,1.0,0.1346153846153846,0.23728813559322035,0.1346153846153846,1.0,0.1346153846153846,0.23728813559322035,1.0,0.8571428571428571,0.8571428571428571,0.1428571428571429,0.16455696202531644,0.1346153846153846,0.1346153846153846,0.18421052631578946,0.3333333333333333,0.3,41,13,7,13,7
test_04667,no_redundancy,0.3,0.7,0.0,452,192,135.41666666666669,1.0,0.25296442687747034,0.4037854889589905,0.25296442687747034,0.9375,0.2777777777777778,0.42857142857142866,0.2727272727272727,1.0,0.13157894736842105,0.23255813953488372,0.13157894736842105,0.8333333333333334,0.09615384615384616,0.1724137931034483,0.09433962264150944,0.8333333333333334,0.09615384615384616,0.1724137931034483,0.8333333333333334,1.0,0.8333333333333334,0.16666666666666663,0.13924050632911392,0.09615384615384616,0.09433962264150944,0.13157894736842105,0.3333333333333333,0.3,64,16,6,11,6
test_04686,full_run82,0.3,0.7,1.0,338,338,0.0,1.0,0.42105263157894735,0.5925925925925926,0.42105263157894735,1.0,0.5765765765765766,0.7314285714285714,0.5765765765765766,0.9285714285714286,0.48148148148148145,0.6341463414634146,0.4642857142857143,0.875,0.42424242424242425,0.5714285714285714,0.4,0.875,0.42424242424242425,0.5714285714285714,0.9375,0.9375,0.9375,0.0625,0.45454545454545453,0.42424242424242425,0.4,0.48148148148148145,0.8,0.4,48,64,16,28,16
test_04686,no_topic,0.0,1.0,1.0,340,338,0.591715976331361,1.0,0.45614035087719296,0.6265060240963854,0.45614035087719296,1.0,0.5675675675675675,0.7241379310344828,0.5675675675675675,1.0,0.48148148148148145,0.65,0.48148148148148145,0.9333333333333333,0.42424242424242425,0.5833333333333333,0.4117647058823529,0.9333333333333333,0.42424242424242425,0.5833333333333333,1.0,1.0,1.0,0.0,0.45454545454545453,0.42424242424242425,0.4117647058823529,0.48148148148148145,0.8,0.4,52,63,15,26,15
test_04686,no_pattern,1.0,0.0,1.0,225,338,33.43195266272189,0.9696969696969697,0.2807017543859649,0.4353741496598639,0.2782608695652174,1.0,0.34234234234234234,0.5100671140939597,0.34234234234234234,1.0,0.2962962962962963,0.45714285714285713,0.2962962962962963,0.875,0.21212121212121213,0.3414634146341463,0.20588235294117646,0.875,0.21212121212121213,0.3414634146341463,0.875,1.0,0.875,0.125,0.2727272727272727,0.21212121212121213,0.20588235294117646,0.2962962962962963,0.4,0.1,33,38,8,16,8
test_04686,no_redundancy,0.3,0.7,0.0,473,338,39.94082840236686,0.9833333333333333,0.5175438596491229,0.6781609195402298,0.5130434782608696,1.0,0.6576576576576577,0.7934782608695653,0.6576576576576577,1.0,0.5555555555555556,0.7142857142857143,0.5555555555555556,0.9473684210526315,0.5454545454545454,0.6923076923076923,0.5294117647058824,0.9473684210526315,0.5454545454545454,0.6923076923076923,0.9473684210526315,1.0,0.9473684210526315,0.052631578947368474,0.5636363636363636,0.5454545454545454,0.5294117647058824,0.5555555555555556,1.0,0.7,60,73,19,32,19
test_04689,full_run82,0.3,0.7,1.0,323,323,0.0,1.0,0.41911764705882354,0.5906735751295337,0.41911764705882354,0.96875,0.4626865671641791,0.6262626262626263,0.45588235294117646,1.0,0.36666666666666664,0.5365853658536585,0.36666666666666664,1.0,0.3055555555555556,0.46808510638297873,0.3055555555555556,1.0,0.3055555555555556,0.46808510638297873,1.0,1.0,1.0,0.0,0.3114754098360656,0.3055555555555556,0.3055555555555556,0.36666666666666664,0.8,0.3,57,32,11,19,11
test_04689,no_topic,0.0,1.0,1.0,355,323,9.907120743034056,1.0,0.45588235294117646,0.6262626262626263,0.45588235294117646,1.0,0.43283582089552236,0.6041666666666666,0.43283582089552236,1.0,0.4,0.5714285714285715,0.4,1.0,0.3333333333333333,0.5,0.3333333333333333,1.0,0.3333333333333333,0.5,1.0,1.0,1.0,0.0,0.32786885245901637,0.3333333333333333,0.3333333333333333,0.4,0.8,0.5,62,29,12,20,12
test_04689,no_pattern,1.0,0.0,1.0,229,323,29.102167182662537,1.0,0.29411764705882354,0.45454545454545453,0.29411764705882354,1.0,0.31343283582089554,0.4772727272727273,0.31343283582089554,1.0,0.3333333333333333,0.5,0.3333333333333333,1.0,0.2777777777777778,0.4347826086956522,0.2777777777777778,1.0,0.2777777777777778,0.4347826086956522,1.0,1.0,1.0,0.0,0.29508196721311475,0.2777777777777778,0.2777777777777778,0.3333333333333333,0.6,0.4,40,21,10,18,10
test_04689,no_redundancy,0.3,0.7,0.0,453,323,40.24767801857585,1.0,0.41911764705882354,0.5906735751295337,0.41911764705882354,1.0,0.5970149253731343,0.7476635514018691,0.5970149253731343,1.0,0.3333333333333333,0.5,0.3333333333333333,1.0,0.3055555555555556,0.46808510638297873,0.3055555555555556,1.0,0.3055555555555556,0.46808510638297873,1.0,1.0,1.0,0.0,0.32786885245901637,0.3055555555555556,0.3055555555555556,0.3333333333333333,0.8,0.4,57,40,11,20,11
test_04713,full_run82,0.3,0.7,1.0,200,200,0.0,0.9767441860465116,0.18666666666666668,0.31343283582089554,0.18584070796460178,1.0,0.17582417582417584,0.2990654205607477,0.17582417582417584,1.0,0.19672131147540983,0.3287671232876712,0.19672131147540983,0.8461538461538461,0.13580246913580246,0.23404255319148934,0.13253012048192772,1.0,0.16049382716049382,0.276595744680851,1.0,1.0,1.0,0.0,0.19047619047619047,0.13580246913580246,0.13253012048192772,0.19672131147540983,0.08823529411764706,0.3,43,16,13,21,13
test_04713,no_topic,0.0,1.0,1.0,222,200,11.0,1.0,0.17777777777777778,0.3018867924528302,0.17777777777777778,1.0,0.23076923076923078,0.375,0.23076923076923078,1.0,0.21311475409836064,0.3513513513513513,0.21311475409836064,1.0,0.1728395061728395,0.2947368421052632,0.1728395061728395,1.0,0.1728395061728395,0.2947368421052632,1.0,1.0,1.0,0.0,0.21904761904761905,0.1728395061728395,0.1728395061728395,0.21311475409836064,0.14705882352941177,0.2,40,21,14,23,14
test_04713,no_pattern,1.0,0.0,1.0,197,200,1.5,1.0,0.1511111111111111,0.2625482625482625,0.1511111111111111,1.0,0.15384615384615385,0.2666666666666667,0.15384615384615385,1.0,0.16393442622950818,0.28169014084507044,0.16393442622950818,1.0,0.16049382716049382,0.276595744680851,0.16049382716049382,1.0,0.16049382716049382,0.276595744680851,1.0,1.0,1.0,0.0,0.21904761904761905,0.16049382716049382,0.16049382716049382,0.16393442622950818,0.08823529411764706,0.1,34,14,13,23,13
test_04713,no_redundancy,0.3,0.7,0.0,344,200,72.0,0.9811320754716981,0.2311111111111111,0.37410071942446044,0.23008849557522124,1.0,0.3076923076923077,0.47058823529411764,0.3076923076923077,1.0,0.21311475409836064,0.3513513513513513,0.21311475409836064,0.8947368421052632,0.20987654320987653,0.34,0.20481927710843373,1.0,0.2345679012345679,0.38,1.0,1.0,1.0,0.0,0.26666666666666666,0.20987654320987653,0.20481927710843373,0.21311475409836064,0.20588235294117646,0.2,53,28,19,29,19
test_04714,full_run82,0.3,0.7,1.0,217,217,0.0,1.0,0.09177215189873418,0.1681159420289855,0.09177215189873418,1.0,0.21333333333333335,0.3516483516483517,0.21333333333333335,1.0,0.07936507936507936,0.14705882352941177,0.07936507936507936,1.0,0.06097560975609756,0.11494252873563218,0.06097560975609756,1.0,0.06097560975609756,0.11494252873563218,1.0,1.0,1.0,0.0,0.09259259259259259,0.06097560975609756,0.06097560975609756,0.07936507936507936,0.05555555555555555,0.3,29,16,5,10,5
test_04714,no_topic,0.0,1.0,1.0,260,217,19.81566820276498,1.0,0.13291139240506328,0.23463687150837986,0.13291139240506328,1.0,0.21333333333333335,0.3516483516483517,0.21333333333333335,1.0,0.14285714285714285,0.25,0.14285714285714285,1.0,0.10975609756097561,0.1978021978021978,0.10975609756097561,1.0,0.10975609756097561,0.1978021978021978,1.0,1.0,1.0,0.0,0.1388888888888889,0.10975609756097561,0.10975609756097561,0.14285714285714285,0.1111111111111111,0.4,42,16,9,15,9
test_04714,no_pattern,1.0,0.0,1.0,214,217,1.3824884792626728,1.0,0.11392405063291139,0.20454545454545456,0.11392405063291139,1.0,0.10666666666666667,0.1927710843373494,0.10666666666666667,1.0,0.12698412698412698,0.22535211267605632,0.12698412698412698,1.0,0.10975609756097561,0.1978021978021978,0.10975609756097561,1.0,0.10975609756097561,0.1978021978021978,1.0,1.0,1.0,0.0,0.12962962962962962,0.10975609756097561,0.10975609756097561,0.12698412698412698,0.08333333333333333,0.3,36,8,9,14,9
test_04714,no_redundancy,0.3,0.7,0.0,422,217,94.47004608294931,1.0,0.21518987341772153,0.3541666666666667,0.21518987341772153,1.0,0.29333333333333333,0.45360824742268036,0.29333333333333333,1.0,0.1111111111111111,0.19999999999999998,0.1111111111111111,1.0,0.10975609756097561,0.1978021978021978,0.10975609756097561,1.0,0.10975609756097561,0.1978021978021978,1.0,1.0,1.0,0.0,0.12962962962962962,0.10975609756097561,0.10975609756097561,0.1111111111111111,0.1111111111111111,0.2,68,22,9,14,9
test_04721,full_run82,0.3,0.7,1.0,320,320,0.0,1.0,0.2583732057416268,0.41064638783269963,0.2583732057416268,1.0,0.4189189189189189,0.5904761904761905,0.4189189189189189,1.0,0.225,0.36734693877551017,0.225,1.0,0.19148936170212766,0.32142857142857145,0.19148936170212766,1.0,0.19148936170212766,0.32142857142857145,1.0,1.0,1.0,0.0,0.22972972972972974,0.19148936170212766,0.19148936170212766,0.225,0.6,0.3,54,31,9,17,9
test_04721,no_topic,0.0,1.0,1.0,351,320,9.6875,1.0,0.2966507177033493,0.4575645756457565,0.2966507177033493,1.0,0.43243243243243246,0.6037735849056604,0.43243243243243246,1.0,0.25,0.4,0.25,1.0,0.2127659574468085,0.3508771929824561,0.2127659574468085,1.0,0.2127659574468085,0.3508771929824561,1.0,1.0,1.0,0.0,0.25675675675675674,0.2127659574468085,0.2127659574468085,0.25,0.6,0.2,62,32,10,19,10
test_04721,no_pattern,1.0,0.0,1.0,244,320,23.75,1.0,0.19617224880382775,0.328,0.19617224880382775,1.0,0.2972972972972973,0.4583333333333333,0.2972972972972973,1.0,0.225,0.36734693877551017,0.225,1.0,0.19148936170212766,0.32142857142857145,0.19148936170212766,1.0,0.19148936170212766,0.32142857142857145,0.8888888888888888,1.0,0.8888888888888888,0.11111111111111116,0.22972972972972974,0.19148936170212766,0.19148936170212766,0.225,0.6,0.1,41,22,9,17,9
test_04721,no_redundancy,0.3,0.7,0.0,409,320,27.8125,1.0,0.3157894736842105,0.4799999999999999,0.3157894736842105,1.0,0.40540540540540543,0.5769230769230769,0.40540540540540543,1.0,0.25,0.4,0.25,1.0,0.2765957446808511,0.43333333333333335,0.2765957446808511,1.0,0.2765957446808511,0.43333333333333335,1.0,1.0,1.0,0.0,0.25675675675675674,0.2765957446808511,0.2765957446808511,0.25,0.8,0.4,66,30,13,19,13
test_04724,full_run82,0.3,0.7,1.0,177,177,0.0,1.0,0.062111801242236024,0.11695906432748539,0.062111801242236024,0.9166666666666666,0.09243697478991597,0.16793893129770993,0.09166666666666666,1.0,0.06593406593406594,0.12371134020618557,0.06593406593406594,1.0,0.05454545454545454,0.10344827586206896,0.05454545454545454,1.0,0.05454545454545454,0.10344827586206896,1.0,1.0,1.0,0.0,0.05357142857142857,0.05454545454545454,0.05454545454545454,0.06593406593406594,0.3076923076923077,0.1,30,12,6,9,6
test_04724,no_topic,0.0,1.0,1.0,192,177,8.47457627118644,1.0,0.062111801242236024,0.11695906432748539,0.062111801242236024,0.8888888888888888,0.13445378151260504,0.23357664233576642,0.1322314049586777,1.0,0.0989010989010989,0.17999999999999997,0.0989010989010989,1.0,0.09090909090909091,0.16666666666666669,0.09090909090909091,1.0,0.09090909090909091,0.16666666666666669,1.0,1.0,1.0,0.0,0.10119047619047619,0.09090909090909091,0.09090909090909091,0.0989010989010989,0.3076923076923077,0.1,30,18,10,17,10
test_04724,no_pattern,1.0,0.0,1.0,106,177,40.11299435028249,1.0,0.041407867494824016,0.07952286282306163,0.041407867494824016,1.0,0.025210084033613446,0.049180327868852465,0.025210084033613446,1.0,0.02197802197802198,0.043010752688172046,0.02197802197802198,1.0,0.01818181818181818,0.03571428571428572,0.01818181818181818,1.0,0.01818181818181818,0.03571428571428572,1.0,1.0,1.0,0.0,0.023809523809523808,0.01818181818181818,0.01818181818181818,0.02197802197802198,0.15384615384615385,0.1,20,3,2,4,2
test_04724,no_redundancy,0.3,0.7,0.0,118,177,33.33333333333333,1.0,0.039337474120082816,0.07569721115537847,0.039337474120082816,1.0,0.10084033613445378,0.183206106870229,0.10084033613445378,1.0,0.07692307692307693,0.14285714285714288,0.07692307692307693,1.0,0.06363636363636363,0.11965811965811964,0.06363636363636363,1.0,0.06363636363636363,0.11965811965811964,1.0,1.0,1.0,0.0,0.05952380952380952,0.06363636363636363,0.06363636363636363,0.07692307692307693,0.3076923076923077,0.2,19,12,7,10,7
test_04733,full_run82,0.3,0.7,1.0,144,144,0.0,1.0,0.06923076923076923,0.12949640287769784,0.06923076923076923,1.0,0.09090909090909091,0.16666666666666669,0.09090909090909091,1.0,0.0847457627118644,0.15625,0.0847457627118644,1.0,0.09411764705882353,0.17204301075268816,0.09411764705882353,1.0,0.09411764705882353,0.17204301075268816,1.0,1.0,1.0,0.0,0.125,0.09411764705882353,0.09411764705882353,0.0847457627118644,0.08823529411764706,0.4,18,10,8,14,8
test_04733,no_topic,0.0,1.0,1.0,175,144,21.52777777777778,1.0,0.08846153846153847,0.16254416961130744,0.08846153846153847,1.0,0.05454545454545454,0.10344827586206896,0.05454545454545454,1.0,0.11864406779661017,0.21212121212121215,0.11864406779661017,1.0,0.09411764705882353,0.17204301075268816,0.09411764705882353,1.0,0.09411764705882353,0.17204301075268816,1.0,1.0,1.0,0.0,0.125,0.09411764705882353,0.09411764705882353,0.11864406779661017,0.08823529411764706,0.2,23,6,8,14,8
test_04733,no_pattern,1.0,0.0,1.0,120,144,16.666666666666664,1.0,0.046153846153846156,0.08823529411764706,0.046153846153846156,1.0,0.12727272727272726,0.22580645161290322,0.12727272727272726,1.0,0.0847457627118644,0.15625,0.0847457627118644,1.0,0.058823529411764705,0.1111111111111111,0.058823529411764705,1.0,0.058823529411764705,0.1111111111111111,1.0,1.0,1.0,0.0,0.08035714285714286,0.058823529411764705,0.058823529411764705,0.0847457627118644,0.08823529411764706,0.1,12,14,5,9,5
test_04733,no_redundancy,0.3,0.7,0.0,376,144,161.11111111111111,1.0,0.16153846153846155,0.2781456953642384,0.16153846153846155,1.0,0.22727272727272727,0.37037037037037035,0.22727272727272727,1.0,0.06779661016949153,0.12698412698412698,0.06779661016949153,1.0,0.058823529411764705,0.1111111111111111,0.058823529411764705,1.0,0.058823529411764705,0.1111111111111111,1.0,1.0,1.0,0.0,0.08035714285714286,0.058823529411764705,0.058823529411764705,0.06779661016949153,0.08823529411764706,0.2,42,25,5,9,5
test_04737,full_run82,0.3,0.7,1.0,390,390,0.0,1.0,0.01809954751131222,0.03555555555555556,0.01809954751131222,1.0,0.06349206349206349,0.11940298507462686,0.06349206349206349,0.0,0.0,0.0,0.0,0.0,0.0,0.0,0.0,0.0,0.0,0.0,0.0,0.0,0.0,0.0,0.0,0.0,0.0,0.0,0.0,0.0,4,4,0,0,0
test_04737,no_topic,0.0,1.0,1.0,390,390,0.0,1.0,0.01809954751131222,0.03555555555555556,0.01809954751131222,1.0,0.06349206349206349,0.11940298507462686,0.06349206349206349,0.0,0.0,0.0,0.0,0.0,0.0,0.0,0.0,0.0,0.0,0.0,0.0,0.0,0.0,0.0,0.0,0.0,0.0,0.0,0.0,0.0,4,4,0,0,0
test_04737,no_pattern,1.0,0.0,1.0,215,390,44.871794871794876,0.9743589743589743,0.17194570135746606,0.2923076923076923,0.17117117117117117,1.0,0.2222222222222222,0.3636363636363636,0.2222222222222222,1.0,0.17777777777777778,0.3018867924528302,0.17777777777777778,1.0,0.1568627450980392,0.2711864406779661,0.1568627450980392,1.0,0.1568627450980392,0.2711864406779661,1.0,1.0,1.0,0.0,0.18518518518518517,0.1568627450980392,0.1568627450980392,0.17777777777777778,0.23076923076923078,0.2,39,14,8,15,8
test_04737,no_redundancy,0.3,0.7,0.0,390,390,0.0,1.0,0.01809954751131222,0.03555555555555556,0.01809954751131222,1.0,0.06349206349206349,0.11940298507462686,0.06349206349206349,0.0,0.0,0.0,0.0,0.0,0.0,0.0,0.0,0.0,0.0,0.0,0.0,0.0,0.0,0.0,0.0,0.0,0.0,0.0,0.0,0.0,4,4,0,0,0
test_04745,full_run82,0.3,0.7,1.0,214,214,0.0,1.0,0.2,0.33333333333333337,0.2,1.0,0.2631578947368421,0.4166666666666667,0.2631578947368421,1.0,0.2857142857142857,0.4444444444444445,0.2857142857142857,1.0,0.21739130434782608,0.3571428571428571,0.21739130434782608,1.0,0.21739130434782608,0.3571428571428571,1.0,1.0,1.0,0.0,0.25396825396825395,0.21739130434782608,0.21739130434782608,0.2857142857142857,0.38461538461538464,0.3,32,15,10,16,10
test_04745,no_topic,0.0,1.0,1.0,239,214,11.682242990654206,1.0,0.2125,0.3505154639175258,0.2125,1.0,0.2807017543859649,0.4383561643835616,0.2807017543859649,1.0,0.22857142857142856,0.3720930232558139,0.22857142857142856,1.0,0.17391304347826086,0.29629629629629634,0.17391304347826086,1.0,0.17391304347826086,0.29629629629629634,1.0,1.0,1.0,0.0,0.2222222222222222,0.17391304347826086,0.17391304347826086,0.22857142857142856,0.23076923076923078,0.4,34,16,8,14,8
test_04745,no_pattern,1.0,0.0,1.0,181,214,15.42056074766355,1.0,0.18125,0.3068783068783069,0.18125,1.0,0.19298245614035087,0.3235294117647059,0.19298245614035087,1.0,0.3142857142857143,0.4782608695652174,0.3142857142857143,1.0,0.2391304347826087,0.3859649122807018,0.2391304347826087,1.0,0.2391304347826087,0.3859649122807018,1.0,1.0,1.0,0.0,0.2857142857142857,0.2391304347826087,0.2391304347826087,0.3142857142857143,0.38461538461538464,0.3,29,11,11,18,11
test_04745,no_redundancy,0.3,0.7,0.0,508,214,137.38317757009347,1.0,0.375,0.5454545454545454,0.375,1.0,0.5614035087719298,0.7191011235955056,0.5614035087719298,1.0,0.11428571428571428,0.20512820512820512,0.11428571428571428,1.0,0.10869565217391304,0.19607843137254902,0.10869565217391304,1.0,0.10869565217391304,0.19607843137254902,1.0,1.0,1.0,0.0,0.14285714285714285,0.10869565217391304,0.10869565217391304,0.11428571428571428,0.23076923076923078,0.4,60,32,5,9,5
test_04758,full_run82,0.3,0.7,1.0,345,345,0.0,1.0,0.04,0.07692307692307693,0.04,1.0,0.2,0.33333333333333337,0.2,1.0,0.10714285714285714,0.19354838709677416,0.10714285714285714,1.0,0.5052631578947369,0.6713286713286714,0.5052631578947369,1.0,0.5052631578947369,0.6713286713286714,1.0,1.0,1.0,0.0,0.2714285714285714,0.5052631578947369,0.5052631578947369,0.10714285714285714,0.6785714285714286,0.7,4,13,48,19,48
test_04758,no_topic,0.0,1.0,1.0,345,345,0.0,1.0,0.04,0.07692307692307693,0.04,1.0,0.2,0.33333333333333337,0.2,1.0,0.10714285714285714,0.19354838709677416,0.10714285714285714,1.0,0.5052631578947369,0.6713286713286714,0.5052631578947369,1.0,0.5052631578947369,0.6713286713286714,1.0,1.0,1.0,0.0,0.2714285714285714,0.5052631578947369,0.5052631578947369,0.10714285714285714,0.6785714285714286,0.7,4,13,48,19,48
test_04758,no_pattern,1.0,0.0,1.0,305,345,11.594202898550725,1.0,0.48,0.6486486486486487,0.48,1.0,0.36923076923076925,0.5393258426966292,0.36923076923076925,1.0,0.32142857142857145,0.4864864864864865,0.32142857142857145,1.0,0.10526315789473684,0.1904761904761905,0.10526315789473684,1.0,0.10526315789473684,0.1904761904761905,1.0,1.0,1.0,0.0,0.24285714285714285,0.10526315789473684,0.10526315789473684,0.32142857142857145,0.14285714285714285,0.2,48,24,10,17,10
test_04758,no_redundancy,0.3,0.7,0.0,345,345,0.0,1.0,0.04,0.07692307692307693,0.04,1.0,0.2153846153846154,0.35443037974683544,0.2153846153846154,1.0,0.10714285714285714,0.19354838709677416,0.10714285714285714,1.0,0.5052631578947369,0.6713286713286714,0.5052631578947369,1.0,0.5052631578947369,0.6713286713286714,1.0,1.0,1.0,0.0,0.2714285714285714,0.5052631578947369,0.5052631578947369,0.10714285714285714,0.6785714285714286,0.7,4,14,48,19,48
test_04760,full_run82,0.3,0.7,1.0,209,209,0.0,1.0,0.16216216216216217,0.27906976744186046,0.16216216216216217,1.0,0.24561403508771928,0.3943661971830986,0.24561403508771928,1.0,0.2894736842105263,0.4489795918367347,0.2894736842105263,1.0,0.2765957446808511,0.43333333333333335,0.2765957446808511,1.0,0.2765957446808511,0.43333333333333335,1.0,1.0,1.0,0.0,0.32857142857142857,0.2765957446808511,0.2765957446808511,0.2894736842105263,0.17647058823529413,0.4,36,14,13,23,13
test_04760,no_topic,0.0,1.0,1.0,207,209,0.9569377990430622,1.0,0.16216216216216217,0.27906976744186046,0.16216216216216217,1.0,0.24561403508771928,0.3943661971830986,0.24561403508771928,1.0,0.2631578947368421,0.4166666666666667,0.2631578947368421,1.0,0.2553191489361702,0.4067796610169491,0.2553191489361702,1.0,0.2553191489361702,0.4067796610169491,1.0,1.0,1.0,0.0,0.3,0.2553191489361702,0.2553191489361702,0.2631578947368421,0.17647058823529413,0.4,36,14,12,21,12
test_04760,no_pattern,1.0,0.0,1.0,192,209,8.133971291866029,1.0,0.14414414414414414,0.25196850393700787,0.14414414414414414,1.0,0.14035087719298245,0.24615384615384614,0.14035087719298245,1.0,0.2631578947368421,0.4166666666666667,0.2631578947368421,1.0,0.23404255319148937,0.3793103448275862,0.23404255319148937,1.0,0.23404255319148937,0.3793103448275862,1.0,1.0,1.0,0.0,0.2714285714285714,0.23404255319148937,0.23404255319148937,0.2631578947368421,0.17647058823529413,0.3,32,8,11,19,11
test_04760,no_redundancy,0.3,0.7,0.0,480,209,129.66507177033492,1.0,0.3333333333333333,0.5,0.3333333333333333,1.0,0.3333333333333333,0.5,0.3333333333333333,1.0,0.18421052631578946,0.3111111111111111,0.18421052631578946,1.0,0.14893617021276595,0.25925925925925924,0.14893617021276595,1.0,0.14893617021276595,0.25925925925925924,1.0,1.0,1.0,0.0,0.17142857142857143,0.14893617021276595,0.14893617021276595,0.18421052631578946,0.17647058823529413,0.2,74,19,7,12,7
test_04776,full_run82,0.3,0.7,1.0,221,221,0.0,1.0,0.4861111111111111,0.6542056074766355,0.4861111111111111,1.0,0.4583333333333333,0.6285714285714286,0.4583333333333333,1.0,0.7272727272727273,0.8421052631578948,0.7272727272727273,1.0,0.5263157894736842,0.6896551724137931,0.5263157894736842,1.0,0.5263157894736842,0.6896551724137931,1.0,1.0,1.0,0.0,0.5,0.5263157894736842,0.5263157894736842,0.7272727272727273,1.0,0.6,35,11,10,14,10
test_04776,no_topic,0.0,1.0,1.0,218,221,1.3574660633484164,1.0,0.4861111111111111,0.6542056074766355,0.4861111111111111,1.0,0.375,0.5454545454545454,0.375,1.0,0.6363636363636364,0.7777777777777778,0.6363636363636364,1.0,0.47368421052631576,0.6428571428571429,0.47368421052631576,1.0,0.47368421052631576,0.6428571428571429,1.0,1.0,1.0,0.0,0.5,0.47368421052631576,0.47368421052631576,0.6363636363636364,0.6666666666666666,0.5,35,9,9,14,9
test_04776,no_pattern,1.0,0.0,1.0,162,221,26.69683257918552,1.0,0.375,0.5454545454545454,0.375,1.0,0.3333333333333333,0.5,0.3333333333333333,1.0,0.8181818181818182,0.9,0.8181818181818182,1.0,0.5263157894736842,0.6896551724137931,0.5263157894736842,1.0,0.5263157894736842,0.6896551724137931,1.0,1.0,1.0,0.0,0.5714285714285714,0.5263157894736842,0.5263157894736842,0.8181818181818182,0.6666666666666666,0.5,27,8,10,16,10
test_04776,no_redundancy,0.3,0.7,0.0,332,221,50.2262443438914,1.0,0.5138888888888888,0.6788990825688073,0.5138888888888888,1.0,0.5416666666666666,0.7027027027027027,0.5416666666666666,1.0,0.2727272727272727,0.42857142857142855,0.2727272727272727,1.0,0.3157894736842105,0.4799999999999999,0.3157894736842105,1.0,0.3157894736842105,0.4799999999999999,1.0,1.0,1.0,0.0,0.32142857142857145,0.3157894736842105,0.3157894736842105,0.2727272727272727,0.6666666666666666,0.4,37,13,6,9,6
test_04779,full_run82,0.3,0.7,1.0,122,122,0.0,1.0,0.125,0.2222222222222222,0.125,1.0,0.046153846153846156,0.08823529411764706,0.046153846153846156,1.0,0.3,0.4615384615384615,0.3,1.0,0.275,0.4313725490196079,0.275,1.0,0.275,0.4313725490196079,1.0,1.0,1.0,0.0,0.29411764705882354,0.275,0.275,0.3,0.38095238095238093,0.5,18,3,11,15,11
test_04779,no_topic,0.0,1.0,1.0,186,122,52.459016393442624,1.0,0.19444444444444445,0.32558139534883723,0.19444444444444445,1.0,0.24615384615384617,0.39506172839506176,0.24615384615384617,1.0,0.3333333333333333,0.5,0.3333333333333333,1.0,0.25,0.4,0.25,1.0,0.25,0.4,1.0,1.0,1.0,0.0,0.27450980392156865,0.25,0.25,0.3333333333333333,0.23809523809523808,0.4,28,16,10,14,10
test_04779,no_pattern,1.0,0.0,1.0,123,122,0.819672131147541,1.0,0.13194444444444445,0.23312883435582823,0.13194444444444445,1.0,0.046153846153846156,0.08823529411764706,0.046153846153846156,1.0,0.3,0.4615384615384615,0.3,1.0,0.225,0.36734693877551017,0.225,1.0,0.225,0.36734693877551017,1.0,1.0,1.0,0.0,0.27450980392156865,0.225,0.225,0.3,0.19047619047619047,0.4,19,3,9,14,9
test_04779,no_redundancy,0.3,0.7,0.0,307,122,151.63934426229508,0.9772727272727273,0.2986111111111111,0.4574468085106383,0.296551724137931,1.0,0.3076923076923077,0.47058823529411764,0.3076923076923077,0.8,0.13333333333333333,0.2285714285714286,0.12903225806451613,0.8571428571428571,0.15,0.2553191489361702,0.14634146341463414,0.8571428571428571,0.15,0.2553191489361702,0.8571428571428571,0.8571428571428571,0.8571428571428571,0.1428571428571429,0.17647058823529413,0.15,0.14634146341463414,0.13333333333333333,0.23809523809523808,0.3,44,20,7,10,7
test_04799,full_run82,0.3,0.7,1.0,163,163,0.0,0.9642857142857143,0.10227272727272728,0.18493150684931509,0.1018867924528302,0.9375,0.14285714285714285,0.24793388429752067,0.14150943396226415,1.0,0.07936507936507936,0.14705882352941177,0.07936507936507936,1.0,0.08860759493670886,0.1627906976744186,0.08860759493670886,1.0,0.08860759493670886,0.1627906976744186,1.0,1.0,1.0,0.0,0.07476635514018691,0.08860759493670886,0.08860759493670886,0.07936507936507936,0.3333333333333333,0.1,28,16,7,8,7
test_04799,no_topic,0.0,1.0,1.0,217,163,33.12883435582822,0.9473684210526315,0.13636363636363635,0.23841059602649003,0.13533834586466165,0.9565217391304348,0.20952380952380953,0.34375000000000006,0.20754716981132076,1.0,0.19047619047619047,0.32,0.19047619047619047,1.0,0.22784810126582278,0.3711340206185567,0.22784810126582278,1.0,0.22784810126582278,0.3711340206185567,1.0,0.9444444444444444,0.9444444444444444,0.05555555555555558,0.205607476635514,0.22784810126582278,0.22784810126582278,0.19047619047619047,0.4166666666666667,0.2,38,23,18,22,18
test_04799,no_pattern,1.0,0.0,1.0,156,163,4.294478527607362,0.96,0.09090909090909091,0.16608996539792387,0.09056603773584905,1.0,0.10476190476190476,0.1896551724137931,0.10476190476190476,1.0,0.09523809523809523,0.17391304347826084,0.09523809523809523,1.0,0.08860759493670886,0.1627906976744186,0.08860759493670886,1.0,0.08860759493670886,0.1627906976744186,1.0,1.0,1.0,0.0,0.09345794392523364,0.08860759493670886,0.08860759493670886,0.09523809523809523,0.3333333333333333,0.3,25,11,7,10,7
test_04799,no_redundancy,0.3,0.7,0.0,419,163,157.05521472392638,1.0,0.24621212121212122,0.3951367781155016,0.24621212121212122,1.0,0.41904761904761906,0.5906040268456376,0.41904761904761906,1.0,0.14285714285714285,0.25,0.14285714285714285,1.0,0.1518987341772152,0.26373626373626374,0.1518987341772152,1.0,0.1518987341772152,0.26373626373626374,1.0,1.0,1.0,0.0,0.1588785046728972,0.1518987341772152,0.1518987341772152,0.14285714285714285,0.3333333333333333,0.1,65,44,12,17,12
test_04852,full_run82,0.3,0.7,1.0,262,262,0.0,1.0,0.7551020408163265,0.8604651162790697,0.7551020408163265,1.0,0.84,0.9130434782608696,0.84,1.0,0.5714285714285714,0.7272727272727273,0.5714285714285714,0.8333333333333334,0.5555555555555556,0.6666666666666667,0.5,1.0,0.6666666666666666,0.8,0.8333333333333334,1.0,0.8333333333333334,0.16666666666666663,0.6,0.5555555555555556,0.5,0.5714285714285714,1.0,0.6,37,21,6,10,6
test_04852,no_topic,0.0,1.0,1.0,268,262,2.2900763358778624,1.0,0.7959183673469388,0.8863636363636364,0.7959183673469388,1.0,0.88,0.9361702127659575,0.88,1.0,0.5714285714285714,0.7272727272727273,0.5714285714285714,0.8333333333333334,0.5555555555555556,0.6666666666666667,0.5,1.0,0.6666666666666666,0.8,0.8333333333333334,1.0,0.8333333333333334,0.16666666666666663,0.6,0.5555555555555556,0.5,0.5714285714285714,1.0,0.6,39,22,6,10,6
test_04852,no_pattern,1.0,0.0,1.0,232,262,11.450381679389313,1.0,0.6530612244897959,0.7901234567901235,0.6530612244897959,1.0,0.64,0.7804878048780487,0.64,1.0,0.2857142857142857,0.4444444444444445,0.2857142857142857,0.75,0.3333333333333333,0.46153846153846156,0.3,1.0,0.4444444444444444,0.6153846153846153,0.75,1.0,0.75,0.25,0.4,0.3333333333333333,0.3,0.2857142857142857,1.0,0.4,32,16,4,7,4
test_04852,no_redundancy,0.3,0.7,0.0,334,262,27.480916030534353,0.96,0.9795918367346939,0.9696969696969697,0.9411764705882353,1.0,0.96,0.9795918367346939,0.96,1.0,1.0,1.0,1.0,0.8888888888888888,0.8888888888888888,0.8888888888888888,0.8,1.0,1.0,1.0,0.8888888888888888,1.0,0.8888888888888888,0.11111111111111116,0.9333333333333333,0.8888888888888888,0.8,1.0,1.0,1.0,50,24,9,15,9
test_04863,full_run82,0.3,0.7,1.0,364,364,0.0,1.0,0.36942675159235666,0.5395348837209303,0.36942675159235666,1.0,0.3333333333333333,0.5,0.3333333333333333,1.0,0.3684210526315789,0.5384615384615384,0.3684210526315789,1.0,0.2857142857142857,0.4444444444444445,0.2857142857142857,1.0,0.2857142857142857,0.4444444444444445,1.0,1.0,1.0,0.0,0.28888888888888886,0.2857142857142857,0.2857142857142857,0.3684210526315789,0.6666666666666666,0.4,58,12,8,13,8
test_04863,no_topic,0.0,1.0,1.0,378,364,3.8461538461538463,1.0,0.4012738853503185,0.5727272727272728,0.4012738853503185,1.0,0.3333333333333333,0.5,0.3333333333333333,1.0,0.3157894736842105,0.4799999999999999,0.3157894736842105,1.0,0.25,0.4,0.25,1.0,0.25,0.4,1.0,1.0,1.0,0.0,0.26666666666666666,0.25,0.25,0.3157894736842105,0.6666666666666666,0.5,63,12,7,12,7
test_04863,no_pattern,1.0,0.0,1.0,309,364,15.10989010989011,1.0,0.3503184713375796,0.5188679245283019,0.3503184713375796,1.0,0.3333333333333333,0.5,0.3333333333333333,1.0,0.3684210526315789,0.5384615384615384,0.3684210526315789,1.0,0.2857142857142857,0.4444444444444445,0.2857142857142857,1.0,0.2857142857142857,0.4444444444444445,1.0,1.0,1.0,0.0,0.28888888888888886,0.2857142857142857,0.2857142857142857,0.3684210526315789,0.6666666666666666,0.2,55,12,8,13,8
test_04863,no_redundancy,0.3,0.7,0.0,425,364,16.758241758241756,1.0,0.4140127388535032,0.5855855855855856,0.4140127388535032,1.0,0.6666666666666666,0.8,0.6666666666666666,1.0,0.47368421052631576,0.6428571428571429,0.47368421052631576,1.0,0.42857142857142855,0.6,0.42857142857142855,1.0,0.42857142857142855,0.6,1.0,1.0,1.0,0.0,0.4666666666666667,0.42857142857142855,0.42857142857142855,0.47368421052631576,0.6666666666666666,0.4,65,24,12,21,12
test_04864,full_run82,0.3,0.7,1.0,284,284,0.0,1.0,0.15517241379310345,0.26865671641791045,0.15517241379310345,1.0,0.15714285714285714,0.271604938271605,0.15714285714285714,1.0,0.21739130434782608,0.3571428571428571,0.21739130434782608,1.0,0.22641509433962265,0.36923076923076925,0.22641509433962265,1.0,0.22641509433962265,0.36923076923076925,1.0,1.0,1.0,0.0,0.24050632911392406,0.22641509433962265,0.22641509433962265,0.21739130434782608,0.3333333333333333,0.2,54,22,12,19,12
test_04864,no_topic,0.0,1.0,1.0,287,284,1.056338028169014,0.9803921568627451,0.14367816091954022,0.2506265664160401,0.14326647564469913,1.0,0.10714285714285714,0.19354838709677416,0.10714285714285714,1.0,0.15217391304347827,0.2641509433962264,0.15217391304347827,0.875,0.1320754716981132,0.22950819672131148,0.12962962962962962,0.875,0.1320754716981132,0.22950819672131148,0.875,1.0,0.875,0.125,0.17721518987341772,0.1320754716981132,0.12962962962962962,0.15217391304347827,0.25,0.0,51,15,8,15,8
test_04864,no_pattern,1.0,0.0,1.0,246,284,13.380281690140844,1.0,0.12643678160919541,0.22448979591836737,0.12643678160919541,1.0,0.08571428571428572,0.15789473684210528,0.08571428571428572,1.0,0.21739130434782608,0.3571428571428571,0.21739130434782608,1.0,0.18867924528301888,0.3174603174603175,0.18867924528301888,1.0,0.18867924528301888,0.3174603174603175,1.0,1.0,1.0,0.0,0.20253164556962025,0.18867924528301888,0.18867924528301888,0.21739130434782608,0.3333333333333333,0.3,44,12,10,16,10
test_04864,no_redundancy,0.3,0.7,0.0,518,284,82.3943661971831,1.0,0.2413793103448276,0.3888888888888889,0.2413793103448276,1.0,0.35714285714285715,0.5263157894736842,0.35714285714285715,1.0,0.15217391304347827,0.2641509433962264,0.15217391304347827,1.0,0.1509433962264151,0.26229508196721313,0.1509433962264151,1.0,0.1509433962264151,0.26229508196721313,1.0,1.0,1.0,0.0,0.1518987341772152,0.1509433962264151,0.1509433962264151,0.15217391304347827,0.3333333333333333,0.2,84,50,8,12,8
test_04882,full_run82,0.3,0.7,1.0,114,114,0.0,1.0,1.0,1.0,1.0,1.0,1.0,1.0,1.0,1.0,1.0,1.0,1.0,1.0,1.0,1.0,1.0,1.0,1.0,1.0,1.0,1.0,1.0,0.0,1.0,1.0,1.0,1.0,1.0,1.0,17,1,1,2,1
test_04882,no_topic,0.0,1.0,1.0,114,114,0.0,1.0,1.0,1.0,1.0,1.0,1.0,1.0,1.0,1.0,1.0,1.0,1.0,1.0,1.0,1.0,1.0,1.0,1.0,1.0,1.0,1.0,1.0,0.0,1.0,1.0,1.0,1.0,1.0,1.0,17,1,1,2,1
test_04882,no_pattern,1.0,0.0,1.0,114,114,0.0,1.0,1.0,1.0,1.0,1.0,1.0,1.0,1.0,1.0,1.0,1.0,1.0,1.0,1.0,1.0,1.0,1.0,1.0,1.0,1.0,1.0,1.0,0.0,1.0,1.0,1.0,1.0,1.0,1.0,17,1,1,2,1
test_04882,no_redundancy,0.3,0.7,0.0,114,114,0.0,1.0,1.0,1.0,1.0,1.0,1.0,1.0,1.0,1.0,1.0,1.0,1.0,1.0,1.0,1.0,1.0,1.0,1.0,1.0,1.0,1.0,1.0,0.0,1.0,1.0,1.0,1.0,1.0,1.0,17,1,1,2,1
test_04897,full_run82,0.3,0.7,1.0,268,268,0.0,1.0,0.1647940074906367,0.2829581993569132,0.1647940074906367,1.0,0.17857142857142858,0.30303030303030304,0.17857142857142858,1.0,0.20833333333333334,0.3448275862068966,0.20833333333333334,1.0,0.1774193548387097,0.3013698630136986,0.1774193548387097,1.0,0.1774193548387097,0.3013698630136986,1.0,1.0,1.0,0.0,0.2,0.1774193548387097,0.1774193548387097,0.20833333333333334,0.25,0.2,44,15,11,18,11
test_04897,no_topic,0.0,1.0,1.0,255,268,4.850746268656716,1.0,0.1647940074906367,0.2829581993569132,0.1647940074906367,1.0,0.2261904761904762,0.36893203883495146,0.2261904761904762,1.0,0.20833333333333334,0.3448275862068966,0.20833333333333334,1.0,0.1935483870967742,0.3243243243243243,0.1935483870967742,1.0,0.1935483870967742,0.3243243243243243,1.0,1.0,1.0,0.0,0.2222222222222222,0.1935483870967742,0.1935483870967742,0.20833333333333334,0.25,0.2,44,19,12,20,12
test_04897,no_pattern,1.0,0.0,1.0,202,268,24.62686567164179,1.0,0.12734082397003746,0.22591362126245845,0.12734082397003746,1.0,0.08333333333333333,0.15384615384615385,0.08333333333333333,1.0,0.1875,0.3157894736842105,0.1875,1.0,0.16129032258064516,0.27777777777777773,0.16129032258064516,1.0,0.16129032258064516,0.27777777777777773,1.0,1.0,1.0,0.0,0.17777777777777778,0.16129032258064516,0.16129032258064516,0.1875,0.25,0.3,34,7,10,16,10
test_04897,no_redundancy,0.3,0.7,0.0,453,268,69.02985074626866,1.0,0.2247191011235955,0.36697247706422015,0.2247191011235955,1.0,0.2619047619047619,0.41509433962264153,0.2619047619047619,1.0,0.08333333333333333,0.15384615384615385,0.08333333333333333,1.0,0.06451612903225806,0.12121212121212122,0.06451612903225806,1.0,0.06451612903225806,0.12121212121212122,1.0,1.0,1.0,0.0,0.08888888888888889,0.06451612903225806,0.06451612903225806,0.08333333333333333,0.125,0.1,60,22,4,8,4
test_04898,full_run82,0.3,0.7,1.0,304,304,0.0,0.9833333333333333,0.10314685314685315,0.18670886075949367,0.10296684118673648,1.0,0.11848341232227488,0.211864406779661,0.11848341232227488,1.0,0.10091743119266056,0.18333333333333332,0.10091743119266056,1.0,0.07058823529411765,0.13186813186813187,0.07058823529411765,1.0,0.07058823529411765,0.13186813186813187,1.0,1.0,1.0,0.0,0.08888888888888889,0.07058823529411765,0.07058823529411765,0.10091743119266056,0.09090909090909091,0.1,60,25,12,20,12
test_04898,no_topic,0.0,1.0,1.0,342,304,12.5,0.9855072463768116,0.11888111888111888,0.2121684867394696,0.11867364746945899,1.0,0.13744075829383887,0.24166666666666667,0.13744075829383887,1.0,0.12844036697247707,0.22764227642276422,0.12844036697247707,1.0,0.09411764705882353,0.17204301075268816,0.09411764705882353,1.0,0.09411764705882353,0.17204301075268816,1.0,1.0,1.0,0.0,0.11555555555555555,0.09411764705882353,0.09411764705882353,0.12844036697247707,0.12121212121212122,0.0,69,29,16,26,16
test_04898,no_pattern,1.0,0.0,1.0,230,304,24.342105263157894,1.0,0.08041958041958042,0.1488673139158576,0.08041958041958042,0.9047619047619048,0.09004739336492891,0.16379310344827586,0.0892018779342723,1.0,0.10091743119266056,0.18333333333333332,0.10091743119266056,1.0,0.06470588235294118,0.12154696132596686,0.06470588235294118,1.0,0.06470588235294118,0.12154696132596686,1.0,1.0,1.0,0.0,0.08888888888888889,0.06470588235294118,0.06470588235294118,0.10091743119266056,0.09090909090909091,0.2,46,21,11,20,11
test_04898,no_redundancy,0.3,0.7,0.0,573,304,88.48684210526315,0.9879518072289156,0.14335664335664336,0.25038167938931294,0.1431064572425829,1.0,0.1895734597156398,0.3187250996015936,0.1895734597156398,1.0,0.10091743119266056,0.18333333333333332,0.10091743119266056,1.0,0.09411764705882353,0.17204301075268816,0.09411764705882353,1.0,0.09411764705882353,0.17204301075268816,1.0,1.0,1.0,0.0,0.12,0.09411764705882353,0.09411764705882353,0.10091743119266056,0.15151515151515152,0.1,83,40,16,27,16
test_04907,full_run82,0.3,0.7,1.0,539,539,0.0,1.0,0.09243697478991597,0.1692307692307692,0.09243697478991597,0.9787234042553191,0.1419753086419753,0.24797843665768193,0.14153846153846153,1.0,0.011235955056179775,0.02222222222222222,0.011235955056179775,1.0,0.008547008547008548,0.016949152542372885,0.008547008547008548,1.0,0.008547008547008548,0.016949152542372885,1.0,1.0,1.0,0.0,0.014084507042253521,0.008547008547008548,0.008547008547008548,0.011235955056179775,0.03125,0.0,55,47,1,2,1
test_04907,no_topic,0.0,1.0,1.0,523,539,2.9684601113172544,1.0,0.08235294117647059,0.15217391304347827,0.08235294117647059,1.0,0.12962962962962962,0.22950819672131148,0.12962962962962962,0.0,0.0,0.0,0.0,0.0,0.0,0.0,0.0,0.0,0.0,0.0,0.0,0.0,0.0,0.0,0.0,0.0,0.0,0.0,0.0,0.0,49,42,0,0,0
test_04907,no_pattern,1.0,0.0,1.0,195,539,63.821892393320965,1.0,0.0453781512605042,0.08681672025723472,0.0453781512605042,1.0,0.06481481481481481,0.1217391304347826,0.06481481481481481,1.0,0.11235955056179775,0.20202020202020202,0.11235955056179775,1.0,0.09401709401709402,0.17187499999999997,0.09401709401709402,1.0,0.09401709401709402,0.17187499999999997,1.0,1.0,1.0,0.0,0.13380281690140844,0.09401709401709402,0.09401709401709402,0.11235955056179775,0.078125,0.3,27,21,11,19,11
test_04907,no_redundancy,0.3,0.7,0.0,520,539,3.525046382189239,1.0,0.08067226890756303,0.14930015552099535,0.08067226890756303,1.0,0.11419753086419752,0.20498614958448752,0.11419753086419752,0.0,0.0,0.0,0.0,0.0,0.0,0.0,0.0,0.0,0.0,0.0,0.0,0.0,0.0,0.0,0.0,0.0,0.0,0.0,0.0,0.0,48,37,0,0,0
test_04911,full_run82,0.3,0.7,1.0,352,352,0.0,1.0,0.15806451612903225,0.27298050139275765,0.15806451612903225,1.0,0.29545454545454547,0.456140350877193,0.29545454545454547,1.0,0.208955223880597,0.345679012345679,0.208955223880597,1.0,0.18666666666666668,0.3146067415730337,0.18666666666666668,1.0,0.18666666666666668,0.3146067415730337,0.9285714285714286,1.0,0.9285714285714286,0.0714285714285714,0.21100917431192662,0.18666666666666668,0.18666666666666668,0.208955223880597,0.42857142857142855,0.4,49,26,14,23,14
test_04911,no_topic,0.0,1.0,1.0,410,352,16.477272727272727,1.0,0.1870967741935484,0.31521739130434784,0.1870967741935484,1.0,0.3181818181818182,0.4827586206896552,0.3181818181818182,1.0,0.22388059701492538,0.36585365853658536,0.22388059701492538,1.0,0.2,0.33333333333333337,0.2,1.0,0.2,0.33333333333333337,1.0,1.0,1.0,0.0,0.22018348623853212,0.2,0.2,0.22388059701492538,0.5714285714285714,0.4,58,28,15,24,15
test_04911,no_pattern,1.0,0.0,1.0,211,352,40.05681818181818,1.0,0.11290322580645161,0.2028985507246377,0.11290322580645161,1.0,0.19318181818181818,0.3238095238095238,0.19318181818181818,1.0,0.19402985074626866,0.325,0.19402985074626866,1.0,0.18666666666666668,0.3146067415730337,0.18666666666666668,1.0,0.18666666666666668,0.3146067415730337,1.0,1.0,1.0,0.0,0.22018348623853212,0.18666666666666668,0.18666666666666668,0.19402985074626866,0.42857142857142855,0.3,35,17,14,24,14
test_04911,no_redundancy,0.3,0.7,0.0,519,352,47.44318181818182,1.0,0.22258064516129034,0.3641160949868074,0.22258064516129034,1.0,0.3068181818181818,0.46956521739130436,0.3068181818181818,1.0,0.13432835820895522,0.2368421052631579,0.13432835820895522,1.0,0.12,0.21428571428571425,0.12,1.0,0.12,0.21428571428571425,1.0,1.0,1.0,0.0,0.13761467889908258,0.12,0.12,0.13432835820895522,0.42857142857142855,0.2,69,27,9,15,9
test_04913,full_run82,0.3,0.7,1.0,260,260,0.0,1.0,0.23076923076923078,0.375,0.23076923076923078,1.0,0.22857142857142856,0.3720930232558139,0.22857142857142856,1.0,0.3333333333333333,0.5,0.3333333333333333,1.0,0.2631578947368421,0.4166666666666667,0.2631578947368421,1.0,0.2631578947368421,0.4166666666666667,1.0,1.0,1.0,0.0,0.24705882352941178,0.2631578947368421,0.2631578947368421,0.3333333333333333,0.5625,0.2,51,24,15,21,15
test_04913,no_topic,0.0,1.0,1.0,262,260,0.7692307692307693,1.0,0.21266968325791855,0.35074626865671643,0.21266968325791855,1.0,0.2761904761904762,0.43283582089552247,0.2761904761904762,1.0,0.35555555555555557,0.5245901639344263,0.35555555555555557,1.0,0.2807017543859649,0.4383561643835616,0.2807017543859649,1.0,0.2807017543859649,0.4383561643835616,1.0,1.0,1.0,0.0,0.2823529411764706,0.2807017543859649,0.2807017543859649,0.35555555555555557,0.4375,0.2,47,29,16,24,16
test_04913,no_pattern,1.0,0.0,1.0,246,260,5.384615384615385,1.0,0.2171945701357466,0.35687732342007433,0.2171945701357466,1.0,0.19047619047619047,0.32,0.19047619047619047,1.0,0.24444444444444444,0.39285714285714285,0.24444444444444444,1.0,0.19298245614035087,0.3235294117647059,0.19298245614035087,1.0,0.19298245614035087,0.3235294117647059,1.0,1.0,1.0,0.0,0.17647058823529413,0.19298245614035087,0.19298245614035087,0.24444444444444444,0.4375,0.3,48,20,11,15,11
test_04913,no_redundancy,0.3,0.7,0.0,425,260,63.46153846153846,1.0,0.21266968325791855,0.35074626865671643,0.21266968325791855,1.0,0.29523809523809524,0.45588235294117646,0.29523809523809524,1.0,0.15555555555555556,0.2692307692307693,0.15555555555555556,1.0,0.17543859649122806,0.29850746268656714,0.17543859649122806,1.0,0.17543859649122806,0.29850746268656714,1.0,1.0,1.0,0.0,0.17647058823529413,0.17543859649122806,0.17543859649122806,0.15555555555555556,0.3125,0.4,47,31,10,15,10
test_04939,full_run82,0.3,0.7,1.0,285,285,0.0,1.0,0.2898550724637681,0.44943820224719105,0.2898550724637681,1.0,0.2222222222222222,0.3636363636363636,0.2222222222222222,1.0,0.2222222222222222,0.3636363636363636,0.2222222222222222,1.0,0.17777777777777778,0.3018867924528302,0.17777777777777778,1.0,0.17777777777777778,0.3018867924528302,1.0,1.0,1.0,0.0,0.18309859154929578,0.17777777777777778,0.17777777777777778,0.2222222222222222,0.8,0.3,60,16,8,13,8
test_04939,no_topic,0.0,1.0,1.0,297,285,4.2105263157894735,1.0,0.24154589371980675,0.38910505836575876,0.24154589371980675,1.0,0.3194444444444444,0.4842105263157894,0.3194444444444444,1.0,0.2777777777777778,0.4347826086956522,0.2777777777777778,1.0,0.24444444444444444,0.39285714285714285,0.24444444444444444,1.0,0.24444444444444444,0.39285714285714285,1.0,1.0,1.0,0.0,0.28169014084507044,0.24444444444444444,0.24444444444444444,0.2777777777777778,0.6,0.1,50,23,11,20,11
test_04939,no_pattern,1.0,0.0,1.0,217,285,23.859649122807017,1.0,0.18840579710144928,0.3170731707317073,0.18840579710144928,1.0,0.1527777777777778,0.26506024096385544,0.1527777777777778,1.0,0.16666666666666666,0.2857142857142857,0.16666666666666666,1.0,0.15555555555555556,0.2692307692307693,0.15555555555555556,1.0,0.15555555555555556,0.2692307692307693,1.0,1.0,1.0,0.0,0.18309859154929578,0.15555555555555556,0.15555555555555556,0.16666666666666666,0.6,0.1,39,11,7,13,7
test_04939,no_redundancy,0.3,0.7,0.0,424,285,48.771929824561404,1.0,0.2946859903381642,0.4552238805970149,0.2946859903381642,1.0,0.4027777777777778,0.5742574257425743,0.4027777777777778,1.0,0.3055555555555556,0.46808510638297873,0.3055555555555556,0.9285714285714286,0.28888888888888886,0.44067796610169485,0.2826086956521739,1.0,0.3111111111111111,0.4745762711864407,1.0,1.0,1.0,0.0,0.28169014084507044,0.28888888888888886,0.2826086956521739,0.3055555555555556,1.0,0.3,61,29,14,21,14
test_04961,full_run82,0.3,0.7,1.0,136,136,0.0,1.0,0.0821917808219178,0.1518987341772152,0.0821917808219178,0.9,0.08737864077669903,0.15929203539823011,0.08653846153846154,1.0,0.14754098360655737,0.2571428571428572,0.14754098360655737,1.0,0.11494252873563218,0.20618556701030927,0.11494252873563218,1.0,0.11494252873563218,0.20618556701030927,1.0,1.0,1.0,0.0,0.12903225806451613,0.11494252873563218,0.11494252873563218,0.14754098360655737,0.16666666666666666,0.2,18,10,10,16,10
test_04961,no_topic,0.0,1.0,1.0,205,136,50.73529411764706,1.0,0.1780821917808219,0.3023255813953488,0.1780821917808219,0.9333333333333333,0.13592233009708737,0.23728813559322035,0.1346153846153846,1.0,0.14754098360655737,0.2571428571428572,0.14754098360655737,0.9166666666666666,0.12643678160919541,0.22222222222222224,0.125,0.9166666666666666,0.12643678160919541,0.22222222222222224,1.0,1.0,1.0,0.0,0.1532258064516129,0.12643678160919541,0.125,0.14754098360655737,0.16666666666666666,0.2,39,15,12,20,12
test_04961,no_pattern,1.0,0.0,1.0,139,136,2.2058823529411766,0.9565217391304348,0.1004566210045662,0.18181818181818182,0.1,0.9166666666666666,0.10679611650485436,0.19130434782608693,0.10576923076923077,1.0,0.09836065573770492,0.1791044776119403,0.09836065573770492,1.0,0.08045977011494253,0.14893617021276595,0.08045977011494253,1.0,0.08045977011494253,0.14893617021276595,1.0,1.0,1.0,0.0,0.08870967741935484,0.08045977011494253,0.08045977011494253,0.09836065573770492,0.125,0.2,23,12,7,11,7
test_04961,no_redundancy,0.3,0.7,0.0,365,136,168.38235294117646,1.0,0.1917808219178082,0.3218390804597701,0.1917808219178082,1.0,0.32038834951456313,0.4852941176470588,0.32038834951456313,1.0,0.21311475409836064,0.3513513513513513,0.21311475409836064,0.9230769230769231,0.13793103448275862,0.23999999999999996,0.13636363636363635,1.0,0.14942528735632185,0.26000000000000006,1.0,1.0,1.0,0.0,0.1693548387096774,0.13793103448275862,0.13636363636363635,0.21311475409836064,0.125,0.1,42,33,13,21,13
test_04972,full_run82,0.3,0.7,1.0,564,564,0.0,0.9746835443037974,0.3117408906882591,0.47239263803680975,0.3092369477911647,1.0,0.3073770491803279,0.4702194357366771,0.3073770491803279,1.0,0.25,0.4,0.25,0.7333333333333333,0.1896551724137931,0.30136986301369867,0.1774193548387097,0.7333333333333333,0.1896551724137931,0.30136986301369867,0.8666666666666667,0.8666666666666667,0.8666666666666667,0.1333333333333333,0.17857142857142858,0.1896551724137931,0.1774193548387097,0.25,0.4117647058823529,0.2,79,75,15,19,15
test_04972,no_topic,0.0,1.0,1.0,1023,564,81.38297872340425,0.9827586206896551,0.46153846153846156,0.628099173553719,0.4578313253012048,0.9927007299270073,0.5573770491803278,0.7139107611548556,0.5551020408163265,0.9166666666666666,0.3055555555555556,0.4583333333333333,0.2972972972972973,0.7619047619047619,0.27586206896551724,0.40506329113924044,0.25396825396825395,0.7619047619047619,0.27586206896551724,0.40506329113924044,0.9047619047619048,0.9523809523809523,0.8571428571428571,0.1428571428571429,0.2857142857142857,0.27586206896551724,0.25396825396825395,0.3055555555555556,0.5294117647058824,0.4,116,137,21,27,21
test_04972,no_pattern,1.0,0.0,1.0,218,564,61.347517730496456,0.9318181818181818,0.1659919028340081,0.281786941580756,0.164,1.0,0.10655737704918032,0.1925925925925926,0.10655737704918032,0.9166666666666666,0.3055555555555556,0.4583333333333333,0.2972972972972973,0.75,0.15517241379310345,0.2571428571428572,0.14754098360655737,0.9166666666666666,0.1896551724137931,0.31428571428571433,0.9166666666666666,0.9166666666666666,0.9166666666666666,0.08333333333333337,0.16666666666666666,0.15517241379310345,0.14754098360655737,0.3055555555555556,0.47058823529411764,0.2,44,26,12,17,12
test_04972,no_redundancy,0.3,0.7,0.0,1319,564,133.86524822695037,0.9727272727272728,0.4331983805668016,0.5994397759103642,0.428,0.9939759036144579,0.6762295081967213,0.8048780487804879,0.673469387755102,0.9,0.25,0.391304347826087,0.24324324324324326,0.6842105263157895,0.22413793103448276,0.33766233766233766,0.203125,0.7368421052631579,0.2413793103448276,0.3636363636363636,0.8947368421052632,0.9473684210526315,0.8421052631578947,0.1578947368421053,0.23809523809523808,0.22413793103448276,0.203125,0.25,0.47058823529411764,0.3,110,166,19,24,19
test_04982,full_run82,0.3,0.7,1.0,304,304,0.0,1.0,0.23222748815165878,0.3769230769230769,0.23222748815165878,1.0,0.275,0.4313725490196079,0.275,1.0,0.19736842105263158,0.32967032967032966,0.19736842105263158,1.0,0.16,0.2758620689655173,0.16,1.0,0.16,0.2758620689655173,0.9375,1.0,0.9375,0.0625,0.20930232558139536,0.16,0.16,0.19736842105263158,0.125,0.3,49,33,16,27,16
test_04982,no_topic,0.0,1.0,1.0,350,304,15.131578947368421,1.0,0.26540284360189575,0.41947565543071164,0.26540284360189575,1.0,0.3,0.4615384615384615,0.3,1.0,0.15789473684210525,0.2727272727272727,0.15789473684210525,0.8666666666666667,0.13,0.22608695652173916,0.12745098039215685,0.8666666666666667,0.13,0.22608695652173916,0.9333333333333333,0.8666666666666667,0.8,0.19999999999999996,0.17829457364341086,0.13,0.12745098039215685,0.15789473684210525,0.125,0.2,56,36,15,24,15
test_04982,no_pattern,1.0,0.0,1.0,209,304,31.25,1.0,0.20853080568720378,0.34509803921568627,0.20853080568720378,1.0,0.175,0.2978723404255319,0.175,1.0,0.18421052631578946,0.3111111111111111,0.18421052631578946,1.0,0.18,0.3050847457627119,0.18,1.0,0.18,0.3050847457627119,1.0,1.0,1.0,0.0,0.2248062015503876,0.18,0.18,0.18421052631578946,0.1,0.2,44,21,18,29,18
test_04982,no_redundancy,0.3,0.7,0.0,420,304,38.15789473684211,1.0,0.17535545023696683,0.29838709677419356,0.17535545023696683,1.0,0.275,0.4313725490196079,0.275,1.0,0.18421052631578946,0.3111111111111111,0.18421052631578946,1.0,0.18,0.3050847457627119,0.18,1.0,0.18,0.3050847457627119,0.8888888888888888,1.0,0.8888888888888888,0.11111111111111116,0.17829457364341086,0.18,0.18,0.18421052631578946,0.2,0.4,37,33,18,23,18
test_04986,full_run82,0.3,0.7,1.0,216,216,0.0,1.0,0.17727272727272728,0.30115830115830117,0.17727272727272728,1.0,0.2247191011235955,0.36697247706422015,0.2247191011235955,1.0,0.22916666666666666,0.37288135593220334,0.22916666666666666,0.9090909090909091,0.15625,0.2666666666666666,0.15384615384615385,0.9090909090909091,0.15625,0.2666666666666666,1.0,1.0,1.0,0.0,0.18,0.15625,0.15384615384615385,0.22916666666666666,0.42857142857142855,0.1,39,20,11,19,11
test_04986,no_topic,0.0,1.0,1.0,261,216,20.833333333333336,0.9807692307692307,0.2318181818181818,0.375,0.23076923076923078,1.0,0.2696629213483146,0.4247787610619469,0.2696629213483146,1.0,0.22916666666666666,0.37288135593220334,0.22916666666666666,1.0,0.171875,0.29333333333333333,0.171875,1.0,0.171875,0.29333333333333333,0.9090909090909091,1.0,0.9090909090909091,0.09090909090909094,0.2,0.171875,0.171875,0.22916666666666666,0.42857142857142855,0.1,52,24,11,20,11
test_04986,no_pattern,1.0,0.0,1.0,160,216,25.925925925925924,0.9629629629629629,0.11818181818181818,0.21052631578947367,0.11764705882352941,0.8947368421052632,0.19101123595505617,0.3148148148148148,0.18681318681318682,1.0,0.22916666666666666,0.37288135593220334,0.22916666666666666,0.8333333333333334,0.15625,0.2631578947368421,0.15151515151515152,0.9166666666666666,0.171875,0.2894736842105263,0.75,1.0,0.75,0.25,0.19,0.15625,0.15151515151515152,0.22916666666666666,0.42857142857142855,0.1,27,19,12,21,12
test_04986,no_redundancy,0.3,0.7,0.0,430,216,99.07407407407408,1.0,0.2636363636363636,0.41726618705035967,0.2636363636363636,1.0,0.29213483146067415,0.45217391304347826,0.29213483146067415,1.0,0.20833333333333334,0.3448275862068966,0.20833333333333334,1.0,0.15625,0.2702702702702703,0.15625,1.0,0.15625,0.2702702702702703,1.0,1.0,1.0,0.0,0.19,0.15625,0.15625,0.20833333333333334,0.42857142857142855,0.1,58,26,10,19,10
test_04996,full_run82,0.3,0.7,1.0,226,226,0.0,1.0,1.0,1.0,1.0,1.0,1.0,1.0,1.0,1.0,1.0,1.0,1.0,1.0,1.0,1.0,1.0,1.0,1.0,1.0,1.0,1.0,1.0,0.0,1.0,1.0,1.0,1.0,1.0,1.0,35,14,5,9,5
test_04996,no_topic,0.0,1.0,1.0,226,226,0.0,1.0,1.0,1.0,1.0,1.0,1.0,1.0,1.0,1.0,1.0,1.0,1.0,1.0,1.0,1.0,1.0,1.0,1.0,1.0,1.0,1.0,1.0,0.0,1.0,1.0,1.0,1.0,1.0,1.0,35,14,5,9,5
test_04996,no_pattern,1.0,0.0,1.0,226,226,0.0,1.0,1.0,1.0,1.0,1.0,1.0,1.0,1.0,1.0,1.0,1.0,1.0,1.0,1.0,1.0,1.0,1.0,1.0,1.0,1.0,1.0,1.0,0.0,1.0,1.0,1.0,1.0,1.0,1.0,35,14,5,9,5
test_04996,no_redundancy,0.3,0.7,0.0,226,226,0.0,1.0,1.0,1.0,1.0,1.0,1.0,1.0,1.0,1.0,1.0,1.0,1.0,1.0,1.0,1.0,1.0,1.0,1.0,1.0,1.0,1.0,1.0,0.0,1.0,1.0,1.0,1.0,1.0,1.0,35,14,5,9,5
test_05036,full_run82,0.3,0.7,1.0,304,304,0.0,1.0,0.21107266435986158,0.3485714285714286,0.21107266435986158,1.0,0.16666666666666666,0.2857142857142857,0.16666666666666666,1.0,0.18518518518518517,0.3125,0.18518518518518517,0.9090909090909091,0.16129032258064516,0.273972602739726,0.15873015873015872,0.9090909090909091,0.16129032258064516,0.273972602739726,0.9090909090909091,1.0,0.9090909090909091,0.09090909090909094,0.17391304347826086,0.16129032258064516,0.15873015873015872,0.18518518518518517,0.4,0.2,61,16,11,17,11
test_05036,no_topic,0.0,1.0,1.0,290,304,4.605263157894736,1.0,0.17647058823529413,0.3,0.17647058823529413,1.0,0.20833333333333334,0.3448275862068966,0.20833333333333334,1.0,0.2222222222222222,0.3636363636363636,0.2222222222222222,0.9166666666666666,0.1774193548387097,0.2972972972972973,0.1746031746031746,0.9166666666666666,0.1774193548387097,0.2972972972972973,0.9166666666666666,1.0,0.9166666666666666,0.08333333333333337,0.1956521739130435,0.1774193548387097,0.1746031746031746,0.2222222222222222,0.3333333333333333,0.2,51,20,12,19,12
test_05036,no_pattern,1.0,0.0,1.0,250,304,17.763157894736842,1.0,0.1522491349480969,0.26426426426426425,0.1522491349480969,1.0,0.125,0.2222222222222222,0.125,1.0,0.16666666666666666,0.2857142857142857,0.16666666666666666,1.0,0.14516129032258066,0.2535211267605634,0.14516129032258066,1.0,0.14516129032258066,0.2535211267605634,1.0,1.0,1.0,0.0,0.18478260869565216,0.14516129032258066,0.14516129032258066,0.16666666666666666,0.2,0.1,44,12,9,17,9
test_05036,no_redundancy,0.3,0.7,0.0,471,304,54.93421052631579,1.0,0.2560553633217993,0.40771349862258954,0.2560553633217993,1.0,0.22916666666666666,0.37288135593220334,0.22916666666666666,1.0,0.12962962962962962,0.22950819672131148,0.12962962962962962,1.0,0.12903225806451613,0.2285714285714286,0.12903225806451613,1.0,0.12903225806451613,0.2285714285714286,1.0,1.0,1.0,0.0,0.15217391304347827,0.12903225806451613,0.12903225806451613,0.12962962962962962,0.2,0.2,74,22,8,14,8
test_05041,full_run82,0.3,0.7,1.0,261,261,0.0,0.9761904761904762,0.5942028985507246,0.7387387387387387,0.5857142857142857,1.0,0.4358974358974359,0.6071428571428571,0.4358974358974359,1.0,0.6,0.7499999999999999,0.6,1.0,0.5,0.6666666666666666,0.5,1.0,0.5,0.6666666666666666,1.0,1.0,1.0,0.0,0.5769230769230769,0.5,0.5,0.6,0.42857142857142855,0.5,42,17,9,15,9
test_05041,no_topic,0.0,1.0,1.0,276,261,5.747126436781609,0.975,0.5652173913043478,0.7155963302752294,0.5571428571428572,1.0,0.6153846153846154,0.761904761904762,0.6153846153846154,1.0,0.7333333333333333,0.846153846153846,0.7333333333333333,1.0,0.6111111111111112,0.7586206896551725,0.6111111111111112,1.0,0.6111111111111112,0.7586206896551725,1.0,1.0,1.0,0.0,0.6923076923076923,0.6111111111111112,0.6111111111111112,0.7333333333333333,0.42857142857142855,0.6,40,24,11,18,11
test_05041,no_pattern,1.0,0.0,1.0,264,261,1.1494252873563218,0.9743589743589743,0.5507246376811594,0.7037037037037037,0.5428571428571428,1.0,0.5384615384615384,0.7000000000000001,0.5384615384615384,1.0,0.4,0.5714285714285715,0.4,1.0,0.3333333333333333,0.5,0.3333333333333333,1.0,0.3333333333333333,0.5,1.0,1.0,1.0,0.0,0.38461538461538464,0.3333333333333333,0.3333333333333333,0.4,0.42857142857142855,0.4,39,21,6,10,6
test_05041,no_redundancy,0.3,0.7,0.0,332,261,27.203065134099617,1.0,0.5652173913043478,0.7222222222222222,0.5652173913043478,0.9629629629629629,0.6666666666666666,0.7878787878787878,0.65,1.0,0.3333333333333333,0.5,0.3333333333333333,1.0,0.2777777777777778,0.4347826086956522,0.2777777777777778,1.0,0.2777777777777778,0.4347826086956522,1.0,1.0,1.0,0.0,0.3076923076923077,0.2777777777777778,0.2777777777777778,0.3333333333333333,0.42857142857142855,0.3,39,27,5,8,5
test_05055,full_run82,0.3,0.7,1.0,196,196,0.0,0.96875,0.4696969696969697,0.6326530612244898,0.4626865671641791,0.9333333333333333,0.5,0.6511627906976745,0.4827586206896552,1.0,0.3333333333333333,0.5,0.3333333333333333,0.8,0.26666666666666666,0.4,0.25,1.0,0.3333333333333333,0.5,0.8,1.0,0.8,0.19999999999999996,0.36,0.26666666666666666,0.25,0.3333333333333333,0.4,0.3,32,15,5,10,5
test_05055,no_topic,0.0,1.0,1.0,233,196,18.877551020408163,0.975609756097561,0.6060606060606061,0.7476635514018692,0.5970149253731343,1.0,0.5357142857142857,0.6976744186046512,0.5357142857142857,1.0,0.4,0.5714285714285715,0.4,1.0,0.4,0.5714285714285715,0.4,1.0,0.4,0.5714285714285715,1.0,1.0,1.0,0.0,0.44,0.4,0.4,0.4,0.6,0.5,41,15,6,11,6
test_05055,no_pattern,1.0,0.0,1.0,185,196,5.612244897959184,1.0,0.4696969696969697,0.6391752577319588,0.4696969696969697,1.0,0.5,0.6666666666666666,0.5,0.8,0.26666666666666666,0.4,0.25,0.8,0.26666666666666666,0.4,0.25,0.8,0.26666666666666666,0.4,0.8,0.8,0.8,0.19999999999999996,0.32,0.26666666666666666,0.25,0.26666666666666666,0.4,0.2,31,14,5,10,5
test_05055,no_redundancy,0.3,0.7,0.0,272,196,38.775510204081634,1.0,0.5757575757575758,0.7307692307692308,0.5757575757575758,1.0,0.5714285714285714,0.7272727272727273,0.5714285714285714,1.0,0.6666666666666666,0.8,0.6666666666666666,1.0,0.6666666666666666,0.8,0.6666666666666666,1.0,0.6666666666666666,0.8,1.0,1.0,1.0,0.0,0.64,0.6666666666666666,0.6666666666666666,0.6666666666666666,0.8,0.7,38,16,10,16,10
test_05067,full_run82,0.3,0.7,1.0,323,323,0.0,1.0,0.2867647058823529,0.44571428571428573,0.2867647058823529,1.0,0.21818181818181817,0.3582089552238806,0.21818181818181817,1.0,0.28205128205128205,0.44000000000000006,0.28205128205128205,1.0,0.275,0.4313725490196079,0.275,1.0,0.275,0.4313725490196079,1.0,1.0,1.0,0.0,0.2698412698412698,0.275,0.275,0.28205128205128205,0.8,0.3,78,12,11,17,11
test_05067,no_topic,0.0,1.0,1.0,323,323,0.0,1.0,0.2867647058823529,0.44571428571428573,0.2867647058823529,1.0,0.21818181818181817,0.3582089552238806,0.21818181818181817,1.0,0.28205128205128205,0.44000000000000006,0.28205128205128205,1.0,0.275,0.4313725490196079,0.275,1.0,0.275,0.4313725490196079,1.0,1.0,1.0,0.0,0.2698412698412698,0.275,0.275,0.28205128205128205,0.8,0.3,78,12,11,17,11
test_05067,no_pattern,1.0,0.0,1.0,290,323,10.21671826625387,1.0,0.23529411764705882,0.38095238095238093,0.23529411764705882,1.0,0.23636363636363636,0.3823529411764706,0.23636363636363636,1.0,0.3076923076923077,0.47058823529411764,0.3076923076923077,1.0,0.3,0.4615384615384615,0.3,1.0,0.3,0.4615384615384615,1.0,1.0,1.0,0.0,0.31746031746031744,0.3,0.3,0.3076923076923077,0.8,0.3,64,13,12,20,12
test_05067,no_redundancy,0.3,0.7,0.0,477,323,47.6780185758514,1.0,0.3235294117647059,0.48888888888888893,0.3235294117647059,1.0,0.38181818181818183,0.5526315789473685,0.38181818181818183,1.0,0.28205128205128205,0.44000000000000006,0.28205128205128205,1.0,0.275,0.4313725490196079,0.275,1.0,0.275,0.4313725490196079,1.0,1.0,1.0,0.0,0.2698412698412698,0.275,0.275,0.28205128205128205,0.8,0.4,88,21,11,17,11
test_05071,full_run82,0.3,0.7,1.0,402,402,0.0,1.0,0.37037037037037035,0.5405405405405406,0.37037037037037035,0.972972972972973,0.4864864864864865,0.6486486486486486,0.48,1.0,0.42,0.5915492957746479,0.42,1.0,0.423728813559322,0.5952380952380952,0.423728813559322,1.0,0.423728813559322,0.5952380952380952,1.0,1.0,1.0,0.0,0.4125,0.423728813559322,0.423728813559322,0.42,0.4,0.8,60,37,25,33,25
test_05071,no_topic,0.0,1.0,1.0,399,402,0.7462686567164178,1.0,0.36419753086419754,0.5339366515837104,0.36419753086419754,0.972972972972973,0.4864864864864865,0.6486486486486486,0.48,1.0,0.44,0.6111111111111112,0.44,1.0,0.4406779661016949,0.611764705882353,0.4406779661016949,1.0,0.4406779661016949,0.611764705882353,1.0,1.0,1.0,0.0,0.4125,0.4406779661016949,0.4406779661016949,0.44,0.56,0.8,59,37,26,33,26
test_05071,no_pattern,1.0,0.0,1.0,256,402,36.318407960199,1.0,0.30246913580246915,0.46445497630331756,0.30246913580246915,1.0,0.3783783783783784,0.5490196078431372,0.3783783783783784,1.0,0.36,0.5294117647058824,0.36,1.0,0.3389830508474576,0.5063291139240507,0.3389830508474576,1.0,0.3389830508474576,0.5063291139240507,1.0,1.0,1.0,0.0,0.375,0.3389830508474576,0.3389830508474576,0.36,0.2,0.3,49,28,20,30,20
test_05071,no_redundancy,0.3,0.7,0.0,383,402,4.72636815920398,1.0,0.345679012345679,0.5137614678899083,0.345679012345679,1.0,0.3783783783783784,0.5490196078431372,0.3783783783783784,1.0,0.42,0.5915492957746479,0.42,1.0,0.3728813559322034,0.54320987654321,0.3728813559322034,1.0,0.3728813559322034,0.54320987654321,1.0,1.0,1.0,0.0,0.35,0.3728813559322034,0.3728813559322034,0.42,0.64,0.6,56,28,22,28,22
test_05108,full_run82,0.3,0.7,1.0,242,242,0.0,1.0,0.4883720930232558,0.65625,0.4883720930232558,1.0,0.5102040816326531,0.6756756756756758,0.5102040816326531,1.0,0.4782608695652174,0.6470588235294118,0.4782608695652174,1.0,0.4782608695652174,0.6470588235294118,0.4782608695652174,1.0,0.4782608695652174,0.6470588235294118,1.0,1.0,1.0,0.0,0.5526315789473685,0.4782608695652174,0.4782608695652174,0.4782608695652174,0.75,0.4,42,25,11,21,11
test_05108,no_topic,0.0,1.0,1.0,269,242,11.15702479338843,1.0,0.46511627906976744,0.6349206349206349,0.46511627906976744,1.0,0.5306122448979592,0.6933333333333334,0.5306122448979592,1.0,0.4782608695652174,0.6470588235294118,0.4782608695652174,1.0,0.4782608695652174,0.6470588235294118,0.4782608695652174,1.0,0.4782608695652174,0.6470588235294118,1.0,1.0,1.0,0.0,0.5263157894736842,0.4782608695652174,0.4782608695652174,0.4782608695652174,0.75,0.3,40,26,11,20,11
test_05108,no_pattern,1.0,0.0,1.0,229,242,5.371900826446281,1.0,0.47674418604651164,0.6456692913385828,0.47674418604651164,1.0,0.4897959183673469,0.6575342465753424,0.4897959183673469,1.0,0.43478260869565216,0.6060606060606061,0.43478260869565216,1.0,0.43478260869565216,0.6060606060606061,0.43478260869565216,1.0,0.43478260869565216,0.6060606060606061,1.0,1.0,1.0,0.0,0.5,0.43478260869565216,0.43478260869565216,0.43478260869565216,0.75,0.4,41,24,10,19,10
test_05108,no_redundancy,0.3,0.7,0.0,330,242,36.36363636363637,1.0,0.5581395348837209,0.7164179104477612,0.5581395348837209,1.0,0.673469387755102,0.8048780487804877,0.673469387755102,1.0,0.5652173913043478,0.7222222222222222,0.5652173913043478,1.0,0.5652173913043478,0.7222222222222222,0.5652173913043478,1.0,0.5652173913043478,0.7222222222222222,1.0,1.0,1.0,0.0,0.5526315789473685,0.5652173913043478,0.5652173913043478,0.5652173913043478,1.0,0.7,48,33,13,21,13
test_05116,full_run82,0.3,0.7,1.0,272,272,0.0,0.9523809523809523,0.40816326530612246,0.5714285714285714,0.4,0.967741935483871,0.5454545454545454,0.6976744186046512,0.5357142857142857,1.0,0.42857142857142855,0.6,0.42857142857142855,0.9090909090909091,0.2857142857142857,0.43478260869565216,0.2777777777777778,1.0,0.3142857142857143,0.4782608695652174,0.9090909090909091,1.0,0.9090909090909091,0.09090909090909094,0.35294117647058826,0.2857142857142857,0.2777777777777778,0.42857142857142855,0.42857142857142855,0.5,42,31,11,19,11
test_05116,no_topic,0.0,1.0,1.0,274,272,0.7352941176470588,0.9736842105263158,0.37755102040816324,0.5441176470588235,0.37373737373737376,1.0,0.5818181818181818,0.735632183908046,0.5818181818181818,1.0,0.5238095238095238,0.6875000000000001,0.5238095238095238,0.9230769230769231,0.34285714285714286,0.5000000000000001,0.3333333333333333,1.0,0.37142857142857144,0.5416666666666666,0.9230769230769231,1.0,0.9230769230769231,0.07692307692307687,0.4117647058823529,0.34285714285714286,0.3333333333333333,0.5238095238095238,0.42857142857142855,0.5,38,32,13,22,13
test_05116,no_pattern,1.0,0.0,1.0,244,272,10.294117647058822,0.9534883720930233,0.41836734693877553,0.5815602836879432,0.41,0.9285714285714286,0.4727272727272727,0.6265060240963856,0.45614035087719296,1.0,0.38095238095238093,0.5517241379310345,0.38095238095238093,0.7777777777777778,0.2,0.3181818181818182,0.1891891891891892,1.0,0.2571428571428571,0.40909090909090906,0.8888888888888888,1.0,0.8888888888888888,0.11111111111111116,0.27450980392156865,0.2,0.1891891891891892,0.38095238095238093,0.42857142857142855,0.3,43,28,9,16,9
test_05116,no_redundancy,0.3,0.7,0.0,371,272,36.39705882352941,1.0,0.4489795918367347,0.6197183098591549,0.4489795918367347,1.0,0.4727272727272727,0.6419753086419753,0.4727272727272727,1.0,0.2857142857142857,0.4444444444444445,0.2857142857142857,1.0,0.34285714285714286,0.5106382978723404,0.34285714285714286,1.0,0.34285714285714286,0.5106382978723404,1.0,1.0,1.0,0.0,0.3333333333333333,0.34285714285714286,0.34285714285714286,0.2857142857142857,0.7142857142857143,0.6,44,26,12,17,12
test_05128,full_run82,0.3,0.7,1.0,288,288,0.0,1.0,0.65625,0.7924528301886793,0.65625,1.0,0.7083333333333334,0.8292682926829268,0.7083333333333334,1.0,0.4,0.5714285714285715,0.4,1.0,0.4444444444444444,0.6153846153846153,0.4444444444444444,1.0,0.4444444444444444,0.6153846153846153,1.0,1.0,1.0,0.0,0.4722222222222222,0.4444444444444444,0.4444444444444444,0.4,0.5,0.5,42,17,12,17,12
test_05128,no_topic,0.0,1.0,1.0,304,288,5.555555555555555,0.9761904761904762,0.640625,0.7735849056603773,0.6307692307692307,1.0,0.625,0.7692307692307693,0.625,1.0,0.4,0.5714285714285715,0.4,0.8333333333333334,0.37037037037037035,0.5128205128205128,0.3448275862068966,1.0,0.4444444444444444,0.6153846153846153,1.0,1.0,1.0,0.0,0.4444444444444444,0.37037037037037035,0.3448275862068966,0.4,0.4,0.5,42,15,12,17,12
test_05128,no_pattern,1.0,0.0,1.0,197,288,31.59722222222222,1.0,0.484375,0.6526315789473685,0.484375,1.0,0.3333333333333333,0.5,0.3333333333333333,1.0,0.55,0.7096774193548387,0.55,1.0,0.4074074074074074,0.5789473684210525,0.4074074074074074,1.0,0.4074074074074074,0.5789473684210525,1.0,1.0,1.0,0.0,0.5,0.4074074074074074,0.4074074074074074,0.55,0.5,0.4,31,8,11,18,11
test_05128,no_redundancy,0.3,0.7,0.0,310,288,7.638888888888889,1.0,0.53125,0.6938775510204082,0.53125,1.0,0.7083333333333334,0.8292682926829268,0.7083333333333334,0.9230769230769231,0.6,0.7272727272727274,0.5714285714285714,0.9333333333333333,0.5185185185185185,0.6666666666666667,0.5,0.9333333333333333,0.5185185185185185,0.6666666666666667,0.9333333333333333,0.9333333333333333,0.9333333333333333,0.06666666666666665,0.5,0.5185185185185185,0.5,0.6,0.7,0.7,34,17,15,19,15
test_05132,full_run82,0.3,0.7,1.0,286,286,0.0,1.0,0.26540284360189575,0.41947565543071164,0.26540284360189575,1.0,0.26785714285714285,0.4225352112676056,0.26785714285714285,1.0,0.19047619047619047,0.32,0.19047619047619047,1.0,0.18518518518518517,0.3125,0.18518518518518517,1.0,0.18518518518518517,0.3125,1.0,1.0,1.0,0.0,0.21176470588235294,0.18518518518518517,0.18518518518518517,0.19047619047619047,0.5,0.4,56,15,10,18,10
test_05132,no_topic,0.0,1.0,1.0,319,286,11.538461538461538,0.9836065573770492,0.2843601895734597,0.4411764705882353,0.2830188679245283,0.95,0.3392857142857143,0.5000000000000001,0.3333333333333333,1.0,0.21428571428571427,0.35294117647058826,0.21428571428571427,1.0,0.2222222222222222,0.3636363636363636,0.2222222222222222,1.0,0.2222222222222222,0.3636363636363636,1.0,1.0,0.9166666666666666,0.08333333333333337,0.24705882352941178,0.2222222222222222,0.2222222222222222,0.21428571428571427,0.6666666666666666,0.2,61,20,12,21,12
test_05132,no_pattern,1.0,0.0,1.0,194,286,32.16783216783217,0.9487179487179487,0.17535545023696683,0.29600000000000004,0.17370892018779344,1.0,0.23214285714285715,0.37681159420289856,0.23214285714285715,1.0,0.21428571428571427,0.35294117647058826,0.21428571428571427,1.0,0.16666666666666666,0.2857142857142857,0.16666666666666666,1.0,0.16666666666666666,0.2857142857142857,0.8888888888888888,1.0,0.8888888888888888,0.11111111111111116,0.17647058823529413,0.16666666666666666,0.16666666666666666,0.21428571428571427,0.5,0.4,39,13,9,15,9
test_05132,no_redundancy,0.3,0.7,0.0,488,286,70.62937062937063,1.0,0.36492890995260663,0.5347222222222222,0.36492890995260663,1.0,0.26785714285714285,0.4225352112676056,0.26785714285714285,1.0,0.21428571428571427,0.35294117647058826,0.21428571428571427,1.0,0.18518518518518517,0.3125,0.18518518518518517,1.0,0.18518518518518517,0.3125,1.0,1.0,1.0,0.0,0.2,0.18518518518518517,0.18518518518518517,0.21428571428571427,0.5,0.3,77,15,10,17,10
test_05137,full_run82,0.3,0.7,1.0,373,373,0.0,1.0,0.7954545454545454,0.8860759493670886,0.7954545454545454,1.0,0.8,0.888888888888889,0.8,1.0,0.8235294117647058,0.9032258064516129,0.8235294117647058,1.0,0.8235294117647058,0.9032258064516129,0.8235294117647058,1.0,0.8235294117647058,0.9032258064516129,1.0,1.0,1.0,0.0,0.8275862068965517,0.8235294117647058,0.8235294117647058,0.8235294117647058,1.0,0.9,70,28,14,24,14
test_05137,no_topic,0.0,1.0,1.0,399,373,6.970509383378016,1.0,0.8636363636363636,0.9268292682926829,0.8636363636363636,1.0,0.8857142857142857,0.9393939393939393,0.8857142857142857,1.0,0.8823529411764706,0.9375,0.8823529411764706,1.0,0.8823529411764706,0.9375,0.8823529411764706,1.0,0.8823529411764706,0.9375,1.0,1.0,1.0,0.0,0.8620689655172413,0.8823529411764706,0.8823529411764706,0.8823529411764706,1.0,0.9,76,31,15,25,15
test_05137,no_pattern,1.0,0.0,1.0,395,373,5.898123324396782,1.0,0.8181818181818182,0.9,0.8181818181818182,1.0,0.8,0.888888888888889,0.8,1.0,0.7058823529411765,0.8275862068965517,0.7058823529411765,1.0,0.7058823529411765,0.8275862068965517,0.7058823529411765,1.0,0.7058823529411765,0.8275862068965517,1.0,1.0,1.0,0.0,0.7931034482758621,0.7058823529411765,0.7058823529411765,0.7058823529411765,0.75,0.8,72,28,12,23,12
test_05137,no_redundancy,0.3,0.7,0.0,394,373,5.630026809651475,0.9864864864864865,0.8295454545454546,0.9012345679012347,0.8202247191011236,1.0,0.8285714285714286,0.90625,0.8285714285714286,1.0,0.7647058823529411,0.8666666666666666,0.7647058823529411,1.0,0.7647058823529411,0.8666666666666666,0.7647058823529411,1.0,0.7647058823529411,0.8666666666666666,1.0,1.0,1.0,0.0,0.7586206896551724,0.7647058823529411,0.7647058823529411,0.7647058823529411,1.0,0.7,74,29,13,22,13
test_05138,full_run82,0.3,0.7,1.0,368,368,0.0,1.0,0.9206349206349206,0.9586776859504132,0.9206349206349206,1.0,0.9761904761904762,0.9879518072289156,0.9761904761904762,1.0,0.8666666666666667,0.9285714285714286,0.8666666666666667,1.0,0.875,0.9333333333333333,0.875,1.0,0.875,0.9333333333333333,1.0,1.0,1.0,0.0,0.8461538461538461,0.875,0.875,0.8666666666666667,1.0,0.9,58,41,14,22,14
test_05138,no_topic,0.0,1.0,1.0,368,368,0.0,1.0,0.9206349206349206,0.9586776859504132,0.9206349206349206,1.0,0.9761904761904762,0.9879518072289156,0.9761904761904762,1.0,0.8666666666666667,0.9285714285714286,0.8666666666666667,1.0,0.875,0.9333333333333333,0.875,1.0,0.875,0.9333333333333333,1.0,1.0,1.0,0.0,0.8461538461538461,0.875,0.875,0.8666666666666667,1.0,0.9,58,41,14,22,14
test_05138,no_pattern,1.0,0.0,1.0,320,368,13.043478260869565,1.0,0.7619047619047619,0.8648648648648648,0.7619047619047619,1.0,0.7857142857142857,0.88,0.7857142857142857,1.0,0.8,0.888888888888889,0.8,1.0,0.75,0.8571428571428571,0.75,1.0,0.75,0.8571428571428571,1.0,1.0,1.0,0.0,0.7692307692307693,0.75,0.75,0.8,1.0,0.7,48,33,12,20,12
test_05138,no_redundancy,0.3,0.7,0.0,380,368,3.260869565217391,1.0,0.873015873015873,0.9322033898305084,0.873015873015873,1.0,0.7619047619047619,0.8648648648648648,0.7619047619047619,1.0,0.8,0.888888888888889,0.8,1.0,0.8125,0.896551724137931,0.8125,1.0,0.8125,0.896551724137931,1.0,1.0,1.0,0.0,0.8076923076923077,0.8125,0.8125,0.8,1.0,0.9,55,32,13,21,13
test_05141,full_run82,0.3,0.7,1.0,325,325,0.0,1.0,0.7368421052631579,0.8484848484848484,0.7368421052631579,1.0,0.6571428571428571,0.7931034482758621,0.6571428571428571,1.0,0.7777777777777778,0.8750000000000001,0.7777777777777778,1.0,0.6153846153846154,0.761904761904762,0.6153846153846154,1.0,0.6153846153846154,0.761904761904762,1.0,1.0,1.0,0.0,0.6086956521739131,0.6153846153846154,0.6153846153846154,0.7777777777777778,1.0,0.5,56,23,8,14,8
test_05141,no_topic,0.0,1.0,1.0,367,325,12.923076923076923,1.0,0.8289473684210527,0.9064748201438849,0.8289473684210527,1.0,0.6857142857142857,0.8135593220338984,0.6857142857142857,1.0,0.6666666666666666,0.8,0.6666666666666666,1.0,0.5384615384615384,0.7000000000000001,0.5384615384615384,1.0,0.5384615384615384,0.7000000000000001,1.0,1.0,1.0,0.0,0.5217391304347826,0.5384615384615384,0.5384615384615384,0.6666666666666666,1.0,0.5,63,24,7,12,7
test_05141,no_pattern,1.0,0.0,1.0,231,325,28.923076923076923,1.0,0.6447368421052632,0.7839999999999999,0.6447368421052632,1.0,0.5714285714285714,0.7272727272727273,0.5714285714285714,1.0,0.5555555555555556,0.7142857142857143,0.5555555555555556,1.0,0.5384615384615384,0.7000000000000001,0.5384615384615384,1.0,0.5384615384615384,0.7000000000000001,1.0,1.0,1.0,0.0,0.5217391304347826,0.5384615384615384,0.5384615384615384,0.5555555555555556,1.0,0.4,49,20,7,12,7
test_05141,no_redundancy,0.3,0.7,0.0,392,325,20.615384615384617,1.0,0.618421052631579,0.7642276422764228,0.618421052631579,1.0,0.6285714285714286,0.7719298245614035,0.6285714285714286,1.0,0.4444444444444444,0.6153846153846153,0.4444444444444444,1.0,0.46153846153846156,0.631578947368421,0.46153846153846156,1.0,0.46153846153846156,0.631578947368421,1.0,1.0,1.0,0.0,0.4782608695652174,0.46153846153846156,0.46153846153846156,0.4444444444444444,1.0,0.6,47,22,6,11,6
test_05151,full_run82,0.3,0.7,1.0,260,260,0.0,1.0,0.25625,0.40796019900497504,0.25625,1.0,0.37333333333333335,0.5436893203883496,0.37333333333333335,1.0,0.3333333333333333,0.5,0.3333333333333333,1.0,0.3,0.4615384615384615,0.3,1.0,0.3,0.4615384615384615,1.0,1.0,1.0,0.0,0.36363636363636365,0.3,0.3,0.3333333333333333,0.42857142857142855,0.5,41,28,9,16,9
test_05151,no_topic,0.0,1.0,1.0,251,260,3.4615384615384617,1.0,0.28125,0.43902439024390244,0.28125,1.0,0.29333333333333333,0.45360824742268036,0.29333333333333333,1.0,0.2962962962962963,0.45714285714285713,0.2962962962962963,1.0,0.26666666666666666,0.4210526315789474,0.26666666666666666,1.0,0.26666666666666666,0.4210526315789474,1.0,1.0,1.0,0.0,0.29545454545454547,0.26666666666666666,0.26666666666666666,0.2962962962962963,0.42857142857142855,0.5,45,22,8,13,8
test_05151,no_pattern,1.0,0.0,1.0,176,260,32.30769230769231,1.0,0.18125,0.3068783068783069,0.18125,1.0,0.12,0.21428571428571425,0.12,1.0,0.2962962962962963,0.45714285714285713,0.2962962962962963,1.0,0.26666666666666666,0.4210526315789474,0.26666666666666666,1.0,0.26666666666666666,0.4210526315789474,1.0,1.0,1.0,0.0,0.3181818181818182,0.26666666666666666,0.26666666666666666,0.2962962962962963,0.42857142857142855,0.3,29,9,8,14,8
test_05151,no_redundancy,0.3,0.7,0.0,264,260,1.5384615384615385,1.0,0.19375,0.32460732984293195,0.19375,1.0,0.21333333333333335,0.3516483516483517,0.21333333333333335,1.0,0.25925925925925924,0.4117647058823529,0.25925925925925924,1.0,0.23333333333333334,0.37837837837837834,0.23333333333333334,1.0,0.23333333333333334,0.37837837837837834,0.5714285714285714,1.0,0.5714285714285714,0.4285714285714286,0.20454545454545456,0.23333333333333334,0.23333333333333334,0.25925925925925924,0.7142857142857143,0.2,31,16,7,9,7
test_05152,full_run82,0.3,0.7,1.0,254,254,0.0,1.0,0.13149847094801223,0.23243243243243242,0.13149847094801223,1.0,0.152,0.2638888888888889,0.152,1.0,0.05454545454545454,0.10344827586206896,0.05454545454545454,1.0,0.0375,0.07228915662650602,0.0375,1.0,0.0375,0.07228915662650602,1.0,1.0,1.0,0.0,0.05,0.0375,0.0375,0.05454545454545454,0.13333333333333333,0.1,43,19,3,6,3
test_05152,no_topic,0.0,1.0,1.0,287,254,12.992125984251967,1.0,0.14678899082568808,0.256,0.14678899082568808,1.0,0.136,0.23943661971830985,0.136,1.0,0.03636363636363636,0.07017543859649122,0.03636363636363636,1.0,0.025,0.04878048780487806,0.025,1.0,0.025,0.04878048780487806,1.0,1.0,1.0,0.0,0.03333333333333333,0.025,0.025,0.03636363636363636,0.13333333333333333,0.0,48,17,2,4,2
test_05152,no_pattern,1.0,0.0,1.0,159,254,37.40157480314961,1.0,0.0856269113149847,0.15774647887323942,0.0856269113149847,1.0,0.064,0.12030075187969924,0.064,1.0,0.09090909090909091,0.16666666666666669,0.09090909090909091,1.0,0.0625,0.11764705882352941,0.0625,1.0,0.0625,0.11764705882352941,1.0,1.0,1.0,0.0,0.075,0.0625,0.0625,0.09090909090909091,0.2,0.3,28,8,5,9,5
test_05152,no_redundancy,0.3,0.7,0.0,396,254,55.90551181102362,1.0,0.18960244648318042,0.31876606683804626,0.18960244648318042,1.0,0.216,0.35526315789473684,0.216,1.0,0.12727272727272726,0.22580645161290322,0.12727272727272726,1.0,0.1125,0.20224719101123595,0.1125,1.0,0.1125,0.20224719101123595,0.8888888888888888,1.0,0.8888888888888888,0.11111111111111116,0.10833333333333334,0.1125,0.1125,0.12727272727272726,0.26666666666666666,0.5,62,27,9,13,9
test_05171,full_run82,0.3,0.7,1.0,170,170,0.0,0.9473684210526315,0.0636042402826855,0.11920529801324503,0.06338028169014084,0.9473684210526315,0.12949640287769784,0.2278481012658228,0.12857142857142856,0.8333333333333334,0.09259259259259259,0.16666666666666666,0.09090909090909091,0.7142857142857143,0.07246376811594203,0.13157894736842105,0.07042253521126761,0.7142857142857143,0.07246376811594203,0.13157894736842105,0.7142857142857143,0.7142857142857143,0.7142857142857143,0.2857142857142857,0.09574468085106383,0.07246376811594203,0.07042253521126761,0.09259259259259259,0.2,0.1,19,19,7,12,7
test_05171,no_topic,0.0,1.0,1.0,201,170,18.235294117647058,0.9393939393939394,0.10954063604240283,0.19620253164556967,0.10877192982456141,0.8888888888888888,0.11510791366906475,0.20382165605095542,0.11347517730496454,1.0,0.07407407407407407,0.13793103448275862,0.07407407407407407,1.0,0.057971014492753624,0.1095890410958904,0.057971014492753624,1.0,0.057971014492753624,0.1095890410958904,0.5,1.0,0.5,0.5,0.07446808510638298,0.057971014492753624,0.057971014492753624,0.07407407407407407,0.2,0.2,33,18,4,7,4
test_05171,no_pattern,1.0,0.0,1.0,132,170,22.35294117647059,0.9375,0.053003533568904596,0.1003344481605351,0.0528169014084507,0.9285714285714286,0.09352517985611511,0.1699346405228758,0.09285714285714286,0.8,0.07407407407407407,0.13559322033898305,0.07272727272727272,0.6666666666666666,0.057971014492753624,0.10666666666666666,0.056338028169014086,0.6666666666666666,0.057971014492753624,0.10666666666666666,0.6666666666666666,0.6666666666666666,0.6666666666666666,0.33333333333333337,0.0851063829787234,0.057971014492753624,0.056338028169014086,0.07407407407407407,0.2,0.2,16,14,6,11,6
test_05171,no_redundancy,0.3,0.7,0.0,484,170,184.7058823529412,1.0,0.21201413427561838,0.34985422740524785,0.21201413427561838,1.0,0.302158273381295,0.4640883977900553,0.302158273381295,1.0,0.25925925925925924,0.4117647058823529,0.25925925925925924,1.0,0.2028985507246377,0.3373493975903615,0.2028985507246377,1.0,0.2028985507246377,0.3373493975903615,1.0,1.0,1.0,0.0,0.2127659574468085,0.2028985507246377,0.2028985507246377,0.25925925925925924,0.4,0.3,60,42,14,20,14
test_05173,full_run82,0.3,0.7,1.0,221,221,0.0,1.0,0.3728813559322034,0.54320987654321,0.3728813559322034,1.0,0.3,0.4615384615384615,0.3,1.0,0.3157894736842105,0.4799999999999999,0.3157894736842105,0.9166666666666666,0.22,0.3548387096774193,0.21568627450980393,0.9166666666666666,0.22,0.3548387096774193,1.0,1.0,0.9166666666666666,0.08333333333333337,0.273972602739726,0.22,0.21568627450980393,0.3157894736842105,0.1875,0.3,44,21,12,21,12
test_05173,no_topic,0.0,1.0,1.0,228,221,3.167420814479638,1.0,0.3474576271186441,0.5157232704402516,0.3474576271186441,1.0,0.38571428571428573,0.5567010309278351,0.38571428571428573,1.0,0.2894736842105263,0.4489795918367347,0.2894736842105263,0.9090909090909091,0.2,0.32786885245901637,0.19607843137254902,0.9090909090909091,0.2,0.32786885245901637,0.9090909090909091,1.0,0.8181818181818182,0.18181818181818177,0.2328767123287671,0.2,0.19607843137254902,0.2894736842105263,0.1875,0.3,41,27,11,18,11
test_05173,no_pattern,1.0,0.0,1.0,135,221,38.91402714932127,1.0,0.2457627118644068,0.3945578231292517,0.2457627118644068,1.0,0.2,0.33333333333333337,0.2,1.0,0.18421052631578946,0.3111111111111111,0.18421052631578946,0.8571428571428571,0.12,0.21052631578947367,0.11764705882352941,0.8571428571428571,0.12,0.21052631578947367,1.0,1.0,0.8571428571428571,0.1428571428571429,0.1643835616438356,0.12,0.11764705882352941,0.18421052631578946,0.1875,0.1,29,14,7,13,7
test_05173,no_redundancy,0.3,0.7,0.0,383,221,73.30316742081448,1.0,0.4152542372881356,0.5868263473053892,0.4152542372881356,1.0,0.44285714285714284,0.6138613861386139,0.44285714285714284,1.0,0.42105263157894735,0.5925925925925926,0.42105263157894735,1.0,0.4,0.5714285714285715,0.4,1.0,0.4,0.5714285714285715,1.0,1.0,1.0,0.0,0.3835616438356164,0.4,0.4,0.42105263157894735,0.625,0.6,49,31,20,28,20
test_05180,full_run82,0.3,0.7,1.0,230,230,0.0,0.9743589743589743,0.3877551020408163,0.5547445255474452,0.3838383838383838,0.9629629629629629,0.43333333333333335,0.5977011494252873,0.4262295081967213,1.0,0.3225806451612903,0.4878048780487805,0.3225806451612903,1.0,0.29411764705882354,0.45454545454545453,0.29411764705882354,1.0,0.29411764705882354,0.45454545454545453,1.0,1.0,1.0,0.0,0.32,0.29411764705882354,0.29411764705882354,0.3225806451612903,0.42857142857142855,0.4,39,27,10,16,10
test_05180,no_topic,0.0,1.0,1.0,293,230,27.391304347826086,0.9777777777777777,0.4489795918367347,0.6153846153846154,0.4444444444444444,1.0,0.45,0.6206896551724138,0.45,1.0,0.22580645161290322,0.3684210526315789,0.22580645161290322,1.0,0.20588235294117646,0.34146341463414637,0.20588235294117646,1.0,0.20588235294117646,0.34146341463414637,1.0,1.0,1.0,0.0,0.24,0.20588235294117646,0.20588235294117646,0.22580645161290322,0.2857142857142857,0.4,45,27,7,12,7
test_05180,no_pattern,1.0,0.0,1.0,191,230,16.956521739130434,0.925,0.37755102040816324,0.536231884057971,0.36633663366336633,0.95,0.31666666666666665,0.4749999999999999,0.3114754098360656,1.0,0.41935483870967744,0.5909090909090909,0.41935483870967744,0.9285714285714286,0.38235294117647056,0.5416666666666667,0.37142857142857144,1.0,0.4117647058823529,0.5833333333333334,1.0,0.9285714285714286,0.9285714285714286,0.0714285714285714,0.4,0.38235294117647056,0.37142857142857144,0.41935483870967744,0.42857142857142855,0.7,40,20,14,21,14
test_05180,no_redundancy,0.3,0.7,0.0,326,230,41.73913043478261,1.0,0.3979591836734694,0.5693430656934306,0.3979591836734694,0.967741935483871,0.5,0.6593406593406593,0.4918032786885246,1.0,0.3548387096774194,0.5238095238095238,0.3548387096774194,1.0,0.38235294117647056,0.5531914893617021,0.38235294117647056,1.0,0.38235294117647056,0.5531914893617021,1.0,1.0,1.0,0.0,0.38,0.38235294117647056,0.38235294117647056,0.3548387096774194,0.5714285714285714,0.3,39,31,13,19,13
test_05191,full_run82,0.3,0.7,1.0,192,192,0.0,1.0,0.1504424778761062,0.26153846153846155,0.1504424778761062,1.0,0.14583333333333334,0.2545454545454546,0.14583333333333334,0.8333333333333334,0.13513513513513514,0.23255813953488372,0.13157894736842105,0.875,0.14285714285714285,0.2456140350877193,0.14,0.875,0.14285714285714285,0.2456140350877193,0.875,0.875,0.875,0.125,0.1791044776119403,0.14285714285714285,0.14,0.13513513513513514,0.14285714285714285,0.3,34,7,8,13,8
test_05191,no_topic,0.0,1.0,1.0,192,192,0.0,1.0,0.1504424778761062,0.26153846153846155,0.1504424778761062,0.9285714285714286,0.2708333333333333,0.41935483870967744,0.2653061224489796,1.0,0.16216216216216217,0.27906976744186046,0.16216216216216217,1.0,0.12244897959183673,0.2181818181818182,0.12244897959183673,1.0,0.12244897959183673,0.2181818181818182,1.0,1.0,1.0,0.0,0.14925373134328357,0.12244897959183673,0.12244897959183673,0.16216216216216217,0.14285714285714285,0.3,34,14,6,10,6
test_05191,no_pattern,1.0,0.0,1.0,180,192,6.25,1.0,0.1415929203539823,0.24806201550387597,0.1415929203539823,1.0,0.10416666666666667,0.18867924528301885,0.10416666666666667,0.8333333333333334,0.13513513513513514,0.23255813953488372,0.13157894736842105,0.8888888888888888,0.16326530612244897,0.27586206896551724,0.16,0.8888888888888888,0.16326530612244897,0.27586206896551724,0.8888888888888888,0.8888888888888888,0.8888888888888888,0.11111111111111116,0.208955223880597,0.16326530612244897,0.16,0.13513513513513514,0.14285714285714285,0.3,32,5,9,15,9
test_05191,no_redundancy,0.3,0.7,0.0,349,192,81.77083333333334,1.0,0.23893805309734514,0.38571428571428573,0.23893805309734514,1.0,0.20833333333333334,0.3448275862068966,0.20833333333333334,1.0,0.2972972972972973,0.4583333333333333,0.2972972972972973,1.0,0.22448979591836735,0.36666666666666664,0.22448979591836735,1.0,0.22448979591836735,0.36666666666666664,1.0,1.0,1.0,0.0,0.2537313432835821,0.22448979591836735,0.22448979591836735,0.2972972972972973,0.2857142857142857,0.4,54,10,11,17,11
test_05202,full_run82,0.3,0.7,1.0,341,341,0.0,1.0,0.4263565891472868,0.5978260869565217,0.4263565891472868,1.0,0.47368421052631576,0.6428571428571429,0.47368421052631576,1.0,0.37037037037037035,0.5405405405405406,0.37037037037037035,1.0,0.4117647058823529,0.5833333333333334,0.4117647058823529,1.0,0.4117647058823529,0.5833333333333334,1.0,1.0,1.0,0.0,0.46511627906976744,0.4117647058823529,0.4117647058823529,0.37037037037037035,0.4444444444444444,0.6,55,27,14,20,14
test_05202,no_topic,0.0,1.0,1.0,308,341,9.67741935483871,1.0,0.3488372093023256,0.5172413793103449,0.3488372093023256,0.9545454545454546,0.3684210526315789,0.5316455696202531,0.3620689655172414,1.0,0.4074074074074074,0.5789473684210525,0.4074074074074074,1.0,0.4411764705882353,0.6122448979591837,0.4411764705882353,1.0,0.4411764705882353,0.6122448979591837,0.8666666666666667,1.0,0.8666666666666667,0.1333333333333333,0.4883720930232558,0.4411764705882353,0.4411764705882353,0.4074074074074074,0.3888888888888889,0.5,45,22,15,21,15
test_05202,no_pattern,1.0,0.0,1.0,237,341,30.498533724340177,1.0,0.2868217054263566,0.4457831325301205,0.2868217054263566,1.0,0.38596491228070173,0.5569620253164557,0.38596491228070173,1.0,0.4074074074074074,0.5789473684210525,0.4074074074074074,1.0,0.35294117647058826,0.5217391304347826,0.35294117647058826,1.0,0.35294117647058826,0.5217391304347826,1.0,1.0,1.0,0.0,0.37209302325581395,0.35294117647058826,0.35294117647058826,0.4074074074074074,0.4444444444444444,0.5,37,22,12,16,12
test_05202,no_redundancy,0.3,0.7,0.0,347,341,1.7595307917888565,1.0,0.3178294573643411,0.48235294117647054,0.3178294573643411,0.9411764705882353,0.2807017543859649,0.4324324324324324,0.27586206896551724,1.0,0.18518518518518517,0.3125,0.18518518518518517,1.0,0.20588235294117646,0.34146341463414637,0.20588235294117646,1.0,0.20588235294117646,0.34146341463414637,0.5714285714285714,1.0,0.5714285714285714,0.4285714285714286,0.23255813953488372,0.20588235294117646,0.20588235294117646,0.18518518518518517,0.2777777777777778,0.3,41,17,7,10,7
test_05212,full_run82,0.3,0.7,1.0,471,471,0.0,1.0,0.7065217391304348,0.8280254777070064,0.7065217391304348,0.967741935483871,0.7142857142857143,0.821917808219178,0.6976744186046512,1.0,0.6428571428571429,0.782608695652174,0.6428571428571429,1.0,0.6875,0.8148148148148148,0.6875,1.0,0.6875,0.8148148148148148,1.0,1.0,1.0,0.0,0.6666666666666666,0.6875,0.6875,0.6428571428571429,1.0,0.6,65,31,11,20,11
test_05212,no_topic,0.0,1.0,1.0,471,471,0.0,1.0,0.7065217391304348,0.8280254777070064,0.7065217391304348,0.967741935483871,0.7142857142857143,0.821917808219178,0.6976744186046512,1.0,0.6428571428571429,0.782608695652174,0.6428571428571429,1.0,0.6875,0.8148148148148148,0.6875,1.0,0.6875,0.8148148148148148,1.0,1.0,1.0,0.0,0.6666666666666666,0.6875,0.6875,0.6428571428571429,1.0,0.6,65,31,11,20,11
test_05212,no_pattern,1.0,0.0,1.0,292,471,38.004246284501065,1.0,0.4673913043478261,0.6370370370370371,0.4673913043478261,1.0,0.38095238095238093,0.5517241379310345,0.38095238095238093,1.0,0.7857142857142857,0.88,0.7857142857142857,1.0,0.75,0.8571428571428571,0.75,1.0,0.75,0.8571428571428571,1.0,1.0,1.0,0.0,0.7333333333333333,0.75,0.75,0.7857142857142857,1.0,0.8,43,16,12,22,12
test_05212,no_redundancy,0.3,0.7,0.0,459,471,2.547770700636943,1.0,0.7282608695652174,0.8427672955974843,0.7282608695652174,1.0,0.6666666666666666,0.8,0.6666666666666666,1.0,0.5,0.6666666666666666,0.5,1.0,0.4375,0.6086956521739131,0.4375,1.0,0.4375,0.6086956521739131,1.0,1.0,1.0,0.0,0.4666666666666667,0.4375,0.4375,0.5,0.6666666666666666,0.5,67,28,7,14,7
test_05217,full_run82,0.3,0.7,1.0,290,290,0.0,0.9782608695652174,0.13677811550151975,0.23999999999999996,0.13636363636363635,1.0,0.16129032258064516,0.27777777777777773,0.16129032258064516,1.0,0.1509433962264151,0.26229508196721313,0.1509433962264151,0.8888888888888888,0.11940298507462686,0.2105263157894737,0.11764705882352941,0.8888888888888888,0.11940298507462686,0.2105263157894737,0.8888888888888888,1.0,0.8888888888888888,0.11111111111111116,0.13725490196078433,0.11940298507462686,0.11764705882352941,0.1509433962264151,0.375,0.2,46,15,9,15,9
test_05217,no_topic,0.0,1.0,1.0,377,290,30.0,1.0,0.2127659574468085,0.3508771929824561,0.2127659574468085,1.0,0.15053763440860216,0.2616822429906542,0.15053763440860216,1.0,0.1320754716981132,0.23333333333333334,0.1320754716981132,1.0,0.1044776119402985,0.18918918918918917,0.1044776119402985,1.0,0.1044776119402985,0.18918918918918917,1.0,1.0,1.0,0.0,0.12745098039215685,0.1044776119402985,0.1044776119402985,0.1320754716981132,0.375,0.2,70,14,7,13,7
test_05217,no_pattern,1.0,0.0,1.0,225,290,22.413793103448278,0.9705882352941176,0.10030395136778116,0.1818181818181818,0.1,1.0,0.26881720430107525,0.423728813559322,0.26881720430107525,1.0,0.1320754716981132,0.23333333333333334,0.1320754716981132,0.625,0.07462686567164178,0.13333333333333333,0.07142857142857142,1.0,0.11940298507462686,0.21333333333333335,1.0,1.0,1.0,0.0,0.11764705882352941,0.07462686567164178,0.07142857142857142,0.1320754716981132,0.5,0.1,34,25,8,13,8
test_05217,no_redundancy,0.3,0.7,0.0,596,290,105.51724137931035,1.0,0.24316109422492402,0.39119804400978,0.24316109422492402,1.0,0.27956989247311825,0.43697478991596633,0.27956989247311825,1.0,0.11320754716981132,0.2033898305084746,0.11320754716981132,1.0,0.1044776119402985,0.18918918918918917,0.1044776119402985,1.0,0.1044776119402985,0.18918918918918917,1.0,1.0,1.0,0.0,0.12745098039215685,0.1044776119402985,0.1044776119402985,0.11320754716981132,0.375,0.2,80,26,7,13,7
test_05227,full_run82,0.3,0.7,1.0,359,359,0.0,1.0,0.8311688311688312,0.9078014184397163,0.8311688311688312,1.0,0.9,0.9473684210526316,0.9,1.0,0.6842105263157895,0.8125000000000001,0.6842105263157895,1.0,0.7142857142857143,0.8333333333333333,0.7142857142857143,1.0,0.7142857142857143,0.8333333333333333,1.0,1.0,1.0,0.0,0.7272727272727273,0.7142857142857143,0.7142857142857143,0.6842105263157895,1.0,0.7,64,27,15,24,15
test_05227,no_topic,0.0,1.0,1.0,358,359,0.2785515320334262,1.0,0.8181818181818182,0.9,0.8181818181818182,1.0,0.9,0.9473684210526316,0.9,1.0,0.7368421052631579,0.8484848484848484,0.7368421052631579,1.0,0.7619047619047619,0.8648648648648648,0.7619047619047619,1.0,0.7619047619047619,0.8648648648648648,1.0,1.0,1.0,0.0,0.7878787878787878,0.7619047619047619,0.7619047619047619,0.7368421052631579,1.0,0.7,63,27,16,26,16
test_05227,no_pattern,1.0,0.0,1.0,257,359,28.412256267409468,1.0,0.6363636363636364,0.7777777777777778,0.6363636363636364,1.0,0.6,0.7499999999999999,0.6,1.0,0.7368421052631579,0.8484848484848484,0.7368421052631579,1.0,0.7142857142857143,0.8333333333333333,0.7142857142857143,1.0,0.7142857142857143,0.8333333333333333,1.0,1.0,1.0,0.0,0.7575757575757576,0.7142857142857143,0.7142857142857143,0.7368421052631579,0.625,0.8,49,18,15,25,15
test_05227,no_redundancy,0.3,0.7,0.0,349,359,2.785515320334262,1.0,0.7662337662337663,0.8676470588235293,0.7662337662337663,1.0,0.8333333333333334,0.9090909090909091,0.8333333333333334,1.0,0.7894736842105263,0.8823529411764706,0.7894736842105263,1.0,0.8095238095238095,0.8947368421052632,0.8095238095238095,1.0,0.8095238095238095,0.8947368421052632,1.0,1.0,1.0,0.0,0.8181818181818182,0.8095238095238095,0.8095238095238095,0.7894736842105263,1.0,0.7,59,25,17,27,17
test_05238,full_run82,0.3,0.7,1.0,201,201,0.0,1.0,0.15283842794759825,0.26515151515151514,0.15283842794759825,1.0,0.17857142857142858,0.30303030303030304,0.17857142857142858,1.0,0.1111111111111111,0.19999999999999998,0.1111111111111111,1.0,0.10638297872340426,0.1923076923076923,0.10638297872340426,1.0,0.10638297872340426,0.1923076923076923,1.0,1.0,1.0,0.0,0.11842105263157894,0.10638297872340426,0.10638297872340426,0.1111111111111111,0.3333333333333333,0.0,35,15,5,9,5
test_05238,no_topic,0.0,1.0,1.0,237,201,17.91044776119403,1.0,0.16593886462882096,0.28464419475655434,0.16593886462882096,1.0,0.2857142857142857,0.4444444444444445,0.2857142857142857,1.0,0.1388888888888889,0.24390243902439027,0.1388888888888889,1.0,0.1276595744680851,0.22641509433962262,0.1276595744680851,1.0,0.1276595744680851,0.22641509433962262,1.0,1.0,1.0,0.0,0.14473684210526316,0.1276595744680851,0.1276595744680851,0.1388888888888889,0.3333333333333333,0.1,38,24,6,11,6
test_05238,no_pattern,1.0,0.0,1.0,181,201,9.950248756218906,0.9705882352941176,0.14410480349344978,0.25095057034220536,0.14347826086956522,1.0,0.17857142857142858,0.30303030303030304,0.17857142857142858,1.0,0.19444444444444445,0.32558139534883723,0.19444444444444445,1.0,0.1702127659574468,0.2909090909090909,0.1702127659574468,1.0,0.1702127659574468,0.2909090909090909,1.0,1.0,1.0,0.0,0.18421052631578946,0.1702127659574468,0.1702127659574468,0.19444444444444445,0.3333333333333333,0.1,34,15,8,14,8
test_05238,no_redundancy,0.3,0.7,0.0,379,201,88.55721393034825,1.0,0.24890829694323144,0.3986013986013986,0.24890829694323144,1.0,0.30952380952380953,0.4727272727272727,0.30952380952380953,1.0,0.2222222222222222,0.3636363636363636,0.2222222222222222,1.0,0.19148936170212766,0.32142857142857145,0.19148936170212766,1.0,0.19148936170212766,0.32142857142857145,0.7777777777777778,1.0,0.7777777777777778,0.2222222222222222,0.21052631578947367,0.19148936170212766,0.19148936170212766,0.2222222222222222,0.4444444444444444,0.3,57,26,9,16,9
test_05241,full_run82,0.3,0.7,1.0,414,414,0.0,1.0,0.08704061895551257,0.16014234875444838,0.08704061895551257,0.9714285714285714,0.15246636771300448,0.2635658914728682,0.15178571428571427,0.875,0.06862745098039216,0.1272727272727273,0.06796116504854369,0.875,0.05223880597014925,0.09859154929577464,0.05185185185185185,0.875,0.05223880597014925,0.09859154929577464,0.875,0.875,0.875,0.125,0.06382978723404255,0.05223880597014925,0.05185185185185185,0.06862745098039216,0.06976744186046512,0.0,45,35,8,14,8
test_05241,no_topic,0.0,1.0,1.0,415,414,0.24154589371980675,1.0,0.08704061895551257,0.16014234875444838,0.08704061895551257,1.0,0.15246636771300448,0.26459143968871596,0.15246636771300448,0.8,0.0392156862745098,0.07476635514018691,0.038834951456310676,0.8,0.029850746268656716,0.05755395683453237,0.02962962962962963,0.8,0.029850746268656716,0.05755395683453237,0.8,0.8,0.8,0.19999999999999996,0.03723404255319149,0.029850746268656716,0.02962962962962963,0.0392156862745098,0.06976744186046512,0.0,45,34,5,9,5
test_05241,no_pattern,1.0,0.0,1.0,139,414,66.42512077294685,1.0,0.05029013539651837,0.09576427255985266,0.05029013539651837,0.9333333333333333,0.06278026905829596,0.11764705882352942,0.0625,1.0,0.0196078431372549,0.038461538461538464,0.0196078431372549,1.0,0.014925373134328358,0.029411764705882353,0.014925373134328358,1.0,0.014925373134328358,0.029411764705882353,1.0,1.0,1.0,0.0,0.02127659574468085,0.014925373134328358,0.014925373134328358,0.0196078431372549,0.046511627906976744,0.1,26,15,2,4,2
test_05241,no_redundancy,0.3,0.7,0.0,369,414,10.869565217391305,1.0,0.06769825918762089,0.12681159420289853,0.06769825918762089,0.9666666666666667,0.13004484304932734,0.2292490118577075,0.12946428571428573,1.0,0.08823529411764706,0.1621621621621622,0.08823529411764706,1.0,0.06716417910447761,0.12587412587412586,0.06716417910447761,1.0,0.06716417910447761,0.12587412587412586,1.0,1.0,1.0,0.0,0.05851063829787234,0.06716417910447761,0.06716417910447761,0.08823529411764706,0.18604651162790697,0.2,35,30,9,11,9
test_05264,full_run82,0.3,0.7,1.0,262,262,0.0,1.0,0.9148936170212766,0.9555555555555556,0.9148936170212766,1.0,0.9310344827586207,0.9642857142857143,0.9310344827586207,1.0,0.8571428571428571,0.923076923076923,0.8571428571428571,1.0,0.8666666666666667,0.9285714285714286,0.8666666666666667,1.0,0.8666666666666667,0.9285714285714286,1.0,1.0,1.0,0.0,0.875,0.8666666666666667,0.8666666666666667,0.8571428571428571,1.0,0.9,43,27,13,21,13
test_05264,no_topic,0.0,1.0,1.0,252,262,3.816793893129771,1.0,0.9148936170212766,0.9555555555555556,0.9148936170212766,1.0,0.9310344827586207,0.9642857142857143,0.9310344827586207,1.0,0.7857142857142857,0.88,0.7857142857142857,1.0,0.8,0.888888888888889,0.8,1.0,0.8,0.888888888888889,1.0,1.0,1.0,0.0,0.7916666666666666,0.8,0.8,0.7857142857142857,1.0,0.8,43,27,12,19,12
test_05264,no_pattern,1.0,0.0,1.0,243,262,7.251908396946565,0.9767441860465116,0.8936170212765957,0.9333333333333332,0.875,1.0,0.9310344827586207,0.9642857142857143,0.9310344827586207,1.0,0.8571428571428571,0.923076923076923,0.8571428571428571,0.8125,0.8666666666666667,0.8387096774193549,0.7222222222222222,0.8125,0.8666666666666667,0.8387096774193549,0.8125,1.0,0.8125,0.1875,0.875,0.8666666666666667,0.7222222222222222,0.8571428571428571,1.25,0.6,43,27,16,22,16
test_05264,no_redundancy,0.3,0.7,0.0,261,262,0.38167938931297707,1.0,0.8936170212765957,0.9438202247191011,0.8936170212765957,1.0,0.7586206896551724,0.8627450980392156,0.7586206896551724,1.0,0.8571428571428571,0.923076923076923,0.8571428571428571,1.0,0.8666666666666667,0.9285714285714286,0.8666666666666667,1.0,0.8666666666666667,0.9285714285714286,1.0,1.0,1.0,0.0,0.8333333333333334,0.8666666666666667,0.8666666666666667,0.8571428571428571,1.0,0.8,42,22,13,20,13
test_05268,full_run82,0.3,0.7,1.0,366,366,0.0,1.0,0.39072847682119205,0.5619047619047619,0.39072847682119205,0.9642857142857143,0.36486486486486486,0.5294117647058824,0.36,1.0,0.2857142857142857,0.4444444444444445,0.2857142857142857,0.8888888888888888,0.25806451612903225,0.39999999999999997,0.25,0.8888888888888888,0.25806451612903225,0.39999999999999997,1.0,0.8888888888888888,0.8888888888888888,0.11111111111111116,0.3125,0.25806451612903225,0.25,0.2857142857142857,0.5,0.3,59,28,9,15,9
test_05268,no_topic,0.0,1.0,1.0,397,366,8.469945355191257,1.0,0.41721854304635764,0.5887850467289719,0.41721854304635764,1.0,0.3783783783783784,0.5490196078431372,0.3783783783783784,1.0,0.35714285714285715,0.5263157894736842,0.35714285714285715,1.0,0.3225806451612903,0.4878048780487805,0.3225806451612903,1.0,0.3225806451612903,0.4878048780487805,1.0,1.0,1.0,0.0,0.3541666666666667,0.3225806451612903,0.3225806451612903,0.35714285714285715,0.5,0.4,63,28,10,17,10
test_05268,no_pattern,1.0,0.0,1.0,293,366,19.94535519125683,1.0,0.3576158940397351,0.526829268292683,0.3576158940397351,1.0,0.28378378378378377,0.4421052631578947,0.28378378378378377,1.0,0.32142857142857145,0.4864864864864865,0.32142857142857145,1.0,0.3225806451612903,0.4878048780487805,0.3225806451612903,1.0,0.3225806451612903,0.4878048780487805,1.0,1.0,1.0,0.0,0.3541666666666667,0.3225806451612903,0.3225806451612903,0.32142857142857145,0.5,0.4,54,21,10,17,10
test_05268,no_redundancy,0.3,0.7,0.0,448,366,22.404371584699454,1.0,0.44370860927152317,0.6146788990825688,0.44370860927152317,0.975,0.527027027027027,0.6842105263157895,0.52,1.0,0.42857142857142855,0.6,0.42857142857142855,1.0,0.41935483870967744,0.5909090909090909,0.41935483870967744,1.0,0.41935483870967744,0.5909090909090909,1.0,1.0,1.0,0.0,0.4375,0.41935483870967744,0.41935483870967744,0.42857142857142855,0.6666666666666666,0.5,67,40,13,21,13
test_05290,full_run82,0.3,0.7,1.0,308,308,0.0,1.0,0.26666666666666666,0.4210526315789474,0.26666666666666666,1.0,0.3333333333333333,0.5,0.3333333333333333,1.0,0.21739130434782608,0.3571428571428571,0.21739130434782608,1.0,0.2,0.33333333333333337,0.2,1.0,0.2,0.33333333333333337,1.0,1.0,1.0,0.0,0.25333333333333335,0.2,0.2,0.21739130434782608,0.3,0.1,56,32,10,19,10
test_05290,no_topic,0.0,1.0,1.0,387,308,25.649350649350648,1.0,0.34285714285714286,0.5106382978723404,0.34285714285714286,1.0,0.4375,0.6086956521739131,0.4375,0.9285714285714286,0.2826086956521739,0.4333333333333333,0.2765957446808511,0.9333333333333333,0.28,0.4307692307692308,0.27450980392156865,0.9333333333333333,0.28,0.4307692307692308,0.9333333333333333,0.9333333333333333,0.9333333333333333,0.06666666666666665,0.29333333333333333,0.28,0.27450980392156865,0.2826086956521739,0.5,0.3,72,42,15,23,15
test_05290,no_pattern,1.0,0.0,1.0,228,308,25.97402597402597,1.0,0.18571428571428572,0.3132530120481928,0.18571428571428572,1.0,0.22916666666666666,0.37288135593220334,0.22916666666666666,1.0,0.2391304347826087,0.3859649122807018,0.2391304347826087,1.0,0.22,0.36065573770491804,0.22,1.0,0.22,0.36065573770491804,1.0,1.0,1.0,0.0,0.26666666666666666,0.22,0.22,0.2391304347826087,0.3,0.4,39,22,11,20,11
test_05290,no_redundancy,0.3,0.7,0.0,469,308,52.27272727272727,1.0,0.41904761904761906,0.5906040268456376,0.41904761904761906,1.0,0.375,0.5454545454545454,0.375,1.0,0.34782608695652173,0.5161290322580645,0.34782608695652173,1.0,0.34,0.5074626865671642,0.34,1.0,0.34,0.5074626865671642,1.0,1.0,1.0,0.0,0.3466666666666667,0.34,0.34,0.34782608695652173,0.4,0.5,88,36,17,26,17
test_05294,full_run82,0.3,0.7,1.0,315,315,0.0,1.0,0.5365853658536586,0.6984126984126985,0.5365853658536586,1.0,0.6349206349206349,0.7766990291262136,0.6349206349206349,1.0,0.4375,0.6086956521739131,0.4375,1.0,0.44,0.6111111111111112,0.44,1.0,0.44,0.6111111111111112,1.0,1.0,1.0,0.0,0.4358974358974359,0.44,0.44,0.4375,0.6,0.5,44,40,11,17,11
test_05294,no_topic,0.0,1.0,1.0,345,315,9.523809523809524,1.0,0.6219512195121951,0.7669172932330827,0.6219512195121951,1.0,0.6666666666666666,0.8,0.6666666666666666,1.0,0.5,0.6666666666666666,0.5,1.0,0.52,0.6842105263157895,0.52,1.0,0.52,0.6842105263157895,1.0,1.0,1.0,0.0,0.5128205128205128,0.52,0.52,0.5,0.6,0.6,51,42,13,20,13
test_05294,no_pattern,1.0,0.0,1.0,271,315,13.968253968253968,0.975609756097561,0.4878048780487805,0.6504065040650406,0.4819277108433735,1.0,0.6031746031746031,0.7524752475247524,0.6031746031746031,1.0,0.5,0.6666666666666666,0.5,1.0,0.36,0.5294117647058824,0.36,1.0,0.36,0.5294117647058824,1.0,1.0,1.0,0.0,0.41025641025641024,0.36,0.36,0.5,0.6,0.4,41,38,9,16,9
test_05294,no_redundancy,0.3,0.7,0.0,355,315,12.698412698412698,1.0,0.573170731707317,0.7286821705426356,0.573170731707317,1.0,0.6031746031746031,0.7524752475247524,0.6031746031746031,1.0,0.4375,0.6086956521739131,0.4375,1.0,0.4,0.5714285714285715,0.4,1.0,0.4,0.5714285714285715,1.0,1.0,1.0,0.0,0.38461538461538464,0.4,0.4,0.4375,1.0,0.4,47,38,10,15,10
test_05301,full_run82,0.3,0.7,1.0,240,240,0.0,1.0,0.5652173913043478,0.7222222222222222,0.5652173913043478,1.0,0.5555555555555556,0.7142857142857143,0.5555555555555556,1.0,0.5714285714285714,0.7272727272727273,0.5714285714285714,1.0,0.5833333333333334,0.7368421052631579,0.5833333333333334,1.0,0.5833333333333334,0.7368421052631579,1.0,1.0,1.0,0.0,0.6785714285714286,0.5833333333333334,0.5833333333333334,0.5714285714285714,0.2857142857142857,0.9,39,10,14,19,14
test_05301,no_topic,0.0,1.0,1.0,256,240,6.666666666666667,1.0,0.5942028985507246,0.7454545454545455,0.5942028985507246,1.0,0.6111111111111112,0.7586206896551725,0.6111111111111112,1.0,0.5238095238095238,0.6875000000000001,0.5238095238095238,1.0,0.5416666666666666,0.7027027027027027,0.5416666666666666,1.0,0.5416666666666666,0.7027027027027027,1.0,1.0,1.0,0.0,0.6428571428571429,0.5416666666666666,0.5416666666666666,0.5238095238095238,0.2857142857142857,0.7,41,11,13,18,13
test_05301,no_pattern,1.0,0.0,1.0,167,240,30.416666666666664,1.0,0.36231884057971014,0.5319148936170213,0.36231884057971014,1.0,0.4444444444444444,0.6153846153846153,0.4444444444444444,1.0,0.2857142857142857,0.4444444444444445,0.2857142857142857,1.0,0.25,0.4,0.25,1.0,0.25,0.4,1.0,1.0,1.0,0.0,0.32142857142857145,0.25,0.25,0.2857142857142857,0.19047619047619047,0.6,25,8,6,9,6
test_05301,no_redundancy,0.3,0.7,0.0,268,240,11.666666666666666,1.0,0.4927536231884058,0.6601941747572816,0.4927536231884058,1.0,0.5,0.6666666666666666,0.5,0.8888888888888888,0.38095238095238093,0.5333333333333333,0.36363636363636365,0.9,0.375,0.5294117647058825,0.36,0.9,0.375,0.5294117647058825,0.9,0.9,0.9,0.09999999999999998,0.5,0.375,0.36,0.38095238095238093,0.3333333333333333,0.5,34,9,10,14,10
test_05313,full_run82,0.3,0.7,1.0,695,695,0.0,0.9859154929577465,0.09283819628647215,0.1696969696969697,0.09271523178807947,0.9726027397260274,0.1918918918918919,0.3205417607223477,0.19086021505376344,1.0,0.07913669064748201,0.14666666666666667,0.07913669064748201,0.9285714285714286,0.051587301587301584,0.09774436090225563,0.05138339920948617,0.9285714285714286,0.051587301587301584,0.09774436090225563,1.0,1.0,1.0,0.0,0.059375,0.051587301587301584,0.05138339920948617,0.07913669064748201,0.058823529411764705,0.0,71,73,14,21,14
test_05313,no_topic,0.0,1.0,1.0,695,695,0.0,0.9859154929577465,0.09283819628647215,0.1696969696969697,0.09271523178807947,0.9726027397260274,0.1918918918918919,0.3205417607223477,0.19086021505376344,1.0,0.07913669064748201,0.14666666666666667,0.07913669064748201,0.9285714285714286,0.051587301587301584,0.09774436090225563,0.05138339920948617,0.9285714285714286,0.051587301587301584,0.09774436090225563,1.0,1.0,1.0,0.0,0.059375,0.051587301587301584,0.05138339920948617,0.07913669064748201,0.058823529411764705,0.0,71,73,14,21,14
test_05313,no_pattern,1.0,0.0,1.0,144,695,79.28057553956835,0.96875,0.04111405835543767,0.07888040712468193,0.04105960264900662,1.0,0.032432432432432434,0.06282722513089005,0.032432432432432434,1.0,0.04316546762589928,0.08275862068965519,0.04316546762589928,1.0,0.023809523809523808,0.046511627906976744,0.023809523809523808,1.0,0.023809523809523808,0.046511627906976744,0.8333333333333334,1.0,0.8333333333333334,0.16666666666666663,0.034375,0.023809523809523808,0.023809523809523808,0.04316546762589928,0.04411764705882353,0.0,32,12,6,11,6
test_05313,no_redundancy,0.3,0.7,0.0,677,695,2.5899280575539567,0.9846153846153847,0.08488063660477453,0.15628815628815626,0.0847682119205298,0.9830508474576272,0.15675675675675677,0.2703962703962704,0.15633423180592992,1.0,0.07913669064748201,0.14666666666666667,0.07913669064748201,0.85,0.06746031746031746,0.125,0.06666666666666667,0.85,0.06746031746031746,0.125,0.9,1.0,0.9,0.09999999999999998,0.05625,0.06746031746031746,0.06666666666666667,0.07913669064748201,0.10294117647058823,0.3,65,59,20,21,20
test_05334,full_run82,0.3,0.7,1.0,473,473,0.0,0.9753086419753086,0.2540192926045016,0.403061224489796,0.2523961661341853,1.0,0.3409090909090909,0.5084745762711864,0.3409090909090909,1.0,0.13953488372093023,0.24489795918367346,0.13953488372093023,1.0,0.12698412698412698,0.22535211267605632,0.12698412698412698,1.0,0.12698412698412698,0.22535211267605632,1.0,1.0,1.0,0.0,0.13131313131313133,0.12698412698412698,0.12698412698412698,0.13953488372093023,0.5714285714285714,0.2,81,45,8,13,8
test_05334,no_topic,0.0,1.0,1.0,542,473,14.587737843551796,0.9885057471264368,0.2765273311897106,0.4321608040201005,0.27564102564102566,1.0,0.38636363636363635,0.5573770491803279,0.38636363636363635,1.0,0.16279069767441862,0.28,0.16279069767441862,1.0,0.14285714285714285,0.25,0.14285714285714285,1.0,0.14285714285714285,0.25,1.0,1.0,1.0,0.0,0.15151515151515152,0.14285714285714285,0.14285714285714285,0.16279069767441862,0.5714285714285714,0.2,87,51,9,15,9
test_05334,no_pattern,1.0,0.0,1.0,193,473,59.19661733615222,1.0,0.10289389067524116,0.18658892128279883,0.10289389067524116,1.0,0.16666666666666666,0.2857142857142857,0.16666666666666666,1.0,0.13953488372093023,0.24489795918367346,0.13953488372093023,1.0,0.09523809523809523,0.17391304347826084,0.09523809523809523,1.0,0.09523809523809523,0.17391304347826084,1.0,1.0,1.0,0.0,0.1111111111111111,0.09523809523809523,0.09523809523809523,0.13953488372093023,0.42857142857142855,0.3,32,22,6,11,6
test_05334,no_redundancy,0.3,0.7,0.0,508,473,7.399577167019028,0.975609756097561,0.2572347266881029,0.40712468193384216,0.25559105431309903,1.0,0.3106060606060606,0.4739884393063584,0.3106060606060606,1.0,0.18604651162790697,0.3137254901960785,0.18604651162790697,1.0,0.1746031746031746,0.29729729729729726,0.1746031746031746,1.0,0.1746031746031746,0.29729729729729726,1.0,1.0,1.0,0.0,0.1919191919191919,0.1746031746031746,0.1746031746031746,0.18604651162790697,0.5714285714285714,0.2,82,41,11,19,11
test_05348,full_run82,0.3,0.7,1.0,318,318,0.0,1.0,0.5233644859813084,0.6871165644171778,0.5233644859813084,1.0,0.4222222222222222,0.59375,0.4222222222222222,1.0,0.4782608695652174,0.6470588235294118,0.4782608695652174,0.9090909090909091,0.3448275862068966,0.5000000000000001,0.3333333333333333,1.0,0.3793103448275862,0.5499999999999999,1.0,1.0,1.0,0.0,0.4594594594594595,0.3448275862068966,0.3333333333333333,0.4782608695652174,0.3333333333333333,0.4,56,19,11,18,11
test_05348,no_topic,0.0,1.0,1.0,333,318,4.716981132075472,1.0,0.5233644859813084,0.6871165644171778,0.5233644859813084,1.0,0.4222222222222222,0.59375,0.4222222222222222,1.0,0.5217391304347826,0.6857142857142856,0.5217391304347826,0.9285714285714286,0.4482758620689655,0.6046511627906977,0.43333333333333335,1.0,0.4827586206896552,0.6511627906976745,1.0,1.0,1.0,0.0,0.5135135135135135,0.4482758620689655,0.43333333333333335,0.5217391304347826,0.5833333333333334,0.4,56,19,14,20,14
test_05348,no_pattern,1.0,0.0,1.0,230,318,27.67295597484277,1.0,0.32710280373831774,0.49295774647887325,0.32710280373831774,1.0,0.4,0.5714285714285715,0.4,1.0,0.2608695652173913,0.41379310344827586,0.2608695652173913,1.0,0.20689655172413793,0.34285714285714286,0.20689655172413793,1.0,0.20689655172413793,0.34285714285714286,1.0,1.0,1.0,0.0,0.21621621621621623,0.20689655172413793,0.20689655172413793,0.2608695652173913,0.5,0.2,35,18,6,8,6
test_05348,no_redundancy,0.3,0.7,0.0,319,318,0.3144654088050315,1.0,0.38317757009345793,0.5540540540540541,0.38317757009345793,1.0,0.26666666666666666,0.4210526315789474,0.26666666666666666,1.0,0.4782608695652174,0.6470588235294118,0.4782608695652174,0.9230769230769231,0.41379310344827586,0.5714285714285715,0.4,1.0,0.4482758620689655,0.6190476190476191,1.0,1.0,1.0,0.0,0.4594594594594595,0.41379310344827586,0.4,0.4782608695652174,0.5833333333333334,0.5,41,12,13,18,13
test_05350,full_run82,0.3,0.7,1.0,268,268,0.0,0.9705882352941176,0.3548387096774194,0.5196850393700788,0.35106382978723405,0.9615384615384616,0.4032258064516129,0.5681818181818181,0.3968253968253968,1.0,0.20833333333333334,0.3448275862068966,0.20833333333333334,1.0,0.2222222222222222,0.3636363636363636,0.2222222222222222,1.0,0.2222222222222222,0.3636363636363636,0.5,1.0,0.5,0.5,0.24390243902439024,0.2222222222222222,0.2222222222222222,0.20833333333333334,0.5714285714285714,0.2,34,26,6,10,6
test_05350,no_topic,0.0,1.0,1.0,279,268,4.104477611940299,0.9743589743589743,0.40860215053763443,0.5757575757575758,0.40425531914893614,0.9666666666666667,0.46774193548387094,0.6304347826086957,0.4603174603174603,1.0,0.20833333333333334,0.3448275862068966,0.20833333333333334,1.0,0.2222222222222222,0.3636363636363636,0.2222222222222222,1.0,0.2222222222222222,0.3636363636363636,0.5,1.0,0.5,0.5,0.24390243902439024,0.2222222222222222,0.2222222222222222,0.20833333333333334,0.5714285714285714,0.2,39,30,6,10,6
test_05350,no_pattern,1.0,0.0,1.0,272,268,1.4925373134328357,0.9705882352941176,0.3548387096774194,0.5196850393700788,0.35106382978723405,1.0,0.5161290322580645,0.6808510638297872,0.5161290322580645,1.0,0.125,0.2222222222222222,0.125,1.0,0.14814814814814814,0.25806451612903225,0.14814814814814814,1.0,0.14814814814814814,0.25806451612903225,1.0,1.0,1.0,0.0,0.1951219512195122,0.14814814814814814,0.14814814814814814,0.125,0.2857142857142857,0.2,34,32,4,8,4
test_05350,no_redundancy,0.3,0.7,0.0,375,268,39.92537313432835,1.0,0.41935483870967744,0.5909090909090909,0.41935483870967744,1.0,0.6129032258064516,0.76,0.6129032258064516,1.0,0.4166666666666667,0.5882352941176471,0.4166666666666667,1.0,0.37037037037037035,0.5405405405405406,0.37037037037037035,1.0,0.37037037037037035,0.5405405405405406,1.0,1.0,1.0,0.0,0.36585365853658536,0.37037037037037035,0.37037037037037035,0.4166666666666667,0.7142857142857143,0.5,39,38,10,15,10
test_05382,full_run82,0.3,0.7,1.0,304,304,0.0,0.9761904761904762,0.6612903225806451,0.7884615384615384,0.6507936507936508,0.875,0.6666666666666666,0.7567567567567567,0.6086956521739131,0.9,0.8181818181818182,0.8571428571428572,0.75,0.8333333333333334,0.7142857142857143,0.7692307692307692,0.625,0.9166666666666666,0.7857142857142857,0.8461538461538461,0.8333333333333334,0.9166666666666666,0.8333333333333334,0.16666666666666663,0.7391304347826086,0.7142857142857143,0.625,0.8181818181818182,1.0,0.8,42,16,12,20,12
test_05382,no_topic,0.0,1.0,1.0,322,304,5.921052631578947,0.9791666666666666,0.7580645161290323,0.8545454545454544,0.746031746031746,1.0,0.7619047619047619,0.8648648648648648,0.7619047619047619,1.0,0.7272727272727273,0.8421052631578948,0.7272727272727273,0.9,0.6428571428571429,0.75,0.6,1.0,0.7142857142857143,0.8333333333333333,1.0,1.0,1.0,0.0,0.6521739130434783,0.6428571428571429,0.6,0.7272727272727273,1.0,0.8,48,16,10,16,10
test_05382,no_pattern,1.0,0.0,1.0,221,304,27.302631578947366,0.975609756097561,0.6451612903225806,0.7766990291262136,0.6349206349206349,0.9166666666666666,0.5238095238095238,0.6666666666666667,0.5,0.8571428571428571,0.5454545454545454,0.6666666666666665,0.5,0.7777777777777778,0.5,0.6086956521739131,0.4375,0.8888888888888888,0.5714285714285714,0.6956521739130435,0.8888888888888888,0.8888888888888888,0.8888888888888888,0.11111111111111116,0.5217391304347826,0.5,0.4375,0.5454545454545454,1.0,0.7,41,12,9,15,9
test_05382,no_redundancy,0.3,0.7,0.0,363,304,19.407894736842106,0.975609756097561,0.6451612903225806,0.7766990291262136,0.6349206349206349,1.0,0.6666666666666666,0.8,0.6666666666666666,1.0,0.45454545454545453,0.625,0.45454545454545453,0.875,0.5,0.6363636363636364,0.4666666666666667,1.0,0.5714285714285714,0.7272727272727273,1.0,1.0,1.0,0.0,0.5652173913043478,0.5,0.4666666666666667,0.45454545454545453,1.0,0.4,41,14,8,14,8
test_05390,full_run82,0.3,0.7,1.0,376,376,0.0,1.0,0.4740740740740741,0.6432160804020101,0.4740740740740741,1.0,0.5735294117647058,0.7289719626168224,0.5735294117647058,1.0,0.42857142857142855,0.6,0.42857142857142855,1.0,0.4583333333333333,0.6285714285714286,0.4583333333333333,1.0,0.4583333333333333,0.6285714285714286,1.0,1.0,1.0,0.0,0.45,0.4583333333333333,0.4583333333333333,0.42857142857142855,0.65,0.7,64,39,22,27,22
test_05390,no_topic,0.0,1.0,1.0,355,376,5.585106382978723,1.0,0.4740740740740741,0.6432160804020101,0.4740740740740741,0.975,0.5735294117647058,0.7222222222222222,0.5652173913043478,1.0,0.4523809523809524,0.6229508196721312,0.4523809523809524,1.0,0.4583333333333333,0.6285714285714286,0.4583333333333333,1.0,0.4583333333333333,0.6285714285714286,1.0,1.0,1.0,0.0,0.48333333333333334,0.4583333333333333,0.4583333333333333,0.4523809523809524,0.45,0.6,64,40,22,29,22
test_05390,no_pattern,1.0,0.0,1.0,285,376,24.20212765957447,0.9574468085106383,0.3333333333333333,0.4945054945054945,0.3284671532846715,0.9545454545454546,0.3088235294117647,0.4666666666666667,0.30434782608695654,1.0,0.2857142857142857,0.4444444444444445,0.2857142857142857,0.9166666666666666,0.22916666666666666,0.36666666666666664,0.22448979591836735,0.9166666666666666,0.22916666666666666,0.36666666666666664,0.9166666666666666,1.0,0.9166666666666666,0.08333333333333337,0.25,0.22916666666666666,0.22448979591836735,0.2857142857142857,0.35,0.4,47,22,12,17,12
test_05390,no_redundancy,0.3,0.7,0.0,383,376,1.8617021276595744,0.984375,0.4666666666666667,0.6331658291457286,0.4632352941176471,1.0,0.5588235294117647,0.7169811320754718,0.5588235294117647,1.0,0.4523809523809524,0.6229508196721312,0.4523809523809524,0.9583333333333334,0.4791666666666667,0.638888888888889,0.46938775510204084,1.0,0.5,0.6666666666666666,1.0,1.0,1.0,0.0,0.5,0.4791666666666667,0.46938775510204084,0.4523809523809524,0.7,0.7,64,38,24,31,24
test_05392,full_run82,0.3,0.7,1.0,133,133,0.0,1.0,0.15568862275449102,0.26943005181347146,0.15568862275449102,1.0,0.15151515151515152,0.2631578947368421,0.15151515151515152,1.0,0.25925925925925924,0.4117647058823529,0.25925925925925924,0.875,0.16279069767441862,0.2745098039215686,0.1590909090909091,1.0,0.18604651162790697,0.3137254901960785,1.0,0.875,0.875,0.125,0.26666666666666666,0.16279069767441862,0.1590909090909091,0.25925925925925924,0.14285714285714285,0.3,26,5,8,16,8
test_05392,no_topic,0.0,1.0,1.0,204,133,53.383458646616546,1.0,0.25149700598802394,0.4019138755980861,0.25149700598802394,0.875,0.21212121212121213,0.3414634146341463,0.20588235294117646,1.0,0.2962962962962963,0.45714285714285713,0.2962962962962963,1.0,0.18604651162790697,0.3137254901960785,0.18604651162790697,1.0,0.18604651162790697,0.3137254901960785,1.0,1.0,1.0,0.0,0.21666666666666667,0.18604651162790697,0.18604651162790697,0.2962962962962963,0.2857142857142857,0.4,42,8,8,13,8
test_05392,no_pattern,1.0,0.0,1.0,116,133,12.781954887218044,1.0,0.1317365269461078,0.23280423280423285,0.1317365269461078,1.0,0.18181818181818182,0.3076923076923077,0.18181818181818182,1.0,0.2222222222222222,0.3636363636363636,0.2222222222222222,0.875,0.16279069767441862,0.2745098039215686,0.1590909090909091,1.0,0.18604651162790697,0.3137254901960785,1.0,0.875,0.875,0.125,0.23333333333333334,0.16279069767441862,0.1590909090909091,0.2222222222222222,0.21428571428571427,0.3,22,6,8,14,8
test_05392,no_redundancy,0.3,0.7,0.0,188,133,41.35338345864661,1.0,0.17964071856287425,0.3045685279187817,0.17964071856287425,1.0,0.2727272727272727,0.42857142857142855,0.2727272727272727,1.0,0.18518518518518517,0.3125,0.18518518518518517,1.0,0.18604651162790697,0.3137254901960785,0.18604651162790697,1.0,0.18604651162790697,0.3137254901960785,1.0,1.0,1.0,0.0,0.25,0.18604651162790697,0.18604651162790697,0.18518518518518517,0.21428571428571427,0.2,30,9,8,15,8
test_05395,full_run82,0.3,0.7,1.0,270,270,0.0,1.0,0.2054794520547945,0.3409090909090909,0.2054794520547945,1.0,0.16666666666666666,0.2857142857142857,0.16666666666666666,1.0,0.1891891891891892,0.3181818181818182,0.1891891891891892,1.0,0.16666666666666666,0.2857142857142857,0.16666666666666666,1.0,0.16666666666666666,0.2857142857142857,1.0,1.0,1.0,0.0,0.2,0.16666666666666666,0.16666666666666666,0.1891891891891892,0.17647058823529413,0.4,45,14,8,13,8
test_05395,no_topic,0.0,1.0,1.0,329,270,21.85185185185185,1.0,0.2420091324200913,0.3897058823529412,0.2420091324200913,1.0,0.2261904761904762,0.36893203883495146,0.2261904761904762,1.0,0.2702702702702703,0.4255319148936171,0.2702702702702703,1.0,0.22916666666666666,0.37288135593220334,0.22916666666666666,1.0,0.22916666666666666,0.37288135593220334,1.0,1.0,1.0,0.0,0.24615384615384617,0.22916666666666666,0.22916666666666666,0.2702702702702703,0.35294117647058826,0.5,53,19,11,16,11
test_05395,no_pattern,1.0,0.0,1.0,218,270,19.25925925925926,1.0,0.1415525114155251,0.24799999999999997,0.1415525114155251,1.0,0.17857142857142858,0.30303030303030304,0.17857142857142858,1.0,0.13513513513513514,0.2380952380952381,0.13513513513513514,1.0,0.14583333333333334,0.2545454545454546,0.14583333333333334,1.0,0.14583333333333334,0.2545454545454546,1.0,1.0,1.0,0.0,0.18461538461538463,0.14583333333333334,0.14583333333333334,0.13513513513513514,0.17647058823529413,0.4,31,15,7,12,7
test_05395,no_redundancy,0.3,0.7,0.0,554,270,105.18518518518518,0.975609756097561,0.365296803652968,0.5315614617940199,0.36199095022624433,1.0,0.42857142857142855,0.6,0.42857142857142855,1.0,0.3783783783783784,0.5490196078431372,0.3783783783783784,1.0,0.2916666666666667,0.45161290322580644,0.2916666666666667,1.0,0.2916666666666667,0.45161290322580644,1.0,1.0,1.0,0.0,0.27692307692307694,0.2916666666666667,0.2916666666666667,0.3783783783783784,0.6470588235294118,0.4,82,36,14,18,14
test_05396,full_run82,0.3,0.7,1.0,193,193,0.0,1.0,0.3763440860215054,0.546875,0.3763440860215054,1.0,0.41935483870967744,0.5909090909090909,0.41935483870967744,1.0,0.5333333333333333,0.6956521739130436,0.5333333333333333,1.0,0.375,0.5454545454545454,0.375,1.0,0.375,0.5454545454545454,1.0,1.0,1.0,0.0,0.358974358974359,0.375,0.375,0.5333333333333333,1.0,0.2,35,13,9,14,9
test_05396,no_topic,0.0,1.0,1.0,249,193,29.015544041450774,1.0,0.44086021505376344,0.6119402985074627,0.44086021505376344,1.0,0.6451612903225806,0.7843137254901961,0.6451612903225806,1.0,0.3333333333333333,0.5,0.3333333333333333,1.0,0.3333333333333333,0.5,0.3333333333333333,1.0,0.3333333333333333,0.5,1.0,1.0,1.0,0.0,0.3333333333333333,0.3333333333333333,0.3333333333333333,0.3333333333333333,1.0,0.2,41,20,8,13,8
test_05396,no_pattern,1.0,0.0,1.0,163,193,15.544041450777202,1.0,0.3118279569892473,0.4754098360655738,0.3118279569892473,1.0,0.3548387096774194,0.5238095238095238,0.3548387096774194,1.0,0.5333333333333333,0.6956521739130436,0.5333333333333333,1.0,0.375,0.5454545454545454,0.375,1.0,0.375,0.5454545454545454,1.0,1.0,1.0,0.0,0.38461538461538464,0.375,0.375,0.5333333333333333,1.0,0.2,29,11,9,15,9
test_05396,no_redundancy,0.3,0.7,0.0,351,193,81.86528497409327,1.0,0.6774193548387096,0.8076923076923077,0.6774193548387096,1.0,0.8064516129032258,0.8928571428571428,0.8064516129032258,1.0,0.8,0.888888888888889,0.8,1.0,0.7916666666666666,0.8837209302325582,0.7916666666666666,1.0,0.7916666666666666,0.8837209302325582,1.0,1.0,1.0,0.0,0.7692307692307693,0.7916666666666666,0.7916666666666666,0.8,1.0,0.6,63,25,19,30,19
test_05406,full_run82,0.3,0.7,1.0,257,257,0.0,1.0,0.22167487684729065,0.3629032258064516,0.22167487684729065,0.9523809523809523,0.2857142857142857,0.4395604395604395,0.28169014084507044,1.0,0.13513513513513514,0.2380952380952381,0.13513513513513514,0.6,0.06976744186046512,0.125,0.06666666666666667,0.6,0.06976744186046512,0.125,1.0,1.0,1.0,0.0,0.13333333333333333,0.06976744186046512,0.06666666666666667,0.13513513513513514,0.11764705882352941,0.0,45,21,5,10,5
test_05406,no_topic,0.0,1.0,1.0,334,257,29.961089494163424,0.9821428571428571,0.270935960591133,0.42471042471042464,0.2696078431372549,1.0,0.3,0.4615384615384615,0.3,1.0,0.2972972972972973,0.4583333333333333,0.2972972972972973,0.8333333333333334,0.23255813953488372,0.3636363636363636,0.2222222222222222,0.8333333333333334,0.23255813953488372,0.3636363636363636,1.0,1.0,1.0,0.0,0.31666666666666665,0.23255813953488372,0.2222222222222222,0.2972972972972973,0.23529411764705882,0.2,56,21,12,20,12
test_05406,no_pattern,1.0,0.0,1.0,217,257,15.56420233463035,1.0,0.20689655172413793,0.34285714285714286,0.20689655172413793,1.0,0.24285714285714285,0.3908045977011494,0.24285714285714285,1.0,0.2702702702702703,0.4255319148936171,0.2702702702702703,1.0,0.2558139534883721,0.40740740740740744,0.2558139534883721,1.0,0.2558139534883721,0.40740740740740744,1.0,1.0,1.0,0.0,0.3,0.2558139534883721,0.2558139534883721,0.2702702702702703,0.23529411764705882,0.3,42,17,11,18,11
test_05406,no_redundancy,0.3,0.7,0.0,506,257,96.88715953307393,0.9864864864864865,0.35960591133004927,0.5270758122743683,0.35784313725490197,1.0,0.4714285714285714,0.6407766990291262,0.4714285714285714,1.0,0.40540540540540543,0.5769230769230769,0.40540540540540543,1.0,0.3488372093023256,0.5172413793103449,0.3488372093023256,1.0,0.3488372093023256,0.5172413793103449,0.8666666666666667,1.0,0.8666666666666667,0.1333333333333333,0.4166666666666667,0.3488372093023256,0.3488372093023256,0.40540540540540543,0.23529411764705882,0.4,74,33,15,25,15
test_05410,full_run82,0.3,0.7,1.0,391,391,0.0,1.0,0.21666666666666667,0.3561643835616438,0.21666666666666667,1.0,0.24,0.3870967741935484,0.24,1.0,0.11320754716981132,0.2033898305084746,0.11320754716981132,1.0,0.1044776119402985,0.18918918918918917,0.1044776119402985,1.0,0.1044776119402985,0.18918918918918917,1.0,1.0,1.0,0.0,0.12643678160919541,0.1044776119402985,0.1044776119402985,0.11320754716981132,0.16,0.3,65,18,7,11,7
test_05410,no_topic,0.0,1.0,1.0,402,391,2.813299232736573,1.0,0.22666666666666666,0.3695652173913044,0.22666666666666666,1.0,0.18666666666666668,0.3146067415730337,0.18666666666666668,1.0,0.1320754716981132,0.23333333333333334,0.1320754716981132,1.0,0.1044776119402985,0.18918918918918917,0.1044776119402985,1.0,0.1044776119402985,0.18918918918918917,1.0,1.0,1.0,0.0,0.13793103448275862,0.1044776119402985,0.1044776119402985,0.1320754716981132,0.12,0.3,68,14,7,12,7
test_05410,no_pattern,1.0,0.0,1.0,249,391,36.31713554987212,1.0,0.12666666666666668,0.22485207100591717,0.12666666666666668,1.0,0.18666666666666668,0.3146067415730337,0.18666666666666668,1.0,0.1320754716981132,0.23333333333333334,0.1320754716981132,1.0,0.11940298507462686,0.21333333333333335,0.11940298507462686,1.0,0.11940298507462686,0.21333333333333335,1.0,1.0,1.0,0.0,0.14942528735632185,0.11940298507462686,0.11940298507462686,0.1320754716981132,0.16,0.5,38,14,8,13,8
test_05410,no_redundancy,0.3,0.7,0.0,544,391,39.130434782608695,1.0,0.25666666666666665,0.40848806366047746,0.25666666666666665,1.0,0.17333333333333334,0.29545454545454547,0.17333333333333334,1.0,0.1320754716981132,0.23333333333333334,0.1320754716981132,1.0,0.13432835820895522,0.2368421052631579,0.13432835820895522,1.0,0.13432835820895522,0.2368421052631579,1.0,1.0,1.0,0.0,0.1839080459770115,0.13432835820895522,0.13432835820895522,0.1320754716981132,0.12,0.1,77,13,9,16,9
test_05418,full_run82,0.3,0.7,1.0,617,617,0.0,1.0,0.09404388714733543,0.17191977077363896,0.09404388714733543,1.0,0.18208955223880596,0.30808080808080807,0.18208955223880596,1.0,0.072992700729927,0.1360544217687075,0.072992700729927,1.0,0.06572769953051644,0.12334801762114538,0.06572769953051644,1.0,0.06572769953051644,0.12334801762114538,1.0,1.0,1.0,0.0,0.07720588235294118,0.06572769953051644,0.06572769953051644,0.072992700729927,0.056338028169014086,0.2,60,61,14,21,14
test_05418,no_topic,0.0,1.0,1.0,603,617,2.2690437601296596,1.0,0.09247648902821316,0.16929698708751792,0.09247648902821316,1.0,0.16119402985074627,0.27763496143958866,0.16119402985074627,1.0,0.06569343065693431,0.12328767123287672,0.06569343065693431,0.8181818181818182,0.04225352112676056,0.08035714285714285,0.04186046511627907,0.9090909090909091,0.046948356807511735,0.08928571428571429,0.9090909090909091,0.8181818181818182,0.8181818181818182,0.18181818181818177,0.058823529411764705,0.04225352112676056,0.04186046511627907,0.06569343065693431,0.07042253521126761,0.2,59,54,11,17,11
test_05418,no_pattern,1.0,0.0,1.0,116,617,81.19935170178282,0.9166666666666666,0.017241379310344827,0.033846153846153845,0.017214397496087636,0.8,0.03582089552238806,0.06857142857142857,0.03550295857988166,1.0,0.051094890510948905,0.09722222222222222,0.051094890510948905,1.0,0.03755868544600939,0.07239819004524886,0.03755868544600939,1.0,0.03755868544600939,0.07239819004524886,1.0,1.0,1.0,0.0,0.04411764705882353,0.03755868544600939,0.03755868544600939,0.051094890510948905,0.056338028169014086,0.4,12,15,8,12,8
test_05418,no_redundancy,0.3,0.7,0.0,561,617,9.076175040518638,1.0,0.07523510971786834,0.13994169096209913,0.07523510971786834,1.0,0.13134328358208955,0.23218997361477572,0.13134328358208955,1.0,0.058394160583941604,0.1103448275862069,0.058394160583941604,1.0,0.051643192488262914,0.09821428571428571,0.051643192488262914,1.0,0.051643192488262914,0.09821428571428571,1.0,1.0,1.0,0.0,0.05514705882352941,0.051643192488262914,0.051643192488262914,0.058394160583941604,0.09859154929577464,0.3,48,44,11,15,11
test_05419,full_run82,0.3,0.7,1.0,523,523,0.0,0.9759036144578314,0.20984455958549222,0.34541577825159914,0.20876288659793815,0.9354838709677419,0.2248062015503876,0.3625,0.22137404580152673,1.0,0.15384615384615385,0.2666666666666667,0.15384615384615385,1.0,0.12222222222222222,0.21782178217821782,0.12222222222222222,1.0,0.12222222222222222,0.21782178217821782,1.0,1.0,1.0,0.0,0.136,0.12222222222222222,0.12222222222222222,0.15384615384615385,0.14285714285714285,0.2,83,31,11,17,11
test_05419,no_topic,0.0,1.0,1.0,641,523,22.562141491395792,0.9891304347826086,0.23575129533678757,0.38075313807531386,0.2351421188630491,0.9714285714285714,0.26356589147286824,0.4146341463414634,0.26153846153846155,0.9,0.13846153846153847,0.24,0.13636363636363635,0.8333333333333334,0.1111111111111111,0.19607843137254902,0.10869565217391304,0.8333333333333334,0.1111111111111111,0.19607843137254902,0.9166666666666666,0.8333333333333334,0.8333333333333334,0.16666666666666663,0.128,0.1111111111111111,0.10869565217391304,0.13846153846153847,0.14285714285714285,0.2,92,35,12,19,12
test_05419,no_pattern,1.0,0.0,1.0,308,523,41.10898661567878,0.9838709677419355,0.15803108808290156,0.27232142857142855,0.15762273901808785,0.9333333333333333,0.10852713178294573,0.19444444444444445,0.1076923076923077,1.0,0.15384615384615385,0.2666666666666667,0.15384615384615385,1.0,0.1111111111111111,0.19999999999999998,0.1111111111111111,1.0,0.1111111111111111,0.19999999999999998,1.0,1.0,1.0,0.0,0.12,0.1111111111111111,0.1111111111111111,0.15384615384615385,0.17142857142857143,0.3,62,15,10,15,10
test_05419,no_redundancy,0.3,0.7,0.0,614,523,17.39961759082218,1.0,0.19948186528497408,0.33261339092872566,0.19948186528497408,0.9705882352941176,0.2558139534883721,0.4049079754601227,0.25384615384615383,1.0,0.18461538461538463,0.3116883116883117,0.18461538461538463,0.9285714285714286,0.14444444444444443,0.25,0.14285714285714285,0.9285714285714286,0.14444444444444443,0.25,1.0,0.9285714285714286,0.9285714285714286,0.0714285714285714,0.144,0.14444444444444443,0.14285714285714285,0.18461538461538463,0.2857142857142857,0.2,77,34,14,19,14
test_05420,full_run82,0.3,0.7,1.0,381,381,0.0,1.0,0.5,0.6666666666666666,0.5,1.0,0.4339622641509434,0.6052631578947368,0.4339622641509434,1.0,0.5,0.6666666666666666,0.5,1.0,0.5,0.6666666666666666,0.5,1.0,0.5,0.6666666666666666,1.0,1.0,1.0,0.0,0.5208333333333334,0.5,0.5,0.5,0.6666666666666666,0.5,57,23,15,25,15
test_05420,no_topic,0.0,1.0,1.0,378,381,0.7874015748031495,1.0,0.4824561403508772,0.650887573964497,0.4824561403508772,1.0,0.4528301886792453,0.6233766233766235,0.4528301886792453,1.0,0.5,0.6666666666666666,0.5,1.0,0.5,0.6666666666666666,0.5,1.0,0.5,0.6666666666666666,1.0,1.0,1.0,0.0,0.5208333333333334,0.5,0.5,0.5,0.6666666666666666,0.5,55,24,15,25,15
test_05420,no_pattern,1.0,0.0,1.0,238,381,37.53280839895013,1.0,0.3684210526315789,0.5384615384615384,0.3684210526315789,1.0,0.4339622641509434,0.6052631578947368,0.4339622641509434,1.0,0.5,0.6666666666666666,0.5,1.0,0.4666666666666667,0.6363636363636364,0.4666666666666667,1.0,0.4666666666666667,0.6363636363636364,1.0,1.0,1.0,0.0,0.4583333333333333,0.4666666666666667,0.4666666666666667,0.5,0.8333333333333334,0.5,42,23,14,22,14
test_05420,no_redundancy,0.3,0.7,0.0,426,381,11.811023622047244,1.0,0.49122807017543857,0.6588235294117647,0.49122807017543857,1.0,0.6415094339622641,0.7816091954022989,0.6415094339622641,1.0,0.2916666666666667,0.45161290322580644,0.2916666666666667,1.0,0.3,0.4615384615384615,0.3,1.0,0.3,0.4615384615384615,1.0,1.0,1.0,0.0,0.3125,0.3,0.3,0.2916666666666667,0.6666666666666666,0.2,56,34,9,15,9
test_05441,full_run82,0.3,0.7,1.0,383,383,0.0,1.0,0.6386554621848739,0.7794871794871795,0.6386554621848739,1.0,0.66,0.7951807228915663,0.66,1.0,0.7058823529411765,0.8275862068965517,0.7058823529411765,1.0,0.6666666666666666,0.8,0.6666666666666666,1.0,0.6666666666666666,0.8,1.0,1.0,1.0,0.0,0.6774193548387096,0.6666666666666666,0.6666666666666666,0.7058823529411765,1.0,0.6,76,33,12,21,12
test_05441,no_topic,0.0,1.0,1.0,376,383,1.8276762402088773,1.0,0.6470588235294118,0.7857142857142858,0.6470588235294118,1.0,0.66,0.7951807228915663,0.66,1.0,0.6470588235294118,0.7857142857142858,0.6470588235294118,1.0,0.6111111111111112,0.7586206896551725,0.6111111111111112,1.0,0.6111111111111112,0.7586206896551725,1.0,1.0,1.0,0.0,0.6129032258064516,0.6111111111111112,0.6111111111111112,0.6470588235294118,1.0,0.6,77,33,11,19,11
test_05441,no_pattern,1.0,0.0,1.0,338,383,11.74934725848564,0.9852941176470589,0.5630252100840336,0.716577540106952,0.5583333333333333,1.0,0.54,0.7012987012987013,0.54,1.0,0.5882352941176471,0.7407407407407407,0.5882352941176471,1.0,0.5555555555555556,0.7142857142857143,0.5555555555555556,1.0,0.5555555555555556,0.7142857142857143,1.0,1.0,1.0,0.0,0.5806451612903226,0.5555555555555556,0.5555555555555556,0.5882352941176471,1.0,0.5,68,27,10,18,10
test_05441,no_redundancy,0.3,0.7,0.0,391,383,2.088772845953003,1.0,0.6218487394957983,0.766839378238342,0.6218487394957983,1.0,0.58,0.7341772151898733,0.58,1.0,0.6470588235294118,0.7857142857142858,0.6470588235294118,1.0,0.6666666666666666,0.8,0.6666666666666666,1.0,0.6666666666666666,0.8,1.0,1.0,1.0,0.0,0.6451612903225806,0.6666666666666666,0.6666666666666666,0.6470588235294118,1.0,0.8,74,29,12,20,12
test_05451,full_run82,0.3,0.7,1.0,103,103,0.0,1.0,0.020497803806734993,0.04017216642754663,0.020497803806734993,1.0,0.03773584905660377,0.07272727272727272,0.03773584905660377,0.8333333333333334,0.049019607843137254,0.09259259259259259,0.04854368932038835,0.5,0.021739130434782608,0.041666666666666664,0.02127659574468085,0.5,0.021739130434782608,0.041666666666666664,0.625,0.625,0.625,0.375,0.05194805194805195,0.021739130434782608,0.02127659574468085,0.049019607843137254,0.07142857142857142,0.3,14,8,8,13,8
test_05451,no_topic,0.0,1.0,1.0,227,103,120.3883495145631,0.96875,0.04538799414348463,0.08671328671328671,0.04532163742690058,1.0,0.05660377358490566,0.10714285714285715,0.05660377358490566,1.0,0.058823529411764705,0.1111111111111111,0.058823529411764705,1.0,0.03260869565217391,0.06315789473684211,0.03260869565217391,1.0,0.03260869565217391,0.06315789473684211,1.0,1.0,1.0,0.0,0.047619047619047616,0.03260869565217391,0.03260869565217391,0.058823529411764705,0.04285714285714286,0.3,32,12,6,11,6
test_05451,no_pattern,1.0,0.0,1.0,94,103,8.737864077669903,1.0,0.017569546120058566,0.03453237410071943,0.017569546120058566,1.0,0.04245283018867924,0.08144796380090497,0.04245283018867924,1.0,0.058823529411764705,0.1111111111111111,0.058823529411764705,0.5714285714285714,0.021739130434782608,0.041884816753926704,0.0213903743315508,0.5714285714285714,0.021739130434782608,0.041884816753926704,0.7142857142857143,0.8571428571428571,0.7142857142857143,0.2857142857142857,0.047619047619047616,0.021739130434782608,0.0213903743315508,0.058823529411764705,0.04285714285714286,0.3,12,9,7,13,7
test_05451,no_redundancy,0.3,0.7,0.0,308,103,199.02912621359224,0.9714285714285714,0.04978038067349927,0.0947075208913649,0.049707602339181284,0.9642857142857143,0.12735849056603774,0.22499999999999998,0.1267605633802817,1.0,0.06862745098039216,0.12844036697247707,0.06862745098039216,0.8,0.08695652173913043,0.1568627450980392,0.0851063829787234,0.85,0.09239130434782608,0.16666666666666666,0.85,1.0,0.85,0.15000000000000002,0.06926406926406926,0.08695652173913043,0.0851063829787234,0.06862745098039216,0.18571428571428572,0.3,35,28,20,17,20
test_05467,full_run82,0.3,0.7,1.0,318,318,0.0,1.0,0.5443037974683544,0.7049180327868853,0.5443037974683544,1.0,0.575,0.7301587301587301,0.575,1.0,0.5,0.6666666666666666,0.5,1.0,0.45,0.6206896551724138,0.45,1.0,0.45,0.6206896551724138,1.0,1.0,1.0,0.0,0.45454545454545453,0.45,0.45,0.5,1.0,0.2,43,23,9,15,9
test_05467,no_topic,0.0,1.0,1.0,352,318,10.69182389937107,1.0,0.5316455696202531,0.6942148760330578,0.5316455696202531,1.0,0.575,0.7301587301587301,0.575,1.0,0.5,0.6666666666666666,0.5,1.0,0.45,0.6206896551724138,0.45,1.0,0.45,0.6206896551724138,1.0,1.0,1.0,0.0,0.45454545454545453,0.45,0.45,0.5,1.0,0.2,42,23,9,15,9
test_05467,no_pattern,1.0,0.0,1.0,227,318,28.61635220125786,1.0,0.45569620253164556,0.6260869565217391,0.45569620253164556,1.0,0.55,0.7096774193548387,0.55,1.0,0.5,0.6666666666666666,0.5,1.0,0.4,0.5714285714285715,0.4,1.0,0.4,0.5714285714285715,1.0,1.0,1.0,0.0,0.42424242424242425,0.4,0.4,0.5,0.6,0.4,36,22,8,14,8
test_05467,no_redundancy,0.3,0.7,0.0,408,318,28.30188679245283,1.0,0.5189873417721519,0.6833333333333332,0.5189873417721519,1.0,0.45,0.6206896551724138,0.45,1.0,0.1875,0.3157894736842105,0.1875,1.0,0.2,0.33333333333333337,0.2,1.0,0.2,0.33333333333333337,1.0,1.0,1.0,0.0,0.24242424242424243,0.2,0.2,0.1875,0.4,0.2,41,18,4,8,4
test_05469,full_run82,0.3,0.7,1.0,263,263,0.0,0.9836065573770492,0.2830188679245283,0.43956043956043955,0.28169014084507044,0.8888888888888888,0.19047619047619047,0.3137254901960784,0.18604651162790697,1.0,0.23529411764705882,0.38095238095238093,0.23529411764705882,1.0,0.1956521739130435,0.32727272727272727,0.1956521739130435,1.0,0.1956521739130435,0.32727272727272727,1.0,1.0,1.0,0.0,0.23076923076923078,0.1956521739130435,0.1956521739130435,0.23529411764705882,0.4444444444444444,0.3,61,18,9,15,9
test_05469,no_topic,0.0,1.0,1.0,236,263,10.26615969581749,1.0,0.24056603773584906,0.3878326996197719,0.24056603773584906,1.0,0.19047619047619047,0.32,0.19047619047619047,1.0,0.20588235294117646,0.34146341463414637,0.20588235294117646,1.0,0.1956521739130435,0.32727272727272727,0.1956521739130435,1.0,0.1956521739130435,0.32727272727272727,1.0,1.0,1.0,0.0,0.24615384615384617,0.1956521739130435,0.1956521739130435,0.20588235294117646,0.4444444444444444,0.2,51,16,9,16,9
test_05469,no_pattern,1.0,0.0,1.0,184,263,30.038022813688215,0.9428571428571428,0.15566037735849056,0.26720647773279355,0.1542056074766355,1.0,0.16666666666666666,0.2857142857142857,0.16666666666666666,1.0,0.20588235294117646,0.34146341463414637,0.20588235294117646,1.0,0.15217391304347827,0.2641509433962264,0.15217391304347827,1.0,0.15217391304347827,0.2641509433962264,1.0,1.0,1.0,0.0,0.15384615384615385,0.15217391304347827,0.15217391304347827,0.20588235294117646,0.4444444444444444,0.3,35,14,7,10,7
test_05469,no_redundancy,0.3,0.7,0.0,358,263,36.12167300380228,1.0,0.2358490566037736,0.38167938931297707,0.2358490566037736,1.0,0.2619047619047619,0.41509433962264153,0.2619047619047619,1.0,0.3235294117647059,0.48888888888888893,0.3235294117647059,1.0,0.2608695652173913,0.41379310344827586,0.2608695652173913,1.0,0.2608695652173913,0.41379310344827586,1.0,1.0,1.0,0.0,0.27692307692307694,0.2608695652173913,0.2608695652173913,0.3235294117647059,0.5555555555555556,0.4,50,22,12,18,12
test_05489,full_run82,0.3,0.7,1.0,245,245,0.0,0.9795918367346939,0.36923076923076925,0.5363128491620112,0.366412213740458,1.0,0.32142857142857145,0.4864864864864865,0.32142857142857145,1.0,0.4117647058823529,0.5833333333333334,0.4117647058823529,1.0,0.35,0.5185185185185185,0.35,1.0,0.35,0.5185185185185185,1.0,1.0,1.0,0.0,0.36363636363636365,0.35,0.35,0.4117647058823529,0.75,0.4,49,18,7,12,7
test_05489,no_topic,0.0,1.0,1.0,252,245,2.857142857142857,0.9791666666666666,0.36153846153846153,0.5280898876404494,0.35877862595419846,1.0,0.32142857142857145,0.4864864864864865,0.32142857142857145,1.0,0.4117647058823529,0.5833333333333334,0.4117647058823529,1.0,0.4,0.5714285714285715,0.4,1.0,0.4,0.5714285714285715,1.0,1.0,1.0,0.0,0.3939393939393939,0.4,0.4,0.4117647058823529,0.75,0.5,48,18,8,13,8
test_05489,no_pattern,1.0,0.0,1.0,152,245,37.95918367346939,0.9642857142857143,0.2076923076923077,0.34177215189873417,0.20610687022900764,1.0,0.25,0.4,0.25,1.0,0.17647058823529413,0.3,0.17647058823529413,1.0,0.15,0.2608695652173913,0.15,1.0,0.15,0.2608695652173913,1.0,1.0,1.0,0.0,0.18181818181818182,0.15,0.15,0.17647058823529413,0.5,0.2,28,14,3,6,3
test_05489,no_redundancy,0.3,0.7,0.0,386,245,57.55102040816327,0.984375,0.4846153846153846,0.6494845360824743,0.48091603053435117,1.0,0.4107142857142857,0.5822784810126582,0.4107142857142857,1.0,0.35294117647058826,0.5217391304347826,0.35294117647058826,1.0,0.3,0.4615384615384615,0.3,1.0,0.3,0.4615384615384615,1.0,1.0,1.0,0.0,0.3333333333333333,0.3,0.3,0.35294117647058826,0.75,0.4,64,23,6,11,6
test_05515,full_run82,0.3,0.7,1.0,170,170,0.0,1.0,0.08227848101265822,0.15204678362573099,0.08227848101265822,0.9090909090909091,0.10989010989010989,0.19607843137254902,0.10869565217391304,1.0,0.10714285714285714,0.19354838709677416,0.10714285714285714,1.0,0.11538461538461539,0.20689655172413793,0.11538461538461539,1.0,0.11538461538461539,0.20689655172413793,0.8888888888888888,1.0,0.8888888888888888,0.11111111111111116,0.14705882352941177,0.11538461538461539,0.11538461538461539,0.10714285714285714,0.10344827586206896,0.3,26,11,9,15,9
test_05515,no_topic,0.0,1.0,1.0,240,170,41.17647058823529,1.0,0.14240506329113925,0.24930747922437674,0.14240506329113925,1.0,0.16483516483516483,0.2830188679245283,0.16483516483516483,1.0,0.125,0.2222222222222222,0.125,1.0,0.10256410256410256,0.18604651162790695,0.10256410256410256,1.0,0.10256410256410256,0.18604651162790695,1.0,1.0,1.0,0.0,0.12745098039215685,0.10256410256410256,0.10256410256410256,0.125,0.13793103448275862,0.3,45,15,8,13,8
test_05515,no_pattern,1.0,0.0,1.0,154,170,9.411764705882353,1.0,0.06962025316455696,0.1301775147928994,0.06962025316455696,0.875,0.07692307692307693,0.14141414141414144,0.07608695652173914,1.0,0.14285714285714285,0.25,0.14285714285714285,1.0,0.1282051282051282,0.22727272727272727,0.1282051282051282,1.0,0.1282051282051282,0.22727272727272727,1.0,1.0,1.0,0.0,0.16666666666666666,0.1282051282051282,0.1282051282051282,0.14285714285714285,0.10344827586206896,0.4,22,8,10,17,10
test_05515,no_redundancy,0.3,0.7,0.0,319,170,87.6470588235294,1.0,0.14873417721518986,0.25895316804407714,0.14873417721518986,1.0,0.15384615384615385,0.2666666666666667,0.15384615384615385,1.0,0.125,0.2222222222222222,0.125,1.0,0.08974358974358974,0.1647058823529412,0.08974358974358974,1.0,0.08974358974358974,0.1647058823529412,1.0,1.0,1.0,0.0,0.12745098039215685,0.08974358974358974,0.08974358974358974,0.125,0.10344827586206896,0.4,47,14,7,13,7
test_05516,full_run82,0.3,0.7,1.0,163,163,0.0,1.0,0.5384615384615384,0.7000000000000001,0.5384615384615384,1.0,0.8181818181818182,0.9,0.8181818181818182,1.0,0.45454545454545453,0.625,0.45454545454545453,1.0,0.45454545454545453,0.625,0.45454545454545453,1.0,0.45454545454545453,0.625,1.0,1.0,1.0,0.0,0.4375,0.45454545454545453,0.45454545454545453,0.45454545454545453,0.8333333333333334,0.5,21,9,5,7,5
test_05516,no_topic,0.0,1.0,1.0,252,163,54.601226993865026,1.0,0.7435897435897436,0.8529411764705882,0.7435897435897436,1.0,0.9090909090909091,0.9523809523809523,0.9090909090909091,1.0,0.7272727272727273,0.8421052631578948,0.7272727272727273,1.0,0.7272727272727273,0.8421052631578948,0.7272727272727273,1.0,0.7272727272727273,0.8421052631578948,1.0,1.0,1.0,0.0,0.6875,0.7272727272727273,0.7272727272727273,0.7272727272727273,0.8333333333333334,0.9,29,10,8,11,8
test_05516,no_pattern,1.0,0.0,1.0,139,163,14.723926380368098,1.0,0.4358974358974359,0.6071428571428571,0.4358974358974359,1.0,0.6363636363636364,0.7777777777777778,0.6363636363636364,1.0,0.18181818181818182,0.3076923076923077,0.18181818181818182,1.0,0.18181818181818182,0.3076923076923077,0.18181818181818182,1.0,0.18181818181818182,0.3076923076923077,1.0,1.0,1.0,0.0,0.25,0.18181818181818182,0.18181818181818182,0.18181818181818182,0.3333333333333333,0.2,17,7,2,4,2
test_05516,no_redundancy,0.3,0.7,0.0,270,163,65.6441717791411,1.0,0.6923076923076923,0.8181818181818181,0.6923076923076923,1.0,0.8181818181818182,0.9,0.8181818181818182,0.8181818181818182,0.8181818181818182,0.8181818181818182,0.6923076923076923,0.8181818181818182,0.8181818181818182,0.8181818181818182,0.6923076923076923,0.8181818181818182,0.8181818181818182,0.8181818181818182,0.8181818181818182,0.8181818181818182,0.8181818181818182,0.18181818181818177,0.8125,0.8181818181818182,0.6923076923076923,0.8181818181818182,1.0,0.8,27,9,11,15,11
test_05534,full_run82,0.3,0.7,1.0,342,342,0.0,0.9827586206896551,0.33727810650887574,0.5022026431718062,0.3352941176470588,1.0,0.3684210526315789,0.5384615384615384,0.3684210526315789,1.0,0.2413793103448276,0.3888888888888889,0.2413793103448276,1.0,0.21875,0.358974358974359,0.21875,1.0,0.21875,0.358974358974359,1.0,1.0,1.0,0.0,0.21153846153846154,0.21875,0.21875,0.2413793103448276,0.8333333333333334,0.1,58,28,7,11,7
test_05534,no_topic,0.0,1.0,1.0,358,342,4.678362573099415,1.0,0.33136094674556216,0.4977777777777779,0.33136094674556216,1.0,0.3684210526315789,0.5384615384615384,0.3684210526315789,1.0,0.2413793103448276,0.3888888888888889,0.2413793103448276,1.0,0.21875,0.358974358974359,0.21875,1.0,0.21875,0.358974358974359,1.0,1.0,1.0,0.0,0.23076923076923078,0.21875,0.21875,0.2413793103448276,0.6666666666666666,0.2,56,28,7,12,7
test_05534,no_pattern,1.0,0.0,1.0,329,342,3.8011695906432745,0.9821428571428571,0.3254437869822485,0.4888888888888889,0.3235294117647059,1.0,0.34210526315789475,0.5098039215686275,0.34210526315789475,1.0,0.2413793103448276,0.3888888888888889,0.2413793103448276,1.0,0.28125,0.43902439024390244,0.28125,1.0,0.28125,0.43902439024390244,1.0,1.0,1.0,0.0,0.3269230769230769,0.28125,0.28125,0.2413793103448276,0.5,0.4,56,26,9,17,9
test_05534,no_redundancy,0.3,0.7,0.0,477,342,39.473684210526315,0.9866666666666667,0.4378698224852071,0.6065573770491802,0.43529411764705883,1.0,0.4473684210526316,0.6181818181818182,0.4473684210526316,1.0,0.3793103448275862,0.5499999999999999,0.3793103448275862,1.0,0.34375,0.5116279069767442,0.34375,1.0,0.34375,0.5116279069767442,1.0,1.0,1.0,0.0,0.3269230769230769,0.34375,0.34375,0.3793103448275862,0.8333333333333334,0.3,75,34,11,17,11
test_05579,full_run82,0.3,0.7,1.0,148,148,0.0,1.0,0.10038610038610038,0.18245614035087718,0.10038610038610038,1.0,0.14705882352941177,0.25641025641025644,0.14705882352941177,1.0,0.1875,0.3157894736842105,0.1875,1.0,0.140625,0.2465753424657534,0.140625,1.0,0.140625,0.2465753424657534,1.0,1.0,1.0,0.0,0.18085106382978725,0.140625,0.140625,0.1875,0.3333333333333333,0.3,26,15,9,17,9
test_05579,no_topic,0.0,1.0,1.0,176,148,18.91891891891892,1.0,0.12355212355212356,0.21993127147766325,0.12355212355212356,1.0,0.12745098039215685,0.22608695652173913,0.12745098039215685,1.0,0.125,0.2222222222222222,0.125,1.0,0.09375,0.17142857142857143,0.09375,1.0,0.09375,0.17142857142857143,1.0,1.0,1.0,0.0,0.1276595744680851,0.09375,0.09375,0.125,0.2222222222222222,0.3,32,13,6,12,6
test_05579,no_pattern,1.0,0.0,1.0,114,148,22.972972972972975,1.0,0.09652509652509653,0.176056338028169,0.09652509652509653,1.0,0.11764705882352941,0.21052631578947367,0.11764705882352941,1.0,0.16666666666666666,0.2857142857142857,0.16666666666666666,1.0,0.125,0.2222222222222222,0.125,1.0,0.125,0.2222222222222222,1.0,1.0,1.0,0.0,0.1595744680851064,0.125,0.125,0.16666666666666666,0.3333333333333333,0.2,25,12,8,15,8
test_05579,no_redundancy,0.3,0.7,0.0,415,148,180.4054054054054,1.0,0.22007722007722008,0.36075949367088606,0.22007722007722008,1.0,0.3627450980392157,0.5323741007194245,0.3627450980392157,1.0,0.22916666666666666,0.37288135593220334,0.22916666666666666,1.0,0.1875,0.3157894736842105,0.1875,1.0,0.1875,0.3157894736842105,1.0,1.0,1.0,0.0,0.19148936170212766,0.1875,0.1875,0.22916666666666666,0.7777777777777778,0.3,57,37,12,18,12
