cluster_id,system,entity_f1,relation_f1,pair_f1,exact_triple_f1,model_id,model_commit
test_00006,run82_text,0.3333333333333333,0.0,0.0,0.0,Babelscape/rebel-large,44eb6cb4585df284ce6c4d6a7013f83fe473c052
test_00006,leadw_text,0.6666666666666666,0.6666666666666666,0.6666666666666666,0.6666666666666666,Babelscape/rebel-large,44eb6cb4585df284ce6c4d6a7013f83fe473c052
test_00006,primera_text,0.3333333333333333,0.6666666666666666,0.0,0.0,Babelscape/rebel-large,44eb6cb4585df284ce6c4d6a7013f83fe473c052
test_00008,run82_text,1.0,1.0,1.0,1.0,Babelscape/rebel-large,44eb6cb4585df284ce6c4d6a7013f83fe473c052
test_00008,leadw_text,1.0,1.0,1.0,1.0,Babelscape/rebel-large,44eb6cb4585df284ce6c4d6a7013f83fe473c052
test_00013,run82_text,1.0,1.0,1.0,1.0,Babelscape/rebel-large,44eb6cb4585df284ce6c4d6a7013f83fe473c052
test_00013,leadw_text,1.0,1.0,1.0,1.0,Babelscape/rebel-large,44eb6cb4585df284ce6c4d6a7013f83fe473c052
test_00017,run82_text,0.75,1.0,0.6666666666666666,0.6666666666666666,Babelscape/rebel-large,44eb6cb4585df284ce6c4d6a7013f83fe473c052
test_00017,leadw_text,0.75,1.0,0.6666666666666666,0.6666666666666666,Babelscape/rebel-large,44eb6cb4585df284ce6c4d6a7013f83fe473c052
test_00026,run82_text,0.0,0.0,0.0,0.0,Babelscape/rebel-large,44eb6cb4585df284ce6c4d6a7013f83fe473c052
test_00026,leadw_text,0.6666666666666666,0.6666666666666666,0.5,0.5,Babelscape/rebel-large,44eb6cb4585df284ce6c4d6a7013f83fe473c052
test_00032,run82_text,0.5,1.0,0.0,0.0,Babelscape/rebel-large,44eb6cb4585df284ce6c4d6a7013f83fe473c052
test_00032,leadw_text,1.0,1.0,1.0,1.0,Babelscape/rebel-large,44eb6cb4585df284ce6c4d6a7013f83fe473c052
test_00033,run82_text,0.0,0.0,0.0,0.0,Babelscape/rebel-large,44eb6cb4585df284ce6c4d6a7013f83fe473c052
test_00033,leadw_text,0.4,1.0,0.0,0.0,Babelscape/rebel-large,44eb6cb4585df284ce6c4d6a7013f83fe473c052
test_00040,run82_text,0.0,0.0,0.0,0.0,Babelscape/rebel-large,44eb6cb4585df284ce6c4d6a7013f83fe473c052
test_00040,leadw_text,1.0,1.0,1.0,1.0,Babelscape/rebel-large,44eb6cb4585df284ce6c4d6a7013f83fe473c052
test_00041,run82_text,0.3333333333333333,0.0,0.0,0.0,Babelscape/rebel-large,44eb6cb4585df284ce6c4d6a7013f83fe473c052
test_00041,leadw_text,0.6666666666666666,0.5,0.5,0.5,Babelscape/rebel-large,44eb6cb4585df284ce6c4d6a7013f83fe473c052
test_00053,run82_text,0.0,0.0,0.0,0.0,Babelscape/rebel-large,44eb6cb4585df284ce6c4d6a7013f83fe473c052
test_00053,leadw_text,0.0,0.0,0.0,0.0,Babelscape/rebel-large,44eb6cb4585df284ce6c4d6a7013f83fe473c052
test_00060,run82_text,0.8,0.6666666666666666,0.4,0.4,Babelscape/rebel-large,44eb6cb4585df284ce6c4d6a7013f83fe473c052
test_00060,leadw_text,0.0,0.0,0.0,0.0,Babelscape/rebel-large,44eb6cb4585df284ce6c4d6a7013f83fe473c052
test_00061,run82_text,0.5,1.0,0.0,0.0,Babelscape/rebel-large,44eb6cb4585df284ce6c4d6a7013f83fe473c052
test_00061,leadw_text,0.5,0.0,0.0,0.0,Babelscape/rebel-large,44eb6cb4585df284ce6c4d6a7013f83fe473c052
test_00067,run82_text,1.0,0.6666666666666666,0.6666666666666666,0.6666666666666666,Babelscape/rebel-large,44eb6cb4585df284ce6c4d6a7013f83fe473c052
test_00067,leadw_text,1.0,1.0,1.0,1.0,Babelscape/rebel-large,44eb6cb4585df284ce6c4d6a7013f83fe473c052
test_00067,primera_text,0.5,1.0,0.0,0.0,Babelscape/rebel-large,44eb6cb4585df284ce6c4d6a7013f83fe473c052
test_00068,run82_text,0.6666666666666666,0.5,0.5,0.5,Babelscape/rebel-large,44eb6cb4585df284ce6c4d6a7013f83fe473c052
test_00068,leadw_text,0.6666666666666666,0.8,0.8,0.8,Babelscape/rebel-large,44eb6cb4585df284ce6c4d6a7013f83fe473c052
test_00079,run82_text,0.3636363636363636,0.25,0.4,0.3333333333333333,Babelscape/rebel-large,44eb6cb4585df284ce6c4d6a7013f83fe473c052
test_00079,leadw_text,0.3636363636363636,0.25,0.4,0.3333333333333333,Babelscape/rebel-large,44eb6cb4585df284ce6c4d6a7013f83fe473c052
test_00088,run82_text,0.0,0.0,0.0,0.0,Babelscape/rebel-large,44eb6cb4585df284ce6c4d6a7013f83fe473c052
test_00088,leadw_text,0.0,0.0,0.0,0.0,Babelscape/rebel-large,44eb6cb4585df284ce6c4d6a7013f83fe473c052
test_00089,run82_text,0.0,0.0,0.0,0.0,Babelscape/rebel-large,44eb6cb4585df284ce6c4d6a7013f83fe473c052
test_00089,leadw_text,0.6666666666666666,1.0,0.6666666666666666,0.6666666666666666,Babelscape/rebel-large,44eb6cb4585df284ce6c4d6a7013f83fe473c052
test_00094,run82_text,0.5714285714285715,0.4,0.5714285714285715,0.5714285714285715,Babelscape/rebel-large,44eb6cb4585df284ce6c4d6a7013f83fe473c052
test_00094,leadw_text,0.5714285714285715,0.4,0.5714285714285715,0.5714285714285715,Babelscape/rebel-large,44eb6cb4585df284ce6c4d6a7013f83fe473c052
test_00094,primera_text,0.0,0.4,0.0,0.0,Babelscape/rebel-large,44eb6cb4585df284ce6c4d6a7013f83fe473c052
test_00107,run82_text,0.0,0.0,0.0,0.0,Babelscape/rebel-large,44eb6cb4585df284ce6c4d6a7013f83fe473c052
test_00107,leadw_text,0.5,0.0,0.0,0.0,Babelscape/rebel-large,44eb6cb4585df284ce6c4d6a7013f83fe473c052
test_00108,run82_text,0.0,0.5,0.0,0.0,Babelscape/rebel-large,44eb6cb4585df284ce6c4d6a7013f83fe473c052
test_00108,leadw_text,0.0,0.0,0.0,0.0,Babelscape/rebel-large,44eb6cb4585df284ce6c4d6a7013f83fe473c052
test_00153,run82_text,0.4,0.0,0.0,0.0,Babelscape/rebel-large,44eb6cb4585df284ce6c4d6a7013f83fe473c052
test_00153,leadw_text,0.5,0.4,0.4,0.0,Babelscape/rebel-large,44eb6cb4585df284ce6c4d6a7013f83fe473c052
test_00153,primera_text,0.8,0.5,0.6666666666666666,0.0,Babelscape/rebel-large,44eb6cb4585df284ce6c4d6a7013f83fe473c052
test_00163,run82_text,0.4,0.0,0.0,0.0,Babelscape/rebel-large,44eb6cb4585df284ce6c4d6a7013f83fe473c052
test_00163,leadw_text,0.4,0.5,0.0,0.0,Babelscape/rebel-large,44eb6cb4585df284ce6c4d6a7013f83fe473c052
test_00165,run82_text,0.2857142857142857,0.0,0.0,0.0,Babelscape/rebel-large,44eb6cb4585df284ce6c4d6a7013f83fe473c052
test_00165,leadw_text,0.0,0.0,0.0,0.0,Babelscape/rebel-large,44eb6cb4585df284ce6c4d6a7013f83fe473c052
test_00178,run82_text,0.0,1.0,0.0,0.0,Babelscape/rebel-large,44eb6cb4585df284ce6c4d6a7013f83fe473c052
test_00178,leadw_text,0.8,1.0,0.6666666666666666,0.6666666666666666,Babelscape/rebel-large,44eb6cb4585df284ce6c4d6a7013f83fe473c052
test_00188,run82_text,0.6666666666666666,0.6666666666666666,0.6666666666666666,0.6666666666666666,Babelscape/rebel-large,44eb6cb4585df284ce6c4d6a7013f83fe473c052
test_00188,leadw_text,0.6666666666666666,0.6666666666666666,0.6666666666666666,0.6666666666666666,Babelscape/rebel-large,44eb6cb4585df284ce6c4d6a7013f83fe473c052
test_00231,run82_text,0.0,0.0,0.0,0.0,Babelscape/rebel-large,44eb6cb4585df284ce6c4d6a7013f83fe473c052
test_00231,leadw_text,0.5714285714285715,0.5714285714285715,0.5714285714285715,0.5714285714285715,Babelscape/rebel-large,44eb6cb4585df284ce6c4d6a7013f83fe473c052
test_00240,run82_text,0.6666666666666666,0.6666666666666666,0.5,0.5,Babelscape/rebel-large,44eb6cb4585df284ce6c4d6a7013f83fe473c052
test_00240,leadw_text,0.6666666666666666,0.6666666666666666,0.8,0.8,Babelscape/rebel-large,44eb6cb4585df284ce6c4d6a7013f83fe473c052
test_00250,run82_text,0.0,0.5,0.0,0.0,Babelscape/rebel-large,44eb6cb4585df284ce6c4d6a7013f83fe473c052
test_00250,leadw_text,0.1818181818181818,0.25,0.0,0.0,Babelscape/rebel-large,44eb6cb4585df284ce6c4d6a7013f83fe473c052
test_00257,run82_text,0.25,0.6666666666666666,0.0,0.0,Babelscape/rebel-large,44eb6cb4585df284ce6c4d6a7013f83fe473c052
test_00257,leadw_text,0.0,0.0,0.0,0.0,Babelscape/rebel-large,44eb6cb4585df284ce6c4d6a7013f83fe473c052
test_00263,run82_text,0.0,0.0,0.0,0.0,Babelscape/rebel-large,44eb6cb4585df284ce6c4d6a7013f83fe473c052
test_00263,leadw_text,0.0,0.25,0.0,0.0,Babelscape/rebel-large,44eb6cb4585df284ce6c4d6a7013f83fe473c052
test_00270,run82_text,0.0,0.0,0.0,0.0,Babelscape/rebel-large,44eb6cb4585df284ce6c4d6a7013f83fe473c052
test_00270,leadw_text,0.4444444444444445,0.6,0.4,0.5,Babelscape/rebel-large,44eb6cb4585df284ce6c4d6a7013f83fe473c052
test_00271,run82_text,1.0,1.0,1.0,1.0,Babelscape/rebel-large,44eb6cb4585df284ce6c4d6a7013f83fe473c052
test_00271,leadw_text,1.0,1.0,1.0,1.0,Babelscape/rebel-large,44eb6cb4585df284ce6c4d6a7013f83fe473c052
test_00275,run82_text,0.25,0.5,0.0,0.0,Babelscape/rebel-large,44eb6cb4585df284ce6c4d6a7013f83fe473c052
test_00275,leadw_text,0.25,0.5,0.0,0.0,Babelscape/rebel-large,44eb6cb4585df284ce6c4d6a7013f83fe473c052
test_00277,run82_text,0.0,0.0,0.0,0.0,Babelscape/rebel-large,44eb6cb4585df284ce6c4d6a7013f83fe473c052
test_00277,leadw_text,0.4444444444444445,0.3333333333333333,0.3333333333333333,0.3333333333333333,Babelscape/rebel-large,44eb6cb4585df284ce6c4d6a7013f83fe473c052
test_00279,run82_text,0.0,0.0,0.0,0.0,Babelscape/rebel-large,44eb6cb4585df284ce6c4d6a7013f83fe473c052
test_00279,leadw_text,0.0,1.0,0.0,0.0,Babelscape/rebel-large,44eb6cb4585df284ce6c4d6a7013f83fe473c052
test_00279,primera_text,0.0,0.6666666666666666,0.0,0.0,Babelscape/rebel-large,44eb6cb4585df284ce6c4d6a7013f83fe473c052
test_00281,run82_text,0.6666666666666666,0.0,0.0,0.0,Babelscape/rebel-large,44eb6cb4585df284ce6c4d6a7013f83fe473c052
test_00281,leadw_text,0.6666666666666666,0.0,0.0,0.0,Babelscape/rebel-large,44eb6cb4585df284ce6c4d6a7013f83fe473c052
test_00286,run82_text,0.5714285714285715,0.4,0.4,0.4,Babelscape/rebel-large,44eb6cb4585df284ce6c4d6a7013f83fe473c052
test_00286,leadw_text,0.5714285714285715,0.4,0.4,0.4,Babelscape/rebel-large,44eb6cb4585df284ce6c4d6a7013f83fe473c052
test_00286,primera_text,0.0,0.0,0.0,0.0,Babelscape/rebel-large,44eb6cb4585df284ce6c4d6a7013f83fe473c052
test_00307,run82_text,0.0,0.0,0.0,0.0,Babelscape/rebel-large,44eb6cb4585df284ce6c4d6a7013f83fe473c052
test_00307,leadw_text,0.3636363636363636,0.5,0.2857142857142857,0.2857142857142857,Babelscape/rebel-large,44eb6cb4585df284ce6c4d6a7013f83fe473c052
test_00323,run82_text,0.0,0.0,0.0,0.0,Babelscape/rebel-large,44eb6cb4585df284ce6c4d6a7013f83fe473c052
test_00323,leadw_text,0.5,0.6666666666666666,0.4,0.4,Babelscape/rebel-large,44eb6cb4585df284ce6c4d6a7013f83fe473c052
test_00331,run82_text,0.0,0.0,0.0,0.0,Babelscape/rebel-large,44eb6cb4585df284ce6c4d6a7013f83fe473c052
test_00331,leadw_text,0.5714285714285715,0.6666666666666666,0.5,0.5,Babelscape/rebel-large,44eb6cb4585df284ce6c4d6a7013f83fe473c052
test_00335,run82_text,0.0,0.0,0.0,0.0,Babelscape/rebel-large,44eb6cb4585df284ce6c4d6a7013f83fe473c052
test_00335,leadw_text,0.0,0.0,0.0,0.0,Babelscape/rebel-large,44eb6cb4585df284ce6c4d6a7013f83fe473c052
test_00347,run82_text,0.0,0.5,0.0,0.0,Babelscape/rebel-large,44eb6cb4585df284ce6c4d6a7013f83fe473c052
test_00347,leadw_text,0.25,0.5,0.0,0.0,Babelscape/rebel-large,44eb6cb4585df284ce6c4d6a7013f83fe473c052
test_00351,run82_text,0.0,0.0,0.0,0.0,Babelscape/rebel-large,44eb6cb4585df284ce6c4d6a7013f83fe473c052
test_00351,leadw_text,0.4,0.2857142857142857,0.2857142857142857,0.25,Babelscape/rebel-large,44eb6cb4585df284ce6c4d6a7013f83fe473c052
test_00362,run82_text,0.4,0.6666666666666666,0.0,0.0,Babelscape/rebel-large,44eb6cb4585df284ce6c4d6a7013f83fe473c052
test_00362,leadw_text,1.0,1.0,1.0,1.0,Babelscape/rebel-large,44eb6cb4585df284ce6c4d6a7013f83fe473c052
test_00374,run82_text,0.3333333333333333,0.0,0.0,0.0,Babelscape/rebel-large,44eb6cb4585df284ce6c4d6a7013f83fe473c052
test_00374,leadw_text,0.6666666666666666,0.5,0.6666666666666666,0.6666666666666666,Babelscape/rebel-large,44eb6cb4585df284ce6c4d6a7013f83fe473c052
test_00384,run82_text,0.0,0.0,0.0,0.0,Babelscape/rebel-large,44eb6cb4585df284ce6c4d6a7013f83fe473c052
test_00384,leadw_text,0.7499999999999999,1.0,0.8,0.8,Babelscape/rebel-large,44eb6cb4585df284ce6c4d6a7013f83fe473c052
test_00413,run82_text,0.0,0.0,0.0,0.0,Babelscape/rebel-large,44eb6cb4585df284ce6c4d6a7013f83fe473c052
test_00413,leadw_text,0.0,0.0,0.0,0.0,Babelscape/rebel-large,44eb6cb4585df284ce6c4d6a7013f83fe473c052
test_00433,run82_text,0.5,0.6666666666666666,0.0,0.0,Babelscape/rebel-large,44eb6cb4585df284ce6c4d6a7013f83fe473c052
test_00433,leadw_text,1.0,1.0,1.0,1.0,Babelscape/rebel-large,44eb6cb4585df284ce6c4d6a7013f83fe473c052
test_00433,primera_text,0.5,0.6666666666666666,0.0,0.0,Babelscape/rebel-large,44eb6cb4585df284ce6c4d6a7013f83fe473c052
test_00454,run82_text,0.3157894736842105,0.5714285714285715,0.4285714285714285,0.4285714285714285,Babelscape/rebel-large,44eb6cb4585df284ce6c4d6a7013f83fe473c052
test_00454,leadw_text,0.3157894736842105,0.3333333333333333,0.3076923076923077,0.3076923076923077,Babelscape/rebel-large,44eb6cb4585df284ce6c4d6a7013f83fe473c052
test_00462,run82_text,0.1428571428571428,0.4,0.0,0.0,Babelscape/rebel-large,44eb6cb4585df284ce6c4d6a7013f83fe473c052
test_00462,leadw_text,0.1666666666666666,0.4444444444444445,0.0,0.0,Babelscape/rebel-large,44eb6cb4585df284ce6c4d6a7013f83fe473c052
test_00462,primera_text,0.0,0.0,0.0,0.0,Babelscape/rebel-large,44eb6cb4585df284ce6c4d6a7013f83fe473c052
test_00464,run82_text,1.0,1.0,1.0,1.0,Babelscape/rebel-large,44eb6cb4585df284ce6c4d6a7013f83fe473c052
test_00464,leadw_text,1.0,1.0,1.0,1.0,Babelscape/rebel-large,44eb6cb4585df284ce6c4d6a7013f83fe473c052
test_00471,run82_text,0.0,0.0,0.0,0.0,Babelscape/rebel-large,44eb6cb4585df284ce6c4d6a7013f83fe473c052
test_00471,leadw_text,0.6666666666666666,0.6666666666666666,0.6666666666666666,0.6666666666666666,Babelscape/rebel-large,44eb6cb4585df284ce6c4d6a7013f83fe473c052
test_00484,run82_text,0.1428571428571428,0.4,0.0,0.0,Babelscape/rebel-large,44eb6cb4585df284ce6c4d6a7013f83fe473c052
test_00484,leadw_text,0.0,0.0,0.0,0.0,Babelscape/rebel-large,44eb6cb4585df284ce6c4d6a7013f83fe473c052
test_00502,run82_text,0.5,1.0,0.0,0.0,Babelscape/rebel-large,44eb6cb4585df284ce6c4d6a7013f83fe473c052
test_00502,leadw_text,0.5,0.0,0.0,0.0,Babelscape/rebel-large,44eb6cb4585df284ce6c4d6a7013f83fe473c052
test_00513,run82_text,0.2,0.0,0.0,0.0,Babelscape/rebel-large,44eb6cb4585df284ce6c4d6a7013f83fe473c052
test_00513,leadw_text,0.4444444444444445,0.5,0.4,0.4,Babelscape/rebel-large,44eb6cb4585df284ce6c4d6a7013f83fe473c052
test_00542,run82_text,0.4,0.0,0.0,0.0,Babelscape/rebel-large,44eb6cb4585df284ce6c4d6a7013f83fe473c052
test_00542,leadw_text,1.0,1.0,1.0,1.0,Babelscape/rebel-large,44eb6cb4585df284ce6c4d6a7013f83fe473c052
test_00546,run82_text,0.0,0.0,0.0,0.0,Babelscape/rebel-large,44eb6cb4585df284ce6c4d6a7013f83fe473c052
test_00546,leadw_text,0.0,0.0,0.0,0.0,Babelscape/rebel-large,44eb6cb4585df284ce6c4d6a7013f83fe473c052
test_00551,run82_text,0.1818181818181818,0.0,0.0,0.0,Babelscape/rebel-large,44eb6cb4585df284ce6c4d6a7013f83fe473c052
test_00551,leadw_text,0.1666666666666666,0.0,0.0,0.0,Babelscape/rebel-large,44eb6cb4585df284ce6c4d6a7013f83fe473c052
test_00576,run82_text,0.1111111111111111,0.0,0.0,0.0,Babelscape/rebel-large,44eb6cb4585df284ce6c4d6a7013f83fe473c052
test_00576,leadw_text,0.0,0.0,0.0,0.0,Babelscape/rebel-large,44eb6cb4585df284ce6c4d6a7013f83fe473c052
test_00617,run82_text,0.3333333333333333,0.0,0.0,0.0,Babelscape/rebel-large,44eb6cb4585df284ce6c4d6a7013f83fe473c052
test_00617,leadw_text,0.5,0.0,0.2857142857142857,0.0,Babelscape/rebel-large,44eb6cb4585df284ce6c4d6a7013f83fe473c052
test_00639,run82_text,0.6666666666666666,0.0,0.0,0.0,Babelscape/rebel-large,44eb6cb4585df284ce6c4d6a7013f83fe473c052
test_00639,leadw_text,0.8571428571428571,0.2857142857142857,0.6666666666666666,0.2222222222222222,Babelscape/rebel-large,44eb6cb4585df284ce6c4d6a7013f83fe473c052
test_00669,run82_text,0.1666666666666666,1.0,0.0,0.0,Babelscape/rebel-large,44eb6cb4585df284ce6c4d6a7013f83fe473c052
test_00669,leadw_text,0.1666666666666666,1.0,0.0,0.0,Babelscape/rebel-large,44eb6cb4585df284ce6c4d6a7013f83fe473c052
test_00689,run82_text,0.8,0.0,0.0,0.0,Babelscape/rebel-large,44eb6cb4585df284ce6c4d6a7013f83fe473c052
test_00689,leadw_text,1.0,1.0,1.0,1.0,Babelscape/rebel-large,44eb6cb4585df284ce6c4d6a7013f83fe473c052
test_00712,run82_text,1.0,1.0,1.0,1.0,Babelscape/rebel-large,44eb6cb4585df284ce6c4d6a7013f83fe473c052
test_00712,leadw_text,1.0,1.0,1.0,1.0,Babelscape/rebel-large,44eb6cb4585df284ce6c4d6a7013f83fe473c052
test_00731,run82_text,0.0,0.0,0.0,0.0,Babelscape/rebel-large,44eb6cb4585df284ce6c4d6a7013f83fe473c052
test_00731,leadw_text,0.5,0.0,0.0,0.0,Babelscape/rebel-large,44eb6cb4585df284ce6c4d6a7013f83fe473c052
test_00735,run82_text,0.0,0.0,0.0,0.0,Babelscape/rebel-large,44eb6cb4585df284ce6c4d6a7013f83fe473c052
test_00735,leadw_text,1.0,1.0,1.0,1.0,Babelscape/rebel-large,44eb6cb4585df284ce6c4d6a7013f83fe473c052
test_00744,run82_text,0.0,0.5,0.0,0.0,Babelscape/rebel-large,44eb6cb4585df284ce6c4d6a7013f83fe473c052
test_00744,leadw_text,0.6666666666666666,0.5,0.5,0.5,Babelscape/rebel-large,44eb6cb4585df284ce6c4d6a7013f83fe473c052
test_00748,run82_text,1.0,1.0,1.0,1.0,Babelscape/rebel-large,44eb6cb4585df284ce6c4d6a7013f83fe473c052
test_00748,leadw_text,1.0,1.0,1.0,1.0,Babelscape/rebel-large,44eb6cb4585df284ce6c4d6a7013f83fe473c052
test_00771,run82_text,0.5714285714285715,0.4,0.3333333333333333,0.3333333333333333,Babelscape/rebel-large,44eb6cb4585df284ce6c4d6a7013f83fe473c052
test_00771,leadw_text,0.6666666666666665,0.6666666666666666,0.5,0.5,Babelscape/rebel-large,44eb6cb4585df284ce6c4d6a7013f83fe473c052
test_00772,run82_text,0.3333333333333333,0.6666666666666666,0.0,0.0,Babelscape/rebel-large,44eb6cb4585df284ce6c4d6a7013f83fe473c052
test_00772,leadw_text,0.6666666666666666,0.6666666666666666,0.6666666666666666,0.6666666666666666,Babelscape/rebel-large,44eb6cb4585df284ce6c4d6a7013f83fe473c052
test_00791,run82_text,0.0,0.5,0.0,0.0,Babelscape/rebel-large,44eb6cb4585df284ce6c4d6a7013f83fe473c052
test_00791,leadw_text,0.6666666666666666,0.5,0.4,0.4,Babelscape/rebel-large,44eb6cb4585df284ce6c4d6a7013f83fe473c052
test_00806,run82_text,0.3333333333333333,0.6666666666666666,0.0,0.0,Babelscape/rebel-large,44eb6cb4585df284ce6c4d6a7013f83fe473c052
test_00806,leadw_text,0.6666666666666666,1.0,0.8,0.8,Babelscape/rebel-large,44eb6cb4585df284ce6c4d6a7013f83fe473c052
test_00809,run82_text,0.2857142857142857,0.4444444444444445,0.3636363636363636,0.3636363636363636,Babelscape/rebel-large,44eb6cb4585df284ce6c4d6a7013f83fe473c052
test_00809,leadw_text,0.2857142857142857,0.25,0.1999999999999999,0.1999999999999999,Babelscape/rebel-large,44eb6cb4585df284ce6c4d6a7013f83fe473c052
test_00819,run82_text,0.0,0.0,0.0,0.0,Babelscape/rebel-large,44eb6cb4585df284ce6c4d6a7013f83fe473c052
test_00819,leadw_text,0.2857142857142857,0.5,0.0,0.0,Babelscape/rebel-large,44eb6cb4585df284ce6c4d6a7013f83fe473c052
test_00837,run82_text,0.0,0.0,0.0,0.0,Babelscape/rebel-large,44eb6cb4585df284ce6c4d6a7013f83fe473c052
test_00837,leadw_text,0.6666666666666666,0.6666666666666666,0.6666666666666666,0.6666666666666666,Babelscape/rebel-large,44eb6cb4585df284ce6c4d6a7013f83fe473c052
test_00850,run82_text,1.0,1.0,1.0,1.0,Babelscape/rebel-large,44eb6cb4585df284ce6c4d6a7013f83fe473c052
test_00850,leadw_text,1.0,1.0,1.0,1.0,Babelscape/rebel-large,44eb6cb4585df284ce6c4d6a7013f83fe473c052
test_00853,run82_text,0.0,0.0,0.0,0.0,Babelscape/rebel-large,44eb6cb4585df284ce6c4d6a7013f83fe473c052
test_00853,leadw_text,0.6666666666666666,0.5,0.6666666666666666,0.6666666666666666,Babelscape/rebel-large,44eb6cb4585df284ce6c4d6a7013f83fe473c052
test_00874,run82_text,1.0,1.0,1.0,1.0,Babelscape/rebel-large,44eb6cb4585df284ce6c4d6a7013f83fe473c052
test_00874,leadw_text,1.0,1.0,1.0,1.0,Babelscape/rebel-large,44eb6cb4585df284ce6c4d6a7013f83fe473c052
test_00882,run82_text,0.5,0.0,0.0,0.0,Babelscape/rebel-large,44eb6cb4585df284ce6c4d6a7013f83fe473c052
test_00882,leadw_text,1.0,1.0,1.0,1.0,Babelscape/rebel-large,44eb6cb4585df284ce6c4d6a7013f83fe473c052
test_00889,run82_text,0.8,0.5,0.5,0.5,Babelscape/rebel-large,44eb6cb4585df284ce6c4d6a7013f83fe473c052
test_00889,leadw_text,1.0,1.0,1.0,1.0,Babelscape/rebel-large,44eb6cb4585df284ce6c4d6a7013f83fe473c052
test_00890,run82_text,0.1176470588235294,0.1818181818181818,0.0,0.0,Babelscape/rebel-large,44eb6cb4585df284ce6c4d6a7013f83fe473c052
test_00890,leadw_text,0.1176470588235294,0.1999999999999999,0.0,0.0,Babelscape/rebel-large,44eb6cb4585df284ce6c4d6a7013f83fe473c052
test_00891,run82_text,1.0,1.0,1.0,1.0,Babelscape/rebel-large,44eb6cb4585df284ce6c4d6a7013f83fe473c052
test_00891,leadw_text,1.0,1.0,1.0,1.0,Babelscape/rebel-large,44eb6cb4585df284ce6c4d6a7013f83fe473c052
test_00903,run82_text,0.1538461538461538,0.2222222222222222,0.0,0.0,Babelscape/rebel-large,44eb6cb4585df284ce6c4d6a7013f83fe473c052
test_00903,leadw_text,0.0,0.0,0.0,0.0,Babelscape/rebel-large,44eb6cb4585df284ce6c4d6a7013f83fe473c052
test_00909,run82_text,0.2857142857142857,0.3529411764705882,0.25,0.2307692307692307,Babelscape/rebel-large,44eb6cb4585df284ce6c4d6a7013f83fe473c052
test_00909,leadw_text,0.0769230769230769,0.1333333333333333,0.0,0.0,Babelscape/rebel-large,44eb6cb4585df284ce6c4d6a7013f83fe473c052
test_00922,run82_text,0.0,0.0,0.0,0.0,Babelscape/rebel-large,44eb6cb4585df284ce6c4d6a7013f83fe473c052
test_00922,leadw_text,0.5714285714285715,0.6666666666666666,0.4,0.4,Babelscape/rebel-large,44eb6cb4585df284ce6c4d6a7013f83fe473c052
test_00938,run82_text,0.0,0.0,0.0,0.0,Babelscape/rebel-large,44eb6cb4585df284ce6c4d6a7013f83fe473c052
test_00938,leadw_text,0.0,0.0,0.0,0.0,Babelscape/rebel-large,44eb6cb4585df284ce6c4d6a7013f83fe473c052
test_00955,run82_text,0.0,0.0,0.0,0.0,Babelscape/rebel-large,44eb6cb4585df284ce6c4d6a7013f83fe473c052
test_00955,leadw_text,0.0,0.0,0.0,0.0,Babelscape/rebel-large,44eb6cb4585df284ce6c4d6a7013f83fe473c052
test_00998,run82_text,0.25,0.5,0.0,0.0,Babelscape/rebel-large,44eb6cb4585df284ce6c4d6a7013f83fe473c052
test_00998,leadw_text,0.5,0.5,0.5,0.5,Babelscape/rebel-large,44eb6cb4585df284ce6c4d6a7013f83fe473c052
test_00999,run82_text,0.0,0.0,0.0,0.0,Babelscape/rebel-large,44eb6cb4585df284ce6c4d6a7013f83fe473c052
test_00999,leadw_text,0.6666666666666666,0.5,0.5,0.5,Babelscape/rebel-large,44eb6cb4585df284ce6c4d6a7013f83fe473c052
test_01015,run82_text,0.4,0.5,0.4,0.4,Babelscape/rebel-large,44eb6cb4585df284ce6c4d6a7013f83fe473c052
test_01015,leadw_text,0.4,0.5,0.4,0.4,Babelscape/rebel-large,44eb6cb4585df284ce6c4d6a7013f83fe473c052
test_01016,run82_text,0.5,0.0,0.0,0.0,Babelscape/rebel-large,44eb6cb4585df284ce6c4d6a7013f83fe473c052
test_01016,leadw_text,1.0,1.0,1.0,1.0,Babelscape/rebel-large,44eb6cb4585df284ce6c4d6a7013f83fe473c052
test_01028,run82_text,0.0,0.0,0.0,0.0,Babelscape/rebel-large,44eb6cb4585df284ce6c4d6a7013f83fe473c052
test_01028,leadw_text,0.5,0.8,0.5,0.5,Babelscape/rebel-large,44eb6cb4585df284ce6c4d6a7013f83fe473c052
test_01030,run82_text,1.0,1.0,1.0,1.0,Babelscape/rebel-large,44eb6cb4585df284ce6c4d6a7013f83fe473c052
test_01030,leadw_text,1.0,1.0,1.0,1.0,Babelscape/rebel-large,44eb6cb4585df284ce6c4d6a7013f83fe473c052
test_01031,run82_text,0.6666666666666666,0.8,0.8,0.8,Babelscape/rebel-large,44eb6cb4585df284ce6c4d6a7013f83fe473c052
test_01031,leadw_text,0.0,0.0,0.0,0.0,Babelscape/rebel-large,44eb6cb4585df284ce6c4d6a7013f83fe473c052
test_01031,primera_text,0.3333333333333333,0.8,0.0,0.0,Babelscape/rebel-large,44eb6cb4585df284ce6c4d6a7013f83fe473c052
test_01037,run82_text,0.0,0.0,0.0,0.0,Babelscape/rebel-large,44eb6cb4585df284ce6c4d6a7013f83fe473c052
test_01037,leadw_text,1.0,1.0,1.0,1.0,Babelscape/rebel-large,44eb6cb4585df284ce6c4d6a7013f83fe473c052
test_01051,run82_text,0.0,0.0,0.0,0.0,Babelscape/rebel-large,44eb6cb4585df284ce6c4d6a7013f83fe473c052
test_01051,leadw_text,0.6666666666666666,0.8,0.8,0.8,Babelscape/rebel-large,44eb6cb4585df284ce6c4d6a7013f83fe473c052
test_01051,primera_text,0.0,0.0,0.0,0.0,Babelscape/rebel-large,44eb6cb4585df284ce6c4d6a7013f83fe473c052
test_01060,run82_text,0.5,0.6666666666666666,0.4,0.4,Babelscape/rebel-large,44eb6cb4585df284ce6c4d6a7013f83fe473c052
test_01060,leadw_text,0.6666666666666666,0.6666666666666666,0.6666666666666666,0.6666666666666666,Babelscape/rebel-large,44eb6cb4585df284ce6c4d6a7013f83fe473c052
test_01065,run82_text,0.4444444444444445,0.6666666666666666,0.3333333333333333,0.3333333333333333,Babelscape/rebel-large,44eb6cb4585df284ce6c4d6a7013f83fe473c052
test_01065,leadw_text,0.7272727272727273,0.6666666666666666,0.7499999999999999,0.7499999999999999,Babelscape/rebel-large,44eb6cb4585df284ce6c4d6a7013f83fe473c052
test_01068,run82_text,0.0,0.0,0.0,0.0,Babelscape/rebel-large,44eb6cb4585df284ce6c4d6a7013f83fe473c052
test_01068,leadw_text,0.4444444444444445,0.0,0.0,0.0,Babelscape/rebel-large,44eb6cb4585df284ce6c4d6a7013f83fe473c052
test_01074,run82_text,0.0,0.2857142857142857,0.0,0.0,Babelscape/rebel-large,44eb6cb4585df284ce6c4d6a7013f83fe473c052
test_01074,leadw_text,0.2,0.25,0.0,0.0,Babelscape/rebel-large,44eb6cb4585df284ce6c4d6a7013f83fe473c052
test_01074,primera_text,0.1818181818181818,0.25,0.0,0.0,Babelscape/rebel-large,44eb6cb4585df284ce6c4d6a7013f83fe473c052
test_01077,run82_text,0.0,0.0,0.0,0.0,Babelscape/rebel-large,44eb6cb4585df284ce6c4d6a7013f83fe473c052
test_01077,leadw_text,0.6666666666666666,0.6666666666666666,0.6666666666666666,0.6666666666666666,Babelscape/rebel-large,44eb6cb4585df284ce6c4d6a7013f83fe473c052
test_01083,run82_text,0.0,0.0,0.0,0.0,Babelscape/rebel-large,44eb6cb4585df284ce6c4d6a7013f83fe473c052
test_01083,leadw_text,0.1428571428571428,0.2222222222222222,0.0,0.0,Babelscape/rebel-large,44eb6cb4585df284ce6c4d6a7013f83fe473c052
test_01090,run82_text,1.0,1.0,1.0,1.0,Babelscape/rebel-large,44eb6cb4585df284ce6c4d6a7013f83fe473c052
test_01090,leadw_text,1.0,1.0,1.0,1.0,Babelscape/rebel-large,44eb6cb4585df284ce6c4d6a7013f83fe473c052
test_01090,primera_text,0.5,0.0,0.0,0.0,Babelscape/rebel-large,44eb6cb4585df284ce6c4d6a7013f83fe473c052
test_01096,run82_text,0.3333333333333333,0.8,0.0,0.0,Babelscape/rebel-large,44eb6cb4585df284ce6c4d6a7013f83fe473c052
test_01096,leadw_text,0.6666666666666666,0.5,0.5,0.5,Babelscape/rebel-large,44eb6cb4585df284ce6c4d6a7013f83fe473c052
test_01096,primera_text,0.3333333333333333,0.5,0.0,0.0,Babelscape/rebel-large,44eb6cb4585df284ce6c4d6a7013f83fe473c052
test_01107,run82_text,0.0,0.0,0.0,0.0,Babelscape/rebel-large,44eb6cb4585df284ce6c4d6a7013f83fe473c052
test_01107,leadw_text,0.6666666666666666,0.8,0.8,0.8,Babelscape/rebel-large,44eb6cb4585df284ce6c4d6a7013f83fe473c052
test_01111,run82_text,0.0,0.0,0.0,0.0,Babelscape/rebel-large,44eb6cb4585df284ce6c4d6a7013f83fe473c052
test_01111,leadw_text,0.6666666666666666,0.5,0.5,0.5,Babelscape/rebel-large,44eb6cb4585df284ce6c4d6a7013f83fe473c052
test_01117,run82_text,1.0,1.0,1.0,1.0,Babelscape/rebel-large,44eb6cb4585df284ce6c4d6a7013f83fe473c052
test_01117,leadw_text,1.0,1.0,1.0,1.0,Babelscape/rebel-large,44eb6cb4585df284ce6c4d6a7013f83fe473c052
test_01127,run82_text,0.0,0.1333333333333333,0.0,0.0,Babelscape/rebel-large,44eb6cb4585df284ce6c4d6a7013f83fe473c052
test_01127,leadw_text,0.1481481481481481,0.1428571428571428,0.1176470588235294,0.1176470588235294,Babelscape/rebel-large,44eb6cb4585df284ce6c4d6a7013f83fe473c052
test_01135,run82_text,0.1428571428571428,0.2352941176470588,0.1666666666666666,0.1666666666666666,Babelscape/rebel-large,44eb6cb4585df284ce6c4d6a7013f83fe473c052
test_01135,leadw_text,0.1428571428571428,0.2352941176470588,0.1666666666666666,0.1666666666666666,Babelscape/rebel-large,44eb6cb4585df284ce6c4d6a7013f83fe473c052
test_01135,primera_text,0.0714285714285714,0.125,0.0,0.0,Babelscape/rebel-large,44eb6cb4585df284ce6c4d6a7013f83fe473c052
test_01142,run82_text,0.5714285714285715,0.6666666666666666,0.5,0.5,Babelscape/rebel-large,44eb6cb4585df284ce6c4d6a7013f83fe473c052
test_01142,leadw_text,0.5714285714285715,0.6666666666666666,0.5,0.5,Babelscape/rebel-large,44eb6cb4585df284ce6c4d6a7013f83fe473c052
test_01146,run82_text,0.0,0.5,0.0,0.0,Babelscape/rebel-large,44eb6cb4585df284ce6c4d6a7013f83fe473c052
test_01146,leadw_text,0.4,0.0,0.0,0.0,Babelscape/rebel-large,44eb6cb4585df284ce6c4d6a7013f83fe473c052
test_01157,run82_text,1.0,0.0,1.0,0.0,Babelscape/rebel-large,44eb6cb4585df284ce6c4d6a7013f83fe473c052
test_01157,leadw_text,0.3333333333333333,0.0,0.0,0.0,Babelscape/rebel-large,44eb6cb4585df284ce6c4d6a7013f83fe473c052
test_01158,run82_text,0.0,0.6666666666666666,0.0,0.0,Babelscape/rebel-large,44eb6cb4585df284ce6c4d6a7013f83fe473c052
test_01158,leadw_text,1.0,1.0,1.0,1.0,Babelscape/rebel-large,44eb6cb4585df284ce6c4d6a7013f83fe473c052
test_01168,run82_text,0.5,0.0,0.3333333333333333,0.0,Babelscape/rebel-large,44eb6cb4585df284ce6c4d6a7013f83fe473c052
test_01168,leadw_text,0.5,0.5714285714285715,0.5714285714285715,0.5714285714285715,Babelscape/rebel-large,44eb6cb4585df284ce6c4d6a7013f83fe473c052
test_01177,run82_text,0.0,0.0,0.0,0.0,Babelscape/rebel-large,44eb6cb4585df284ce6c4d6a7013f83fe473c052
test_01177,leadw_text,0.3333333333333333,0.4,0.3333333333333333,0.3333333333333333,Babelscape/rebel-large,44eb6cb4585df284ce6c4d6a7013f83fe473c052
test_01203,run82_text,0.1538461538461538,0.4444444444444445,0.0,0.0,Babelscape/rebel-large,44eb6cb4585df284ce6c4d6a7013f83fe473c052
test_01203,leadw_text,0.0,0.25,0.0,0.0,Babelscape/rebel-large,44eb6cb4585df284ce6c4d6a7013f83fe473c052
test_01208,run82_text,0.0,0.5714285714285715,0.0,0.0,Babelscape/rebel-large,44eb6cb4585df284ce6c4d6a7013f83fe473c052
test_01208,leadw_text,0.1818181818181818,0.3333333333333333,0.0,0.0,Babelscape/rebel-large,44eb6cb4585df284ce6c4d6a7013f83fe473c052
test_01223,run82_text,0.8571428571428571,0.4,0.8,0.4,Babelscape/rebel-large,44eb6cb4585df284ce6c4d6a7013f83fe473c052
test_01223,leadw_text,0.5,0.0,0.3333333333333333,0.0,Babelscape/rebel-large,44eb6cb4585df284ce6c4d6a7013f83fe473c052
test_01233,run82_text,0.0,0.0,0.0,0.0,Babelscape/rebel-large,44eb6cb4585df284ce6c4d6a7013f83fe473c052
test_01233,leadw_text,0.4,1.0,0.0,0.0,Babelscape/rebel-large,44eb6cb4585df284ce6c4d6a7013f83fe473c052
test_01260,run82_text,0.5,0.0,0.0,0.0,Babelscape/rebel-large,44eb6cb4585df284ce6c4d6a7013f83fe473c052
test_01260,leadw_text,0.0,0.0,0.0,0.0,Babelscape/rebel-large,44eb6cb4585df284ce6c4d6a7013f83fe473c052
test_01272,run82_text,0.3333333333333333,0.0,0.0,0.0,Babelscape/rebel-large,44eb6cb4585df284ce6c4d6a7013f83fe473c052
test_01272,leadw_text,0.3333333333333333,0.6666666666666666,0.0,0.0,Babelscape/rebel-large,44eb6cb4585df284ce6c4d6a7013f83fe473c052
test_01278,run82_text,0.0,0.0,0.0,0.0,Babelscape/rebel-large,44eb6cb4585df284ce6c4d6a7013f83fe473c052
test_01278,leadw_text,0.6666666666666666,0.6666666666666666,0.8,0.6666666666666666,Babelscape/rebel-large,44eb6cb4585df284ce6c4d6a7013f83fe473c052
test_01283,run82_text,0.2,0.2857142857142857,0.0,0.0,Babelscape/rebel-large,44eb6cb4585df284ce6c4d6a7013f83fe473c052
test_01283,leadw_text,0.4,0.0,0.0,0.0,Babelscape/rebel-large,44eb6cb4585df284ce6c4d6a7013f83fe473c052
test_01296,run82_text,0.5714285714285715,0.5,0.0,0.0,Babelscape/rebel-large,44eb6cb4585df284ce6c4d6a7013f83fe473c052
test_01296,leadw_text,0.2857142857142857,0.5,0.0,0.0,Babelscape/rebel-large,44eb6cb4585df284ce6c4d6a7013f83fe473c052
test_01306,run82_text,0.6666666666666666,0.8,0.8,0.8,Babelscape/rebel-large,44eb6cb4585df284ce6c4d6a7013f83fe473c052
test_01306,leadw_text,0.6666666666666666,0.8,0.8,0.8,Babelscape/rebel-large,44eb6cb4585df284ce6c4d6a7013f83fe473c052
test_01322,run82_text,0.0,0.0,0.0,0.0,Babelscape/rebel-large,44eb6cb4585df284ce6c4d6a7013f83fe473c052
test_01322,leadw_text,0.2857142857142857,0.6666666666666666,0.0,0.0,Babelscape/rebel-large,44eb6cb4585df284ce6c4d6a7013f83fe473c052
test_01340,run82_text,0.0,0.0,0.0,0.0,Babelscape/rebel-large,44eb6cb4585df284ce6c4d6a7013f83fe473c052
test_01340,leadw_text,0.2857142857142857,0.0,0.0,0.0,Babelscape/rebel-large,44eb6cb4585df284ce6c4d6a7013f83fe473c052
test_01366,run82_text,0.0,0.0,0.0,0.0,Babelscape/rebel-large,44eb6cb4585df284ce6c4d6a7013f83fe473c052
test_01366,leadw_text,0.5714285714285715,0.5,0.5714285714285715,0.5714285714285715,Babelscape/rebel-large,44eb6cb4585df284ce6c4d6a7013f83fe473c052
test_01372,run82_text,1.0,1.0,1.0,1.0,Babelscape/rebel-large,44eb6cb4585df284ce6c4d6a7013f83fe473c052
test_01372,leadw_text,1.0,1.0,1.0,1.0,Babelscape/rebel-large,44eb6cb4585df284ce6c4d6a7013f83fe473c052
test_01380,run82_text,0.2857142857142857,0.0,0.0,0.0,Babelscape/rebel-large,44eb6cb4585df284ce6c4d6a7013f83fe473c052
test_01380,leadw_text,0.6666666666666666,0.6666666666666666,0.6666666666666666,0.6666666666666666,Babelscape/rebel-large,44eb6cb4585df284ce6c4d6a7013f83fe473c052
test_01388,run82_text,0.0,0.0,0.0,0.0,Babelscape/rebel-large,44eb6cb4585df284ce6c4d6a7013f83fe473c052
test_01388,leadw_text,0.3076923076923077,0.25,0.25,0.25,Babelscape/rebel-large,44eb6cb4585df284ce6c4d6a7013f83fe473c052
test_01388,primera_text,0.1538461538461538,0.25,0.0,0.0,Babelscape/rebel-large,44eb6cb4585df284ce6c4d6a7013f83fe473c052
test_01461,run82_text,0.0,0.0,0.0,0.0,Babelscape/rebel-large,44eb6cb4585df284ce6c4d6a7013f83fe473c052
test_01461,leadw_text,0.0,0.0,0.0,0.0,Babelscape/rebel-large,44eb6cb4585df284ce6c4d6a7013f83fe473c052
test_01478,run82_text,0.0,0.0,0.0,0.0,Babelscape/rebel-large,44eb6cb4585df284ce6c4d6a7013f83fe473c052
test_01478,leadw_text,0.0,0.0,0.0,0.0,Babelscape/rebel-large,44eb6cb4585df284ce6c4d6a7013f83fe473c052
test_01518,run82_text,1.0,1.0,1.0,1.0,Babelscape/rebel-large,44eb6cb4585df284ce6c4d6a7013f83fe473c052
test_01518,leadw_text,1.0,1.0,1.0,1.0,Babelscape/rebel-large,44eb6cb4585df284ce6c4d6a7013f83fe473c052
test_01522,run82_text,0.0,0.6666666666666666,0.0,0.0,Babelscape/rebel-large,44eb6cb4585df284ce6c4d6a7013f83fe473c052
test_01522,leadw_text,0.0,0.6666666666666666,0.0,0.0,Babelscape/rebel-large,44eb6cb4585df284ce6c4d6a7013f83fe473c052
test_01533,run82_text,0.6666666666666666,0.8,0.8,0.8,Babelscape/rebel-large,44eb6cb4585df284ce6c4d6a7013f83fe473c052
test_01533,leadw_text,1.0,1.0,1.0,1.0,Babelscape/rebel-large,44eb6cb4585df284ce6c4d6a7013f83fe473c052
test_01545,run82_text,0.1111111111111111,0.0,0.0,0.0,Babelscape/rebel-large,44eb6cb4585df284ce6c4d6a7013f83fe473c052
test_01545,leadw_text,0.2222222222222222,0.5714285714285715,0.2105263157894736,0.2105263157894736,Babelscape/rebel-large,44eb6cb4585df284ce6c4d6a7013f83fe473c052
test_01574,run82_text,0.0,0.5,0.0,0.0,Babelscape/rebel-large,44eb6cb4585df284ce6c4d6a7013f83fe473c052
test_01574,leadw_text,0.0,0.0,0.0,0.0,Babelscape/rebel-large,44eb6cb4585df284ce6c4d6a7013f83fe473c052
test_01577,run82_text,0.4,0.0,0.0,0.0,Babelscape/rebel-large,44eb6cb4585df284ce6c4d6a7013f83fe473c052
test_01577,leadw_text,0.6666666666666666,1.0,0.5,0.5,Babelscape/rebel-large,44eb6cb4585df284ce6c4d6a7013f83fe473c052
test_01616,run82_text,0.0,0.0,0.0,0.0,Babelscape/rebel-large,44eb6cb4585df284ce6c4d6a7013f83fe473c052
test_01616,leadw_text,0.5,0.0,0.0,0.0,Babelscape/rebel-large,44eb6cb4585df284ce6c4d6a7013f83fe473c052
test_01630,run82_text,0.1666666666666666,0.0,0.0,0.0,Babelscape/rebel-large,44eb6cb4585df284ce6c4d6a7013f83fe473c052
test_01630,leadw_text,0.3333333333333333,0.5714285714285715,0.5,0.5,Babelscape/rebel-large,44eb6cb4585df284ce6c4d6a7013f83fe473c052
test_01635,run82_text,0.3333333333333333,0.0,0.0,0.0,Babelscape/rebel-large,44eb6cb4585df284ce6c4d6a7013f83fe473c052
test_01635,leadw_text,0.6666666666666666,0.0,0.0,0.0,Babelscape/rebel-large,44eb6cb4585df284ce6c4d6a7013f83fe473c052
test_01645,run82_text,0.0,0.0,0.0,0.0,Babelscape/rebel-large,44eb6cb4585df284ce6c4d6a7013f83fe473c052
test_01645,leadw_text,1.0,0.0,1.0,0.0,Babelscape/rebel-large,44eb6cb4585df284ce6c4d6a7013f83fe473c052
test_01646,run82_text,0.4,0.3333333333333333,0.2857142857142857,0.2857142857142857,Babelscape/rebel-large,44eb6cb4585df284ce6c4d6a7013f83fe473c052
test_01646,leadw_text,0.2,0.0,0.0,0.0,Babelscape/rebel-large,44eb6cb4585df284ce6c4d6a7013f83fe473c052
test_01653,run82_text,0.125,0.0,0.0,0.0,Babelscape/rebel-large,44eb6cb4585df284ce6c4d6a7013f83fe473c052
test_01653,leadw_text,0.0,0.1999999999999999,0.0,0.0,Babelscape/rebel-large,44eb6cb4585df284ce6c4d6a7013f83fe473c052
test_01655,run82_text,0.1666666666666666,0.4,0.0,0.0,Babelscape/rebel-large,44eb6cb4585df284ce6c4d6a7013f83fe473c052
test_01655,leadw_text,0.3333333333333333,0.4,0.3333333333333333,0.3333333333333333,Babelscape/rebel-large,44eb6cb4585df284ce6c4d6a7013f83fe473c052
test_01658,run82_text,0.1818181818181818,0.2,0.0,0.0,Babelscape/rebel-large,44eb6cb4585df284ce6c4d6a7013f83fe473c052
test_01658,leadw_text,0.3636363636363636,0.2222222222222222,0.2222222222222222,0.2222222222222222,Babelscape/rebel-large,44eb6cb4585df284ce6c4d6a7013f83fe473c052
test_01660,run82_text,0.0,0.6666666666666666,0.0,0.0,Babelscape/rebel-large,44eb6cb4585df284ce6c4d6a7013f83fe473c052
test_01660,leadw_text,0.3333333333333333,0.0,0.0,0.0,Babelscape/rebel-large,44eb6cb4585df284ce6c4d6a7013f83fe473c052
test_01682,run82_text,0.3076923076923077,0.2857142857142857,0.25,0.0,Babelscape/rebel-large,44eb6cb4585df284ce6c4d6a7013f83fe473c052
test_01682,leadw_text,0.3076923076923077,0.2857142857142857,0.25,0.25,Babelscape/rebel-large,44eb6cb4585df284ce6c4d6a7013f83fe473c052
test_01688,run82_text,0.2857142857142857,0.0,0.0,0.0,Babelscape/rebel-large,44eb6cb4585df284ce6c4d6a7013f83fe473c052
test_01688,leadw_text,0.2857142857142857,0.0,0.0,0.0,Babelscape/rebel-large,44eb6cb4585df284ce6c4d6a7013f83fe473c052
test_01695,run82_text,0.0,0.0,0.0,0.0,Babelscape/rebel-large,44eb6cb4585df284ce6c4d6a7013f83fe473c052
test_01695,leadw_text,0.6666666666666666,0.6666666666666666,0.8,0.8,Babelscape/rebel-large,44eb6cb4585df284ce6c4d6a7013f83fe473c052
test_01703,run82_text,1.0,1.0,1.0,1.0,Babelscape/rebel-large,44eb6cb4585df284ce6c4d6a7013f83fe473c052
test_01703,leadw_text,1.0,1.0,1.0,1.0,Babelscape/rebel-large,44eb6cb4585df284ce6c4d6a7013f83fe473c052
test_01707,run82_text,0.8,1.0,0.6666666666666666,0.6666666666666666,Babelscape/rebel-large,44eb6cb4585df284ce6c4d6a7013f83fe473c052
test_01707,leadw_text,1.0,1.0,1.0,1.0,Babelscape/rebel-large,44eb6cb4585df284ce6c4d6a7013f83fe473c052
test_01707,primera_text,1.0,1.0,1.0,1.0,Babelscape/rebel-large,44eb6cb4585df284ce6c4d6a7013f83fe473c052
test_01713,run82_text,0.5,0.0,0.0,0.0,Babelscape/rebel-large,44eb6cb4585df284ce6c4d6a7013f83fe473c052
test_01713,leadw_text,0.0,0.0,0.0,0.0,Babelscape/rebel-large,44eb6cb4585df284ce6c4d6a7013f83fe473c052
test_01723,run82_text,0.25,0.0,0.0,0.0,Babelscape/rebel-large,44eb6cb4585df284ce6c4d6a7013f83fe473c052
test_01723,leadw_text,0.5714285714285715,0.6666666666666666,0.5,0.5,Babelscape/rebel-large,44eb6cb4585df284ce6c4d6a7013f83fe473c052
test_01725,run82_text,0.6666666666666666,0.6666666666666666,0.6666666666666666,0.6666666666666666,Babelscape/rebel-large,44eb6cb4585df284ce6c4d6a7013f83fe473c052
test_01725,leadw_text,0.6666666666666666,0.6666666666666666,0.6666666666666666,0.6666666666666666,Babelscape/rebel-large,44eb6cb4585df284ce6c4d6a7013f83fe473c052
test_01734,run82_text,0.0,0.0,0.0,0.0,Babelscape/rebel-large,44eb6cb4585df284ce6c4d6a7013f83fe473c052
test_01734,leadw_text,0.0,0.0,0.0,0.0,Babelscape/rebel-large,44eb6cb4585df284ce6c4d6a7013f83fe473c052
test_01734,primera_text,0.0,0.0,0.0,0.0,Babelscape/rebel-large,44eb6cb4585df284ce6c4d6a7013f83fe473c052
test_01739,run82_text,0.5,0.0,0.5,0.0,Babelscape/rebel-large,44eb6cb4585df284ce6c4d6a7013f83fe473c052
test_01739,leadw_text,0.25,0.5,0.0,0.0,Babelscape/rebel-large,44eb6cb4585df284ce6c4d6a7013f83fe473c052
test_01740,run82_text,0.2857142857142857,0.2857142857142857,0.4,0.2,Babelscape/rebel-large,44eb6cb4585df284ce6c4d6a7013f83fe473c052
test_01740,leadw_text,0.4,0.3333333333333333,0.4,0.4,Babelscape/rebel-large,44eb6cb4585df284ce6c4d6a7013f83fe473c052
test_01768,run82_text,0.0,0.0,0.0,0.0,Babelscape/rebel-large,44eb6cb4585df284ce6c4d6a7013f83fe473c052
test_01768,leadw_text,0.6666666666666666,0.5,0.5,0.5,Babelscape/rebel-large,44eb6cb4585df284ce6c4d6a7013f83fe473c052
test_01774,run82_text,0.2222222222222222,0.0,0.0,0.0,Babelscape/rebel-large,44eb6cb4585df284ce6c4d6a7013f83fe473c052
test_01774,leadw_text,0.4444444444444445,0.5,0.4,0.4,Babelscape/rebel-large,44eb6cb4585df284ce6c4d6a7013f83fe473c052
test_01778,run82_text,0.0,0.0,0.0,0.0,Babelscape/rebel-large,44eb6cb4585df284ce6c4d6a7013f83fe473c052
test_01778,leadw_text,0.0,0.0,0.0,0.0,Babelscape/rebel-large,44eb6cb4585df284ce6c4d6a7013f83fe473c052
test_01781,run82_text,0.0,0.0,0.0,0.0,Babelscape/rebel-large,44eb6cb4585df284ce6c4d6a7013f83fe473c052
test_01781,leadw_text,0.0,0.0,0.0,0.0,Babelscape/rebel-large,44eb6cb4585df284ce6c4d6a7013f83fe473c052
test_01786,run82_text,0.0,0.8,0.0,0.0,Babelscape/rebel-large,44eb6cb4585df284ce6c4d6a7013f83fe473c052
test_01786,leadw_text,0.0,0.0,0.0,0.0,Babelscape/rebel-large,44eb6cb4585df284ce6c4d6a7013f83fe473c052
test_01786,primera_text,0.6666666666666666,0.5,0.5,0.5,Babelscape/rebel-large,44eb6cb4585df284ce6c4d6a7013f83fe473c052
test_01813,run82_text,0.0,0.0,0.0,0.0,Babelscape/rebel-large,44eb6cb4585df284ce6c4d6a7013f83fe473c052
test_01813,leadw_text,0.6666666666666666,0.6666666666666666,0.25,0.25,Babelscape/rebel-large,44eb6cb4585df284ce6c4d6a7013f83fe473c052
test_01820,run82_text,0.6666666666666666,0.0,0.3333333333333333,0.0,Babelscape/rebel-large,44eb6cb4585df284ce6c4d6a7013f83fe473c052
test_01820,leadw_text,0.4,0.0,0.0,0.0,Babelscape/rebel-large,44eb6cb4585df284ce6c4d6a7013f83fe473c052
test_01820,primera_text,1.0,1.0,1.0,1.0,Babelscape/rebel-large,44eb6cb4585df284ce6c4d6a7013f83fe473c052
test_01832,run82_text,0.0,0.0,0.0,0.0,Babelscape/rebel-large,44eb6cb4585df284ce6c4d6a7013f83fe473c052
test_01832,leadw_text,1.0,1.0,1.0,1.0,Babelscape/rebel-large,44eb6cb4585df284ce6c4d6a7013f83fe473c052
test_01855,run82_text,0.0,0.0,0.0,0.0,Babelscape/rebel-large,44eb6cb4585df284ce6c4d6a7013f83fe473c052
test_01855,leadw_text,0.0,0.0,0.0,0.0,Babelscape/rebel-large,44eb6cb4585df284ce6c4d6a7013f83fe473c052
test_01873,run82_text,0.5,0.6666666666666666,0.4,0.4,Babelscape/rebel-large,44eb6cb4585df284ce6c4d6a7013f83fe473c052
test_01873,leadw_text,0.5,0.6666666666666666,0.4,0.4,Babelscape/rebel-large,44eb6cb4585df284ce6c4d6a7013f83fe473c052
test_01878,run82_text,0.4444444444444445,0.0,0.0,0.0,Babelscape/rebel-large,44eb6cb4585df284ce6c4d6a7013f83fe473c052
test_01878,leadw_text,0.0,0.0,0.0,0.0,Babelscape/rebel-large,44eb6cb4585df284ce6c4d6a7013f83fe473c052
test_01889,run82_text,0.0,0.0,0.0,0.0,Babelscape/rebel-large,44eb6cb4585df284ce6c4d6a7013f83fe473c052
test_01889,leadw_text,1.0,1.0,1.0,1.0,Babelscape/rebel-large,44eb6cb4585df284ce6c4d6a7013f83fe473c052
test_01892,run82_text,0.25,0.0,0.0,0.0,Babelscape/rebel-large,44eb6cb4585df284ce6c4d6a7013f83fe473c052
test_01892,leadw_text,0.2857142857142857,0.0,0.0,0.0,Babelscape/rebel-large,44eb6cb4585df284ce6c4d6a7013f83fe473c052
test_01900,run82_text,0.0,0.0,0.0,0.0,Babelscape/rebel-large,44eb6cb4585df284ce6c4d6a7013f83fe473c052
test_01900,leadw_text,0.6666666666666666,0.8,0.8,0.8,Babelscape/rebel-large,44eb6cb4585df284ce6c4d6a7013f83fe473c052
test_01913,run82_text,0.0,0.0,0.0,0.0,Babelscape/rebel-large,44eb6cb4585df284ce6c4d6a7013f83fe473c052
test_01913,leadw_text,0.6666666666666666,0.6666666666666666,0.6666666666666666,0.6666666666666666,Babelscape/rebel-large,44eb6cb4585df284ce6c4d6a7013f83fe473c052
test_01915,run82_text,0.0,0.0,0.0,0.0,Babelscape/rebel-large,44eb6cb4585df284ce6c4d6a7013f83fe473c052
test_01915,leadw_text,0.6666666666666666,1.0,0.6666666666666666,0.6666666666666666,Babelscape/rebel-large,44eb6cb4585df284ce6c4d6a7013f83fe473c052
test_01929,run82_text,0.0,0.0,0.0,0.0,Babelscape/rebel-large,44eb6cb4585df284ce6c4d6a7013f83fe473c052
test_01929,leadw_text,0.2857142857142857,0.4,0.0,0.0,Babelscape/rebel-large,44eb6cb4585df284ce6c4d6a7013f83fe473c052
test_01930,run82_text,0.0,0.0,0.0,0.0,Babelscape/rebel-large,44eb6cb4585df284ce6c4d6a7013f83fe473c052
test_01930,leadw_text,0.0,0.0,0.0,0.0,Babelscape/rebel-large,44eb6cb4585df284ce6c4d6a7013f83fe473c052
test_01932,run82_text,1.0,1.0,1.0,1.0,Babelscape/rebel-large,44eb6cb4585df284ce6c4d6a7013f83fe473c052
test_01932,leadw_text,1.0,1.0,1.0,1.0,Babelscape/rebel-large,44eb6cb4585df284ce6c4d6a7013f83fe473c052
test_01947,run82_text,0.3333333333333333,0.0,0.0,0.0,Babelscape/rebel-large,44eb6cb4585df284ce6c4d6a7013f83fe473c052
test_01947,leadw_text,0.3333333333333333,0.6666666666666666,0.0,0.0,Babelscape/rebel-large,44eb6cb4585df284ce6c4d6a7013f83fe473c052
test_01974,run82_text,0.0,0.6666666666666666,0.0,0.0,Babelscape/rebel-large,44eb6cb4585df284ce6c4d6a7013f83fe473c052
test_01974,leadw_text,0.4,0.6666666666666666,0.0,0.0,Babelscape/rebel-large,44eb6cb4585df284ce6c4d6a7013f83fe473c052
test_01974,primera_text,0.4,1.0,0.0,0.0,Babelscape/rebel-large,44eb6cb4585df284ce6c4d6a7013f83fe473c052
test_01976,run82_text,0.0,0.0,0.0,0.0,Babelscape/rebel-large,44eb6cb4585df284ce6c4d6a7013f83fe473c052
test_01976,leadw_text,0.0,0.0,0.0,0.0,Babelscape/rebel-large,44eb6cb4585df284ce6c4d6a7013f83fe473c052
test_01978,run82_text,0.0,0.0,0.0,0.0,Babelscape/rebel-large,44eb6cb4585df284ce6c4d6a7013f83fe473c052
test_01978,leadw_text,0.0,0.0,0.0,0.0,Babelscape/rebel-large,44eb6cb4585df284ce6c4d6a7013f83fe473c052
test_01985,run82_text,0.1818181818181818,0.0,0.0,0.0,Babelscape/rebel-large,44eb6cb4585df284ce6c4d6a7013f83fe473c052
test_01985,leadw_text,0.0,0.0,0.0,0.0,Babelscape/rebel-large,44eb6cb4585df284ce6c4d6a7013f83fe473c052
test_02005,run82_text,0.6666666666666666,0.5,0.6666666666666666,0.6666666666666666,Babelscape/rebel-large,44eb6cb4585df284ce6c4d6a7013f83fe473c052
test_02005,leadw_text,0.6666666666666666,0.5,0.6666666666666666,0.6666666666666666,Babelscape/rebel-large,44eb6cb4585df284ce6c4d6a7013f83fe473c052
test_02005,primera_text,0.6666666666666666,0.5,0.6666666666666666,0.6666666666666666,Babelscape/rebel-large,44eb6cb4585df284ce6c4d6a7013f83fe473c052
test_02019,run82_text,0.0,0.3333333333333333,0.0,0.0,Babelscape/rebel-large,44eb6cb4585df284ce6c4d6a7013f83fe473c052
test_02019,leadw_text,0.3333333333333333,0.0,0.25,0.0,Babelscape/rebel-large,44eb6cb4585df284ce6c4d6a7013f83fe473c052
test_02023,run82_text,0.0,0.0,0.0,0.0,Babelscape/rebel-large,44eb6cb4585df284ce6c4d6a7013f83fe473c052
test_02023,leadw_text,1.0,1.0,1.0,1.0,Babelscape/rebel-large,44eb6cb4585df284ce6c4d6a7013f83fe473c052
test_02023,primera_text,0.5,0.6666666666666666,0.0,0.0,Babelscape/rebel-large,44eb6cb4585df284ce6c4d6a7013f83fe473c052
test_02026,run82_text,0.6666666666666666,0.0,0.0,0.0,Babelscape/rebel-large,44eb6cb4585df284ce6c4d6a7013f83fe473c052
test_02026,leadw_text,1.0,1.0,1.0,1.0,Babelscape/rebel-large,44eb6cb4585df284ce6c4d6a7013f83fe473c052
test_02027,run82_text,0.1111111111111111,0.3636363636363636,0.0,0.0,Babelscape/rebel-large,44eb6cb4585df284ce6c4d6a7013f83fe473c052
test_02027,leadw_text,0.2222222222222222,0.1999999999999999,0.1818181818181818,0.1818181818181818,Babelscape/rebel-large,44eb6cb4585df284ce6c4d6a7013f83fe473c052
test_02037,run82_text,0.0,0.0,0.0,0.0,Babelscape/rebel-large,44eb6cb4585df284ce6c4d6a7013f83fe473c052
test_02037,leadw_text,0.0,0.0,0.0,0.0,Babelscape/rebel-large,44eb6cb4585df284ce6c4d6a7013f83fe473c052
test_02046,run82_text,0.0,0.0,0.0,0.0,Babelscape/rebel-large,44eb6cb4585df284ce6c4d6a7013f83fe473c052
test_02046,leadw_text,0.6666666666666666,0.6666666666666666,0.6666666666666666,0.6666666666666666,Babelscape/rebel-large,44eb6cb4585df284ce6c4d6a7013f83fe473c052
test_02061,run82_text,0.0,0.0,0.0,0.0,Babelscape/rebel-large,44eb6cb4585df284ce6c4d6a7013f83fe473c052
test_02061,leadw_text,0.4,0.4,0.4,0.4,Babelscape/rebel-large,44eb6cb4585df284ce6c4d6a7013f83fe473c052
test_02062,run82_text,0.0,0.0,0.0,0.0,Babelscape/rebel-large,44eb6cb4585df284ce6c4d6a7013f83fe473c052
test_02062,leadw_text,0.2857142857142857,0.6666666666666666,0.0,0.0,Babelscape/rebel-large,44eb6cb4585df284ce6c4d6a7013f83fe473c052
test_02075,run82_text,0.1,0.0952380952380952,0.0869565217391304,0.0,Babelscape/rebel-large,44eb6cb4585df284ce6c4d6a7013f83fe473c052
test_02075,leadw_text,0.1904761904761905,0.1904761904761905,0.1666666666666666,0.1481481481481481,Babelscape/rebel-large,44eb6cb4585df284ce6c4d6a7013f83fe473c052
test_02077,run82_text,0.0,0.0,0.0,0.0,Babelscape/rebel-large,44eb6cb4585df284ce6c4d6a7013f83fe473c052
test_02077,leadw_text,0.6666666666666666,0.4,0.4,0.4,Babelscape/rebel-large,44eb6cb4585df284ce6c4d6a7013f83fe473c052
test_02081,run82_text,0.0,0.0,0.0,0.0,Babelscape/rebel-large,44eb6cb4585df284ce6c4d6a7013f83fe473c052
test_02081,leadw_text,0.1333333333333333,0.25,0.0,0.0,Babelscape/rebel-large,44eb6cb4585df284ce6c4d6a7013f83fe473c052
test_02093,run82_text,0.3333333333333333,0.4,0.0,0.0,Babelscape/rebel-large,44eb6cb4585df284ce6c4d6a7013f83fe473c052
test_02093,leadw_text,0.6666666666666666,0.0,0.5,0.0,Babelscape/rebel-large,44eb6cb4585df284ce6c4d6a7013f83fe473c052
test_02098,run82_text,0.5,1.0,0.0,0.0,Babelscape/rebel-large,44eb6cb4585df284ce6c4d6a7013f83fe473c052
test_02098,leadw_text,1.0,1.0,1.0,1.0,Babelscape/rebel-large,44eb6cb4585df284ce6c4d6a7013f83fe473c052
test_02100,run82_text,1.0,1.0,1.0,1.0,Babelscape/rebel-large,44eb6cb4585df284ce6c4d6a7013f83fe473c052
test_02100,leadw_text,1.0,1.0,1.0,1.0,Babelscape/rebel-large,44eb6cb4585df284ce6c4d6a7013f83fe473c052
test_02105,run82_text,0.0,0.0,0.0,0.0,Babelscape/rebel-large,44eb6cb4585df284ce6c4d6a7013f83fe473c052
test_02105,leadw_text,0.5,0.6666666666666666,0.6666666666666666,0.6666666666666666,Babelscape/rebel-large,44eb6cb4585df284ce6c4d6a7013f83fe473c052
test_02129,run82_text,0.5,1.0,0.0,0.0,Babelscape/rebel-large,44eb6cb4585df284ce6c4d6a7013f83fe473c052
test_02129,leadw_text,0.5,0.0,0.0,0.0,Babelscape/rebel-large,44eb6cb4585df284ce6c4d6a7013f83fe473c052
test_02139,run82_text,0.0,0.0,0.0,0.0,Babelscape/rebel-large,44eb6cb4585df284ce6c4d6a7013f83fe473c052
test_02139,leadw_text,0.6666666666666666,0.6666666666666666,0.6666666666666666,0.6666666666666666,Babelscape/rebel-large,44eb6cb4585df284ce6c4d6a7013f83fe473c052
test_02154,run82_text,1.0,1.0,1.0,1.0,Babelscape/rebel-large,44eb6cb4585df284ce6c4d6a7013f83fe473c052
test_02154,leadw_text,1.0,1.0,1.0,1.0,Babelscape/rebel-large,44eb6cb4585df284ce6c4d6a7013f83fe473c052
test_02178,run82_text,0.6666666666666666,0.6666666666666666,0.6666666666666666,0.6666666666666666,Babelscape/rebel-large,44eb6cb4585df284ce6c4d6a7013f83fe473c052
test_02178,leadw_text,0.6666666666666666,0.6666666666666666,0.6666666666666666,0.6666666666666666,Babelscape/rebel-large,44eb6cb4585df284ce6c4d6a7013f83fe473c052
test_02195,run82_text,0.0,0.5,0.0,0.0,Babelscape/rebel-large,44eb6cb4585df284ce6c4d6a7013f83fe473c052
test_02195,leadw_text,0.0,0.0,0.0,0.0,Babelscape/rebel-large,44eb6cb4585df284ce6c4d6a7013f83fe473c052
test_02196,run82_text,0.5,1.0,0.0,0.0,Babelscape/rebel-large,44eb6cb4585df284ce6c4d6a7013f83fe473c052
test_02196,leadw_text,0.5,0.0,0.0,0.0,Babelscape/rebel-large,44eb6cb4585df284ce6c4d6a7013f83fe473c052
test_02211,run82_text,0.3333333333333333,0.0,0.0,0.0,Babelscape/rebel-large,44eb6cb4585df284ce6c4d6a7013f83fe473c052
test_02211,leadw_text,0.0,0.0,0.0,0.0,Babelscape/rebel-large,44eb6cb4585df284ce6c4d6a7013f83fe473c052
test_02213,run82_text,0.6666666666666666,0.6666666666666666,0.6666666666666666,0.6666666666666666,Babelscape/rebel-large,44eb6cb4585df284ce6c4d6a7013f83fe473c052
test_02213,leadw_text,0.0,0.6666666666666666,0.0,0.0,Babelscape/rebel-large,44eb6cb4585df284ce6c4d6a7013f83fe473c052
test_02217,run82_text,1.0,1.0,1.0,1.0,Babelscape/rebel-large,44eb6cb4585df284ce6c4d6a7013f83fe473c052
test_02217,leadw_text,1.0,1.0,1.0,1.0,Babelscape/rebel-large,44eb6cb4585df284ce6c4d6a7013f83fe473c052
test_02238,run82_text,0.0,0.0,0.0,0.0,Babelscape/rebel-large,44eb6cb4585df284ce6c4d6a7013f83fe473c052
test_02238,leadw_text,0.8571428571428571,0.6666666666666666,0.7499999999999999,0.7499999999999999,Babelscape/rebel-large,44eb6cb4585df284ce6c4d6a7013f83fe473c052
test_02246,run82_text,0.1052631578947368,0.1818181818181818,0.0,0.0,Babelscape/rebel-large,44eb6cb4585df284ce6c4d6a7013f83fe473c052
test_02246,leadw_text,0.4705882352941176,0.5454545454545454,0.4615384615384615,0.4285714285714285,Babelscape/rebel-large,44eb6cb4585df284ce6c4d6a7013f83fe473c052
test_02248,run82_text,0.5714285714285715,0.6666666666666666,0.5714285714285715,0.5714285714285715,Babelscape/rebel-large,44eb6cb4585df284ce6c4d6a7013f83fe473c052
test_02248,leadw_text,0.5714285714285715,0.6666666666666666,0.5714285714285715,0.5714285714285715,Babelscape/rebel-large,44eb6cb4585df284ce6c4d6a7013f83fe473c052
test_02255,run82_text,0.0,0.0,0.0,0.0,Babelscape/rebel-large,44eb6cb4585df284ce6c4d6a7013f83fe473c052
test_02255,leadw_text,0.1818181818181818,0.0,0.0,0.0,Babelscape/rebel-large,44eb6cb4585df284ce6c4d6a7013f83fe473c052
test_02282,run82_text,0.0,0.0,0.0,0.0,Babelscape/rebel-large,44eb6cb4585df284ce6c4d6a7013f83fe473c052
test_02282,leadw_text,0.2,0.5,0.0,0.0,Babelscape/rebel-large,44eb6cb4585df284ce6c4d6a7013f83fe473c052
test_02288,run82_text,0.3636363636363636,0.2857142857142857,0.2857142857142857,0.2857142857142857,Babelscape/rebel-large,44eb6cb4585df284ce6c4d6a7013f83fe473c052
test_02288,leadw_text,0.1818181818181818,0.2857142857142857,0.0,0.0,Babelscape/rebel-large,44eb6cb4585df284ce6c4d6a7013f83fe473c052
test_02299,run82_text,0.0,0.0,0.0,0.0,Babelscape/rebel-large,44eb6cb4585df284ce6c4d6a7013f83fe473c052
test_02299,leadw_text,0.5714285714285715,0.8,0.5714285714285715,0.2857142857142857,Babelscape/rebel-large,44eb6cb4585df284ce6c4d6a7013f83fe473c052
test_02299,primera_text,0.0,0.0,0.0,0.0,Babelscape/rebel-large,44eb6cb4585df284ce6c4d6a7013f83fe473c052
test_02320,run82_text,0.0,0.0,0.0,0.0,Babelscape/rebel-large,44eb6cb4585df284ce6c4d6a7013f83fe473c052
test_02320,leadw_text,0.0,0.8,0.0,0.0,Babelscape/rebel-large,44eb6cb4585df284ce6c4d6a7013f83fe473c052
test_02330,run82_text,0.3333333333333333,0.6666666666666666,0.0,0.0,Babelscape/rebel-large,44eb6cb4585df284ce6c4d6a7013f83fe473c052
test_02330,leadw_text,0.6666666666666666,0.6666666666666666,0.6666666666666666,0.6666666666666666,Babelscape/rebel-large,44eb6cb4585df284ce6c4d6a7013f83fe473c052
test_02331,run82_text,1.0,1.0,1.0,1.0,Babelscape/rebel-large,44eb6cb4585df284ce6c4d6a7013f83fe473c052
test_02331,leadw_text,1.0,1.0,1.0,1.0,Babelscape/rebel-large,44eb6cb4585df284ce6c4d6a7013f83fe473c052
test_02335,run82_text,0.3333333333333333,0.4,0.2857142857142857,0.2857142857142857,Babelscape/rebel-large,44eb6cb4585df284ce6c4d6a7013f83fe473c052
test_02335,leadw_text,0.4,0.5,0.4,0.4,Babelscape/rebel-large,44eb6cb4585df284ce6c4d6a7013f83fe473c052
test_02339,run82_text,0.0,0.0,0.0,0.0,Babelscape/rebel-large,44eb6cb4585df284ce6c4d6a7013f83fe473c052
test_02339,leadw_text,0.6666666666666666,0.5,0.5,0.5,Babelscape/rebel-large,44eb6cb4585df284ce6c4d6a7013f83fe473c052
test_02339,primera_text,0.3333333333333333,0.5,0.0,0.0,Babelscape/rebel-large,44eb6cb4585df284ce6c4d6a7013f83fe473c052
test_02344,run82_text,0.0,0.0,0.0,0.0,Babelscape/rebel-large,44eb6cb4585df284ce6c4d6a7013f83fe473c052
test_02344,leadw_text,1.0,1.0,1.0,1.0,Babelscape/rebel-large,44eb6cb4585df284ce6c4d6a7013f83fe473c052
test_02369,run82_text,0.2857142857142857,0.0,0.0,0.0,Babelscape/rebel-large,44eb6cb4585df284ce6c4d6a7013f83fe473c052
test_02369,leadw_text,0.0,0.0,0.0,0.0,Babelscape/rebel-large,44eb6cb4585df284ce6c4d6a7013f83fe473c052
test_02387,run82_text,0.0,0.0,0.0,0.0,Babelscape/rebel-large,44eb6cb4585df284ce6c4d6a7013f83fe473c052
test_02387,leadw_text,0.0,0.0,0.0,0.0,Babelscape/rebel-large,44eb6cb4585df284ce6c4d6a7013f83fe473c052
test_02387,primera_text,0.0,0.0,0.0,0.0,Babelscape/rebel-large,44eb6cb4585df284ce6c4d6a7013f83fe473c052
test_02405,run82_text,0.6666666666666666,0.6666666666666666,0.6666666666666666,0.6666666666666666,Babelscape/rebel-large,44eb6cb4585df284ce6c4d6a7013f83fe473c052
test_02405,leadw_text,0.6666666666666666,0.6666666666666666,0.6666666666666666,0.6666666666666666,Babelscape/rebel-large,44eb6cb4585df284ce6c4d6a7013f83fe473c052
test_02414,run82_text,0.4,0.6666666666666666,0.0,0.0,Babelscape/rebel-large,44eb6cb4585df284ce6c4d6a7013f83fe473c052
test_02414,leadw_text,0.5,0.0,0.0,0.0,Babelscape/rebel-large,44eb6cb4585df284ce6c4d6a7013f83fe473c052
test_02434,run82_text,0.0,0.0,0.0,0.0,Babelscape/rebel-large,44eb6cb4585df284ce6c4d6a7013f83fe473c052
test_02434,leadw_text,0.4,0.6666666666666666,0.0,0.0,Babelscape/rebel-large,44eb6cb4585df284ce6c4d6a7013f83fe473c052
test_02436,run82_text,0.5714285714285715,0.6666666666666666,0.5,0.5,Babelscape/rebel-large,44eb6cb4585df284ce6c4d6a7013f83fe473c052
test_02436,leadw_text,0.888888888888889,0.6666666666666666,0.8,0.8,Babelscape/rebel-large,44eb6cb4585df284ce6c4d6a7013f83fe473c052
test_02467,run82_text,1.0,1.0,1.0,1.0,Babelscape/rebel-large,44eb6cb4585df284ce6c4d6a7013f83fe473c052
test_02467,leadw_text,1.0,1.0,1.0,1.0,Babelscape/rebel-large,44eb6cb4585df284ce6c4d6a7013f83fe473c052
test_02492,run82_text,0.0,0.0,0.0,0.0,Babelscape/rebel-large,44eb6cb4585df284ce6c4d6a7013f83fe473c052
test_02492,leadw_text,0.6666666666666666,0.6666666666666666,0.6666666666666666,0.6666666666666666,Babelscape/rebel-large,44eb6cb4585df284ce6c4d6a7013f83fe473c052
test_02494,run82_text,0.0,0.0,0.0,0.0,Babelscape/rebel-large,44eb6cb4585df284ce6c4d6a7013f83fe473c052
test_02494,leadw_text,0.3636363636363636,0.4444444444444445,0.3333333333333333,0.3333333333333333,Babelscape/rebel-large,44eb6cb4585df284ce6c4d6a7013f83fe473c052
test_02507,run82_text,0.3333333333333333,0.1818181818181818,0.1538461538461538,0.0,Babelscape/rebel-large,44eb6cb4585df284ce6c4d6a7013f83fe473c052
test_02507,leadw_text,0.4285714285714285,0.3076923076923076,0.2666666666666666,0.25,Babelscape/rebel-large,44eb6cb4585df284ce6c4d6a7013f83fe473c052
test_02510,run82_text,0.0,0.0,0.0,0.0,Babelscape/rebel-large,44eb6cb4585df284ce6c4d6a7013f83fe473c052
test_02510,leadw_text,0.5,0.3333333333333333,0.0,0.0,Babelscape/rebel-large,44eb6cb4585df284ce6c4d6a7013f83fe473c052
test_02513,run82_text,0.0,0.0,0.0,0.0,Babelscape/rebel-large,44eb6cb4585df284ce6c4d6a7013f83fe473c052
test_02513,leadw_text,0.5,0.5,0.4444444444444444,0.4444444444444444,Babelscape/rebel-large,44eb6cb4585df284ce6c4d6a7013f83fe473c052
test_02542,run82_text,0.4,0.0,0.0,0.0,Babelscape/rebel-large,44eb6cb4585df284ce6c4d6a7013f83fe473c052
test_02542,leadw_text,0.4,0.0,0.0,0.0,Babelscape/rebel-large,44eb6cb4585df284ce6c4d6a7013f83fe473c052
test_02563,run82_text,0.3333333333333333,0.0,0.0,0.0,Babelscape/rebel-large,44eb6cb4585df284ce6c4d6a7013f83fe473c052
test_02563,leadw_text,0.8571428571428571,0.5,0.0,0.0,Babelscape/rebel-large,44eb6cb4585df284ce6c4d6a7013f83fe473c052
test_02570,run82_text,0.0,0.0,0.0,0.0,Babelscape/rebel-large,44eb6cb4585df284ce6c4d6a7013f83fe473c052
test_02570,leadw_text,1.0,1.0,1.0,1.0,Babelscape/rebel-large,44eb6cb4585df284ce6c4d6a7013f83fe473c052
test_02572,run82_text,1.0,1.0,1.0,1.0,Babelscape/rebel-large,44eb6cb4585df284ce6c4d6a7013f83fe473c052
test_02572,leadw_text,1.0,1.0,1.0,1.0,Babelscape/rebel-large,44eb6cb4585df284ce6c4d6a7013f83fe473c052
test_02579,run82_text,1.0,1.0,1.0,1.0,Babelscape/rebel-large,44eb6cb4585df284ce6c4d6a7013f83fe473c052
test_02579,leadw_text,1.0,1.0,1.0,1.0,Babelscape/rebel-large,44eb6cb4585df284ce6c4d6a7013f83fe473c052
test_02579,primera_text,0.5,0.0,0.0,0.0,Babelscape/rebel-large,44eb6cb4585df284ce6c4d6a7013f83fe473c052
test_02583,run82_text,0.0,0.0,0.0,0.0,Babelscape/rebel-large,44eb6cb4585df284ce6c4d6a7013f83fe473c052
test_02583,leadw_text,0.0,0.0,0.0,0.0,Babelscape/rebel-large,44eb6cb4585df284ce6c4d6a7013f83fe473c052
test_02587,run82_text,0.0,0.0,0.0,0.0,Babelscape/rebel-large,44eb6cb4585df284ce6c4d6a7013f83fe473c052
test_02587,leadw_text,0.0,0.0,0.0,0.0,Babelscape/rebel-large,44eb6cb4585df284ce6c4d6a7013f83fe473c052
test_02599,run82_text,0.0,0.0,0.0,0.0,Babelscape/rebel-large,44eb6cb4585df284ce6c4d6a7013f83fe473c052
test_02599,leadw_text,1.0,1.0,1.0,1.0,Babelscape/rebel-large,44eb6cb4585df284ce6c4d6a7013f83fe473c052
test_02615,run82_text,1.0,1.0,1.0,1.0,Babelscape/rebel-large,44eb6cb4585df284ce6c4d6a7013f83fe473c052
test_02615,leadw_text,1.0,1.0,1.0,1.0,Babelscape/rebel-large,44eb6cb4585df284ce6c4d6a7013f83fe473c052
test_02628,run82_text,0.0,0.0,0.0,0.0,Babelscape/rebel-large,44eb6cb4585df284ce6c4d6a7013f83fe473c052
test_02628,leadw_text,0.0,0.0,0.0,0.0,Babelscape/rebel-large,44eb6cb4585df284ce6c4d6a7013f83fe473c052
test_02656,run82_text,0.2857142857142857,0.0,0.0,0.0,Babelscape/rebel-large,44eb6cb4585df284ce6c4d6a7013f83fe473c052
test_02656,leadw_text,0.5714285714285715,0.6666666666666666,0.5,0.5,Babelscape/rebel-large,44eb6cb4585df284ce6c4d6a7013f83fe473c052
test_02668,run82_text,0.5,0.4,0.4,0.4,Babelscape/rebel-large,44eb6cb4585df284ce6c4d6a7013f83fe473c052
test_02668,leadw_text,0.5,0.4,0.4,0.4,Babelscape/rebel-large,44eb6cb4585df284ce6c4d6a7013f83fe473c052
test_02686,run82_text,0.6666666666666666,0.8,0.8,0.8,Babelscape/rebel-large,44eb6cb4585df284ce6c4d6a7013f83fe473c052
test_02686,leadw_text,0.6666666666666666,0.8,0.8,0.8,Babelscape/rebel-large,44eb6cb4585df284ce6c4d6a7013f83fe473c052
test_02688,run82_text,0.5,0.6666666666666666,0.0,0.0,Babelscape/rebel-large,44eb6cb4585df284ce6c4d6a7013f83fe473c052
test_02688,leadw_text,1.0,1.0,1.0,1.0,Babelscape/rebel-large,44eb6cb4585df284ce6c4d6a7013f83fe473c052
test_02690,run82_text,0.1666666666666666,0.0,0.0,0.0,Babelscape/rebel-large,44eb6cb4585df284ce6c4d6a7013f83fe473c052
test_02690,leadw_text,0.1666666666666666,0.0,0.0,0.0,Babelscape/rebel-large,44eb6cb4585df284ce6c4d6a7013f83fe473c052
test_02702,run82_text,0.0,0.0,0.0,0.0,Babelscape/rebel-large,44eb6cb4585df284ce6c4d6a7013f83fe473c052
test_02702,leadw_text,0.4,0.0,0.0,0.0,Babelscape/rebel-large,44eb6cb4585df284ce6c4d6a7013f83fe473c052
test_02703,run82_text,0.0,0.0,0.0,0.0,Babelscape/rebel-large,44eb6cb4585df284ce6c4d6a7013f83fe473c052
test_02703,leadw_text,0.0,0.0,0.0,0.0,Babelscape/rebel-large,44eb6cb4585df284ce6c4d6a7013f83fe473c052
test_02721,run82_text,0.0,0.0,0.0,0.0,Babelscape/rebel-large,44eb6cb4585df284ce6c4d6a7013f83fe473c052
test_02721,leadw_text,0.0,0.0,0.0,0.0,Babelscape/rebel-large,44eb6cb4585df284ce6c4d6a7013f83fe473c052
test_02729,run82_text,0.0,0.4,0.0,0.0,Babelscape/rebel-large,44eb6cb4585df284ce6c4d6a7013f83fe473c052
test_02729,leadw_text,0.0,0.0,0.0,0.0,Babelscape/rebel-large,44eb6cb4585df284ce6c4d6a7013f83fe473c052
test_02735,run82_text,0.5,0.6666666666666666,0.5,0.5,Babelscape/rebel-large,44eb6cb4585df284ce6c4d6a7013f83fe473c052
test_02735,leadw_text,0.6,0.4,0.3333333333333333,0.3333333333333333,Babelscape/rebel-large,44eb6cb4585df284ce6c4d6a7013f83fe473c052
test_02736,run82_text,0.0,0.5,0.0,0.0,Babelscape/rebel-large,44eb6cb4585df284ce6c4d6a7013f83fe473c052
test_02736,leadw_text,0.2857142857142857,0.2857142857142857,0.2857142857142857,0.1428571428571428,Babelscape/rebel-large,44eb6cb4585df284ce6c4d6a7013f83fe473c052
test_02740,run82_text,0.2857142857142857,0.0,0.0,0.0,Babelscape/rebel-large,44eb6cb4585df284ce6c4d6a7013f83fe473c052
test_02740,leadw_text,0.5714285714285715,0.4,0.4,0.4,Babelscape/rebel-large,44eb6cb4585df284ce6c4d6a7013f83fe473c052
test_02744,run82_text,0.0,0.0,0.0,0.0,Babelscape/rebel-large,44eb6cb4585df284ce6c4d6a7013f83fe473c052
test_02744,leadw_text,0.2857142857142857,0.4,0.0,0.0,Babelscape/rebel-large,44eb6cb4585df284ce6c4d6a7013f83fe473c052
test_02748,run82_text,0.0,0.0,0.0,0.0,Babelscape/rebel-large,44eb6cb4585df284ce6c4d6a7013f83fe473c052
test_02748,leadw_text,0.9090909090909092,0.8571428571428571,0.888888888888889,0.888888888888889,Babelscape/rebel-large,44eb6cb4585df284ce6c4d6a7013f83fe473c052
test_02764,run82_text,0.0,0.0,0.0,0.0,Babelscape/rebel-large,44eb6cb4585df284ce6c4d6a7013f83fe473c052
test_02764,leadw_text,0.0,0.6666666666666666,0.0,0.0,Babelscape/rebel-large,44eb6cb4585df284ce6c4d6a7013f83fe473c052
test_02774,run82_text,0.8,0.0,0.0,0.0,Babelscape/rebel-large,44eb6cb4585df284ce6c4d6a7013f83fe473c052
test_02774,leadw_text,0.5,1.0,0.0,0.0,Babelscape/rebel-large,44eb6cb4585df284ce6c4d6a7013f83fe473c052
test_02776,run82_text,0.0,0.0,0.0,0.0,Babelscape/rebel-large,44eb6cb4585df284ce6c4d6a7013f83fe473c052
test_02776,leadw_text,0.2857142857142857,0.4,0.0,0.0,Babelscape/rebel-large,44eb6cb4585df284ce6c4d6a7013f83fe473c052
test_02778,run82_text,0.0,0.0,0.0,0.0,Babelscape/rebel-large,44eb6cb4585df284ce6c4d6a7013f83fe473c052
test_02778,leadw_text,0.2857142857142857,0.0,0.0,0.0,Babelscape/rebel-large,44eb6cb4585df284ce6c4d6a7013f83fe473c052
test_02782,run82_text,0.0,0.6666666666666666,0.0,0.0,Babelscape/rebel-large,44eb6cb4585df284ce6c4d6a7013f83fe473c052
test_02782,leadw_text,0.3333333333333333,0.0,0.0,0.0,Babelscape/rebel-large,44eb6cb4585df284ce6c4d6a7013f83fe473c052
test_02789,run82_text,0.1666666666666666,0.2222222222222222,0.0,0.0,Babelscape/rebel-large,44eb6cb4585df284ce6c4d6a7013f83fe473c052
test_02789,leadw_text,0.4615384615384615,0.6,0.3333333333333333,0.3333333333333333,Babelscape/rebel-large,44eb6cb4585df284ce6c4d6a7013f83fe473c052
test_02805,run82_text,0.1818181818181818,0.25,0.0,0.0,Babelscape/rebel-large,44eb6cb4585df284ce6c4d6a7013f83fe473c052
test_02805,leadw_text,0.9090909090909092,1.0,0.8333333333333333,0.8333333333333333,Babelscape/rebel-large,44eb6cb4585df284ce6c4d6a7013f83fe473c052
test_02810,run82_text,0.0,0.0,0.0,0.0,Babelscape/rebel-large,44eb6cb4585df284ce6c4d6a7013f83fe473c052
test_02810,leadw_text,0.0,0.3333333333333333,0.0,0.0,Babelscape/rebel-large,44eb6cb4585df284ce6c4d6a7013f83fe473c052
test_02822,run82_text,1.0,1.0,1.0,1.0,Babelscape/rebel-large,44eb6cb4585df284ce6c4d6a7013f83fe473c052
test_02822,leadw_text,1.0,1.0,1.0,1.0,Babelscape/rebel-large,44eb6cb4585df284ce6c4d6a7013f83fe473c052
test_02830,run82_text,0.2,0.3333333333333333,0.0,0.0,Babelscape/rebel-large,44eb6cb4585df284ce6c4d6a7013f83fe473c052
test_02830,leadw_text,0.4,0.3333333333333333,0.3333333333333333,0.3333333333333333,Babelscape/rebel-large,44eb6cb4585df284ce6c4d6a7013f83fe473c052
test_02834,run82_text,0.5714285714285715,0.4,0.0,0.0,Babelscape/rebel-large,44eb6cb4585df284ce6c4d6a7013f83fe473c052
test_02834,leadw_text,0.5714285714285715,0.6666666666666666,0.6666666666666666,0.6666666666666666,Babelscape/rebel-large,44eb6cb4585df284ce6c4d6a7013f83fe473c052
test_02836,run82_text,1.0,1.0,1.0,1.0,Babelscape/rebel-large,44eb6cb4585df284ce6c4d6a7013f83fe473c052
test_02836,leadw_text,1.0,1.0,1.0,1.0,Babelscape/rebel-large,44eb6cb4585df284ce6c4d6a7013f83fe473c052
test_02837,run82_text,0.2,0.0,0.0,0.0,Babelscape/rebel-large,44eb6cb4585df284ce6c4d6a7013f83fe473c052
test_02837,leadw_text,0.2,0.5,0.0,0.0,Babelscape/rebel-large,44eb6cb4585df284ce6c4d6a7013f83fe473c052
test_02841,run82_text,0.4,0.0,0.0,0.0,Babelscape/rebel-large,44eb6cb4585df284ce6c4d6a7013f83fe473c052
test_02841,leadw_text,1.0,1.0,1.0,1.0,Babelscape/rebel-large,44eb6cb4585df284ce6c4d6a7013f83fe473c052
test_02848,run82_text,0.5,0.0,0.0,0.0,Babelscape/rebel-large,44eb6cb4585df284ce6c4d6a7013f83fe473c052
test_02848,leadw_text,0.5,0.0,0.0,0.0,Babelscape/rebel-large,44eb6cb4585df284ce6c4d6a7013f83fe473c052
test_02848,primera_text,0.0,0.0,0.0,0.0,Babelscape/rebel-large,44eb6cb4585df284ce6c4d6a7013f83fe473c052
test_02849,run82_text,0.0,0.6666666666666666,0.0,0.0,Babelscape/rebel-large,44eb6cb4585df284ce6c4d6a7013f83fe473c052
test_02849,leadw_text,0.4444444444444445,0.4,0.3333333333333333,0.3333333333333333,Babelscape/rebel-large,44eb6cb4585df284ce6c4d6a7013f83fe473c052
test_02873,run82_text,0.0,0.0,0.0,0.0,Babelscape/rebel-large,44eb6cb4585df284ce6c4d6a7013f83fe473c052
test_02873,leadw_text,0.0,0.0,0.0,0.0,Babelscape/rebel-large,44eb6cb4585df284ce6c4d6a7013f83fe473c052
test_02878,run82_text,0.0,0.0,0.0,0.0,Babelscape/rebel-large,44eb6cb4585df284ce6c4d6a7013f83fe473c052
test_02878,leadw_text,0.0,0.0,0.0,0.0,Babelscape/rebel-large,44eb6cb4585df284ce6c4d6a7013f83fe473c052
test_02879,run82_text,0.0,0.0,0.0,0.0,Babelscape/rebel-large,44eb6cb4585df284ce6c4d6a7013f83fe473c052
test_02879,leadw_text,0.0,0.0,0.0,0.0,Babelscape/rebel-large,44eb6cb4585df284ce6c4d6a7013f83fe473c052
test_02897,run82_text,0.0,0.5,0.0,0.0,Babelscape/rebel-large,44eb6cb4585df284ce6c4d6a7013f83fe473c052
test_02897,leadw_text,0.0,0.0,0.0,0.0,Babelscape/rebel-large,44eb6cb4585df284ce6c4d6a7013f83fe473c052
test_02907,run82_text,0.0,0.0,0.0,0.0,Babelscape/rebel-large,44eb6cb4585df284ce6c4d6a7013f83fe473c052
test_02907,leadw_text,0.8333333333333333,1.0,0.9090909090909092,0.9090909090909092,Babelscape/rebel-large,44eb6cb4585df284ce6c4d6a7013f83fe473c052
test_02914,run82_text,0.0,0.0,0.0,0.0,Babelscape/rebel-large,44eb6cb4585df284ce6c4d6a7013f83fe473c052
test_02914,leadw_text,0.0,0.0,0.0,0.0,Babelscape/rebel-large,44eb6cb4585df284ce6c4d6a7013f83fe473c052
test_02955,run82_text,0.0,0.0,0.0,0.0,Babelscape/rebel-large,44eb6cb4585df284ce6c4d6a7013f83fe473c052
test_02955,leadw_text,0.5,1.0,0.5,0.5,Babelscape/rebel-large,44eb6cb4585df284ce6c4d6a7013f83fe473c052
test_02965,run82_text,1.0,1.0,1.0,1.0,Babelscape/rebel-large,44eb6cb4585df284ce6c4d6a7013f83fe473c052
test_02965,leadw_text,1.0,1.0,1.0,1.0,Babelscape/rebel-large,44eb6cb4585df284ce6c4d6a7013f83fe473c052
test_02986,run82_text,0.0,0.6666666666666666,0.0,0.0,Babelscape/rebel-large,44eb6cb4585df284ce6c4d6a7013f83fe473c052
test_02986,leadw_text,0.0,0.6666666666666666,0.0,0.0,Babelscape/rebel-large,44eb6cb4585df284ce6c4d6a7013f83fe473c052
test_02989,run82_text,1.0,1.0,1.0,1.0,Babelscape/rebel-large,44eb6cb4585df284ce6c4d6a7013f83fe473c052
test_02989,leadw_text,1.0,1.0,1.0,1.0,Babelscape/rebel-large,44eb6cb4585df284ce6c4d6a7013f83fe473c052
test_03028,run82_text,1.0,1.0,1.0,1.0,Babelscape/rebel-large,44eb6cb4585df284ce6c4d6a7013f83fe473c052
test_03028,leadw_text,1.0,1.0,1.0,1.0,Babelscape/rebel-large,44eb6cb4585df284ce6c4d6a7013f83fe473c052
test_03028,primera_text,0.0,0.0,0.0,0.0,Babelscape/rebel-large,44eb6cb4585df284ce6c4d6a7013f83fe473c052
test_03031,run82_text,0.0,0.0,0.0,0.0,Babelscape/rebel-large,44eb6cb4585df284ce6c4d6a7013f83fe473c052
test_03031,leadw_text,0.0,0.0,0.0,0.0,Babelscape/rebel-large,44eb6cb4585df284ce6c4d6a7013f83fe473c052
test_03035,run82_text,0.0,0.0,0.0,0.0,Babelscape/rebel-large,44eb6cb4585df284ce6c4d6a7013f83fe473c052
test_03035,leadw_text,0.6666666666666666,0.6666666666666666,0.6666666666666666,0.6666666666666666,Babelscape/rebel-large,44eb6cb4585df284ce6c4d6a7013f83fe473c052
test_03038,run82_text,0.5,0.0,0.0,0.0,Babelscape/rebel-large,44eb6cb4585df284ce6c4d6a7013f83fe473c052
test_03038,leadw_text,0.25,0.0,0.0,0.0,Babelscape/rebel-large,44eb6cb4585df284ce6c4d6a7013f83fe473c052
test_03038,primera_text,0.25,0.0,0.0,0.0,Babelscape/rebel-large,44eb6cb4585df284ce6c4d6a7013f83fe473c052
test_03050,run82_text,0.0,0.0,0.0,0.0,Babelscape/rebel-large,44eb6cb4585df284ce6c4d6a7013f83fe473c052
test_03050,leadw_text,0.5,0.4,0.4,0.4,Babelscape/rebel-large,44eb6cb4585df284ce6c4d6a7013f83fe473c052
test_03058,run82_text,0.0,0.0,0.0,0.0,Babelscape/rebel-large,44eb6cb4585df284ce6c4d6a7013f83fe473c052
test_03058,leadw_text,0.0,0.0,0.0,0.0,Babelscape/rebel-large,44eb6cb4585df284ce6c4d6a7013f83fe473c052
test_03058,primera_text,0.0,0.0,0.0,0.0,Babelscape/rebel-large,44eb6cb4585df284ce6c4d6a7013f83fe473c052
test_03061,run82_text,0.8,0.5,0.5,0.0,Babelscape/rebel-large,44eb6cb4585df284ce6c4d6a7013f83fe473c052
test_03061,leadw_text,0.4,0.5,0.0,0.0,Babelscape/rebel-large,44eb6cb4585df284ce6c4d6a7013f83fe473c052
test_03061,primera_text,0.4,0.5,0.0,0.0,Babelscape/rebel-large,44eb6cb4585df284ce6c4d6a7013f83fe473c052
test_03073,run82_text,0.0,0.0,0.0,0.0,Babelscape/rebel-large,44eb6cb4585df284ce6c4d6a7013f83fe473c052
test_03073,leadw_text,0.6666666666666666,0.6666666666666666,0.6666666666666666,0.6666666666666666,Babelscape/rebel-large,44eb6cb4585df284ce6c4d6a7013f83fe473c052
test_03077,run82_text,0.2222222222222222,0.0,0.0,0.0,Babelscape/rebel-large,44eb6cb4585df284ce6c4d6a7013f83fe473c052
test_03077,leadw_text,0.4444444444444445,0.3333333333333333,0.2857142857142857,0.2857142857142857,Babelscape/rebel-large,44eb6cb4585df284ce6c4d6a7013f83fe473c052
test_03077,primera_text,0.2222222222222222,0.0,0.0,0.0,Babelscape/rebel-large,44eb6cb4585df284ce6c4d6a7013f83fe473c052
test_03091,run82_text,0.2857142857142857,0.0,0.0,0.0,Babelscape/rebel-large,44eb6cb4585df284ce6c4d6a7013f83fe473c052
test_03091,leadw_text,0.888888888888889,0.7272727272727273,0.8,0.6666666666666666,Babelscape/rebel-large,44eb6cb4585df284ce6c4d6a7013f83fe473c052
test_03091,primera_text,0.2857142857142857,0.0,0.0,0.0,Babelscape/rebel-large,44eb6cb4585df284ce6c4d6a7013f83fe473c052
test_03108,run82_text,0.0,0.6666666666666666,0.0,0.0,Babelscape/rebel-large,44eb6cb4585df284ce6c4d6a7013f83fe473c052
test_03108,leadw_text,0.6666666666666666,0.6666666666666666,0.6666666666666666,0.6666666666666666,Babelscape/rebel-large,44eb6cb4585df284ce6c4d6a7013f83fe473c052
test_03123,run82_text,0.0,0.0,0.0,0.0,Babelscape/rebel-large,44eb6cb4585df284ce6c4d6a7013f83fe473c052
test_03123,leadw_text,0.6666666666666666,0.5,0.5,0.5,Babelscape/rebel-large,44eb6cb4585df284ce6c4d6a7013f83fe473c052
test_03127,run82_text,0.2666666666666666,0.2857142857142857,0.0,0.0,Babelscape/rebel-large,44eb6cb4585df284ce6c4d6a7013f83fe473c052
test_03127,leadw_text,0.5714285714285715,0.4,0.6666666666666666,0.6666666666666666,Babelscape/rebel-large,44eb6cb4585df284ce6c4d6a7013f83fe473c052
test_03134,run82_text,0.0,0.6666666666666666,0.0,0.0,Babelscape/rebel-large,44eb6cb4585df284ce6c4d6a7013f83fe473c052
test_03134,leadw_text,1.0,1.0,1.0,1.0,Babelscape/rebel-large,44eb6cb4585df284ce6c4d6a7013f83fe473c052
test_03147,run82_text,0.0,0.0,0.0,0.0,Babelscape/rebel-large,44eb6cb4585df284ce6c4d6a7013f83fe473c052
test_03147,leadw_text,0.5,0.5,0.4,0.4,Babelscape/rebel-large,44eb6cb4585df284ce6c4d6a7013f83fe473c052
test_03154,run82_text,0.0,0.5,0.0,0.0,Babelscape/rebel-large,44eb6cb4585df284ce6c4d6a7013f83fe473c052
test_03154,leadw_text,0.2222222222222222,0.5,0.0,0.0,Babelscape/rebel-large,44eb6cb4585df284ce6c4d6a7013f83fe473c052
test_03156,run82_text,0.5,0.0,0.0,0.0,Babelscape/rebel-large,44eb6cb4585df284ce6c4d6a7013f83fe473c052
test_03156,leadw_text,1.0,1.0,1.0,1.0,Babelscape/rebel-large,44eb6cb4585df284ce6c4d6a7013f83fe473c052
test_03157,run82_text,0.5714285714285715,0.0,0.0,0.0,Babelscape/rebel-large,44eb6cb4585df284ce6c4d6a7013f83fe473c052
test_03157,leadw_text,0.5,0.0,0.0,0.0,Babelscape/rebel-large,44eb6cb4585df284ce6c4d6a7013f83fe473c052
test_03158,run82_text,1.0,1.0,1.0,1.0,Babelscape/rebel-large,44eb6cb4585df284ce6c4d6a7013f83fe473c052
test_03158,leadw_text,1.0,1.0,1.0,1.0,Babelscape/rebel-large,44eb6cb4585df284ce6c4d6a7013f83fe473c052
test_03174,run82_text,0.3333333333333333,0.8,0.0,0.0,Babelscape/rebel-large,44eb6cb4585df284ce6c4d6a7013f83fe473c052
test_03174,leadw_text,0.6666666666666666,0.8,0.6666666666666666,0.6666666666666666,Babelscape/rebel-large,44eb6cb4585df284ce6c4d6a7013f83fe473c052
test_03175,run82_text,0.0,0.1999999999999999,0.0,0.0,Babelscape/rebel-large,44eb6cb4585df284ce6c4d6a7013f83fe473c052
test_03175,leadw_text,0.1904761904761905,0.1999999999999999,0.1176470588235294,0.1176470588235294,Babelscape/rebel-large,44eb6cb4585df284ce6c4d6a7013f83fe473c052
test_03202,run82_text,0.6666666666666666,0.5,0.6666666666666666,0.6666666666666666,Babelscape/rebel-large,44eb6cb4585df284ce6c4d6a7013f83fe473c052
test_03202,leadw_text,0.0,0.0,0.0,0.0,Babelscape/rebel-large,44eb6cb4585df284ce6c4d6a7013f83fe473c052
test_03207,run82_text,0.3333333333333333,0.0,0.0,0.0,Babelscape/rebel-large,44eb6cb4585df284ce6c4d6a7013f83fe473c052
test_03207,leadw_text,1.0,1.0,1.0,1.0,Babelscape/rebel-large,44eb6cb4585df284ce6c4d6a7013f83fe473c052
test_03207,primera_text,0.4,0.0,0.0,0.0,Babelscape/rebel-large,44eb6cb4585df284ce6c4d6a7013f83fe473c052
test_03210,run82_text,0.0,0.3333333333333333,0.0,0.0,Babelscape/rebel-large,44eb6cb4585df284ce6c4d6a7013f83fe473c052
test_03210,leadw_text,0.2,0.4,0.0,0.0,Babelscape/rebel-large,44eb6cb4585df284ce6c4d6a7013f83fe473c052
test_03226,run82_text,0.5,0.0,0.0,0.0,Babelscape/rebel-large,44eb6cb4585df284ce6c4d6a7013f83fe473c052
test_03226,leadw_text,1.0,1.0,1.0,1.0,Babelscape/rebel-large,44eb6cb4585df284ce6c4d6a7013f83fe473c052
test_03236,run82_text,0.25,0.0,0.0,0.0,Babelscape/rebel-large,44eb6cb4585df284ce6c4d6a7013f83fe473c052
test_03236,leadw_text,0.5,0.8,0.5714285714285715,0.5714285714285715,Babelscape/rebel-large,44eb6cb4585df284ce6c4d6a7013f83fe473c052
test_03240,run82_text,1.0,0.0,0.6666666666666666,0.0,Babelscape/rebel-large,44eb6cb4585df284ce6c4d6a7013f83fe473c052
test_03240,leadw_text,0.0,0.0,0.0,0.0,Babelscape/rebel-large,44eb6cb4585df284ce6c4d6a7013f83fe473c052
test_03251,run82_text,0.0,0.0,0.0,0.0,Babelscape/rebel-large,44eb6cb4585df284ce6c4d6a7013f83fe473c052
test_03251,leadw_text,0.6666666666666666,0.6666666666666666,0.6666666666666666,0.6666666666666666,Babelscape/rebel-large,44eb6cb4585df284ce6c4d6a7013f83fe473c052
test_03251,primera_text,0.0,0.0,0.0,0.0,Babelscape/rebel-large,44eb6cb4585df284ce6c4d6a7013f83fe473c052
test_03265,run82_text,1.0,1.0,1.0,1.0,Babelscape/rebel-large,44eb6cb4585df284ce6c4d6a7013f83fe473c052
test_03265,leadw_text,1.0,1.0,1.0,1.0,Babelscape/rebel-large,44eb6cb4585df284ce6c4d6a7013f83fe473c052
test_03288,run82_text,0.2222222222222222,0.3333333333333333,0.0,0.0,Babelscape/rebel-large,44eb6cb4585df284ce6c4d6a7013f83fe473c052
test_03288,leadw_text,0.4444444444444445,0.3333333333333333,0.3333333333333333,0.3333333333333333,Babelscape/rebel-large,44eb6cb4585df284ce6c4d6a7013f83fe473c052
test_03290,run82_text,0.3333333333333333,0.6666666666666666,0.0,0.0,Babelscape/rebel-large,44eb6cb4585df284ce6c4d6a7013f83fe473c052
test_03290,leadw_text,0.6666666666666666,0.6666666666666666,0.6666666666666666,0.6666666666666666,Babelscape/rebel-large,44eb6cb4585df284ce6c4d6a7013f83fe473c052
test_03329,run82_text,0.0,0.0,0.0,0.0,Babelscape/rebel-large,44eb6cb4585df284ce6c4d6a7013f83fe473c052
test_03329,leadw_text,0.2222222222222222,0.0,0.0,0.0,Babelscape/rebel-large,44eb6cb4585df284ce6c4d6a7013f83fe473c052
test_03337,run82_text,0.0,0.0,0.0,0.0,Babelscape/rebel-large,44eb6cb4585df284ce6c4d6a7013f83fe473c052
test_03337,leadw_text,0.0,0.0,0.0,0.0,Babelscape/rebel-large,44eb6cb4585df284ce6c4d6a7013f83fe473c052
test_03337,primera_text,0.0,0.0,0.0,0.0,Babelscape/rebel-large,44eb6cb4585df284ce6c4d6a7013f83fe473c052
test_03360,run82_text,0.0,0.6666666666666666,0.0,0.0,Babelscape/rebel-large,44eb6cb4585df284ce6c4d6a7013f83fe473c052
test_03360,leadw_text,0.0,0.0,0.0,0.0,Babelscape/rebel-large,44eb6cb4585df284ce6c4d6a7013f83fe473c052
test_03375,run82_text,0.0,0.0,0.0,0.0,Babelscape/rebel-large,44eb6cb4585df284ce6c4d6a7013f83fe473c052
test_03375,leadw_text,0.125,0.4444444444444445,0.0,0.0,Babelscape/rebel-large,44eb6cb4585df284ce6c4d6a7013f83fe473c052
test_03380,run82_text,0.3333333333333333,0.0,0.0,0.0,Babelscape/rebel-large,44eb6cb4585df284ce6c4d6a7013f83fe473c052
test_03380,leadw_text,0.6666666666666666,0.6666666666666666,0.6666666666666666,0.6666666666666666,Babelscape/rebel-large,44eb6cb4585df284ce6c4d6a7013f83fe473c052
test_03380,primera_text,0.0,0.6666666666666666,0.0,0.0,Babelscape/rebel-large,44eb6cb4585df284ce6c4d6a7013f83fe473c052
test_03390,run82_text,0.5,0.0,0.0,0.0,Babelscape/rebel-large,44eb6cb4585df284ce6c4d6a7013f83fe473c052
test_03390,leadw_text,0.8,0.0,0.5,0.0,Babelscape/rebel-large,44eb6cb4585df284ce6c4d6a7013f83fe473c052
test_03392,run82_text,0.0,0.0,0.0,0.0,Babelscape/rebel-large,44eb6cb4585df284ce6c4d6a7013f83fe473c052
test_03392,leadw_text,0.3636363636363636,0.6666666666666666,0.5,0.5,Babelscape/rebel-large,44eb6cb4585df284ce6c4d6a7013f83fe473c052
test_03397,run82_text,0.0,0.0,0.0,0.0,Babelscape/rebel-large,44eb6cb4585df284ce6c4d6a7013f83fe473c052
test_03397,leadw_text,0.0,0.0,0.0,0.0,Babelscape/rebel-large,44eb6cb4585df284ce6c4d6a7013f83fe473c052
test_03415,run82_text,0.6666666666666666,0.6666666666666666,0.6666666666666666,0.6666666666666666,Babelscape/rebel-large,44eb6cb4585df284ce6c4d6a7013f83fe473c052
test_03415,leadw_text,0.3333333333333333,0.6666666666666666,0.0,0.0,Babelscape/rebel-large,44eb6cb4585df284ce6c4d6a7013f83fe473c052
test_03415,primera_text,0.0,0.0,0.0,0.0,Babelscape/rebel-large,44eb6cb4585df284ce6c4d6a7013f83fe473c052
test_03420,run82_text,0.25,0.6666666666666666,0.0,0.0,Babelscape/rebel-large,44eb6cb4585df284ce6c4d6a7013f83fe473c052
test_03420,leadw_text,0.5,0.6666666666666666,0.5,0.5,Babelscape/rebel-large,44eb6cb4585df284ce6c4d6a7013f83fe473c052
test_03420,primera_text,0.5,0.6666666666666666,0.5,0.5,Babelscape/rebel-large,44eb6cb4585df284ce6c4d6a7013f83fe473c052
test_03422,run82_text,0.0,0.0,0.0,0.0,Babelscape/rebel-large,44eb6cb4585df284ce6c4d6a7013f83fe473c052
test_03422,leadw_text,0.6666666666666666,0.6666666666666666,0.6666666666666666,0.6666666666666666,Babelscape/rebel-large,44eb6cb4585df284ce6c4d6a7013f83fe473c052
test_03428,run82_text,0.5714285714285715,0.5,0.6666666666666666,0.6666666666666666,Babelscape/rebel-large,44eb6cb4585df284ce6c4d6a7013f83fe473c052
test_03428,leadw_text,0.0,0.0,0.0,0.0,Babelscape/rebel-large,44eb6cb4585df284ce6c4d6a7013f83fe473c052
test_03457,run82_text,1.0,0.5,1.0,0.5,Babelscape/rebel-large,44eb6cb4585df284ce6c4d6a7013f83fe473c052
test_03457,leadw_text,1.0,1.0,1.0,1.0,Babelscape/rebel-large,44eb6cb4585df284ce6c4d6a7013f83fe473c052
test_03458,run82_text,0.0,0.6666666666666666,0.0,0.0,Babelscape/rebel-large,44eb6cb4585df284ce6c4d6a7013f83fe473c052
test_03458,leadw_text,0.6666666666666666,1.0,0.6666666666666666,0.6666666666666666,Babelscape/rebel-large,44eb6cb4585df284ce6c4d6a7013f83fe473c052
test_03462,run82_text,0.0,0.2857142857142857,0.0,0.0,Babelscape/rebel-large,44eb6cb4585df284ce6c4d6a7013f83fe473c052
test_03462,leadw_text,0.0,0.25,0.0,0.0,Babelscape/rebel-large,44eb6cb4585df284ce6c4d6a7013f83fe473c052
test_03462,primera_text,0.0,0.0,0.0,0.0,Babelscape/rebel-large,44eb6cb4585df284ce6c4d6a7013f83fe473c052
test_03467,run82_text,1.0,1.0,1.0,1.0,Babelscape/rebel-large,44eb6cb4585df284ce6c4d6a7013f83fe473c052
test_03467,leadw_text,1.0,1.0,1.0,1.0,Babelscape/rebel-large,44eb6cb4585df284ce6c4d6a7013f83fe473c052
test_03471,run82_text,0.0,0.0,0.0,0.0,Babelscape/rebel-large,44eb6cb4585df284ce6c4d6a7013f83fe473c052
test_03471,leadw_text,0.0,0.0,0.0,0.0,Babelscape/rebel-large,44eb6cb4585df284ce6c4d6a7013f83fe473c052
test_03476,run82_text,0.0,0.0,0.0,0.0,Babelscape/rebel-large,44eb6cb4585df284ce6c4d6a7013f83fe473c052
test_03476,leadw_text,0.888888888888889,1.0,0.8571428571428571,0.8571428571428571,Babelscape/rebel-large,44eb6cb4585df284ce6c4d6a7013f83fe473c052
test_03483,run82_text,1.0,0.5,1.0,0.5,Babelscape/rebel-large,44eb6cb4585df284ce6c4d6a7013f83fe473c052
test_03483,leadw_text,1.0,1.0,1.0,1.0,Babelscape/rebel-large,44eb6cb4585df284ce6c4d6a7013f83fe473c052
test_03505,run82_text,0.4444444444444445,0.5,0.3333333333333333,0.3333333333333333,Babelscape/rebel-large,44eb6cb4585df284ce6c4d6a7013f83fe473c052
test_03505,leadw_text,1.0,1.0,1.0,1.0,Babelscape/rebel-large,44eb6cb4585df284ce6c4d6a7013f83fe473c052
test_03515,run82_text,0.3333333333333333,0.0,0.0,0.0,Babelscape/rebel-large,44eb6cb4585df284ce6c4d6a7013f83fe473c052
test_03515,leadw_text,0.6666666666666666,0.6666666666666666,0.5,0.5,Babelscape/rebel-large,44eb6cb4585df284ce6c4d6a7013f83fe473c052
test_03567,run82_text,0.0,0.0,0.0,0.0,Babelscape/rebel-large,44eb6cb4585df284ce6c4d6a7013f83fe473c052
test_03567,leadw_text,0.5,0.5,0.5,0.5,Babelscape/rebel-large,44eb6cb4585df284ce6c4d6a7013f83fe473c052
test_03573,run82_text,0.3333333333333333,0.0,0.0,0.0,Babelscape/rebel-large,44eb6cb4585df284ce6c4d6a7013f83fe473c052
test_03573,leadw_text,0.0,0.0,0.0,0.0,Babelscape/rebel-large,44eb6cb4585df284ce6c4d6a7013f83fe473c052
test_03581,run82_text,0.5,0.4,0.4,0.4,Babelscape/rebel-large,44eb6cb4585df284ce6c4d6a7013f83fe473c052
test_03581,leadw_text,0.5,0.4,0.4,0.4,Babelscape/rebel-large,44eb6cb4585df284ce6c4d6a7013f83fe473c052
test_03588,run82_text,0.0,0.0,0.0,0.0,Babelscape/rebel-large,44eb6cb4585df284ce6c4d6a7013f83fe473c052
test_03588,leadw_text,0.0,0.0,0.0,0.0,Babelscape/rebel-large,44eb6cb4585df284ce6c4d6a7013f83fe473c052
test_03589,run82_text,0.0,0.0,0.0,0.0,Babelscape/rebel-large,44eb6cb4585df284ce6c4d6a7013f83fe473c052
test_03589,leadw_text,0.6666666666666666,0.6666666666666666,0.6666666666666666,0.6666666666666666,Babelscape/rebel-large,44eb6cb4585df284ce6c4d6a7013f83fe473c052
test_03593,run82_text,0.1818181818181818,0.4,0.0,0.0,Babelscape/rebel-large,44eb6cb4585df284ce6c4d6a7013f83fe473c052
test_03593,leadw_text,0.5454545454545454,0.6666666666666666,0.5714285714285715,0.5714285714285715,Babelscape/rebel-large,44eb6cb4585df284ce6c4d6a7013f83fe473c052
test_03603,run82_text,1.0,1.0,1.0,1.0,Babelscape/rebel-large,44eb6cb4585df284ce6c4d6a7013f83fe473c052
test_03603,leadw_text,1.0,1.0,1.0,1.0,Babelscape/rebel-large,44eb6cb4585df284ce6c4d6a7013f83fe473c052
test_03612,run82_text,0.0,0.2857142857142857,0.0,0.0,Babelscape/rebel-large,44eb6cb4585df284ce6c4d6a7013f83fe473c052
test_03612,leadw_text,0.2666666666666667,0.2857142857142857,0.2222222222222222,0.2222222222222222,Babelscape/rebel-large,44eb6cb4585df284ce6c4d6a7013f83fe473c052
test_03613,run82_text,1.0,1.0,1.0,1.0,Babelscape/rebel-large,44eb6cb4585df284ce6c4d6a7013f83fe473c052
test_03613,leadw_text,1.0,1.0,1.0,1.0,Babelscape/rebel-large,44eb6cb4585df284ce6c4d6a7013f83fe473c052
test_03629,run82_text,0.6666666666666666,0.0,0.0,0.0,Babelscape/rebel-large,44eb6cb4585df284ce6c4d6a7013f83fe473c052
test_03629,leadw_text,0.6666666666666666,0.0,0.0,0.0,Babelscape/rebel-large,44eb6cb4585df284ce6c4d6a7013f83fe473c052
test_03639,run82_text,0.0,0.3333333333333333,0.0,0.0,Babelscape/rebel-large,44eb6cb4585df284ce6c4d6a7013f83fe473c052
test_03639,leadw_text,0.4,0.3333333333333333,0.3333333333333333,0.3333333333333333,Babelscape/rebel-large,44eb6cb4585df284ce6c4d6a7013f83fe473c052
test_03655,run82_text,0.0,0.0,0.0,0.0,Babelscape/rebel-large,44eb6cb4585df284ce6c4d6a7013f83fe473c052
test_03655,leadw_text,0.0,0.0,0.0,0.0,Babelscape/rebel-large,44eb6cb4585df284ce6c4d6a7013f83fe473c052
test_03670,run82_text,1.0,1.0,1.0,1.0,Babelscape/rebel-large,44eb6cb4585df284ce6c4d6a7013f83fe473c052
test_03670,leadw_text,1.0,1.0,1.0,1.0,Babelscape/rebel-large,44eb6cb4585df284ce6c4d6a7013f83fe473c052
test_03694,run82_text,0.0909090909090909,0.0,0.0,0.0,Babelscape/rebel-large,44eb6cb4585df284ce6c4d6a7013f83fe473c052
test_03694,leadw_text,0.3333333333333333,0.1999999999999999,0.2222222222222222,0.2222222222222222,Babelscape/rebel-large,44eb6cb4585df284ce6c4d6a7013f83fe473c052
test_03704,run82_text,0.4444444444444445,0.4,0.3333333333333333,0.3333333333333333,Babelscape/rebel-large,44eb6cb4585df284ce6c4d6a7013f83fe473c052
test_03704,leadw_text,0.4,0.6666666666666666,0.25,0.25,Babelscape/rebel-large,44eb6cb4585df284ce6c4d6a7013f83fe473c052
test_03707,run82_text,0.0,0.0,0.0,0.0,Babelscape/rebel-large,44eb6cb4585df284ce6c4d6a7013f83fe473c052
test_03707,leadw_text,0.7499999999999999,0.8571428571428571,0.8571428571428571,0.8571428571428571,Babelscape/rebel-large,44eb6cb4585df284ce6c4d6a7013f83fe473c052
test_03707,primera_text,0.5,0.8571428571428571,0.5714285714285715,0.5714285714285715,Babelscape/rebel-large,44eb6cb4585df284ce6c4d6a7013f83fe473c052
test_03716,run82_text,0.6666666666666666,0.6666666666666666,0.6666666666666666,0.6666666666666666,Babelscape/rebel-large,44eb6cb4585df284ce6c4d6a7013f83fe473c052
test_03716,leadw_text,0.6666666666666666,0.6666666666666666,0.6666666666666666,0.6666666666666666,Babelscape/rebel-large,44eb6cb4585df284ce6c4d6a7013f83fe473c052
test_03725,run82_text,0.0,0.0,0.0,0.0,Babelscape/rebel-large,44eb6cb4585df284ce6c4d6a7013f83fe473c052
test_03725,leadw_text,0.0,0.0,0.0,0.0,Babelscape/rebel-large,44eb6cb4585df284ce6c4d6a7013f83fe473c052
test_03761,run82_text,0.9090909090909092,0.6666666666666666,0.888888888888889,0.6666666666666665,Babelscape/rebel-large,44eb6cb4585df284ce6c4d6a7013f83fe473c052
test_03761,leadw_text,1.0,1.0,1.0,1.0,Babelscape/rebel-large,44eb6cb4585df284ce6c4d6a7013f83fe473c052
test_03761,primera_text,0.5454545454545454,0.0,0.4444444444444445,0.0,Babelscape/rebel-large,44eb6cb4585df284ce6c4d6a7013f83fe473c052
test_03798,run82_text,0.0,0.0,0.0,0.0,Babelscape/rebel-large,44eb6cb4585df284ce6c4d6a7013f83fe473c052
test_03798,leadw_text,0.4,0.2857142857142857,0.4444444444444445,0.4444444444444445,Babelscape/rebel-large,44eb6cb4585df284ce6c4d6a7013f83fe473c052
test_03824,run82_text,0.0,0.0,0.0,0.0,Babelscape/rebel-large,44eb6cb4585df284ce6c4d6a7013f83fe473c052
test_03824,leadw_text,0.2857142857142857,0.0,0.0,0.0,Babelscape/rebel-large,44eb6cb4585df284ce6c4d6a7013f83fe473c052
test_03837,run82_text,0.7499999999999999,0.0,0.0,0.0,Babelscape/rebel-large,44eb6cb4585df284ce6c4d6a7013f83fe473c052
test_03837,leadw_text,0.5714285714285715,0.6666666666666666,0.6666666666666666,0.6666666666666666,Babelscape/rebel-large,44eb6cb4585df284ce6c4d6a7013f83fe473c052
test_03898,run82_text,0.0,0.0,0.0,0.0,Babelscape/rebel-large,44eb6cb4585df284ce6c4d6a7013f83fe473c052
test_03898,leadw_text,0.0,0.6666666666666666,0.0,0.0,Babelscape/rebel-large,44eb6cb4585df284ce6c4d6a7013f83fe473c052
test_03900,run82_text,0.2352941176470588,0.2857142857142857,0.2666666666666667,0.2352941176470588,Babelscape/rebel-large,44eb6cb4585df284ce6c4d6a7013f83fe473c052
test_03900,leadw_text,0.1111111111111111,0.1538461538461538,0.0,0.0,Babelscape/rebel-large,44eb6cb4585df284ce6c4d6a7013f83fe473c052
test_03905,run82_text,0.0,0.0,0.0,0.0,Babelscape/rebel-large,44eb6cb4585df284ce6c4d6a7013f83fe473c052
test_03905,leadw_text,1.0,1.0,1.0,1.0,Babelscape/rebel-large,44eb6cb4585df284ce6c4d6a7013f83fe473c052
test_03909,run82_text,0.5714285714285715,0.4,0.0,0.0,Babelscape/rebel-large,44eb6cb4585df284ce6c4d6a7013f83fe473c052
test_03909,leadw_text,0.6666666666666666,0.5,0.5,0.5,Babelscape/rebel-large,44eb6cb4585df284ce6c4d6a7013f83fe473c052
test_03909,primera_text,0.0,0.5,0.0,0.0,Babelscape/rebel-large,44eb6cb4585df284ce6c4d6a7013f83fe473c052
test_03914,run82_text,0.3333333333333333,0.0,0.0,0.0,Babelscape/rebel-large,44eb6cb4585df284ce6c4d6a7013f83fe473c052
test_03914,leadw_text,0.3333333333333333,0.0,0.0,0.0,Babelscape/rebel-large,44eb6cb4585df284ce6c4d6a7013f83fe473c052
test_03921,run82_text,0.1666666666666666,0.0,0.0,0.0,Babelscape/rebel-large,44eb6cb4585df284ce6c4d6a7013f83fe473c052
test_03921,leadw_text,0.3333333333333333,0.3333333333333333,0.3333333333333333,0.3333333333333333,Babelscape/rebel-large,44eb6cb4585df284ce6c4d6a7013f83fe473c052
test_03940,run82_text,0.0,0.0,0.0,0.0,Babelscape/rebel-large,44eb6cb4585df284ce6c4d6a7013f83fe473c052
test_03940,leadw_text,0.3333333333333333,0.0,0.0,0.0,Babelscape/rebel-large,44eb6cb4585df284ce6c4d6a7013f83fe473c052
test_03943,run82_text,0.0,0.0,0.0,0.0,Babelscape/rebel-large,44eb6cb4585df284ce6c4d6a7013f83fe473c052
test_03943,leadw_text,0.0,0.0,0.0,0.0,Babelscape/rebel-large,44eb6cb4585df284ce6c4d6a7013f83fe473c052
test_03969,run82_text,0.0,0.3333333333333333,0.0,0.0,Babelscape/rebel-large,44eb6cb4585df284ce6c4d6a7013f83fe473c052
test_03969,leadw_text,0.3333333333333333,0.3333333333333333,0.2857142857142857,0.2857142857142857,Babelscape/rebel-large,44eb6cb4585df284ce6c4d6a7013f83fe473c052
test_03979,run82_text,0.4,0.0,0.0,0.0,Babelscape/rebel-large,44eb6cb4585df284ce6c4d6a7013f83fe473c052
test_03979,leadw_text,0.8,0.5,0.5,0.5,Babelscape/rebel-large,44eb6cb4585df284ce6c4d6a7013f83fe473c052
test_03984,run82_text,1.0,1.0,1.0,1.0,Babelscape/rebel-large,44eb6cb4585df284ce6c4d6a7013f83fe473c052
test_03984,leadw_text,1.0,1.0,1.0,1.0,Babelscape/rebel-large,44eb6cb4585df284ce6c4d6a7013f83fe473c052
test_03991,run82_text,0.4,0.5,0.0,0.0,Babelscape/rebel-large,44eb6cb4585df284ce6c4d6a7013f83fe473c052
test_03991,leadw_text,0.4,0.5,0.0,0.0,Babelscape/rebel-large,44eb6cb4585df284ce6c4d6a7013f83fe473c052
test_03996,run82_text,0.0,0.0,0.0,0.0,Babelscape/rebel-large,44eb6cb4585df284ce6c4d6a7013f83fe473c052
test_03996,leadw_text,0.0,0.0,0.0,0.0,Babelscape/rebel-large,44eb6cb4585df284ce6c4d6a7013f83fe473c052
test_04000,run82_text,0.1666666666666666,0.3333333333333333,0.0,0.0,Babelscape/rebel-large,44eb6cb4585df284ce6c4d6a7013f83fe473c052
test_04000,leadw_text,0.3333333333333333,0.4,0.2222222222222222,0.2222222222222222,Babelscape/rebel-large,44eb6cb4585df284ce6c4d6a7013f83fe473c052
test_04017,run82_text,0.0,0.0,0.0,0.0,Babelscape/rebel-large,44eb6cb4585df284ce6c4d6a7013f83fe473c052
test_04017,leadw_text,0.5714285714285715,0.5,0.6666666666666666,0.6666666666666666,Babelscape/rebel-large,44eb6cb4585df284ce6c4d6a7013f83fe473c052
test_04038,run82_text,0.0,0.1999999999999999,0.0,0.0,Babelscape/rebel-large,44eb6cb4585df284ce6c4d6a7013f83fe473c052
test_04038,leadw_text,0.1904761904761905,0.0,0.0,0.0,Babelscape/rebel-large,44eb6cb4585df284ce6c4d6a7013f83fe473c052
test_04038,primera_text,0.3478260869565217,0.1999999999999999,0.3529411764705882,0.3529411764705882,Babelscape/rebel-large,44eb6cb4585df284ce6c4d6a7013f83fe473c052
test_04056,run82_text,0.0,0.0,0.0,0.0,Babelscape/rebel-large,44eb6cb4585df284ce6c4d6a7013f83fe473c052
test_04056,leadw_text,0.6666666666666666,1.0,0.5,0.5,Babelscape/rebel-large,44eb6cb4585df284ce6c4d6a7013f83fe473c052
test_04069,run82_text,0.4,0.0,0.4,0.0,Babelscape/rebel-large,44eb6cb4585df284ce6c4d6a7013f83fe473c052
test_04069,leadw_text,0.0,0.0,0.0,0.0,Babelscape/rebel-large,44eb6cb4585df284ce6c4d6a7013f83fe473c052
test_04073,run82_text,1.0,1.0,1.0,1.0,Babelscape/rebel-large,44eb6cb4585df284ce6c4d6a7013f83fe473c052
test_04073,leadw_text,1.0,1.0,1.0,1.0,Babelscape/rebel-large,44eb6cb4585df284ce6c4d6a7013f83fe473c052
test_04085,run82_text,0.1428571428571428,0.0,0.0,0.0,Babelscape/rebel-large,44eb6cb4585df284ce6c4d6a7013f83fe473c052
test_04085,leadw_text,0.2857142857142857,0.25,0.25,0.25,Babelscape/rebel-large,44eb6cb4585df284ce6c4d6a7013f83fe473c052
test_04094,run82_text,0.0,0.0,0.0,0.0,Babelscape/rebel-large,44eb6cb4585df284ce6c4d6a7013f83fe473c052
test_04094,leadw_text,0.0,0.0,0.0,0.0,Babelscape/rebel-large,44eb6cb4585df284ce6c4d6a7013f83fe473c052
test_04106,run82_text,0.0,0.0,0.0,0.0,Babelscape/rebel-large,44eb6cb4585df284ce6c4d6a7013f83fe473c052
test_04106,leadw_text,0.5,0.6666666666666666,0.4,0.4,Babelscape/rebel-large,44eb6cb4585df284ce6c4d6a7013f83fe473c052
test_04111,run82_text,0.0,0.0,0.0,0.0,Babelscape/rebel-large,44eb6cb4585df284ce6c4d6a7013f83fe473c052
test_04111,leadw_text,0.4,1.0,0.0,0.0,Babelscape/rebel-large,44eb6cb4585df284ce6c4d6a7013f83fe473c052
test_04132,run82_text,0.0,0.0,0.0,0.0,Babelscape/rebel-large,44eb6cb4585df284ce6c4d6a7013f83fe473c052
test_04132,leadw_text,0.6,0.8571428571428571,0.6,0.6,Babelscape/rebel-large,44eb6cb4585df284ce6c4d6a7013f83fe473c052
test_04142,run82_text,1.0,1.0,1.0,1.0,Babelscape/rebel-large,44eb6cb4585df284ce6c4d6a7013f83fe473c052
test_04142,leadw_text,1.0,1.0,1.0,1.0,Babelscape/rebel-large,44eb6cb4585df284ce6c4d6a7013f83fe473c052
test_04166,run82_text,0.2857142857142857,0.0,0.0,0.0,Babelscape/rebel-large,44eb6cb4585df284ce6c4d6a7013f83fe473c052
test_04166,leadw_text,0.7499999999999999,0.7499999999999999,0.7499999999999999,0.7499999999999999,Babelscape/rebel-large,44eb6cb4585df284ce6c4d6a7013f83fe473c052
test_04167,run82_text,0.0,0.0,0.0,0.0,Babelscape/rebel-large,44eb6cb4585df284ce6c4d6a7013f83fe473c052
test_04167,leadw_text,0.5714285714285715,0.3333333333333333,0.3333333333333333,0.3333333333333333,Babelscape/rebel-large,44eb6cb4585df284ce6c4d6a7013f83fe473c052
test_04170,run82_text,0.0,0.0,0.0,0.0,Babelscape/rebel-large,44eb6cb4585df284ce6c4d6a7013f83fe473c052
test_04170,leadw_text,0.6666666666666666,0.8,0.8,0.8,Babelscape/rebel-large,44eb6cb4585df284ce6c4d6a7013f83fe473c052
test_04179,run82_text,0.5,0.0,0.0,0.0,Babelscape/rebel-large,44eb6cb4585df284ce6c4d6a7013f83fe473c052
test_04179,leadw_text,1.0,1.0,1.0,1.0,Babelscape/rebel-large,44eb6cb4585df284ce6c4d6a7013f83fe473c052
test_04187,run82_text,1.0,1.0,1.0,1.0,Babelscape/rebel-large,44eb6cb4585df284ce6c4d6a7013f83fe473c052
test_04187,leadw_text,1.0,1.0,1.0,1.0,Babelscape/rebel-large,44eb6cb4585df284ce6c4d6a7013f83fe473c052
test_04196,run82_text,0.1176470588235294,0.0,0.0,0.0,Babelscape/rebel-large,44eb6cb4585df284ce6c4d6a7013f83fe473c052
test_04196,leadw_text,0.0,0.0,0.0,0.0,Babelscape/rebel-large,44eb6cb4585df284ce6c4d6a7013f83fe473c052
test_04198,run82_text,0.25,0.6666666666666666,0.0,0.0,Babelscape/rebel-large,44eb6cb4585df284ce6c4d6a7013f83fe473c052
test_04198,leadw_text,0.7499999999999999,0.6666666666666666,0.8,0.8,Babelscape/rebel-large,44eb6cb4585df284ce6c4d6a7013f83fe473c052
test_04201,run82_text,0.0,0.0,0.0,0.0,Babelscape/rebel-large,44eb6cb4585df284ce6c4d6a7013f83fe473c052
test_04201,leadw_text,0.5,0.4,0.5714285714285715,0.5714285714285715,Babelscape/rebel-large,44eb6cb4585df284ce6c4d6a7013f83fe473c052
test_04205,run82_text,0.5,0.0,0.0,0.0,Babelscape/rebel-large,44eb6cb4585df284ce6c4d6a7013f83fe473c052
test_04205,leadw_text,1.0,1.0,1.0,1.0,Babelscape/rebel-large,44eb6cb4585df284ce6c4d6a7013f83fe473c052
test_04211,run82_text,0.8,0.5,0.8,0.4,Babelscape/rebel-large,44eb6cb4585df284ce6c4d6a7013f83fe473c052
test_04211,leadw_text,1.0,1.0,1.0,1.0,Babelscape/rebel-large,44eb6cb4585df284ce6c4d6a7013f83fe473c052
test_04213,run82_text,1.0,1.0,1.0,1.0,Babelscape/rebel-large,44eb6cb4585df284ce6c4d6a7013f83fe473c052
test_04213,leadw_text,1.0,1.0,1.0,1.0,Babelscape/rebel-large,44eb6cb4585df284ce6c4d6a7013f83fe473c052
test_04233,run82_text,0.3333333333333333,0.0,0.0,0.0,Babelscape/rebel-large,44eb6cb4585df284ce6c4d6a7013f83fe473c052
test_04233,leadw_text,0.0,0.0,0.0,0.0,Babelscape/rebel-large,44eb6cb4585df284ce6c4d6a7013f83fe473c052
test_04236,run82_text,0.6666666666666666,0.6666666666666666,0.8,0.8,Babelscape/rebel-large,44eb6cb4585df284ce6c4d6a7013f83fe473c052
test_04236,leadw_text,0.5714285714285715,0.0,0.3333333333333333,0.0,Babelscape/rebel-large,44eb6cb4585df284ce6c4d6a7013f83fe473c052
test_04236,primera_text,0.5714285714285715,0.4,0.3333333333333333,0.3333333333333333,Babelscape/rebel-large,44eb6cb4585df284ce6c4d6a7013f83fe473c052
test_04240,run82_text,1.0,1.0,1.0,1.0,Babelscape/rebel-large,44eb6cb4585df284ce6c4d6a7013f83fe473c052
test_04240,leadw_text,1.0,1.0,1.0,1.0,Babelscape/rebel-large,44eb6cb4585df284ce6c4d6a7013f83fe473c052
test_04246,run82_text,0.3333333333333333,0.4,0.0,0.0,Babelscape/rebel-large,44eb6cb4585df284ce6c4d6a7013f83fe473c052
test_04246,leadw_text,0.0,0.0,0.0,0.0,Babelscape/rebel-large,44eb6cb4585df284ce6c4d6a7013f83fe473c052
test_04274,run82_text,1.0,0.5,0.6666666666666666,0.6666666666666666,Babelscape/rebel-large,44eb6cb4585df284ce6c4d6a7013f83fe473c052
test_04274,leadw_text,0.8,0.5,0.8,0.4,Babelscape/rebel-large,44eb6cb4585df284ce6c4d6a7013f83fe473c052
test_04276,run82_text,0.5,0.4,0.4,0.4,Babelscape/rebel-large,44eb6cb4585df284ce6c4d6a7013f83fe473c052
test_04276,leadw_text,0.25,0.0,0.0,0.0,Babelscape/rebel-large,44eb6cb4585df284ce6c4d6a7013f83fe473c052
test_04304,run82_text,1.0,1.0,1.0,1.0,Babelscape/rebel-large,44eb6cb4585df284ce6c4d6a7013f83fe473c052
test_04304,leadw_text,1.0,1.0,1.0,1.0,Babelscape/rebel-large,44eb6cb4585df284ce6c4d6a7013f83fe473c052
test_04322,run82_text,0.5,0.5714285714285715,0.5714285714285715,0.5714285714285715,Babelscape/rebel-large,44eb6cb4585df284ce6c4d6a7013f83fe473c052
test_04322,leadw_text,0.5,0.3333333333333333,0.3333333333333333,0.3333333333333333,Babelscape/rebel-large,44eb6cb4585df284ce6c4d6a7013f83fe473c052
test_04335,run82_text,0.1666666666666666,0.0,0.0,0.0,Babelscape/rebel-large,44eb6cb4585df284ce6c4d6a7013f83fe473c052
test_04335,leadw_text,0.3333333333333333,0.6666666666666666,0.3636363636363636,0.3636363636363636,Babelscape/rebel-large,44eb6cb4585df284ce6c4d6a7013f83fe473c052
test_04362,run82_text,0.4,0.0,0.0,0.0,Babelscape/rebel-large,44eb6cb4585df284ce6c4d6a7013f83fe473c052
test_04362,leadw_text,0.8,0.6666666666666666,0.6666666666666666,0.6666666666666666,Babelscape/rebel-large,44eb6cb4585df284ce6c4d6a7013f83fe473c052
test_04364,run82_text,0.0,1.0,0.0,0.0,Babelscape/rebel-large,44eb6cb4585df284ce6c4d6a7013f83fe473c052
test_04364,leadw_text,1.0,1.0,1.0,1.0,Babelscape/rebel-large,44eb6cb4585df284ce6c4d6a7013f83fe473c052
test_04368,run82_text,1.0,1.0,1.0,1.0,Babelscape/rebel-large,44eb6cb4585df284ce6c4d6a7013f83fe473c052
test_04368,leadw_text,1.0,1.0,1.0,1.0,Babelscape/rebel-large,44eb6cb4585df284ce6c4d6a7013f83fe473c052
test_04373,run82_text,0.0,0.0,0.0,0.0,Babelscape/rebel-large,44eb6cb4585df284ce6c4d6a7013f83fe473c052
test_04373,leadw_text,0.6666666666666666,0.6666666666666666,0.6666666666666666,0.6666666666666666,Babelscape/rebel-large,44eb6cb4585df284ce6c4d6a7013f83fe473c052
test_04398,run82_text,0.1538461538461538,0.0,0.0,0.0,Babelscape/rebel-large,44eb6cb4585df284ce6c4d6a7013f83fe473c052
test_04398,leadw_text,0.1538461538461538,0.1538461538461538,0.1052631578947368,0.1052631578947368,Babelscape/rebel-large,44eb6cb4585df284ce6c4d6a7013f83fe473c052
test_04400,run82_text,1.0,1.0,1.0,1.0,Babelscape/rebel-large,44eb6cb4585df284ce6c4d6a7013f83fe473c052
test_04400,leadw_text,1.0,1.0,1.0,1.0,Babelscape/rebel-large,44eb6cb4585df284ce6c4d6a7013f83fe473c052
test_04410,run82_text,0.4444444444444445,0.3333333333333333,0.2857142857142857,0.2857142857142857,Babelscape/rebel-large,44eb6cb4585df284ce6c4d6a7013f83fe473c052
test_04410,leadw_text,0.0,0.0,0.0,0.0,Babelscape/rebel-large,44eb6cb4585df284ce6c4d6a7013f83fe473c052
test_04416,run82_text,0.0909090909090909,0.1818181818181818,0.0,0.0,Babelscape/rebel-large,44eb6cb4585df284ce6c4d6a7013f83fe473c052
test_04416,leadw_text,0.1999999999999999,0.1999999999999999,0.1666666666666666,0.1666666666666666,Babelscape/rebel-large,44eb6cb4585df284ce6c4d6a7013f83fe473c052
test_04434,run82_text,1.0,1.0,1.0,1.0,Babelscape/rebel-large,44eb6cb4585df284ce6c4d6a7013f83fe473c052
test_04434,leadw_text,1.0,1.0,1.0,1.0,Babelscape/rebel-large,44eb6cb4585df284ce6c4d6a7013f83fe473c052
test_04447,run82_text,0.0,0.0,0.0,0.0,Babelscape/rebel-large,44eb6cb4585df284ce6c4d6a7013f83fe473c052
test_04447,leadw_text,0.6666666666666666,1.0,0.6666666666666666,0.6666666666666666,Babelscape/rebel-large,44eb6cb4585df284ce6c4d6a7013f83fe473c052
test_04454,run82_text,0.25,0.0,0.0,0.0,Babelscape/rebel-large,44eb6cb4585df284ce6c4d6a7013f83fe473c052
test_04454,leadw_text,0.25,0.0,0.0,0.0,Babelscape/rebel-large,44eb6cb4585df284ce6c4d6a7013f83fe473c052
test_04454,primera_text,0.0,0.0,0.0,0.0,Babelscape/rebel-large,44eb6cb4585df284ce6c4d6a7013f83fe473c052
test_04461,run82_text,0.5,0.5714285714285715,0.5,0.25,Babelscape/rebel-large,44eb6cb4585df284ce6c4d6a7013f83fe473c052
test_04461,leadw_text,0.5,0.5714285714285715,0.5,0.25,Babelscape/rebel-large,44eb6cb4585df284ce6c4d6a7013f83fe473c052
test_04472,run82_text,0.0,0.0,0.0,0.0,Babelscape/rebel-large,44eb6cb4585df284ce6c4d6a7013f83fe473c052
test_04472,leadw_text,0.0,0.0,0.0,0.0,Babelscape/rebel-large,44eb6cb4585df284ce6c4d6a7013f83fe473c052
test_04473,run82_text,0.6666666666666666,0.6666666666666666,0.6666666666666666,0.6666666666666666,Babelscape/rebel-large,44eb6cb4585df284ce6c4d6a7013f83fe473c052
test_04473,leadw_text,0.6666666666666666,0.6666666666666666,0.6666666666666666,0.6666666666666666,Babelscape/rebel-large,44eb6cb4585df284ce6c4d6a7013f83fe473c052
test_04481,run82_text,0.2666666666666666,0.0,0.0,0.0,Babelscape/rebel-large,44eb6cb4585df284ce6c4d6a7013f83fe473c052
test_04481,leadw_text,0.5555555555555556,0.2857142857142857,0.5714285714285714,0.0,Babelscape/rebel-large,44eb6cb4585df284ce6c4d6a7013f83fe473c052
test_04488,run82_text,0.0,0.4,0.0,0.0,Babelscape/rebel-large,44eb6cb4585df284ce6c4d6a7013f83fe473c052
test_04488,leadw_text,0.0,0.0,0.0,0.0,Babelscape/rebel-large,44eb6cb4585df284ce6c4d6a7013f83fe473c052
test_04496,run82_text,0.0,0.4,0.0,0.0,Babelscape/rebel-large,44eb6cb4585df284ce6c4d6a7013f83fe473c052
test_04496,leadw_text,0.6666666666666666,0.8,0.8,0.8,Babelscape/rebel-large,44eb6cb4585df284ce6c4d6a7013f83fe473c052
test_04504,run82_text,0.1818181818181818,0.4,0.0,0.0,Babelscape/rebel-large,44eb6cb4585df284ce6c4d6a7013f83fe473c052
test_04504,leadw_text,0.1818181818181818,0.4,0.0,0.0,Babelscape/rebel-large,44eb6cb4585df284ce6c4d6a7013f83fe473c052
test_04543,run82_text,1.0,1.0,1.0,1.0,Babelscape/rebel-large,44eb6cb4585df284ce6c4d6a7013f83fe473c052
test_04543,leadw_text,1.0,1.0,1.0,1.0,Babelscape/rebel-large,44eb6cb4585df284ce6c4d6a7013f83fe473c052
test_04576,run82_text,0.5714285714285715,0.6666666666666666,0.5714285714285715,0.5714285714285715,Babelscape/rebel-large,44eb6cb4585df284ce6c4d6a7013f83fe473c052
test_04576,leadw_text,0.0,0.0,0.0,0.0,Babelscape/rebel-large,44eb6cb4585df284ce6c4d6a7013f83fe473c052
test_04580,run82_text,0.5,0.4,0.3333333333333333,0.3333333333333333,Babelscape/rebel-large,44eb6cb4585df284ce6c4d6a7013f83fe473c052
test_04580,leadw_text,0.6666666666666666,0.6666666666666666,0.5,0.5,Babelscape/rebel-large,44eb6cb4585df284ce6c4d6a7013f83fe473c052
test_04592,run82_text,0.0,0.0,0.0,0.0,Babelscape/rebel-large,44eb6cb4585df284ce6c4d6a7013f83fe473c052
test_04592,leadw_text,0.2222222222222222,0.0,0.0,0.0,Babelscape/rebel-large,44eb6cb4585df284ce6c4d6a7013f83fe473c052
test_04598,run82_text,0.0,0.0,0.0,0.0,Babelscape/rebel-large,44eb6cb4585df284ce6c4d6a7013f83fe473c052
test_04598,leadw_text,0.5,1.0,0.0,0.0,Babelscape/rebel-large,44eb6cb4585df284ce6c4d6a7013f83fe473c052
test_04604,run82_text,0.0,0.0,0.0,0.0,Babelscape/rebel-large,44eb6cb4585df284ce6c4d6a7013f83fe473c052
test_04604,leadw_text,0.3333333333333333,0.0,0.0,0.0,Babelscape/rebel-large,44eb6cb4585df284ce6c4d6a7013f83fe473c052
test_04604,primera_text,0.6666666666666666,0.8,0.8,0.8,Babelscape/rebel-large,44eb6cb4585df284ce6c4d6a7013f83fe473c052
test_04605,run82_text,0.8,0.5,0.6666666666666666,0.5,Babelscape/rebel-large,44eb6cb4585df284ce6c4d6a7013f83fe473c052
test_04605,leadw_text,0.8,0.5,0.6666666666666666,0.5,Babelscape/rebel-large,44eb6cb4585df284ce6c4d6a7013f83fe473c052
test_04612,run82_text,1.0,1.0,1.0,1.0,Babelscape/rebel-large,44eb6cb4585df284ce6c4d6a7013f83fe473c052
test_04612,leadw_text,0.8,0.5,0.5,0.5,Babelscape/rebel-large,44eb6cb4585df284ce6c4d6a7013f83fe473c052
test_04615,run82_text,0.6666666666666666,0.5,0.8,0.4,Babelscape/rebel-large,44eb6cb4585df284ce6c4d6a7013f83fe473c052
test_04615,leadw_text,0.3333333333333333,0.0,0.0,0.0,Babelscape/rebel-large,44eb6cb4585df284ce6c4d6a7013f83fe473c052
test_04628,run82_text,0.0,0.0,0.0,0.0,Babelscape/rebel-large,44eb6cb4585df284ce6c4d6a7013f83fe473c052
test_04628,leadw_text,0.6666666666666666,0.6666666666666666,0.8,0.8,Babelscape/rebel-large,44eb6cb4585df284ce6c4d6a7013f83fe473c052
test_04629,run82_text,0.1333333333333333,0.2222222222222222,0.0,0.0,Babelscape/rebel-large,44eb6cb4585df284ce6c4d6a7013f83fe473c052
test_04629,leadw_text,0.2666666666666667,0.4444444444444445,0.3076923076923077,0.3076923076923077,Babelscape/rebel-large,44eb6cb4585df284ce6c4d6a7013f83fe473c052
test_04647,run82_text,0.0,0.0,0.0,0.0,Babelscape/rebel-large,44eb6cb4585df284ce6c4d6a7013f83fe473c052
test_04647,leadw_text,0.5714285714285715,0.5,0.0,0.0,Babelscape/rebel-large,44eb6cb4585df284ce6c4d6a7013f83fe473c052
test_04658,run82_text,0.0,0.0,0.0,0.0,Babelscape/rebel-large,44eb6cb4585df284ce6c4d6a7013f83fe473c052
test_04658,leadw_text,0.6666666666666666,1.0,0.6666666666666666,0.6666666666666666,Babelscape/rebel-large,44eb6cb4585df284ce6c4d6a7013f83fe473c052
test_04659,run82_text,0.0,0.0,0.0,0.0,Babelscape/rebel-large,44eb6cb4585df284ce6c4d6a7013f83fe473c052
test_04659,leadw_text,1.0,1.0,1.0,1.0,Babelscape/rebel-large,44eb6cb4585df284ce6c4d6a7013f83fe473c052
test_04663,run82_text,0.3333333333333333,0.5,0.0,0.0,Babelscape/rebel-large,44eb6cb4585df284ce6c4d6a7013f83fe473c052
test_04663,leadw_text,0.2857142857142857,0.0,0.0,0.0,Babelscape/rebel-large,44eb6cb4585df284ce6c4d6a7013f83fe473c052
test_04665,run82_text,0.0,0.0,0.0,0.0,Babelscape/rebel-large,44eb6cb4585df284ce6c4d6a7013f83fe473c052
test_04665,leadw_text,0.8571428571428571,0.0,0.5,0.0,Babelscape/rebel-large,44eb6cb4585df284ce6c4d6a7013f83fe473c052
test_04675,run82_text,0.0,0.0,0.0,0.0,Babelscape/rebel-large,44eb6cb4585df284ce6c4d6a7013f83fe473c052
test_04675,leadw_text,0.0,0.0,0.0,0.0,Babelscape/rebel-large,44eb6cb4585df284ce6c4d6a7013f83fe473c052
test_04701,run82_text,0.4444444444444445,0.5,0.4,0.4,Babelscape/rebel-large,44eb6cb4585df284ce6c4d6a7013f83fe473c052
test_04701,leadw_text,0.1818181818181818,0.3333333333333333,0.0,0.0,Babelscape/rebel-large,44eb6cb4585df284ce6c4d6a7013f83fe473c052
test_04707,run82_text,0.0,0.0,0.0,0.0,Babelscape/rebel-large,44eb6cb4585df284ce6c4d6a7013f83fe473c052
test_04707,leadw_text,0.8,0.5,0.6666666666666666,0.5,Babelscape/rebel-large,44eb6cb4585df284ce6c4d6a7013f83fe473c052
test_04711,run82_text,0.0,0.0,0.0,0.0,Babelscape/rebel-large,44eb6cb4585df284ce6c4d6a7013f83fe473c052
test_04711,leadw_text,0.5,0.5,0.5,0.5,Babelscape/rebel-large,44eb6cb4585df284ce6c4d6a7013f83fe473c052
test_04712,run82_text,0.0,0.0,0.0,0.0,Babelscape/rebel-large,44eb6cb4585df284ce6c4d6a7013f83fe473c052
test_04712,leadw_text,0.5714285714285715,0.6666666666666666,0.5,0.5,Babelscape/rebel-large,44eb6cb4585df284ce6c4d6a7013f83fe473c052
test_04756,run82_text,0.0,0.5,0.0,0.0,Babelscape/rebel-large,44eb6cb4585df284ce6c4d6a7013f83fe473c052
test_04756,leadw_text,0.4444444444444445,0.5,0.5714285714285715,0.5714285714285715,Babelscape/rebel-large,44eb6cb4585df284ce6c4d6a7013f83fe473c052
test_04774,run82_text,0.0,0.5,0.0,0.0,Babelscape/rebel-large,44eb6cb4585df284ce6c4d6a7013f83fe473c052
test_04774,leadw_text,0.7499999999999999,0.6666666666666666,0.8,0.8,Babelscape/rebel-large,44eb6cb4585df284ce6c4d6a7013f83fe473c052
test_04804,run82_text,1.0,1.0,1.0,1.0,Babelscape/rebel-large,44eb6cb4585df284ce6c4d6a7013f83fe473c052
test_04804,leadw_text,0.5,0.6666666666666666,0.0,0.0,Babelscape/rebel-large,44eb6cb4585df284ce6c4d6a7013f83fe473c052
test_04805,run82_text,0.2666666666666666,0.0,0.0,0.0,Babelscape/rebel-large,44eb6cb4585df284ce6c4d6a7013f83fe473c052
test_04805,leadw_text,0.8750000000000001,0.5,0.8,0.8,Babelscape/rebel-large,44eb6cb4585df284ce6c4d6a7013f83fe473c052
test_04806,run82_text,0.0,0.0,0.0,0.0,Babelscape/rebel-large,44eb6cb4585df284ce6c4d6a7013f83fe473c052
test_04806,leadw_text,1.0,1.0,1.0,1.0,Babelscape/rebel-large,44eb6cb4585df284ce6c4d6a7013f83fe473c052
test_04811,run82_text,0.0,0.2222222222222222,0.0,0.0,Babelscape/rebel-large,44eb6cb4585df284ce6c4d6a7013f83fe473c052
test_04811,leadw_text,0.25,0.2222222222222222,0.1999999999999999,0.1999999999999999,Babelscape/rebel-large,44eb6cb4585df284ce6c4d6a7013f83fe473c052
test_04815,run82_text,0.0,0.0,0.0,0.0,Babelscape/rebel-large,44eb6cb4585df284ce6c4d6a7013f83fe473c052
test_04815,leadw_text,0.0,0.0,0.0,0.0,Babelscape/rebel-large,44eb6cb4585df284ce6c4d6a7013f83fe473c052
test_04830,run82_text,0.0,0.2857142857142857,0.0,0.0,Babelscape/rebel-large,44eb6cb4585df284ce6c4d6a7013f83fe473c052
test_04830,leadw_text,0.4,0.3333333333333333,0.3333333333333333,0.3333333333333333,Babelscape/rebel-large,44eb6cb4585df284ce6c4d6a7013f83fe473c052
test_04839,run82_text,0.0,1.0,0.0,0.0,Babelscape/rebel-large,44eb6cb4585df284ce6c4d6a7013f83fe473c052
test_04839,leadw_text,0.0,0.0,0.0,0.0,Babelscape/rebel-large,44eb6cb4585df284ce6c4d6a7013f83fe473c052
test_04844,run82_text,0.0,0.0,0.0,0.0,Babelscape/rebel-large,44eb6cb4585df284ce6c4d6a7013f83fe473c052
test_04844,leadw_text,0.3333333333333333,0.0,0.0,0.0,Babelscape/rebel-large,44eb6cb4585df284ce6c4d6a7013f83fe473c052
test_04854,run82_text,0.0,0.4,0.0,0.0,Babelscape/rebel-large,44eb6cb4585df284ce6c4d6a7013f83fe473c052
test_04854,leadw_text,0.5,0.4,0.4,0.4,Babelscape/rebel-large,44eb6cb4585df284ce6c4d6a7013f83fe473c052
test_04856,run82_text,0.2,0.3333333333333333,0.0,0.0,Babelscape/rebel-large,44eb6cb4585df284ce6c4d6a7013f83fe473c052
test_04856,leadw_text,0.4,0.5,0.4,0.4,Babelscape/rebel-large,44eb6cb4585df284ce6c4d6a7013f83fe473c052
test_04900,run82_text,0.3333333333333333,0.4,0.0,0.0,Babelscape/rebel-large,44eb6cb4585df284ce6c4d6a7013f83fe473c052
test_04900,leadw_text,0.0,0.4,0.0,0.0,Babelscape/rebel-large,44eb6cb4585df284ce6c4d6a7013f83fe473c052
test_04904,run82_text,0.3333333333333333,0.0,0.0,0.0,Babelscape/rebel-large,44eb6cb4585df284ce6c4d6a7013f83fe473c052
test_04904,leadw_text,0.6666666666666666,0.6666666666666666,0.8,0.8,Babelscape/rebel-large,44eb6cb4585df284ce6c4d6a7013f83fe473c052
test_04904,primera_text,0.3333333333333333,0.0,0.0,0.0,Babelscape/rebel-large,44eb6cb4585df284ce6c4d6a7013f83fe473c052
test_04906,run82_text,1.0,0.6666666666666666,0.6666666666666666,0.6666666666666666,Babelscape/rebel-large,44eb6cb4585df284ce6c4d6a7013f83fe473c052
test_04906,leadw_text,1.0,1.0,1.0,1.0,Babelscape/rebel-large,44eb6cb4585df284ce6c4d6a7013f83fe473c052
test_04946,run82_text,1.0,1.0,1.0,1.0,Babelscape/rebel-large,44eb6cb4585df284ce6c4d6a7013f83fe473c052
test_04946,leadw_text,1.0,1.0,1.0,1.0,Babelscape/rebel-large,44eb6cb4585df284ce6c4d6a7013f83fe473c052
test_04951,run82_text,0.0,0.0,0.0,0.0,Babelscape/rebel-large,44eb6cb4585df284ce6c4d6a7013f83fe473c052
test_04951,leadw_text,1.0,1.0,1.0,1.0,Babelscape/rebel-large,44eb6cb4585df284ce6c4d6a7013f83fe473c052
test_04986,run82_text,0.6666666666666666,0.6666666666666666,0.0,0.0,Babelscape/rebel-large,44eb6cb4585df284ce6c4d6a7013f83fe473c052
test_04986,leadw_text,0.6666666666666666,0.6666666666666666,0.5,0.5,Babelscape/rebel-large,44eb6cb4585df284ce6c4d6a7013f83fe473c052
test_05004,run82_text,0.0,0.0,0.0,0.0,Babelscape/rebel-large,44eb6cb4585df284ce6c4d6a7013f83fe473c052
test_05004,leadw_text,1.0,1.0,1.0,1.0,Babelscape/rebel-large,44eb6cb4585df284ce6c4d6a7013f83fe473c052
test_05045,run82_text,0.0,0.6666666666666666,0.0,0.0,Babelscape/rebel-large,44eb6cb4585df284ce6c4d6a7013f83fe473c052
test_05045,leadw_text,0.6666666666666666,0.6666666666666666,0.6666666666666666,0.6666666666666666,Babelscape/rebel-large,44eb6cb4585df284ce6c4d6a7013f83fe473c052
test_05065,run82_text,0.1818181818181818,0.0,0.0,0.0,Babelscape/rebel-large,44eb6cb4585df284ce6c4d6a7013f83fe473c052
test_05065,leadw_text,0.3636363636363636,0.5,0.4,0.4,Babelscape/rebel-large,44eb6cb4585df284ce6c4d6a7013f83fe473c052
test_05096,run82_text,0.4,0.2857142857142857,0.0,0.0,Babelscape/rebel-large,44eb6cb4585df284ce6c4d6a7013f83fe473c052
test_05096,leadw_text,0.1538461538461538,0.0,0.0,0.0,Babelscape/rebel-large,44eb6cb4585df284ce6c4d6a7013f83fe473c052
test_05112,run82_text,0.2222222222222222,0.0,0.0,0.0,Babelscape/rebel-large,44eb6cb4585df284ce6c4d6a7013f83fe473c052
test_05112,leadw_text,0.4444444444444445,0.4444444444444445,0.4444444444444445,0.4444444444444445,Babelscape/rebel-large,44eb6cb4585df284ce6c4d6a7013f83fe473c052
test_05123,run82_text,0.0,0.0,0.0,0.0,Babelscape/rebel-large,44eb6cb4585df284ce6c4d6a7013f83fe473c052
test_05123,leadw_text,0.1666666666666666,0.0,0.0,0.0,Babelscape/rebel-large,44eb6cb4585df284ce6c4d6a7013f83fe473c052
test_05183,run82_text,0.0,0.0,0.0,0.0,Babelscape/rebel-large,44eb6cb4585df284ce6c4d6a7013f83fe473c052
test_05183,leadw_text,1.0,1.0,1.0,1.0,Babelscape/rebel-large,44eb6cb4585df284ce6c4d6a7013f83fe473c052
test_05185,run82_text,0.1428571428571428,0.0,0.0,0.0,Babelscape/rebel-large,44eb6cb4585df284ce6c4d6a7013f83fe473c052
test_05185,leadw_text,0.2857142857142857,0.4,0.2222222222222222,0.2222222222222222,Babelscape/rebel-large,44eb6cb4585df284ce6c4d6a7013f83fe473c052
test_05186,run82_text,0.0,0.0,0.0,0.0,Babelscape/rebel-large,44eb6cb4585df284ce6c4d6a7013f83fe473c052
test_05186,leadw_text,0.4,0.3333333333333333,0.3333333333333333,0.3333333333333333,Babelscape/rebel-large,44eb6cb4585df284ce6c4d6a7013f83fe473c052
test_05204,run82_text,0.25,0.5,0.0,0.0,Babelscape/rebel-large,44eb6cb4585df284ce6c4d6a7013f83fe473c052
test_05204,leadw_text,0.5,0.5,0.4,0.4,Babelscape/rebel-large,44eb6cb4585df284ce6c4d6a7013f83fe473c052
test_05207,run82_text,0.5,0.4,0.4444444444444445,0.4444444444444445,Babelscape/rebel-large,44eb6cb4585df284ce6c4d6a7013f83fe473c052
test_05207,leadw_text,0.3333333333333333,0.4,0.2222222222222222,0.2222222222222222,Babelscape/rebel-large,44eb6cb4585df284ce6c4d6a7013f83fe473c052
test_05229,run82_text,0.5,0.0,0.0,0.0,Babelscape/rebel-large,44eb6cb4585df284ce6c4d6a7013f83fe473c052
test_05229,leadw_text,1.0,1.0,1.0,1.0,Babelscape/rebel-large,44eb6cb4585df284ce6c4d6a7013f83fe473c052
test_05237,run82_text,0.1333333333333333,0.25,0.0,0.0,Babelscape/rebel-large,44eb6cb4585df284ce6c4d6a7013f83fe473c052
test_05237,leadw_text,0.2666666666666667,0.25,0.25,0.125,Babelscape/rebel-large,44eb6cb4585df284ce6c4d6a7013f83fe473c052
test_05239,run82_text,1.0,1.0,1.0,1.0,Babelscape/rebel-large,44eb6cb4585df284ce6c4d6a7013f83fe473c052
test_05239,leadw_text,1.0,1.0,1.0,1.0,Babelscape/rebel-large,44eb6cb4585df284ce6c4d6a7013f83fe473c052
test_05255,run82_text,0.8,0.6666666666666666,0.6666666666666666,0.6666666666666666,Babelscape/rebel-large,44eb6cb4585df284ce6c4d6a7013f83fe473c052
test_05255,leadw_text,0.8,0.6666666666666666,0.6666666666666666,0.6666666666666666,Babelscape/rebel-large,44eb6cb4585df284ce6c4d6a7013f83fe473c052
test_05276,run82_text,0.0,0.0,0.0,0.0,Babelscape/rebel-large,44eb6cb4585df284ce6c4d6a7013f83fe473c052
test_05276,leadw_text,0.0,0.0,0.0,0.0,Babelscape/rebel-large,44eb6cb4585df284ce6c4d6a7013f83fe473c052
test_05284,run82_text,1.0,1.0,1.0,1.0,Babelscape/rebel-large,44eb6cb4585df284ce6c4d6a7013f83fe473c052
test_05284,leadw_text,0.0,1.0,0.0,0.0,Babelscape/rebel-large,44eb6cb4585df284ce6c4d6a7013f83fe473c052
test_05298,run82_text,1.0,1.0,1.0,1.0,Babelscape/rebel-large,44eb6cb4585df284ce6c4d6a7013f83fe473c052
test_05298,leadw_text,1.0,1.0,1.0,1.0,Babelscape/rebel-large,44eb6cb4585df284ce6c4d6a7013f83fe473c052
test_05299,run82_text,0.8,0.0,0.0,0.0,Babelscape/rebel-large,44eb6cb4585df284ce6c4d6a7013f83fe473c052
test_05299,leadw_text,0.8,0.6666666666666666,0.5,0.5,Babelscape/rebel-large,44eb6cb4585df284ce6c4d6a7013f83fe473c052
test_05302,run82_text,0.0,0.0,0.0,0.0,Babelscape/rebel-large,44eb6cb4585df284ce6c4d6a7013f83fe473c052
test_05302,leadw_text,1.0,1.0,1.0,1.0,Babelscape/rebel-large,44eb6cb4585df284ce6c4d6a7013f83fe473c052
test_05339,run82_text,0.4444444444444445,0.2857142857142857,0.0,0.0,Babelscape/rebel-large,44eb6cb4585df284ce6c4d6a7013f83fe473c052
test_05339,leadw_text,0.4444444444444445,0.2857142857142857,0.4444444444444445,0.4444444444444445,Babelscape/rebel-large,44eb6cb4585df284ce6c4d6a7013f83fe473c052
test_05341,run82_text,0.5714285714285715,0.0,0.0,0.0,Babelscape/rebel-large,44eb6cb4585df284ce6c4d6a7013f83fe473c052
test_05341,leadw_text,0.5714285714285715,0.5,0.5,0.5,Babelscape/rebel-large,44eb6cb4585df284ce6c4d6a7013f83fe473c052
test_05370,run82_text,0.0,0.0,0.0,0.0,Babelscape/rebel-large,44eb6cb4585df284ce6c4d6a7013f83fe473c052
test_05370,leadw_text,0.0,0.0,0.0,0.0,Babelscape/rebel-large,44eb6cb4585df284ce6c4d6a7013f83fe473c052
test_05377,run82_text,0.0,0.5,0.0,0.0,Babelscape/rebel-large,44eb6cb4585df284ce6c4d6a7013f83fe473c052
test_05377,leadw_text,0.0,0.0,0.0,0.0,Babelscape/rebel-large,44eb6cb4585df284ce6c4d6a7013f83fe473c052
test_05386,run82_text,0.0,0.0,0.0,0.0,Babelscape/rebel-large,44eb6cb4585df284ce6c4d6a7013f83fe473c052
test_05386,leadw_text,0.3333333333333333,0.6666666666666666,0.0,0.0,Babelscape/rebel-large,44eb6cb4585df284ce6c4d6a7013f83fe473c052
test_05404,run82_text,0.5,1.0,0.0,0.0,Babelscape/rebel-large,44eb6cb4585df284ce6c4d6a7013f83fe473c052
test_05404,leadw_text,1.0,1.0,1.0,1.0,Babelscape/rebel-large,44eb6cb4585df284ce6c4d6a7013f83fe473c052
test_05411,run82_text,1.0,1.0,1.0,1.0,Babelscape/rebel-large,44eb6cb4585df284ce6c4d6a7013f83fe473c052
test_05411,leadw_text,1.0,1.0,1.0,1.0,Babelscape/rebel-large,44eb6cb4585df284ce6c4d6a7013f83fe473c052
test_05448,run82_text,0.4444444444444445,0.4,0.3333333333333333,0.3333333333333333,Babelscape/rebel-large,44eb6cb4585df284ce6c4d6a7013f83fe473c052
test_05448,leadw_text,0.4444444444444445,0.4,0.3333333333333333,0.3333333333333333,Babelscape/rebel-large,44eb6cb4585df284ce6c4d6a7013f83fe473c052
test_05462,run82_text,0.0,0.0,0.0,0.0,Babelscape/rebel-large,44eb6cb4585df284ce6c4d6a7013f83fe473c052
test_05462,leadw_text,0.8,0.6666666666666666,0.6666666666666666,0.6666666666666666,Babelscape/rebel-large,44eb6cb4585df284ce6c4d6a7013f83fe473c052
test_05501,run82_text,0.3333333333333333,0.0,0.0,0.0,Babelscape/rebel-large,44eb6cb4585df284ce6c4d6a7013f83fe473c052
test_05501,leadw_text,1.0,1.0,1.0,1.0,Babelscape/rebel-large,44eb6cb4585df284ce6c4d6a7013f83fe473c052
test_05505,run82_text,0.0,0.0,0.0,0.0,Babelscape/rebel-large,44eb6cb4585df284ce6c4d6a7013f83fe473c052
test_05505,leadw_text,0.3636363636363636,0.0,0.0,0.0,Babelscape/rebel-large,44eb6cb4585df284ce6c4d6a7013f83fe473c052
test_05507,run82_text,0.7272727272727273,0.5,0.5714285714285715,0.5714285714285715,Babelscape/rebel-large,44eb6cb4585df284ce6c4d6a7013f83fe473c052
test_05507,leadw_text,0.6666666666666666,0.4,0.5,0.5,Babelscape/rebel-large,44eb6cb4585df284ce6c4d6a7013f83fe473c052
test_05510,run82_text,0.0,0.0,0.0,0.0,Babelscape/rebel-large,44eb6cb4585df284ce6c4d6a7013f83fe473c052
test_05510,leadw_text,1.0,1.0,1.0,1.0,Babelscape/rebel-large,44eb6cb4585df284ce6c4d6a7013f83fe473c052
test_05517,run82_text,0.2,0.0,0.0,0.0,Babelscape/rebel-large,44eb6cb4585df284ce6c4d6a7013f83fe473c052
test_05517,leadw_text,0.3636363636363636,0.6666666666666666,0.2857142857142857,0.2857142857142857,Babelscape/rebel-large,44eb6cb4585df284ce6c4d6a7013f83fe473c052
test_05521,run82_text,0.5,0.8,0.0,0.0,Babelscape/rebel-large,44eb6cb4585df284ce6c4d6a7013f83fe473c052
test_05521,leadw_text,0.5,0.4,0.0,0.0,Babelscape/rebel-large,44eb6cb4585df284ce6c4d6a7013f83fe473c052
test_05529,run82_text,0.0,0.0,0.0,0.0,Babelscape/rebel-large,44eb6cb4585df284ce6c4d6a7013f83fe473c052
test_05529,leadw_text,0.6666666666666666,0.6666666666666666,0.6666666666666666,0.6666666666666666,Babelscape/rebel-large,44eb6cb4585df284ce6c4d6a7013f83fe473c052
test_05559,run82_text,1.0,1.0,1.0,1.0,Babelscape/rebel-large,44eb6cb4585df284ce6c4d6a7013f83fe473c052
test_05559,leadw_text,1.0,1.0,1.0,1.0,Babelscape/rebel-large,44eb6cb4585df284ce6c4d6a7013f83fe473c052
test_05573,run82_text,0.0,0.0,0.0,0.0,Babelscape/rebel-large,44eb6cb4585df284ce6c4d6a7013f83fe473c052
test_05573,leadw_text,0.0,0.0,0.0,0.0,Babelscape/rebel-large,44eb6cb4585df284ce6c4d6a7013f83fe473c052
test_05587,run82_text,1.0,1.0,1.0,1.0,Babelscape/rebel-large,44eb6cb4585df284ce6c4d6a7013f83fe473c052
test_05587,leadw_text,1.0,1.0,1.0,1.0,Babelscape/rebel-large,44eb6cb4585df284ce6c4d6a7013f83fe473c052
test_05598,run82_text,0.1052631578947368,0.2857142857142857,0.0,0.0,Babelscape/rebel-large,44eb6cb4585df284ce6c4d6a7013f83fe473c052
test_05598,leadw_text,0.25,0.3333333333333333,0.1999999999999999,0.1999999999999999,Babelscape/rebel-large,44eb6cb4585df284ce6c4d6a7013f83fe473c052
test_05619,run82_text,0.0,0.0,0.0,0.0,Babelscape/rebel-large,44eb6cb4585df284ce6c4d6a7013f83fe473c052
test_05619,leadw_text,0.0,0.0,0.0,0.0,Babelscape/rebel-large,44eb6cb4585df284ce6c4d6a7013f83fe473c052
