regrouping,metric,n_bundles,run82_mean,leadw_mean,delta,ci95_low,ci95_high,wilcoxon_p,cohens_dz
0,subject_coverage,71,0.549676460973459,0.47557184435751154,0.07410461661594756,0.04758647483084,0.10189071927566756,2.2286706208098957e-06,0.6238543637297965
0,object_coverage,71,0.3833830978160549,0.35699507172159745,0.026388026094457423,0.013747525230552789,0.040493113606199525,0.00048010906529405526,0.4627762086111171
0,entity_pair_coverage,71,0.31121599175726006,0.33736082890031055,-0.02614483714305046,-0.039975470969887725,-0.010294582763759295,0.0009149359628250448,-0.4168199575032824
0,predicate_lexical_coverage,71,0.22399794365977627,0.20501463612039214,0.018983307539384146,0.002989883539183087,0.03472098695602314,0.025741428036136722,0.2830691615332682
0,gold_semantic_recall_t060,71,0.041478036198075344,0.033342267995230865,0.008135768202844488,0.002786347198975995,0.013514852781564191,0.006357136902835238,0.34652048026744625
0,gold_semantic_f1_t060,71,0.0696500043686902,0.057026929914489786,0.012623074454200418,0.0038514946923351124,0.021481427396755893,0.022242297641206738,0.3252759417981227
1,subject_coverage,71,0.5546621279661369,0.48794564446658356,0.06671648349955335,0.04250526427064357,0.09033184638514533,4.585865462886689e-06,0.6391944736277506
1,object_coverage,71,0.3926263614192102,0.36646263510594684,0.02616372631326341,0.012352038935098649,0.0402782349612898,0.0010487832679662887,0.423038852443673
1,entity_pair_coverage,71,0.31480601775867056,0.34500687924326745,-0.030200861484596855,-0.0456417838557831,-0.014338387715497105,0.000474535902149238,-0.4337648133712785
1,predicate_lexical_coverage,71,0.23834040071178114,0.20467523458769132,0.03366516612408985,0.01587811268891856,0.052077757990589814,0.0009514604767410188,0.4369948038901724
1,gold_semantic_recall_t060,71,0.03917250296269279,0.03864637353635075,0.0005261294263420296,-0.0052332702349978276,0.0060399825696687255,0.8702128386411763,0.021672844830303795
1,gold_semantic_f1_t060,71,0.06621099003414407,0.06638843580361241,-0.00017744576946833243,-0.010021479086018402,0.009081392411885639,0.6354800780759531,-0.004335924004776964
2,subject_coverage,71,0.5473875646416797,0.46207322604156315,0.08531433860011668,0.057984585928759054,0.1119108533242099,3.0877236045780883e-07,0.7327308909626952
2,object_coverage,71,0.37796188809546843,0.3556853576806594,0.02227653041480907,0.008781523451339063,0.03575353719722746,0.003709098623189225,0.3749776772122444
2,entity_pair_coverage,71,0.29625746598587277,0.33458973340617015,-0.03833226742029743,-0.05306276115049188,-0.02328502886407444,2.627813488263542e-05,-0.5841836203154974
2,predicate_lexical_coverage,71,0.22268304873758585,0.195348158329521,0.027334890408064833,0.011088899169192113,0.04278886687598127,0.0012902843019050887,0.39747585129579033
2,gold_semantic_recall_t060,71,0.039938774138826905,0.03356357744663211,0.006375196692194789,-0.00010583381552059156,0.013152908169258746,0.11232266182045546,0.22656043843045978
2,gold_semantic_f1_t060,71,0.06676406978906113,0.058030186844290656,0.008733882944770479,-0.0020600760545206598,0.020059148881142113,0.3884993122244794,0.1873812198527921
3,subject_coverage,71,0.5501563776476398,0.474925292610769,0.07523108503687068,0.051425849240616196,0.09798815779866693,1.248985843181639e-07,0.7486278946508216
3,object_coverage,71,0.3851576323371194,0.3587563135142116,0.02640131882290783,0.013900569385837848,0.03920865298112178,8.528246839791942e-05,0.48913529329841227
3,entity_pair_coverage,71,0.3142591009388292,0.33618726885783085,-0.021928167919001543,-0.037854832878251865,-0.006666644944196093,0.008157348357387243,-0.33322736031535743
3,predicate_lexical_coverage,71,0.23048350236889012,0.20593872391237905,0.02454477845651106,0.008177695664848623,0.039912082261706366,0.003691200437032944,0.34720269116831565
3,gold_semantic_recall_t060,71,0.04040662953518943,0.03765271290882888,0.0027539166263605514,-0.0021987260774858305,0.007735783151286035,0.1680184657083874,0.12874975407811756
3,gold_semantic_f1_t060,71,0.06834220386165915,0.06462168837412241,0.00372051548753675,-0.00466056219342761,0.012069784039640458,0.40252600266991767,0.1038893213086094
4,subject_coverage,71,0.544613006533406,0.46238439527052155,0.0822286112628845,0.055371254845472215,0.11043554827069638,8.826449689895226e-07,0.7012023850270199
4,object_coverage,71,0.3845673293827347,0.35827142345663504,0.02629590592609965,0.012578822235304082,0.03986783569519508,0.00020858518206884536,0.4466084804696749
4,entity_pair_coverage,71,0.307576641413756,0.33742372711717755,-0.029847085703421504,-0.045755624366476094,-0.013184148703277599,0.0009543318804310938,-0.42075960849521366
4,predicate_lexical_coverage,71,0.2279030531534035,0.19992162711059067,0.027981426042812868,0.012643947997458107,0.042899213034424864,0.0011133921952238832,0.4195102591827767
4,gold_semantic_recall_t060,71,0.04291172682798494,0.03780494739531134,0.005106779432673601,0.0006136545787072639,0.009592912863312536,0.023765903945353283,0.25802427643549747
4,gold_semantic_f1_t060,71,0.07234704488852052,0.06503593946570255,0.007311105422817984,-0.00021181384555712165,0.014840456452543381,0.09774089756042331,0.21959665779243998
5,subject_coverage,71,0.5333439491082322,0.46652908277399135,0.06681486633424073,0.04244303342649096,0.09141232544487195,3.5918026791959735e-06,0.6219227270746505
5,object_coverage,71,0.381832315234326,0.35374624605813315,0.0280860691761928,0.014656214628503401,0.04119239521100568,0.0003129353943526318,0.4897139471916887
5,entity_pair_coverage,71,0.305503478937163,0.3346057991899175,-0.02910232025275461,-0.045255521579799986,-0.013602925318455052,0.0008603296999488317,-0.42484340536817083
5,predicate_lexical_coverage,71,0.22246420119823962,0.2135514478859255,0.008912753312314113,-0.009795656713729395,0.02747095468214842,0.1552845977650037,0.11116548097667314
5,gold_semantic_recall_t060,71,0.04073865808430215,0.03456862349462093,0.0061700345896812244,0.0007926944053623388,0.011505778404971502,0.03470091440209166,0.2597657058553362
5,gold_semantic_f1_t060,71,0.06906950980912818,0.05926064147377352,0.00980886833535467,0.000792643845355475,0.01873974921609511,0.026397328392088762,0.24638356216579912
6,subject_coverage,71,0.5722810712193622,0.4772250327018614,0.09505603851750076,0.06868626032838723,0.12157133744929988,5.127476960419807e-08,0.8285843684742847
6,object_coverage,71,0.39256562255820904,0.36145760634161167,0.031108016216597353,0.01602818699541454,0.04689216504970726,0.0003732478653531187,0.46741131980741185
6,entity_pair_coverage,71,0.3217887943974321,0.34224297718524294,-0.020454182787810908,-0.03775734833966009,-0.003313793434726702,0.024129837742104632,-0.2773768791786433
6,predicate_lexical_coverage,71,0.2471357125903075,0.20478404244609555,0.04235167014421205,0.02836893895866757,0.05725266516901942,2.426971203842659e-06,0.6560206894763788
6,gold_semantic_recall_t060,71,0.04238151256494012,0.037500174359175284,0.004881338205764835,-0.0003877025572507109,0.010019527152383757,0.12080934198118562,0.21423380332947914
6,gold_semantic_f1_t060,71,0.07165496647344553,0.06398657593860262,0.007668390534842945,-0.0011699048466617481,0.01628304060705166,0.2059275515570872,0.20208428344409826
7,subject_coverage,71,0.5830736987516377,0.4845427310237196,0.09853096772791793,0.07202597996430729,0.12461047912485129,6.887790752077659e-09,0.8881776989195571
7,object_coverage,71,0.4013318703286729,0.3676327507124313,0.03369911961624173,0.02013049231477149,0.04791375528446978,4.727058731921276e-05,0.563562814828816
7,entity_pair_coverage,71,0.3354866566661658,0.35023638727652695,-0.014749730610361167,-0.030444601328148718,0.0018314815528321902,0.05797406506932675,-0.20926875999077957
7,predicate_lexical_coverage,71,0.23393733996373697,0.20949731823456133,0.0244400217291756,0.009421841504742815,0.03966859461511701,0.002462058208191729,0.3734069475672669
7,gold_semantic_recall_t060,71,0.038479830806591266,0.03709814365792844,0.0013816871486628244,-0.004463722703146208,0.007031999563438887,0.6299582973429383,0.0561431542230615
7,gold_semantic_f1_t060,71,0.06495788501596587,0.06382911427499255,0.001128770740973308,-0.008395428593054791,0.010592825772113769,0.9908567050185075,0.02777782257125494
8,subject_coverage,71,0.5502670728840131,0.46872347666570296,0.08154359621831021,0.053077023355499166,0.1097705966811819,1.7513051669914984e-06,0.6517156779374856
8,object_coverage,71,0.3842984704791826,0.3590329521868169,0.02526551829236568,0.009669796078610307,0.040117678328576774,0.0019084750615040945,0.3882835207556643
8,entity_pair_coverage,71,0.30625413027807596,0.33575294656026716,-0.02949881628219122,-0.047211377036704485,-0.013077656017517683,0.0022990692038126143,-0.39343451296325815
8,predicate_lexical_coverage,71,0.22630237909893475,0.2075549640269841,0.018747415071950626,0.002535067766177419,0.035319029064261875,0.04561312600944707,0.26887722718151824
8,gold_semantic_recall_t060,71,0.04173349924108725,0.0349318839845161,0.006801615256571149,0.0003865545857021572,0.012692484792943813,0.056286177307400924,0.26016922037489126
8,gold_semantic_f1_t060,71,0.0706509630957133,0.06032264514157281,0.010328317954140458,-0.0006598143979969013,0.020400954204719542,0.1289119547231242,0.2348121664196402
9,subject_coverage,71,0.5690283922885377,0.4805132025688029,0.08851518971973492,0.06465349197672603,0.11080095863827799,8.374569207892147e-09,0.8964067332540943
9,object_coverage,71,0.3911478833303806,0.3647699956236386,0.026377887706742067,0.016000510341715925,0.037005193971711085,2.592354968649093e-05,0.5677444347661873
9,entity_pair_coverage,71,0.3179604632821771,0.3438806044258796,-0.025920141143702505,-0.03769083654878607,-0.01379969853377863,0.00014357246078835925,-0.4939025467705066
9,predicate_lexical_coverage,71,0.21953468253605848,0.20915678559932338,0.010377896936735081,-0.0064684397970923915,0.02776627946136922,0.20478114370763112,0.1429918722587457
9,gold_semantic_recall_t060,71,0.04078608513052229,0.03775520787757366,0.003030877252948633,-0.0026843192367432293,0.008754115174802471,0.3939462457195825,0.12454377285626904
9,gold_semantic_f1_t060,71,0.069087381126618,0.06503321830930099,0.0040541628173170145,-0.005627722390815367,0.013564453000837006,0.6077626806249394,0.09949287924831321
10,subject_coverage,71,0.5492852686502251,0.47390642805848276,0.07537884059174246,0.049643863185636725,0.10145567348576853,1.8833242947636062e-06,0.671692921445685
10,object_coverage,71,0.3892447409437576,0.36465624039324535,0.024588500550512253,0.01293619318787452,0.036063760461042815,0.00024891300411030337,0.48316059347992385
10,entity_pair_coverage,71,0.318783252939912,0.3415157288537241,-0.02273247591381209,-0.037190102387348926,-0.008613185869787415,0.0027638172150675623,-0.3672793340802156
10,predicate_lexical_coverage,71,0.2350225268226054,0.20083081041750453,0.03419171640510086,0.017737073833289704,0.0499467876955384,9.701625556756422e-05,0.4755402654255828
10,gold_semantic_recall_t060,71,0.042176134002632815,0.0355744057403461,0.00660172826228671,0.00029650094486326293,0.013388549297400307,0.02218750142694866,0.24048635118570402
10,gold_semantic_f1_t060,71,0.07133122195018159,0.06105223057124769,0.01027899137893394,-0.00018557929672686693,0.021395016936820787,0.05687185215271157,0.22619799472820984
11,subject_coverage,71,0.5790007560394939,0.5022699337203711,0.07673082231912262,0.0494623671278328,0.10354017551025914,4.435935985272977e-06,0.6416215656300257
11,object_coverage,71,0.40460444619199676,0.37246493076801757,0.032139515423979165,0.019906111125537584,0.044550164436166516,2.386099238117236e-05,0.5903378095856198
11,entity_pair_coverage,71,0.33578323577515734,0.35192318014538193,-0.016139944370224552,-0.03117178947166981,-0.0007904840781126919,0.037797857294345046,-0.24130482751080576
11,predicate_lexical_coverage,71,0.22948136874808797,0.20959781170459882,0.019883557043489188,0.0027880408524250974,0.03715914520522573,0.012355308203223133,0.26070329678596577
11,gold_semantic_recall_t060,71,0.039780952036180324,0.033182459394848186,0.0065984926413321324,0.001710472680685435,0.01109094465647987,0.010975869531229353,0.3149918049013253
11,gold_semantic_f1_t060,71,0.06730691501985694,0.057000428491822575,0.010306486528034378,0.002114876921220426,0.01784804806425023,0.015080432606735052,0.2948040585465643
12,subject_coverage,71,0.5709239578256418,0.4884086204628507,0.082515337362791,0.05774491344818463,0.10796711824200451,1.1363076293558682e-07,0.7568876173642504
12,object_coverage,71,0.4019322687768721,0.37021163262497797,0.03172063615189422,0.01917705533306951,0.04411393353578469,1.4561808815627163e-05,0.5941848654810942
12,entity_pair_coverage,71,0.3300475950236369,0.3509318216839054,-0.02088422666026861,-0.03673415773772551,-0.005108836215568055,0.010610298234354441,-0.30766767276218626
12,predicate_lexical_coverage,71,0.22428594397434093,0.21014667353295696,0.01413927044138403,9.694449350558457e-05,0.027622352871899306,0.02636402651773952,0.23146414595634113
12,gold_semantic_recall_t060,71,0.03934670985901242,0.03584162306739,0.0035050867916224296,-0.0013087689137630811,0.008195206325302578,0.0916881699953388,0.16900393887465845
12,gold_semantic_f1_t060,71,0.06659728668826348,0.06138899220391641,0.0052082944843471046,-0.002794309069433561,0.013101123236865953,0.3433010457338359,0.149851206454444
13,subject_coverage,71,0.5653666059015546,0.49079989326001194,0.07456671264154258,0.04702045338241193,0.10211210939545069,1.2318477332057782e-05,0.6160563721225784
13,object_coverage,71,0.40201057398790296,0.36883592853316044,0.03317464545474245,0.018951458624550523,0.047113800294002646,2.684295500941934e-05,0.536850175790852
13,entity_pair_coverage,71,0.32438560001342664,0.35002895483942126,-0.025643354825994665,-0.04289264933494657,-0.008700176941993099,0.0034873594602837384,-0.3555887558110485
13,predicate_lexical_coverage,71,0.2278341282248225,0.21685273859504606,0.010981389629776425,-0.006610499669541724,0.028767039219874828,0.241719003985713,0.14156896537190986
13,gold_semantic_recall_t060,71,0.039637225146635396,0.030371251122843557,0.009265974023791835,0.004016905761194638,0.014508342738328723,0.002112990898148081,0.40489535994430065
13,gold_semantic_f1_t060,71,0.06724282674861791,0.051814352757710055,0.01542847399090785,0.0068830592718570425,0.024187073498741673,0.0011269975858499088,0.4096228739462025
14,subject_coverage,71,0.5806310326240478,0.4873677593303478,0.09326327329369985,0.06915641933202413,0.11883687771343834,6.529702008874556e-09,0.8675331861921541
14,object_coverage,71,0.39635916069148813,0.3646055545544346,0.031753606137053615,0.019465440283678956,0.0428821945495693,4.146274925018943e-06,0.6420006539369543
14,entity_pair_coverage,71,0.3264237524712567,0.3417198836429989,-0.015296131171742154,-0.029938872797769602,-0.000973279911263278,0.035742724972313525,-0.24314693142271002
14,predicate_lexical_coverage,71,0.23283491882100138,0.2099953449444874,0.022839573876513964,0.007384585596229361,0.03741369129886059,0.004942222257394936,0.34032793466407835
14,gold_semantic_recall_t060,71,0.039259301647614146,0.040109545416417126,-0.0008502437688029794,-0.006519323896678483,0.004916886724693366,0.6882089499028619,-0.03402117596384465
14,gold_semantic_f1_t060,71,0.06626022755667141,0.06877076474607462,-0.0025105371894032385,-0.011974740875513312,0.006967000665572098,0.4918203834379393,-0.06098313005801925
15,subject_coverage,71,0.5512433138995535,0.47489223116680734,0.07635108273274613,0.052112805494638925,0.10094637002703169,3.0880979419857863e-07,0.7378615557394111
15,object_coverage,71,0.38392133335642975,0.35397940292079577,0.029941930435634093,0.016796057044780575,0.04312571195292494,4.1104946477617694e-05,0.540741290443007
15,entity_pair_coverage,71,0.31676798389680594,0.3358527271975862,-0.019084743300780284,-0.032467047473817075,-0.005678935515830854,0.00684586119932323,-0.33915598289708926
15,predicate_lexical_coverage,71,0.22848415421531698,0.201486728123512,0.026997426091804905,0.009659602778907938,0.043601908091071645,0.0013583851465496827,0.3732933842942237
15,gold_semantic_recall_t060,71,0.040398403240269484,0.03598395156184986,0.004414451678419623,-0.0010298795157076828,0.010085435871680173,0.07485048821527601,0.19253655971098194
15,gold_semantic_f1_t060,71,0.06829106556812405,0.061804899364946625,0.006486166203177425,-0.002555960381451553,0.01585709325343375,0.22462154579197113,0.16789211699786527
16,subject_coverage,71,0.5604077024459886,0.4837515372046483,0.07665616524134015,0.048877979563489264,0.10471910897126108,3.439311566129686e-06,0.6420205323218978
16,object_coverage,71,0.3979974838266521,0.3702715699831214,0.027725913843530747,0.014942257360157106,0.041847001459399465,0.0008969292706799509,0.4704530906513193
16,entity_pair_coverage,71,0.32479212176429884,0.3496450858633002,-0.0248529640990013,-0.04274426583255678,-0.006197174321115681,0.006886666607787006,-0.31959541367630384
16,predicate_lexical_coverage,71,0.22572224403830982,0.2007751474622642,0.024947096576045602,0.010028047640457685,0.039974944899909506,0.003459696723841187,0.3833319031530965
16,gold_semantic_recall_t060,71,0.038113539557738454,0.03714999088080807,0.0009635486769303884,-0.004418915456588938,0.0062450988185625035,0.4763457525949154,0.041323158670846315
16,gold_semantic_f1_t060,71,0.06439773690758697,0.06330760909838198,0.001090127809204987,-0.007800326239760552,0.009939672084912463,0.6885125179580869,0.028154907845176252
17,subject_coverage,71,0.5490684924956313,0.46996004867527363,0.07910844382035757,0.05250625238792196,0.10762212017414333,3.4391388424191334e-06,0.6661122729841816
17,object_coverage,71,0.3832001290305847,0.355258285966773,0.027941843063811683,0.011347029828193028,0.0445771450585574,0.0011626457196029056,0.39710206330183156
17,entity_pair_coverage,71,0.3094316822550433,0.3373986748797396,-0.02796699262469632,-0.04570160310149607,-0.00968600251047724,0.0035241994910326715,-0.36486235886342183
17,predicate_lexical_coverage,71,0.21688136888367263,0.19659379688372677,0.020287571999945807,0.004761337040187887,0.03542910747016313,0.005819801990949528,0.30177855889901267
17,gold_semantic_recall_t060,71,0.04075690835306082,0.03488858537846188,0.0058683229745989515,0.0005489330680823175,0.01136584964000864,0.09446250212690278,0.2460636622657024
17,gold_semantic_f1_t060,71,0.06902379891579834,0.060232908653184696,0.008790890262613617,-6.344215005016432e-05,0.018050611006107276,0.15079514595111093,0.22041185311783842
18,subject_coverage,71,0.5423308074971953,0.4696281093675999,0.07270269812959544,0.047687180780567134,0.0972678069437478,1.4836120525183174e-06,0.6663740680861745
18,object_coverage,71,0.39170336397972527,0.3624016856975886,0.029301678282136517,0.016164684915719433,0.04304653992135842,0.00024251543710539504,0.4934701553530491
18,entity_pair_coverage,71,0.31658999595443404,0.3392552684117773,-0.022665272457343212,-0.03849718212257168,-0.006998846711654767,0.011510331240934455,-0.3181514243035589
18,predicate_lexical_coverage,71,0.2316961480811815,0.20724535701200894,0.024450791069172587,0.008238021453854424,0.039835904146539314,0.0018244918958418724,0.35068122316617245
18,gold_semantic_recall_t060,71,0.0426144133938477,0.038553850940871416,0.004060562452976279,-0.0019170317697653578,0.010063751380272084,0.24967796779972184,0.15459855314457577
18,gold_semantic_f1_t060,71,0.07212515170336327,0.0659899550544374,0.006135196648925872,-0.0039015626843008537,0.01603357623755226,0.23109782508249832,0.13975049379214058
19,subject_coverage,71,0.55298664094143,0.47329342901016835,0.07969321193126154,0.05472905136186496,0.10557944617431805,3.3929657935458753e-07,0.7153268169778473
19,object_coverage,71,0.4041798203256385,0.365135071816702,0.0390447485089366,0.023780363016432462,0.054552876945728385,7.669168964322257e-06,0.5872041623851361
19,entity_pair_coverage,71,0.32955279714771407,0.34347263826338764,-0.013919841115673551,-0.02984849893451138,0.0034058183493596637,0.08331007368417868,-0.19717467736174077
19,predicate_lexical_coverage,71,0.23222611774455074,0.21024401280044885,0.021982104944101914,0.004215503013776802,0.038782628329231114,0.004384026297352394,0.29593481926760645
19,gold_semantic_recall_t060,71,0.04098497144404362,0.031567805867739794,0.009417165576303824,0.004190060351025433,0.014623500940240832,0.0008666073495074327,0.410139261716156
19,gold_semantic_f1_t060,71,0.06889457333463395,0.05438183781797613,0.014512735516657828,0.00580800672279494,0.023308899878833188,0.004991811485411213,0.3784462919561497
20,subject_coverage,71,0.5401484683476713,0.47470827765069357,0.06544019069697765,0.03894514207073829,0.0911327767757585,9.157422240587984e-06,0.5803911000652422
20,object_coverage,71,0.38434726342604186,0.35469498183027603,0.029652281595765884,0.017236299695617095,0.04191809269036132,4.48209436069411e-05,0.5540180080088322
20,entity_pair_coverage,71,0.30574506978845534,0.3371146478903068,-0.031369578101851404,-0.048030896281920255,-0.013892094424612908,0.0009250883936959116,-0.4219897628394576
20,predicate_lexical_coverage,71,0.22328632883476018,0.20936090103240515,0.01392542780235501,0.0012231302035771929,0.02619825954852592,0.02164577155455305,0.25754025250181567
20,gold_semantic_recall_t060,71,0.039308471872767044,0.032304508879805356,0.007003962992961683,0.0017135307851544386,0.012432173652338603,0.0215255614513155,0.31133734824261666
20,gold_semantic_f1_t060,71,0.06658481731298446,0.05568089630200319,0.010903921010981291,0.0020338727579748313,0.019973652521833425,0.08911981856566685,0.290191496521284
21,subject_coverage,71,0.5886388311425145,0.4965459263413065,0.09209290480120809,0.06775797729349332,0.11544827999623761,3.417502821078221e-08,0.8498374404342823
21,object_coverage,71,0.39648190387506765,0.37154531632700155,0.02493658754806613,0.010073048159817502,0.039583583923569615,0.0021069437028200513,0.3855796697665708
21,entity_pair_coverage,71,0.32403949824504874,0.3516043465981588,-0.027564848353110075,-0.04183766824450289,-0.012562016630357727,0.0006163294426655642,-0.4267187081585344
21,predicate_lexical_coverage,71,0.22814163877380073,0.20861272917846924,0.019528909595331507,0.00476180600348529,0.03436472280387077,0.016173518329711707,0.30596051545430797
21,gold_semantic_recall_t060,71,0.038016013164465914,0.03590875198323965,0.002107261181226268,-0.0028404425925665716,0.006880477905216901,0.6833670039924682,0.09905968592438538
21,gold_semantic_f1_t060,71,0.06419648211420151,0.061189921586466474,0.003006560527735027,-0.005361037210562949,0.011041952728618945,0.7490641294844607,0.08416175852213392
22,subject_coverage,71,0.5713127927997234,0.49725325646171337,0.07405953633801,0.051283948987048404,0.09706543390773287,3.4494255589955896e-07,0.726610781797835
22,object_coverage,71,0.39460626611313815,0.3651259337914888,0.02948033232164938,0.01566102495252264,0.044140981592037026,0.0002456057459253408,0.4833029107463191
22,entity_pair_coverage,71,0.3302578547117339,0.34691486808705463,-0.0166570133753207,-0.032191556388156926,-0.00017309224167200087,0.03999712528120205,-0.23557520310049143
22,predicate_lexical_coverage,71,0.22742386647924961,0.20381633752916714,0.023607528950082453,0.008586528996637057,0.03886740082373651,0.0028520125468782303,0.3616031661697231
22,gold_semantic_recall_t060,71,0.03819861459875832,0.03405775832436915,0.0041408562743891625,-0.0013794958557472666,0.009677749884603544,0.10850860697996215,0.17428453605095123
22,gold_semantic_f1_t060,71,0.06474152061042807,0.05866255798867889,0.006078962621749177,-0.0033523488711433838,0.015477770721214104,0.25062425390497844,0.15118624477137668
23,subject_coverage,71,0.5481033651018642,0.47004933879300204,0.07805402630886214,0.05335276737741552,0.10428608130470762,3.7919731034877565e-07,0.7100869564904502
23,object_coverage,71,0.38479134184107994,0.35685944602801417,0.027931895813065866,0.014872348495449609,0.04142126963623997,0.00025167219928768595,0.4756552231471374
23,entity_pair_coverage,71,0.3167973003366614,0.3353987014357645,-0.018601401099102965,-0.03378933475632444,-0.003921778855359174,0.02576668727281248,-0.28983166354857876
23,predicate_lexical_coverage,71,0.2319631004922274,0.20505383641352168,0.026909264078705777,0.008829501251503696,0.044639963532009413,0.0059003205449606145,0.35071956295613343
23,gold_semantic_recall_t060,71,0.040138218620797514,0.03534774594349594,0.004790472677301567,-0.0005753764126752487,0.010065476358837082,0.1456309270176057,0.2071110172876423
23,gold_semantic_f1_t060,71,0.06788798642993854,0.060870310680940704,0.007017675748997859,-0.002083088747189653,0.015926349172021303,0.3003386998414549,0.17900400751942847
24,subject_coverage,71,0.5545057362433423,0.49014865189598394,0.06435708434735839,0.0377950327159264,0.09123896394510511,1.4153830056574878e-05,0.5635480522089316
24,object_coverage,71,0.39313603127907215,0.36096885511310745,0.0321671761659647,0.0197278539177418,0.04451580848582953,1.0328201571900186e-05,0.6101336556468694
24,entity_pair_coverage,71,0.3230768042315575,0.34357439267796946,-0.020497588446412106,-0.03723646717781948,-0.004666986920171325,0.019475481553250695,-0.30437989995916265
24,predicate_lexical_coverage,71,0.235631330520447,0.2240833230182992,0.011548007502147777,-0.0038535769480480464,0.0278686671577515,0.20700936098914557,0.16376829517940947
24,gold_semantic_recall_t060,71,0.038633936895739955,0.038405339000695815,0.00022859789504414262,-0.006634275340413867,0.007100130742369951,0.9365559111749308,0.007586546243775091
24,gold_semantic_f1_t060,71,0.06530997237043021,0.06571369013169746,-0.0004037177612672448,-0.01189214171504135,0.011104248607064406,0.7599719106387297,-0.008030664112536836
25,subject_coverage,71,0.5615611449670944,0.46563028991978495,0.09593085504730954,0.0735608379153387,0.11916019584071101,1.654941436871768e-09,0.9844676568996504
25,object_coverage,71,0.3885483945031544,0.3624093376823963,0.026139056820758164,0.01255904850074532,0.040012456029753424,0.0008639145287496731,0.4327146878345774
25,entity_pair_coverage,71,0.3136748892384254,0.33953999628092535,-0.025865107042499932,-0.04100837830129164,-0.011174789153623127,0.0018472385206068501,-0.4011065289750138
25,predicate_lexical_coverage,71,0.2341415095495597,0.1998496114928552,0.03429189805670451,0.020005787813735295,0.04756058643616461,2.8477228699677416e-05,0.5784779873915045
25,gold_semantic_recall_t060,71,0.04282219878555509,0.03561436582517677,0.007207832960378313,0.0010749636496991237,0.013004130439174916,0.03391893147078343,0.2751641808199665
25,gold_semantic_f1_t060,71,0.07255784684713776,0.06116583618974819,0.011392010657389567,0.0009875234941714981,0.021113096623691652,0.044717416738857575,0.2609705426866141
26,subject_coverage,71,0.5489856707274382,0.4985338854262419,0.05045178530119628,0.026600579221831143,0.07258383883991851,5.709116185943725e-05,0.520114803886776
26,object_coverage,71,0.38820421421081647,0.3757986075017524,0.01240560670906399,-0.000764543074163549,0.024539705455330584,0.05906207638753075,0.22202543926219898
26,entity_pair_coverage,71,0.30963886677925445,0.35068470252614375,-0.04104583574688929,-0.0553333779912856,-0.027300206869529026,1.6934115111428725e-06,-0.6687108133866492
26,predicate_lexical_coverage,71,0.23841928861772468,0.210269085069359,0.028150203548365723,0.012214502524708574,0.04503177923807865,0.0006058385165044852,0.40395615549070496
26,gold_semantic_recall_t060,71,0.039848648142812006,0.03675687419082998,0.003091773951982029,-0.002143562362708032,0.008046317907462824,0.2650968396492196,0.1381641931227295
26,gold_semantic_f1_t060,71,0.0675804529972586,0.06304373105499865,0.0045367219422599355,-0.004191492915667146,0.012883948897538525,0.3990622602779397,0.12027330548634858
27,subject_coverage,71,0.545883614584903,0.4670899710193194,0.07879364356558335,0.05290742757610783,0.10497391211726241,1.056822627381003e-06,0.6889612928572437
27,object_coverage,71,0.3945298058030056,0.3512961355960982,0.04323367020690746,0.030214954552533067,0.05632803292841479,1.1218430259251542e-07,0.7687494747380579
27,entity_pair_coverage,71,0.3155866348752746,0.3332476577037898,-0.017661022828515237,-0.03434006993575578,-0.0014187167579476727,0.035008202137627176,-0.24560668458185073
27,predicate_lexical_coverage,71,0.23265809888249503,0.2066633444752631,0.025994754407231972,0.010050698118364355,0.042462671351591805,0.0067696718639807425,0.3779884147813487
27,gold_semantic_recall_t060,71,0.0398540225144765,0.03837078080790389,0.001483241706572613,-0.003888384776704828,0.007017564145575918,0.6813901560070917,0.06199764512231482
27,gold_semantic_f1_t060,71,0.06724987623880105,0.06573818674430336,0.0015116894944976875,-0.007410741884574061,0.010585378082261775,0.8907590930508589,0.03820545247028668
28,subject_coverage,71,0.5438959795094075,0.48041720173943475,0.0634787777699726,0.03889443037000194,0.08786445940179372,2.0534724257281796e-05,0.5820297631381072
28,object_coverage,71,0.3991854600572769,0.35811391769692585,0.04107154236035118,0.029760763663749582,0.052513842698097286,7.166909356753935e-08,0.8169242311852137
28,entity_pair_coverage,71,0.3232001442671159,0.3430553500366231,-0.0198552057695071,-0.034435959960902075,-0.00561640613196874,0.013635038116219439,-0.31320172099000143
28,predicate_lexical_coverage,71,0.23177019601217397,0.19983058435499337,0.03193961165718058,0.015384689524406489,0.048250294095122256,0.0005793426419658431,0.4519698330834311
28,gold_semantic_recall_t060,71,0.04096374934881045,0.03687722325254361,0.004086526096266835,-0.0010811210375185206,0.00891675115609606,0.19125008342277805,0.19169082119196246
28,gold_semantic_f1_t060,71,0.06949267847010733,0.0631414422098474,0.0063512362602599435,-0.0023400335333731382,0.014546406855055677,0.2635031087605083,0.17537657029569567
29,subject_coverage,71,0.5552726204747059,0.4976933356178862,0.057579284856819624,0.029924010621758285,0.08474446226011412,0.00028865625030905927,0.4826647551590877
29,object_coverage,71,0.3963522539554983,0.3720572737911823,0.024294980164315975,0.009906261929425753,0.03821243453603761,0.0008862847739789851,0.40014284163676644
29,entity_pair_coverage,71,0.3236917359222842,0.3540245238505918,-0.030332787928307615,-0.04752072600343834,-0.012601354229548877,0.0033570707772290114,-0.4035635385700166
29,predicate_lexical_coverage,71,0.23298006003490113,0.21296113382665322,0.02001892620824783,0.004270710153856129,0.03479911226083658,0.014418425629700535,0.3002604981123481
29,gold_semantic_recall_t060,71,0.03803404422009301,0.036952054460155453,0.0010819897599375597,-0.0042284886707307165,0.006494598695235858,0.7406462399005002,0.046659860320684046
29,gold_semantic_f1_t060,71,0.06415835813922892,0.06337128218482999,0.0007870759543989091,-0.008039733583205418,0.009908697170630594,0.7900279572955589,0.020195232096564236
30,subject_coverage,71,0.5566937384767028,0.4500727156993535,0.10662102277734939,0.08091097878306973,0.1356117991166858,7.0074022402005736e-09,0.9095075293475045
30,object_coverage,71,0.383653718962153,0.35333940633875266,0.03031431262340041,0.01619521134056272,0.04412072591629998,0.00011809745286176663,0.4864615339075196
30,entity_pair_coverage,71,0.31283309726551006,0.3314537982108258,-0.01862070094531577,-0.03506308667627809,-0.0018319216671654895,0.026735297134069132,-0.25864236399072
30,predicate_lexical_coverage,71,0.22948117561068987,0.20242563444157669,0.027055541169113222,0.010474836878177267,0.04361712009955053,0.0015015671047307307,0.37877795997319524
30,gold_semantic_recall_t060,71,0.0367086921129735,0.03743136790698049,-0.0007226757940069946,-0.006008626372420467,0.004698852246353465,0.5380378929443814,-0.030770343177317794
30,gold_semantic_f1_t060,71,0.06184100581157803,0.06448048792272291,-0.0026394821111448722,-0.011629818609887767,0.006629814303738524,0.35251181300369083,-0.06615891375293953
31,subject_coverage,71,0.5781913617116876,0.4838399273552589,0.09435143435642844,0.06743513141035011,0.12263309456313423,1.6534020701261638e-07,0.7895604072180527
31,object_coverage,71,0.4003636814003086,0.37195773875088484,0.028405942649423754,0.015036927856223145,0.04132262382218425,0.00013694906350955773,0.48958134082241694
31,entity_pair_coverage,71,0.33122981737831103,0.34878687876906705,-0.01755706139075597,-0.032538396270463815,-0.0031453369357434184,0.052136922932213475,-0.27052804633972855
31,predicate_lexical_coverage,71,0.2282136492822956,0.2174404278838927,0.010773221398402847,-0.0033476216399625225,0.0254098872782139,0.19106826137046928,0.1753532908513363
31,gold_semantic_recall_t060,71,0.041971929975743734,0.03540393813349707,0.006567991842246657,0.0018438971763474058,0.011456100609084504,0.0160111460433615,0.31945859295969037
31,gold_semantic_f1_t060,71,0.07085933836915953,0.06072540226395151,0.010133936105208016,0.0022848959650105293,0.018176941191096207,0.038327042462390576,0.29540248747998393
32,subject_coverage,71,0.553310626978513,0.4904167848227921,0.06289384215572089,0.042008819690038286,0.0831474439681643,8.704569932232126e-07,0.6944846185722416
32,object_coverage,71,0.3972808057786622,0.3677106540620038,0.029570151716658288,0.016455786347486092,0.04262812056248542,9.212511714609831e-05,0.5199070684636086
32,entity_pair_coverage,71,0.31830070719512654,0.3459000987617076,-0.02759939156658107,-0.04103908526233714,-0.013271444480338552,9.188265100617585e-05,-0.46375115718710364
32,predicate_lexical_coverage,71,0.23384763102068612,0.21352387767462197,0.02032375334606414,0.00249729162339176,0.0380275106652881,0.043796516538955665,0.26505770672467444
32,gold_semantic_recall_t060,71,0.03873493628725987,0.0378085843192265,0.0009263519680333859,-0.004734750596852663,0.006462769038235704,0.7199399332488514,0.038647853861954254
32,gold_semantic_f1_t060,71,0.06518909242499424,0.06408826394067789,0.001100828484316346,-0.008360452577021704,0.010475876290060299,0.9119252150808786,0.027578046496401002
33,subject_coverage,71,0.537687021383686,0.4582370409445208,0.07944998043916528,0.051326817685084666,0.10718219280442451,3.626719319754339e-06,0.6588515945339817
33,object_coverage,71,0.38986496208643345,0.3558522091586593,0.034012752927774274,0.021191517846239783,0.0465871774184177,1.1667595598759115e-05,0.6072050700854988
33,entity_pair_coverage,71,0.31252025169107145,0.33383919355868946,-0.021318941867618055,-0.037473116593808906,-0.005455415781918645,0.012130152648561479,-0.3050989216918262
33,predicate_lexical_coverage,71,0.22983728995422215,0.20051593111807317,0.029321358836149062,0.014128820979943942,0.0453153762099541,0.0005872397933928865,0.43359009571070706
33,gold_semantic_recall_t060,71,0.0415116644639335,0.030934614652894106,0.010577049811039395,0.004408279004064406,0.016848330992176353,0.003949403709014437,0.3980422796188516
33,gold_semantic_f1_t060,71,0.07004479131328123,0.05331971072673519,0.016725080586546058,0.006308524496462927,0.02721624328977559,0.006834601496532733,0.3756181714661405
34,subject_coverage,71,0.5591832293915767,0.47884846664565356,0.08033476274592317,0.054308862479428496,0.1056064588933921,4.101157092567172e-07,0.7358980907603269
34,object_coverage,71,0.39213652913259683,0.3606077298931551,0.031528799239441845,0.017024999117696386,0.045867664308075,0.00010557551596199977,0.49416211108061
34,entity_pair_coverage,71,0.31999290746556597,0.3345900586398984,-0.01459715117433242,-0.029894927508681206,0.0008135868569823495,0.14381636308256418,-0.22094640053273393
34,predicate_lexical_coverage,71,0.2252017631864667,0.2000654043962917,0.025136358790175024,0.011489532906683345,0.03911521207360242,0.0009097603371536871,0.4159935707884795
34,gold_semantic_recall_t060,71,0.0391177362038485,0.03406129800200516,0.005056438201843352,5.6648890892691125e-05,0.009975593001870339,0.061729200133218164,0.232942229996832
34,gold_semantic_f1_t060,71,0.06595156993601829,0.058390955985359996,0.007560613950658318,-0.0008883795255647896,0.015950252138197254,0.30659062343304444,0.2072284160889467
35,subject_coverage,71,0.5313990205135973,0.48206054984088836,0.049338470672708995,0.025296558438351862,0.0726098309870218,0.00015731412684808694,0.48557728574405123
35,object_coverage,71,0.3872505059192471,0.3672888592993507,0.019961646619896533,0.0062945357958649984,0.03360020809598436,0.012555593156556221,0.3410058714629431
35,entity_pair_coverage,71,0.30471337659042036,0.34780701180347207,-0.04309363521305162,-0.05885730063398905,-0.028062940013985956,3.5151030641398376e-06,-0.6484860962895753
35,predicate_lexical_coverage,71,0.23407651950832672,0.2012889148867528,0.03278760462157384,0.018981949792641267,0.0461912110916961,6.208594970035908e-05,0.5432346288470319
35,gold_semantic_recall_t060,71,0.042005669823884074,0.03779713358943757,0.0042085362344465044,-0.0015938929267299649,0.010074999342433683,0.13207453670598993,0.165595974649083
35,gold_semantic_f1_t060,71,0.07106662571801654,0.0643872750624676,0.006679350655548923,-0.002980690360327513,0.016247744783478308,0.2095390094416093,0.15852476038978514
36,subject_coverage,71,0.5824394665824928,0.4759062155801737,0.10653325100231902,0.08240868495305081,0.13173076008123477,1.9144405369414668e-09,0.965327201655643
36,object_coverage,71,0.39962756735854194,0.360850039824985,0.03877752753355696,0.02448715021863462,0.0531130802141478,1.1967973976734148e-05,0.6184575592971813
36,entity_pair_coverage,71,0.3303574963845155,0.34394393292978676,-0.013586436545271204,-0.030128546901800713,0.0027381721505328974,0.0874801754849094,-0.19100796889466964
36,predicate_lexical_coverage,71,0.23505284360239728,0.2077468725090661,0.027305971093331192,0.01107609301821646,0.04322537152796678,0.0014224431259026607,0.40511893383960496
36,gold_semantic_recall_t060,71,0.04137205836462533,0.03944806199375254,0.0019239963708728017,-0.0026560739534057486,0.006465075054649983,0.521111989148789,0.09793692792177133
36,gold_semantic_f1_t060,71,0.06998256651686362,0.06725762323278085,0.0027249432840827596,-0.005091017853890792,0.010363500317264001,0.7833424311802976,0.08119309801923166
37,subject_coverage,71,0.5344954904834949,0.46935632965450935,0.06513916082898549,0.038630397590503615,0.0916730559958415,2.462671537554921e-05,0.5625915611437584
37,object_coverage,71,0.3894678317224639,0.3621565127942592,0.02731131892820489,0.015456019054439434,0.0392029521276709,6.046835449067587e-05,0.5232876977215674
37,entity_pair_coverage,71,0.3080267038585832,0.33763407201177437,-0.029607368153191094,-0.04337602371115173,-0.015054444813836054,0.00012436172460388297,-0.47764979096887344
37,predicate_lexical_coverage,71,0.23274728018639465,0.21789991390378352,0.014847366282611033,-0.0015660670668605535,0.03149651894731903,0.034759269331101995,0.21348247915226026
37,gold_semantic_recall_t060,71,0.03660997764612069,0.036588449978878924,2.1527667241758284e-05,-0.005110582523655723,0.0054473872129569565,0.8003632795634583,0.0009225478530232681
37,gold_semantic_f1_t060,71,0.061866508201667864,0.06291461771843851,-0.001048109516770636,-0.00957245939582317,0.008029029682345026,0.7167273236036571,-0.026968811443208836
38,subject_coverage,71,0.5399964762432811,0.48355999695003715,0.05643647929324391,0.030033225836170564,0.08234372105482078,0.00010572825558080058,0.5003562425324269
38,object_coverage,71,0.38057098292524943,0.3643672376750917,0.016203745250157626,0.002521215096622577,0.029353720430513135,0.03589949554335443,0.2796011733394256
38,entity_pair_coverage,71,0.3050408873685339,0.3429225747486287,-0.037881687380094724,-0.054004075600274475,-0.022043253343670768,3.2438692275079137e-05,-0.544290016634548
38,predicate_lexical_coverage,71,0.2261256869429737,0.20726344028026142,0.018862246662712252,0.004421108430304952,0.033773800389086894,0.016468677093457222,0.2988618399458676
38,gold_semantic_recall_t060,71,0.038225598984882536,0.037901177758966655,0.00032442122591589117,-0.004009719334705311,0.004539501377671039,0.4447522335555084,0.01747089820123351
38,gold_semantic_f1_t060,71,0.06510702564840883,0.06494354383160733,0.00016348181680149327,-0.006952697987537667,0.007214081338338721,0.9075758911756464,0.005330008712463816
39,subject_coverage,71,0.5726913993874818,0.48445968322833444,0.08823171615914757,0.06648758153354203,0.11044337534184023,2.57042035828552e-09,0.9272907410381566
39,object_coverage,71,0.3949927421933446,0.364303351655847,0.030689390537497727,0.01827449562528872,0.0423902634713557,2.645308640009322e-05,0.5795131311455409
39,entity_pair_coverage,71,0.32752600398737874,0.34497825410823446,-0.017452250120855606,-0.031019975681157066,-0.004581793584282617,0.020836157777827824,-0.3041196260189951
39,predicate_lexical_coverage,71,0.23655422441609336,0.20567809655970243,0.03087612785639094,0.018366223028934415,0.04413647236699547,4.912530334990813e-05,0.5394191517269923
39,gold_semantic_recall_t060,71,0.04035513185753649,0.03746133486617911,0.002893796991357387,-0.002208723138459165,0.008384821948613374,0.624019073154185,0.12635639031808452
39,gold_semantic_f1_t060,71,0.06812445800551913,0.06390649688852967,0.004217961116989479,-0.004283496161986376,0.013328266509073362,0.7586610151516073,0.1102188639841081
40,subject_coverage,71,0.586417898018095,0.481941686163664,0.10447621185443104,0.08002533014131946,0.12931679061698728,2.8501598269899446e-09,0.9695453578950397
40,object_coverage,71,0.397820984014163,0.3652995078643433,0.03252147614981978,0.022159066077426577,0.042528480025447866,4.265531802771605e-07,0.725773709809429
40,entity_pair_coverage,71,0.3327195480352177,0.34622216523668325,-0.013502617201465646,-0.026889961484971126,-0.000175870403113,0.10541374666473444,-0.23123625625521532
40,predicate_lexical_coverage,71,0.23327364018750024,0.20641665398210185,0.026856986205398354,0.011157733647380572,0.04395944777794151,0.001746172761443965,0.3790745519348847
40,gold_semantic_recall_t060,71,0.041202844169919824,0.03841954521971025,0.002783298950209573,-0.002920134197283215,0.008821129392638875,0.4408973467039309,0.1068171743938853
40,gold_semantic_f1_t060,71,0.06939394739251686,0.06545554331040268,0.003938404082114167,-0.005459462641564742,0.013848542826643044,0.9451823433215556,0.09080344080927658
41,subject_coverage,71,0.5771132769097932,0.48257896721973,0.0945343096900632,0.06808695117207283,0.1222133125386874,1.5256101962348624e-07,0.7923988594593978
41,object_coverage,71,0.39742867537585513,0.3624432521813732,0.034985423194481904,0.01854329135871196,0.052101018617616214,6.916428739190612e-05,0.4891062751584836
41,entity_pair_coverage,71,0.3266997930258981,0.3412007767395385,-0.014500983713640359,-0.03245309211879915,0.004143195904833839,0.13452020854341068,-0.18614590161917915
41,predicate_lexical_coverage,71,0.22131468716165806,0.21022584711235626,0.01108884004930181,-0.005362541136690115,0.027300371669106437,0.18837039388975685,0.15765066186264615
41,gold_semantic_recall_t060,71,0.03826350555174121,0.034281750958828155,0.00398175459291306,-0.0024260601121192642,0.010163507079203302,0.19230037793235266,0.14078512406905175
41,gold_semantic_f1_t060,71,0.06473448557338425,0.05912384222965381,0.005610643343730443,-0.005038896006781436,0.016069530859101233,0.2525814616813242,0.11806603354192191
42,subject_coverage,71,0.5313594746708551,0.4758461466491533,0.05551332802170191,0.02885839312817433,0.08118191960175719,0.00010822252840474873,0.4897310817391321
42,object_coverage,71,0.3831770923180479,0.3674840685995309,0.015693023718516996,0.0019109251372501025,0.02959996098872613,0.03877413281396042,0.2567744974155531
42,entity_pair_coverage,71,0.3055530849322578,0.3460170811325216,-0.04046399620026372,-0.05704604770074181,-0.024355642580533545,9.470831290474815e-06,-0.5840243110826631
42,predicate_lexical_coverage,71,0.22570431454221476,0.20353630519629454,0.02216800934592017,0.0026054932657096535,0.04107350609958574,0.007297502988686681,0.2693691030124934
42,gold_semantic_recall_t060,71,0.03816255892125228,0.03701836726806044,0.0011441916531918393,-0.004689766239831406,0.006817021290875971,0.6357605638098311,0.045410765499250376
42,gold_semantic_f1_t060,71,0.06466390299656177,0.0639727762370176,0.0006911267595441842,-0.009279242638812293,0.010422641933309561,0.9836583611022285,0.0161422166029237
43,subject_coverage,71,0.5363070467636225,0.47921274064033287,0.057094306123289744,0.030927011001115782,0.08299547686671738,0.00014975028580910342,0.49057174619754346
43,object_coverage,71,0.375465575434523,0.3591393951487868,0.016326180285736246,0.002229350681132699,0.029995307093719323,0.02124535392867665,0.2682518532836701
43,entity_pair_coverage,71,0.3034913424108955,0.3395302343784829,-0.03603889196758739,-0.05207596341200811,-0.02044171787131788,0.00012996285272739102,-0.5110077151590222
43,predicate_lexical_coverage,71,0.22745415673610245,0.20161651549576912,0.02583764124033335,0.010375348597931773,0.04137249162451384,0.002473606443142432,0.3779994272497725
43,gold_semantic_recall_t060,71,0.040151500058597335,0.03465454804332776,0.005496952015269572,1.014606391603906e-05,0.010636493866282893,0.12237088019840232,0.2321978217301183
43,gold_semantic_f1_t060,71,0.0679555947086727,0.059267208021247096,0.008688386687425588,-0.0006621717432120862,0.017359927900145577,0.13182428754295783,0.2178002247711102
44,subject_coverage,71,0.5680602110836077,0.4842540992663336,0.08380611181727421,0.05588670999994108,0.11004498786472117,1.1684385764664495e-06,0.6822236527596818
44,object_coverage,71,0.3880167425995107,0.3623120813550101,0.02570466124450066,0.013776375541476503,0.0379772466317782,0.00024260722656845501,0.47762927982634784
44,entity_pair_coverage,71,0.3213969380849875,0.34266841777294166,-0.021271479687954217,-0.03681027134391713,-0.006942042216993852,0.015191263013119233,-0.32029688760314756
44,predicate_lexical_coverage,71,0.22634328939320145,0.22087006902743272,0.005473220365768717,-0.009274865474085953,0.019688934964202494,0.46676542426947953,0.08537607303022922
44,gold_semantic_recall_t060,71,0.04497875124400067,0.037893699025899216,0.007085052218101444,0.001910398752086033,0.012205980337454254,0.0034116928391168923,0.31542608060312616
44,gold_semantic_f1_t060,71,0.07574750553222093,0.0646936948688919,0.011053810663329014,0.0024739465749651123,0.019614328020445524,0.012084468410895048,0.2959080327920463
45,subject_coverage,71,0.5615206803173313,0.47339320710784993,0.08812747320948132,0.05999943912260355,0.11651873981545602,7.165634118287745e-07,0.719280771955353
45,object_coverage,71,0.39267232324591356,0.3584013619941248,0.034270961251788766,0.02033086223470554,0.04836961979067614,3.100393875594469e-05,0.5668602987863094
45,entity_pair_coverage,71,0.32190281471149634,0.34132983499258435,-0.01942702028108806,-0.03636661712095634,-0.0034407041846991485,0.02123096364804235,-0.2768687015029623
45,predicate_lexical_coverage,71,0.23124451021840722,0.202953219053426,0.02829129116498128,0.01034632574157589,0.046404848643482426,0.0029139632598687033,0.3641586701182411
45,gold_semantic_recall_t060,71,0.04090552395525992,0.034734415720648705,0.006171108234611223,0.0004588888848224079,0.01168242783454113,0.045442843411042676,0.26731173955969095
45,gold_semantic_f1_t060,71,0.06906185545199985,0.05960060920922142,0.00946124624277844,0.00011828752205192807,0.01852906851084877,0.08065876080391725,0.24796748439093588
46,subject_coverage,71,0.577951620641737,0.49158609801460834,0.08636552262712868,0.056737466893117504,0.11321404791101893,6.746064199536409e-07,0.7009629339677297
46,object_coverage,71,0.39885055205111036,0.36760535380498205,0.031245198246128227,0.018293653791144886,0.04425453866703825,8.090262825463471e-05,0.5339019583469709
46,entity_pair_coverage,71,0.32552557349245076,0.3502474463521925,-0.024721872859741718,-0.040303919420416265,-0.009287138933129983,0.0033251025849115345,-0.3538198367702329
46,predicate_lexical_coverage,71,0.22846816740322476,0.19188903940821245,0.03657912799501229,0.020657886503038594,0.05225290267960496,7.575841122145606e-05,0.5269652676518364
46,gold_semantic_recall_t060,71,0.03819645180344557,0.037144981846186476,0.0010514699572591027,-0.0038524672494252782,0.005954053389698843,0.590497407249004,0.04945636637889331
46,gold_semantic_f1_t060,71,0.06468454538404833,0.06356939240437276,0.0011151529796755695,-0.007026603037996691,0.009238258409948167,0.9104748392332517,0.03161616352953672
47,subject_coverage,71,0.5448602543895064,0.4749826356474163,0.06987761874209009,0.04358508258124308,0.09634750449905717,3.097905739098319e-06,0.6089359570081652
47,object_coverage,71,0.39063131162083664,0.3579561967209513,0.03267511489988523,0.01933941589207903,0.04606541753924155,2.217436885735068e-05,0.5677603910633052
47,entity_pair_coverage,71,0.31448382975815564,0.33669085888945066,-0.022207029131295002,-0.03826990037058509,-0.006274380491932344,0.004527366109505306,-0.32599629667690827
47,predicate_lexical_coverage,71,0.22916396425486527,0.19731789677057202,0.03184606748429327,0.014157104132704537,0.049246468652571776,0.0014385633343292625,0.4201707268480557
47,gold_semantic_recall_t060,71,0.03907451730848546,0.038929506976202045,0.00014501033228341394,-0.005528643525205543,0.00569825491437117,0.9856726510913523,0.0059212570242396755
47,gold_semantic_f1_t060,71,0.06602334826576656,0.0664998814420491,-0.0004765331762825238,-0.009990425926205557,0.008834230090944138,0.9880741450176593,-0.011522010821468373
48,subject_coverage,71,0.5373314479458617,0.47154393834705266,0.06578750959880905,0.03865625377331573,0.09084872261764021,8.446613109775741e-06,0.5706852788644821
48,object_coverage,71,0.38452498010285713,0.3573902877565169,0.0271346923463402,0.014810497488440433,0.03891157907406314,9.269593483271174e-05,0.5085703970302817
48,entity_pair_coverage,71,0.3086655707362752,0.33589271961175093,-0.027227148875475726,-0.04228132103376264,-0.012498359602535938,0.0003835454395189022,-0.42774113430688915
48,predicate_lexical_coverage,71,0.21724926699806993,0.19739792980700102,0.019851337191068952,0.002156534751190976,0.03746273203581796,0.014390457371783528,0.25985764045882
48,gold_semantic_recall_t060,71,0.03894524259079442,0.03560952090619762,0.0033357216845968057,-0.0018324692613970628,0.008278326952700204,0.27422433305599647,0.1532073780701437
48,gold_semantic_f1_t060,71,0.0658030385148963,0.06119197826220786,0.004611060252688424,-0.003979378609335932,0.012871751136234627,0.3450172719778687,0.12690220891964663
49,subject_coverage,71,0.5564080972104706,0.4615745174740556,0.09483357973641507,0.06715585715458408,0.12475758777250348,2.9145716761185454e-08,0.7486623573607654
49,object_coverage,71,0.38679103340343823,0.35485805839744516,0.031932975005992965,0.01881608747526742,0.04578940193584092,3.896019738332114e-05,0.5463164768436595
49,entity_pair_coverage,71,0.3109259951750329,0.3308479790670177,-0.019921983891984744,-0.03564839009139703,-0.0032032749033531083,0.032679148864958964,-0.2766389162485748
49,predicate_lexical_coverage,71,0.22827644805673927,0.2036409569934702,0.02463549106326903,0.007728932001262464,0.041264269503844514,0.005404771010118486,0.3445832902972832
49,gold_semantic_recall_t060,71,0.03987268146532144,0.033996276740244094,0.005876404725077339,0.00023461675473869327,0.011997824175075535,0.05527861399155858,0.23145063889969117
49,gold_semantic_f1_t060,71,0.0672469754572777,0.05867620739699639,0.00857076806028133,-0.0006324953861778156,0.018579090462160747,0.2037451822905535,0.20386393486356552
50,subject_coverage,71,0.5834373591942634,0.49437608700849534,0.08906127218576813,0.062498908549727304,0.1153280037834639,1.1182003455878166e-07,0.7856666620182161
50,object_coverage,71,0.3982299013281651,0.37476421204759686,0.023465689280568042,0.010900733546258074,0.0368683647688629,0.0008774650233518797,0.41710092835627444
50,entity_pair_coverage,71,0.3278403881735067,0.3565512712588648,-0.028710883085358196,-0.04417347151377056,-0.013102342664764831,0.0004678006843814992,-0.4350655677966731
50,predicate_lexical_coverage,71,0.24300569666419528,0.21133061416332713,0.031675082500868146,0.013364916474262068,0.049948468555528064,0.0010847814304399692,0.40884404742419733
50,gold_semantic_recall_t060,71,0.04443863985614554,0.036428325926324834,0.008010313929820703,0.002441509269465285,0.013593281474218188,0.009218574279396815,0.3275941815113343
50,gold_semantic_f1_t060,71,0.07491990897139704,0.06201375776519042,0.012906151206206641,0.0037580381688796446,0.02202947475881351,0.014672413505658443,0.320740570526482
51,subject_coverage,71,0.5803854085457562,0.4981166286331049,0.08226877991265111,0.05874061539711244,0.1074783395096288,1.0823977116657976e-07,0.7670263920910642
51,object_coverage,71,0.400596121370972,0.3672516532230225,0.0333444681479495,0.020562663639350977,0.04647639593540877,2.0284384851193097e-05,0.5891746095189205
51,entity_pair_coverage,71,0.3341149243658836,0.35207020552268414,-0.017955281156800555,-0.03298368567086053,-0.0010829065044793277,0.01396730819481393,-0.2583269712650937
51,predicate_lexical_coverage,71,0.23609841148130067,0.20721163689450645,0.028886774586794246,0.011411664137681464,0.04522067162435165,0.0012836170601642925,0.39358097847933854
51,gold_semantic_recall_t060,71,0.03984560776506727,0.03256024099011946,0.007285366774947806,0.002736154714390068,0.012040987042760907,0.01610885055423283,0.35853293987320123
51,gold_semantic_f1_t060,71,0.06738260445946515,0.05628800260916719,0.011094601850297956,0.0032296692812002364,0.0190901449792619,0.027449466574410806,0.3241187562030127
52,subject_coverage,71,0.5390411341277821,0.4860733326361693,0.052967801491613044,0.028532463561337783,0.07899005182562417,7.704888865613083e-05,0.47497350172930874
52,object_coverage,71,0.38738323173004463,0.3657849777095506,0.02159825402049409,0.008788680727718816,0.034040888373369826,0.0032743260254891097,0.3896648673863965
52,entity_pair_coverage,71,0.3063199498423282,0.3403378247051536,-0.03401787486282546,-0.048130484539567975,-0.019630689668709976,4.2839275642374906e-05,-0.5318740978864368
52,predicate_lexical_coverage,71,0.23311047843013136,0.20078594525617546,0.032324533173955894,0.01562016386386358,0.04820369771140232,0.00100588672406241,0.452672090149255
52,gold_semantic_recall_t060,71,0.038496314074424186,0.037582211732938915,0.0009141023414852661,-0.00407901245153672,0.006099599360238131,0.8908447856598519,0.04154519056239142
52,gold_semantic_f1_t060,71,0.0652626559811165,0.06438303795824285,0.0008796180228736453,-0.007543283995951486,0.009497025294985875,0.885758809181033,0.023855448267658803
53,subject_coverage,71,0.5470563092970603,0.4660151992803836,0.08104111001667666,0.0581945606237238,0.10465609855599747,5.212899315292891e-08,0.8262869674311699
53,object_coverage,71,0.39532295124044275,0.35790739889723555,0.03741555234320711,0.02487018252237526,0.05035875840735144,3.174591256502809e-06,0.6633941163566272
53,entity_pair_coverage,71,0.3183403384272668,0.33700407468543675,-0.01866373625816989,-0.03220347350619339,-0.004962348920017287,0.014511014147529538,-0.3147960004150228
53,predicate_lexical_coverage,71,0.2332725047216745,0.21252361607079506,0.020748888650879396,0.006036093937578287,0.03467570581384487,0.010350454505327948,0.33171761352606577
53,gold_semantic_recall_t060,71,0.040757056344753295,0.03320828139848631,0.0075487749462669765,0.0022973522234574725,0.01256844080663846,0.012876268791999972,0.3380196851009803
53,gold_semantic_f1_t060,71,0.06853038649587914,0.05716498069562158,0.01136540580025756,0.0027194396860160323,0.019742652657541153,0.03638166995633435,0.3063689742733434
54,subject_coverage,71,0.5600812989825784,0.4904502649220015,0.06963103406057701,0.042198958712507825,0.09694152022326541,1.5617864996502997e-05,0.5882370940934541
54,object_coverage,71,0.3909061006548664,0.3710403116935125,0.0198657889613539,0.0036605312568371872,0.03709865292707051,0.017526401781211374,0.26483783793000837
54,entity_pair_coverage,71,0.31660873742940127,0.3515982519034426,-0.03498951447404137,-0.053116200664654264,-0.01587036917711043,0.0007603583646621233,-0.4213456520493234
54,predicate_lexical_coverage,71,0.22554755775595642,0.2076746674502929,0.01787289030566343,0.0013466611044875654,0.03595307762852128,0.04413872839297337,0.24454864638235144
54,gold_semantic_recall_t060,71,0.041705848921757625,0.03690901098449965,0.004796837937257987,-0.000972877564999928,0.01037933597169234,0.03717939883998082,0.19380367482596533
54,gold_semantic_f1_t060,71,0.07047002420619915,0.06373487938206973,0.006735144824129417,-0.002906401552241571,0.01593741463146,0.10581246408007938,0.16455960003313375
55,subject_coverage,71,0.564107335168708,0.4774717144088039,0.08663562075990403,0.06414503728191859,0.10901934330959932,4.805830774483007e-09,0.8814914922006701
55,object_coverage,71,0.3897521065452936,0.36701718179946075,0.022734924745832837,0.011672710798774412,0.033862238839635704,0.0005799598914921058,0.46411005704877945
55,entity_pair_coverage,71,0.3207630204047737,0.3416154478849398,-0.02085242748016607,-0.03487569873259836,-0.007234097305144997,0.011316674039893587,-0.341882213483017
55,predicate_lexical_coverage,71,0.22060819247830404,0.19842643930249868,0.022181753175805365,0.00571046914968457,0.038676909941462924,0.008023625896293853,0.30687635318303536
55,gold_semantic_recall_t060,71,0.037483782561784564,0.03424138102095957,0.0032424015408249887,-0.0020131008257168416,0.008263433642713041,0.3712176051925039,0.14682935632834193
55,gold_semantic_f1_t060,71,0.06342704562063053,0.05925027168527666,0.004176773935353896,-0.004790676227138045,0.012657485539296276,0.5842541012562787,0.11054944262762119
56,subject_coverage,71,0.5615946518849882,0.4787472390338868,0.08284741285110138,0.058230032790727644,0.10811587827249415,9.269119021486005e-08,0.7908905698635237
56,object_coverage,71,0.39416618729455516,0.3654335213176365,0.02873266597691853,0.015411316600744207,0.042366077401181854,0.0005077888771170431,0.48265793799930146
56,entity_pair_coverage,71,0.32746757515399005,0.34244215244414183,-0.014974577290151787,-0.029994587764202642,0.0007884712581307836,0.035737642735245774,-0.22706417291173986
56,predicate_lexical_coverage,71,0.23149335931494144,0.1984240606045522,0.03306929871038925,0.019006856561307548,0.04774373266158799,2.9204375303172153e-05,0.5292318126244926
56,gold_semantic_recall_t060,71,0.04065068934472746,0.038892478031716415,0.0017582113130110483,-0.003454562398969404,0.007262163701400843,0.6284437062674368,0.07439955689961442
56,gold_semantic_f1_t060,71,0.06861597092338044,0.06661730987598603,0.0019986610473944322,-0.0067087866259382106,0.0112090257717099,0.8081095314545859,0.050228742351384414
57,subject_coverage,71,0.5539715693085367,0.49834374606919896,0.055627823239337765,0.030160421516934044,0.08057764540701126,4.1406330094860134e-05,0.5144995675035036
57,object_coverage,71,0.3935528735897679,0.3784831522596385,0.015069721330129458,0.0018272786723278274,0.027967902566526617,0.04006192444634072,0.25528490481279037
57,entity_pair_coverage,71,0.31505760140662464,0.3548406024542431,-0.03978300104761842,-0.05511910082665762,-0.024877056545539074,1.388465231999902e-05,-0.596089471376443
57,predicate_lexical_coverage,71,0.23604341398283749,0.2144568409250251,0.021586573057812385,0.00493926002729745,0.03811647143254776,0.007510242917912184,0.29496608252070244
57,gold_semantic_recall_t060,71,0.04212225962697363,0.04047286682972862,0.0016493927972449987,-0.003726657987788129,0.006876126922459501,0.3104319958621632,0.07408466656870423
57,gold_semantic_f1_t060,71,0.07127232410098619,0.06907241994164477,0.002199904159341438,-0.006789780618507289,0.011084152332021922,0.5399808172318147,0.05909454576076056
58,subject_coverage,71,0.5523546880898129,0.45915704590437045,0.09319764218544253,0.06420088370808895,0.12114406140392119,2.7297697241385847e-07,0.7304793877584577
58,object_coverage,71,0.3793724775797807,0.34750234057028595,0.03187013700949481,0.01713752969176379,0.047076539908086364,0.00013864951986862983,0.48900250343972973
58,entity_pair_coverage,71,0.3092070831953923,0.3304732524454843,-0.021266169250091956,-0.03879406890271092,-0.0037732225267219466,0.03473863074768049,-0.27584634558387056
58,predicate_lexical_coverage,71,0.21640041536419916,0.19621724962198256,0.0201831657422166,0.005631364799472737,0.03552606550187137,0.013968474055134628,0.32837326099744035
58,gold_semantic_recall_t060,71,0.041873361180993766,0.03619461101334327,0.005678750167650492,0.0010247232477369678,0.010404330928967632,0.02446289480373769,0.27535788870164835
58,gold_semantic_f1_t060,71,0.07087747203511911,0.06195193283064212,0.00892553920447698,0.001070201913285247,0.01693512600312482,0.09543842517603972,0.25652229315284814
59,subject_coverage,71,0.5826768437823958,0.4772725421181013,0.10540430166429451,0.07742861646265595,0.1318475022834828,4.5612689450705875e-09,0.8664127857011996
59,object_coverage,71,0.397150262227394,0.3680479257645018,0.029102336462892224,0.016613671874416806,0.040585997753907956,2.094911765873762e-05,0.5605872008617628
59,entity_pair_coverage,71,0.3352129077879469,0.34772720032392795,-0.012514292535981174,-0.028392237510251498,0.003124537590057202,0.13452020854341068,-0.18143136159688283
59,predicate_lexical_coverage,71,0.24950788334037113,0.20325802020676303,0.046249863133608064,0.02798021071966072,0.06448350201406934,6.194922746793106e-06,0.5790921300069085
59,gold_semantic_recall_t060,71,0.04104636624731494,0.03943644789433006,0.0016099183529848882,-0.004074571066861743,0.007482079421522456,0.6201200206366921,0.06446997020981106
59,gold_semantic_f1_t060,71,0.06968938364714795,0.06748186035803237,0.0022075232891155608,-0.007112312969912992,0.012029944150164017,0.8586995422499172,0.053320658304077825
60,subject_coverage,71,0.5547092986726576,0.46951458033235055,0.08519471834030701,0.06030513594297716,0.11032290015570716,1.58247550020559e-07,0.7606493624675663
60,object_coverage,71,0.3912825574704597,0.3607364096231715,0.030546147847288232,0.01578921082246219,0.04512385344280933,0.0003055005725089954,0.47674606746576503
60,entity_pair_coverage,71,0.316913320245661,0.3354432762801161,-0.018529956034455064,-0.035372585992183236,-0.0014248055198631323,0.02971411517294011,-0.24923470645609255
60,predicate_lexical_coverage,71,0.23330045069659278,0.20604231025964015,0.027258140436952644,0.012050712402097229,0.04270879738402017,0.0018649547351627664,0.4169030151718539
60,gold_semantic_recall_t060,71,0.038353599298061924,0.03238824469235922,0.005965354605702696,0.001174674938626471,0.010840308207051888,0.017794835772035042,0.278808567010693
60,gold_semantic_f1_t060,71,0.06479520364143156,0.05584291819215785,0.008952285449273718,0.0008550366385229177,0.01713616801910884,0.05565016770280369,0.2483696373883529
61,subject_coverage,71,0.5716980811678996,0.48091465351592994,0.09078342765196958,0.06723193961756793,0.11466642544424623,1.3861452710437039e-08,0.8882168997289372
61,object_coverage,71,0.3995779497231955,0.37463176020746564,0.02494618951572989,0.012621973626011428,0.0378896720000253,0.0007411309567951733,0.44670202369925177
61,entity_pair_coverage,71,0.3312899049737894,0.3507943754859514,-0.019504470512162017,-0.03219205083874668,-0.00583495930554941,0.0039800473956219514,-0.34809409327081836
61,predicate_lexical_coverage,71,0.23870699479593702,0.20422998409193382,0.03447701070400322,0.022294676184068215,0.046631606620746335,2.137133202153509e-06,0.6398302805381384
61,gold_semantic_recall_t060,71,0.04064504402387928,0.03606471112570213,0.004580332898177143,-0.000949643667452786,0.00997450805853207,0.07588264117465403,0.19701496739554678
61,gold_semantic_f1_t060,71,0.06885132729785688,0.06165502953484503,0.007196297763011855,-0.001971370876673367,0.016246533557774973,0.11982661776040093,0.18510745244058327
62,subject_coverage,71,0.5733552555671128,0.4808288449326078,0.09252641063450497,0.06459462967103037,0.12034338637032062,2.7305694027272614e-07,0.7617157916152453
62,object_coverage,71,0.3965258484247091,0.3623514567083147,0.034174391716394456,0.021089363328212384,0.047011153395040584,4.343330510040064e-05,0.577876009797989
62,entity_pair_coverage,71,0.3279150385278954,0.3388707230072,-0.010955684479304614,-0.02725133549485659,0.005365134914268291,0.20388920934472188,-0.14717473160187355
62,predicate_lexical_coverage,71,0.22732791884346282,0.2078615782087877,0.01946634063467509,0.0036551796228539023,0.035273764486088134,0.031087982123685798,0.2738376736114172
62,gold_semantic_recall_t060,71,0.04015440660256059,0.03737396982570659,0.0027804367768539994,-0.002751509315694993,0.008537702942525451,0.3413530428042332,0.11072287132292988
62,gold_semantic_f1_t060,71,0.06826527428950471,0.0638320763190344,0.004433197970470321,-0.004865294379834023,0.014327294273393465,0.5165212321926782,0.10492784791449575
63,subject_coverage,71,0.5427102969218112,0.45369694842393266,0.08901334849787851,0.06789990933824412,0.1103895451180464,9.256606911571186e-10,0.9742159730283204
63,object_coverage,71,0.38392141917504236,0.3527904872462639,0.031130931928778506,0.017065607241770024,0.045091043063395765,7.508656277606747e-05,0.5182451119393714
63,entity_pair_coverage,71,0.3070840899594142,0.33126403131422,-0.024179941354805796,-0.03934290027172353,-0.009048623808320107,0.0022138877320080973,-0.37604743852597855
63,predicate_lexical_coverage,71,0.22590709891706254,0.19894730408074174,0.026959794836320824,0.00946603591664284,0.04495178371163918,0.0025636436569487307,0.3481576569599118
63,gold_semantic_recall_t060,71,0.039549863014125934,0.036076425953590965,0.003473437060534959,-0.0013369937456879726,0.008295980581740964,0.2120034309228257,0.163169613797459
63,gold_semantic_f1_t060,71,0.06680250033524407,0.06187195010287443,0.0049305502323696414,-0.0030275588243707857,0.012895187917591916,0.25972921200429044,0.13914839392750306
64,subject_coverage,71,0.5478240095254088,0.4772286621197233,0.07059534740568556,0.04395204160595556,0.09783376216616857,7.1807674307579875e-06,0.6122269944626066
64,object_coverage,71,0.3906835261978611,0.35700590945704314,0.033677616740817984,0.01875271304291415,0.04830499177258196,3.60152659255642e-05,0.544897287659149
64,entity_pair_coverage,71,0.3108824778191711,0.3378686492339309,-0.026986171414759848,-0.04316295965963527,-0.011047960520887624,0.002102568583114471,-0.4005077082930802
64,predicate_lexical_coverage,71,0.23863769794570325,0.20625963599030664,0.03237806195539668,0.01593685832832358,0.049404133148612264,0.0002624737918659104,0.4674619511562678
64,gold_semantic_recall_t060,71,0.04184168355257406,0.03699766069259974,0.004844022859974315,0.0009631690384658386,0.008838163590613814,0.02020772668262532,0.2790590705246426
64,gold_semantic_f1_t060,71,0.07077009583418777,0.06353700601238811,0.007233089821799671,0.0007593837497867946,0.013793363971910892,0.1067139104880112,0.25081922045768945
65,subject_coverage,71,0.553437661362424,0.47705441887828726,0.07638324248413683,0.05111138722663495,0.1035679683483151,1.5098393751497047e-06,0.6723919695190018
65,object_coverage,71,0.391886507863615,0.3652578599838984,0.02662864787971662,0.014317153113723459,0.039298809624594956,0.00011087723758438221,0.5022620942652323
65,entity_pair_coverage,71,0.3175470656175757,0.33911870851506426,-0.02157164289748851,-0.036409387384854094,-0.006388369452986683,0.00442803974390415,-0.336493178187653
65,predicate_lexical_coverage,71,0.22970939476529956,0.2031897949690865,0.026519599796213038,0.012968719502405718,0.04037038771970503,0.00038739016916719944,0.44820315094498675
65,gold_semantic_recall_t060,71,0.04121327802751474,0.034940464622262,0.006272813405252739,0.0006787140877583768,0.01232107807736696,0.039696163936891855,0.2568525232724382
65,gold_semantic_f1_t060,71,0.06998690244333045,0.05988276197906382,0.010104140464266614,0.0009722251644789278,0.02035521234933538,0.05348865746209175,0.24766504850650747
66,subject_coverage,71,0.561550584380062,0.47730663616334595,0.08424394821671609,0.05967439809049154,0.10847922368359654,8.56707335854028e-08,0.804431176870136
66,object_coverage,71,0.3844512924792479,0.3625046349659712,0.021946657513276648,0.009389965710486285,0.03363634346988685,0.001102287245634457,0.4110031636087617
66,entity_pair_coverage,71,0.3171672566571554,0.3447147960647828,-0.0275475394076273,-0.041107938471835886,-0.014376086838770206,0.00024299368780878966,-0.48205036009863445
66,predicate_lexical_coverage,71,0.23450963626785032,0.2073436382833817,0.027165997984468688,0.01065963860767485,0.044249848286706646,0.003531755992634009,0.37555196771253657
66,gold_semantic_recall_t060,71,0.040700362325932465,0.035208465892667365,0.005491896433265105,-0.0006999166939065164,0.011686744755859698,0.04455551190835947,0.20783078366481353
66,gold_semantic_f1_t060,71,0.06875674222938837,0.060339415588304926,0.00841732664108344,-0.0021271595568506034,0.0186956498381498,0.05348865746209175,0.19042745143280826
67,subject_coverage,71,0.5497257470649176,0.48416236320149064,0.06556338386342701,0.03815419636093319,0.09069741014462859,2.429323148489029e-06,0.575500565034629
67,object_coverage,71,0.39010127342363965,0.3607613130317272,0.029339960391912345,0.014378307972883598,0.04392498060203345,0.00023182983953070994,0.4641743656851057
67,entity_pair_coverage,71,0.31190623436687187,0.3449272396972187,-0.03302100533034685,-0.04848192488509445,-0.01892900672142336,3.188551556527825e-05,-0.5113556742917216
67,predicate_lexical_coverage,71,0.22371722070598551,0.2010947082752413,0.022622512430744184,0.008303519595604655,0.0372801522662046,0.006368166862442198,0.35419650267713665
67,gold_semantic_recall_t060,71,0.04076204374702733,0.03645138386792272,0.004310659879104609,-0.001328680779647299,0.009772675710971035,0.09782652104096434,0.1758510464793953
67,gold_semantic_f1_t060,71,0.06890974242299062,0.06307703444678985,0.005832707976200812,-0.003614708252052907,0.01497855514022106,0.318043619583829,0.14168099564522832
68,subject_coverage,71,0.5573751484456048,0.4740698019254466,0.08330534652015832,0.05729832432507409,0.11006029253079534,4.072902031444516e-07,0.7227585681928279
68,object_coverage,71,0.4038715478171992,0.36086495154959286,0.043006596267606355,0.028240023108943704,0.05827319524012626,2.593678682398206e-06,0.6624314140683358
68,entity_pair_coverage,71,0.3225253041582312,0.3420608463922603,-0.01953554223402917,-0.03677141348917971,-0.0017840809420989292,0.022763196353249738,-0.2539626669816649
68,predicate_lexical_coverage,71,0.2326889857711082,0.21481768946579824,0.017871296305310005,0.0021040424910312087,0.03359198699946929,0.07255655327537473,0.25875714548156153
68,gold_semantic_recall_t060,71,0.041277239212922055,0.0343902274190131,0.006887011793908948,0.0015565634719755155,0.012321350470049045,0.021257318179786242,0.29466168721847547
68,gold_semantic_f1_t060,71,0.06995479109247282,0.0587791089910355,0.011175682101437323,0.002266019725435955,0.020228387672765163,0.031154162604427445,0.2878738073816319
69,subject_coverage,71,0.5497456204032649,0.46892260119199264,0.08082301921127232,0.0556696992948938,0.1073631160758934,2.905575153890666e-07,0.7028866834555554
69,object_coverage,71,0.38189445683682444,0.3571148904493128,0.024779566387511658,0.01157298697235528,0.03773063135391462,0.0005667145186758379,0.44613654200714614
69,entity_pair_coverage,71,0.30760758632656726,0.33181699665261555,-0.02420941032604828,-0.040910567481424784,-0.008125763080850768,0.006438890754336531,-0.3384626101317
69,predicate_lexical_coverage,71,0.22203276499053484,0.20915660726510282,0.012876157725432035,-0.004603556662784125,0.02962499322585701,0.11026027160065635,0.17932318318697318
69,gold_semantic_recall_t060,71,0.04195688982972521,0.03609883863165179,0.005858051198073425,0.0005585855281922023,0.011512230559982605,0.048825999940444724,0.2538077951978309
69,gold_semantic_f1_t060,71,0.07110404024912043,0.0619862088996388,0.009117831349481617,0.00031190032927628554,0.01846665517111132,0.13949449123058652,0.23688230145943712
70,subject_coverage,71,0.5489424101656368,0.47772204238672716,0.07122036777890974,0.04623830651005952,0.09613805641896428,1.3191313369981273e-06,0.6863126039502313
70,object_coverage,71,0.39315820314142136,0.36063717802228296,0.0325210251191383,0.019034592283918253,0.045611071097026334,2.096933584968812e-05,0.5691471929782944
70,entity_pair_coverage,71,0.31818255417673363,0.344783621445097,-0.026601067268363462,-0.041588901563836336,-0.011738413622008604,0.0014210981168155789,-0.40956787913219345
70,predicate_lexical_coverage,71,0.2312639940891828,0.20935669965859596,0.02190729443058687,0.005863435674917591,0.038354235526420616,0.02023472133757019,0.3079590187955699
70,gold_semantic_recall_t060,71,0.038540587988864554,0.03299433311503882,0.005546254873825735,0.0004135592712216264,0.010449616812231168,0.03129020225037715,0.2594496218733447
70,gold_semantic_f1_t060,71,0.06551648235741386,0.05700998795041349,0.008506494407000395,-0.00014510009201051447,0.0167867298787854,0.09898478111238616,0.23793802487933535
71,subject_coverage,71,0.5346035441843845,0.47035407217757597,0.06424947200680849,0.03516107115930902,0.092448679776732,0.00012995558734135083,0.5091560431521568
71,object_coverage,71,0.3879177752323762,0.36300969072876493,0.024908084503611212,0.00974371068304908,0.039486526891890326,0.001971312192233504,0.38705168748897956
71,entity_pair_coverage,71,0.31122305351595103,0.34247376003453595,-0.03125070651858483,-0.050163537719887484,-0.012842564322061226,0.003497418438421503,-0.38850315102711225
71,predicate_lexical_coverage,71,0.22346103623970248,0.1939908460916479,0.029470190148054506,0.013291734343396944,0.044592059178503105,0.0008305190225585024,0.44013577083897654
71,gold_semantic_recall_t060,71,0.038744194020242095,0.03411138708535966,0.004632806934882446,-0.0004768600722207355,0.009591594171728583,0.08183601434026384,0.21073028925582515
71,gold_semantic_f1_t060,71,0.06516320903846004,0.058962758603138946,0.006200450435321104,-0.00239074350304254,0.014520674603178059,0.21880735385275574,0.16931777687280647
72,subject_coverage,71,0.5619857234118593,0.484861376136607,0.07712434727525201,0.05487569156356081,0.09937800710067515,1.1531606913225658e-07,0.7869317273895904
72,object_coverage,71,0.39649679020656775,0.36853238153743134,0.02796440866913636,0.013912284713585717,0.04127444965382768,0.00027258860292728523,0.4657486083626575
72,entity_pair_coverage,71,0.3222984852040349,0.3482305944716185,-0.025932109267583638,-0.040351177501827845,-0.011508604115847556,0.0012971379444261313,-0.4154452262359255
72,predicate_lexical_coverage,71,0.23599341317721748,0.20936267931260646,0.026630733864611022,0.010298246021676855,0.043667787178327255,0.004843614855557496,0.3594182465558225
72,gold_semantic_recall_t060,71,0.043654697343624156,0.03612407900830889,0.007530618335315264,0.00201016235687571,0.012983251362161715,0.016957874236297868,0.31212906807865076
72,gold_semantic_f1_t060,71,0.073956276239666,0.06184963763213674,0.012106638607529264,0.0027388868760407858,0.02144116187691116,0.03207680049547801,0.2946030091797229
73,subject_coverage,71,0.5457889434843758,0.4696116863817761,0.0761772571025997,0.04484361753332735,0.10548939348488591,3.96572916750575e-06,0.5913209486768763
73,object_coverage,71,0.39982519072094147,0.36120330746931173,0.03862188325162973,0.02443027114551515,0.053427340162363376,6.008135499889297e-06,0.6285230862032157
73,entity_pair_coverage,71,0.32450696413967134,0.33872304135330594,-0.014216077213634685,-0.03276469267357327,0.0036557433960035706,0.16614301002012788,-0.1822136633830677
73,predicate_lexical_coverage,71,0.23644617655119535,0.1986966691526276,0.03774950739856774,0.02094322968331354,0.054303927524856195,5.306998771489964e-05,0.5123857244856455
73,gold_semantic_recall_t060,71,0.04001574332696868,0.03245481825263562,0.0075609250743330705,0.0028759164468333326,0.012131225428434268,0.0034784040188882803,0.38332165805374485
73,gold_semantic_f1_t060,71,0.06729126820235362,0.05600910412354027,0.011282164078813375,0.003455221451312383,0.018992234075076126,0.01465030261098821,0.33952619656490707
74,subject_coverage,71,0.5484482031733319,0.4766959430161101,0.0717522601572218,0.05072558690945888,0.09331472509476614,1.5000666665191103e-07,0.7821068238521913
74,object_coverage,71,0.38698957588631117,0.356801883179253,0.030187692707058122,0.01763272127838039,0.04258552366359049,2.758795067954421e-06,0.5562697308883894
74,entity_pair_coverage,71,0.31365387867317346,0.33620922733195185,-0.022555348658778434,-0.03724061228376536,-0.007284145245872884,0.009316761955581744,-0.3408771408551203
74,predicate_lexical_coverage,71,0.2231341543355141,0.20178848223193624,0.021345672103577868,0.004479052691984612,0.037269725216050535,0.009851346092019877,0.3027631601990613
74,gold_semantic_recall_t060,71,0.039619279790017004,0.04289332399200499,-0.0032740442019879913,-0.009921979114850186,0.003308046332590987,0.3454095741012847,-0.11545049210748805
74,gold_semantic_f1_t060,71,0.06718311000528679,0.07302699834296086,-0.005843888337674054,-0.01678313544104024,0.005112887624406719,0.17950734796843026,-0.12502520880650853
75,subject_coverage,71,0.5901524128962475,0.48843276924672935,0.10171964364951823,0.07846862816852901,0.12523338285322413,1.0354815337188781e-09,1.0037356554157513
75,object_coverage,71,0.39599898488530955,0.3706270292145643,0.025371955670745173,0.013580301693764946,0.03741384941362994,0.00020681452209474966,0.4929142502193509
75,entity_pair_coverage,71,0.32950188576336736,0.34898509695124336,-0.019483211187876038,-0.031692392113172534,-0.0061447098991224275,0.001468368423053146,-0.3426155899297108
75,predicate_lexical_coverage,71,0.2374753450678546,0.20669136154289358,0.030783983524960958,0.011088999813045548,0.04978545050927766,0.0027920668539819227,0.36987344834578484
75,gold_semantic_recall_t060,71,0.040545185253899926,0.03696359280452344,0.0035815924493764763,-0.002049468358240573,0.009104971221211572,0.10951276349202461,0.1523766327850027
75,gold_semantic_f1_t060,71,0.06785577587485013,0.06353203201261025,0.004323743862239875,-0.005218347429351762,0.013484466471141113,0.39754108155840084,0.10982367666958301
76,subject_coverage,71,0.5411193964967257,0.46766484863031166,0.07345454786641405,0.050877360250274124,0.09725788091344699,2.556754480951322e-07,0.7331695771781107
76,object_coverage,71,0.38509285260265175,0.3595275481332226,0.02556530446942917,0.013134703106859403,0.03851891702223449,0.000492594016680449,0.4639555069950919
76,entity_pair_coverage,71,0.3130576120240441,0.3358095360270614,-0.02275192400301733,-0.035838008993061395,-0.00821388455484642,0.0016906769390584511,-0.3848227600809193
76,predicate_lexical_coverage,71,0.23672982532135287,0.19812672937633957,0.038603095945013384,0.021536374913456353,0.056684473920426824,7.096217913226631e-05,0.5167488484665846
76,gold_semantic_recall_t060,71,0.04183649723788274,0.036187368724392224,0.005649128513490513,-9.483441759729663e-06,0.011178208552343295,0.03388007449077427,0.23267020814015482
76,gold_semantic_f1_t060,71,0.07093720490704908,0.06175041652856385,0.00918678837848523,-0.00016218127537433093,0.018303685834216366,0.045030167726055545,0.2298563624127864
77,subject_coverage,71,0.5509020211907893,0.4897676814222103,0.06113433976857909,0.033903021354139605,0.08611359287862975,1.8117230977191468e-05,0.5435233252233885
77,object_coverage,71,0.393866022310519,0.36980981872192586,0.024056203588593103,0.011881617219848276,0.03605374111124455,0.0007915969421371218,0.46157820454880966
77,entity_pair_coverage,71,0.31918380574283917,0.346115515640023,-0.026931709897183957,-0.04323956581226304,-0.0122398569137205,0.0028774249404676915,-0.3990675253784579
77,predicate_lexical_coverage,71,0.235599587618198,0.2161008585259181,0.0194987290922799,0.0042279677597317124,0.03578732278883907,0.016638743496595915,0.2900933205091635
77,gold_semantic_recall_t060,71,0.038813958463455235,0.03786807596330049,0.0009458825001547492,-0.004783466416909834,0.006559826664877097,0.913257467631407,0.0388780883802128
77,gold_semantic_f1_t060,71,0.06521327424237111,0.06466127505603587,0.0005519991863352497,-0.009082483293403233,0.009889721078536588,0.7947988517857305,0.013581871730732295
78,subject_coverage,71,0.5435639295926278,0.4662254697502357,0.07733845984239218,0.047992834971608375,0.10521557837739372,1.8484361986896716e-06,0.6367686625748806
78,object_coverage,71,0.38883980594181977,0.36168626343635357,0.02715354250546625,0.015394314629485838,0.03867264128785217,5.85000545417674e-05,0.5402309683625126
78,entity_pair_coverage,71,0.31180908150651687,0.3351954454559761,-0.023386363949459272,-0.039542210975284764,-0.008135791035608983,0.00316141873329799,-0.3394508554138563
78,predicate_lexical_coverage,71,0.22716709453022257,0.20709089554638624,0.020076198983836377,0.002058081381310519,0.0381465488532233,0.019078009873049934,0.26080916439974955
78,gold_semantic_recall_t060,71,0.0386794954907102,0.035903529738647945,0.002775965752062271,-0.0018568520171342914,0.00767532401626883,0.28102230931031524,0.13182361525342406
78,gold_semantic_f1_t060,71,0.06522958201152483,0.061615597387316555,0.0036139846242082786,-0.004305651380746745,0.011929590035022657,0.3800363763737228,0.10108300336550337
79,subject_coverage,71,0.5277226164150273,0.46059215185082575,0.06713046456420144,0.0382520366155776,0.0967137724262923,0.00011926111162522032,0.5291783661795018
79,object_coverage,71,0.388953595801256,0.3546559189702227,0.034297676831033415,0.019808172587953712,0.04930420034297469,3.194960226239509e-05,0.5337422012984124
79,entity_pair_coverage,71,0.3080611042373998,0.33948892040158624,-0.031427816164186446,-0.04816484053747738,-0.014618132990394208,0.0008396054925272064,-0.4297474267862016
79,predicate_lexical_coverage,71,0.22391723725098928,0.2164218307544911,0.007495406496498252,-0.007345299987286542,0.022917227415938286,0.445231236363142,0.11305289203275926
79,gold_semantic_recall_t060,71,0.03868820948444624,0.0341713677133015,0.004516841771144729,-0.0013369800069061354,0.010103205622595713,0.1569773279514102,0.17963250935177522
79,gold_semantic_f1_t060,71,0.0653272644565023,0.0588661530032468,0.006461111453255505,-0.0033392329613907766,0.015837554592548677,0.21035522648707838,0.15384045084477233
80,subject_coverage,71,0.5610685036678419,0.49426670713814524,0.0668017965296966,0.04021712383898811,0.09385853924605012,2.592970116668865e-05,0.5650068848876827
80,object_coverage,71,0.4023807179328646,0.3779723202824156,0.02440839765044901,0.009538868271621296,0.03953371165014302,0.006638273510607882,0.3773662258295714
80,entity_pair_coverage,71,0.32569791368322,0.35631458063159344,-0.030616666948373443,-0.045096307452930307,-0.01589670227405368,0.0002976197320319249,-0.47768831144991825
80,predicate_lexical_coverage,71,0.24012168494046748,0.20684216643756054,0.033279518502906925,0.017415901943779392,0.04894287532901243,0.0002558560688728347,0.4783414789559512
80,gold_semantic_recall_t060,71,0.0411727513990015,0.03940402903671395,0.0017687223622875458,-0.003387951724407115,0.0069167582006899415,0.45965250793433265,0.07741536390092889
80,gold_semantic_f1_t060,71,0.0696944779980181,0.06736137437723129,0.0023331036207868082,-0.006284285227134227,0.010920733859726937,0.6968110252012045,0.06094259139207598
81,subject_coverage,71,0.5527229751943671,0.45903617300253025,0.0936868021918369,0.06688124782500897,0.12087375781034802,3.214849524461972e-08,0.8106285718217139
81,object_coverage,71,0.39348612214394946,0.354392895520654,0.03909322662329554,0.026953050721040966,0.051982116264884345,2.8046544389883723e-07,0.7261444743016962
81,entity_pair_coverage,71,0.31839273328248513,0.33355129211481355,-0.015158558832328561,-0.027847080726153065,-0.0011544470326117964,0.020668272630857302,-0.25673470059317766
81,predicate_lexical_coverage,71,0.23024573967518322,0.19774686722749463,0.03249887244768857,0.01620686164587659,0.049692275853303734,0.0003194144469921049,0.441691762490098
81,gold_semantic_recall_t060,71,0.03690930764177999,0.034331997648672744,0.002577309993107249,-0.002898400041608887,0.008067603586240486,0.42165130193980627,0.11152980186721916
81,gold_semantic_f1_t060,71,0.062364068615423034,0.05907490257444838,0.0032891660409746547,-0.005678847223274505,0.012382366728386059,0.8343393888692786,0.08577761618624667
82,subject_coverage,71,0.5519924514960648,0.47973139308588103,0.07226105841018376,0.04791824704096384,0.0967818740545732,5.057736651148234e-07,0.67788015774888
82,object_coverage,71,0.3845690107269177,0.3609236502458187,0.02364536048109905,0.008553544120687135,0.03828808461631405,0.008835517420050967,0.3655183196708551
82,entity_pair_coverage,71,0.31129388470834074,0.3374421514597152,-0.02614826675137445,-0.042296416500634856,-0.009810717439599949,0.001573100197245575,-0.3742139345989157
82,predicate_lexical_coverage,71,0.21436849985047962,0.1960707784864192,0.01829772136406043,0.0007564897582503491,0.03623295278640479,0.06739090512960726,0.23909081131955529
82,gold_semantic_recall_t060,71,0.039324197584236595,0.03830011389635479,0.0010240836878817943,-0.0040621803270688124,0.005875534413969084,0.8373457565893137,0.04793762246742056
82,gold_semantic_f1_t060,71,0.06649993805698644,0.06593492718418237,0.000565010872804096,-0.008109332375608097,0.008880412677832409,0.8401965021514807,0.01563941201776461
83,subject_coverage,71,0.5719836173900517,0.4828176928067563,0.08916592458329532,0.06115472744242976,0.1169075692178251,1.549747684371719e-07,0.7264529465578504
83,object_coverage,71,0.4018482558735753,0.3613713791996375,0.04047687667393774,0.024800535865844034,0.05618921181463494,4.6068865337033135e-06,0.6155672922854618
83,entity_pair_coverage,71,0.3276328597852694,0.34315153572790313,-0.015518675942633712,-0.03322453631251876,0.002544873997539599,0.12076982941138496,-0.20367189969725122
83,predicate_lexical_coverage,71,0.22292487297038302,0.2121022532808604,0.0108226196895226,-0.006175691425036896,0.028897596289916096,0.3919889365932261,0.14202662099782803
83,gold_semantic_recall_t060,71,0.04011173881547512,0.03407023062595687,0.0060415081895182545,0.0005190162543862038,0.011017760666987366,0.01677157249430539,0.26505862709421185
83,gold_semantic_f1_t060,71,0.06770449929696719,0.05806075562227987,0.009643743674687316,0.0005112622470178802,0.018048746870532126,0.036382524033725966,0.25309375744594437
84,subject_coverage,71,0.5714549585938271,0.48991884239989314,0.08153611619393399,0.05442430494027773,0.10727033910312014,1.6634274455439677e-06,0.6949442233447726
84,object_coverage,71,0.39901851503074326,0.364511875872529,0.034506639158214183,0.0209732720515757,0.04808819891515932,1.1668252216964925e-05,0.5836981748781249
84,entity_pair_coverage,71,0.3301008278380362,0.3435483841132102,-0.013447556275174077,-0.029156316553532614,0.0021466357007016088,0.07388980887252358,-0.19459975959511844
84,predicate_lexical_coverage,71,0.23670220200454695,0.1960579167795257,0.04064428522502134,0.0240693737707742,0.05651147244805031,9.680615210949408e-06,0.59098288883923
84,gold_semantic_recall_t060,71,0.04261275232058507,0.03280899026437687,0.009803762056208198,0.003942264734086357,0.01577775220756345,0.002991688232169177,0.3886897071479923
84,gold_semantic_f1_t060,71,0.07168162585380433,0.05602465270528732,0.01565697314851702,0.005987695090501817,0.025589873578836103,0.007716996463861107,0.37496664078537106
85,subject_coverage,71,0.5317112579360813,0.46403064376416886,0.06768061417191241,0.040897319095188144,0.09414410573534304,1.3632210221687276e-05,0.5899520278382384
85,object_coverage,71,0.39202485871396436,0.3569463218598994,0.03507853685406492,0.022170689717400254,0.04750287421844556,5.23107624313798e-06,0.645173071259586
85,entity_pair_coverage,71,0.3089640174528075,0.33368843495406403,-0.024724417501256566,-0.04030471801200033,-0.010481448732412394,0.0025075908044708117,-0.37738281342652424
85,predicate_lexical_coverage,71,0.23097722542878654,0.19927493382667752,0.03170229160210902,0.01644935626187004,0.046493930874272414,0.0002646687519694585,0.4824416794135452
85,gold_semantic_recall_t060,71,0.041201490233782626,0.035894217524084435,0.0053072727096981865,-0.0001990295381120039,0.010867071947594906,0.09292275782584679,0.2130924346392789
85,gold_semantic_f1_t060,71,0.06980567336685393,0.06193924056352783,0.007866432803326098,-0.0014122852015361826,0.017280903462920556,0.21919322663452034,0.1870559519910807
86,subject_coverage,71,0.5442875436673682,0.45453121843760547,0.08975632522976283,0.06459630588161798,0.11435278014519734,1.279708764262891e-08,0.8469452723847137
86,object_coverage,71,0.3806793878472107,0.3514724582723825,0.029206929574828185,0.016109887670924757,0.04194121876314954,6.713322141555825e-05,0.5268556398862614
86,entity_pair_coverage,71,0.3093314125985302,0.32960601517040017,-0.02027460257187001,-0.03365398735838256,-0.006719659205980626,0.004034331234262167,-0.3502286952897089
86,predicate_lexical_coverage,71,0.2191692163023917,0.20037795898911437,0.018791257313277302,0.001107508080726179,0.035832337854067996,0.03847052959272701,0.2514523656480591
86,gold_semantic_recall_t060,71,0.04124680345868381,0.036948131246351205,0.004298672212332616,-0.0012548220561068388,0.009597822119980007,0.05418931829418583,0.18086521799716226
86,gold_semantic_f1_t060,71,0.06962099864392718,0.06334260769721106,0.006278390946716106,-0.002784383424036964,0.015173108791622198,0.17160873309063995,0.15979707413134342
87,subject_coverage,71,0.5568702224108452,0.4878974870997476,0.0689727353110975,0.04593516275640931,0.0936349434600303,2.6158727010021733e-06,0.6509549291314662
87,object_coverage,71,0.3980292790460955,0.36132846331551294,0.03670081573058258,0.023454470319293864,0.0507981201493114,2.515060624544193e-06,0.6298202944607426
87,entity_pair_coverage,71,0.3229920215364931,0.3427581571717754,-0.019766135635282196,-0.03365739483209062,-0.00597173094362758,0.00757907056040803,-0.3238467490770982
87,predicate_lexical_coverage,71,0.23178877469562764,0.19790587807981977,0.03388289661580789,0.01773121619538239,0.04950157510932909,0.0002443439859883793,0.4879038882695638
87,gold_semantic_recall_t060,71,0.04297807025046563,0.04010515703175648,0.0028729132187091475,-0.003258112991284911,0.008631745541840544,0.23899201594947805,0.11386938593823807
87,gold_semantic_f1_t060,71,0.07255947049438667,0.06854486061976227,0.004014609874624411,-0.005929099859251336,0.013599496793135978,0.4212997940862021,0.09598682163608968
88,subject_coverage,71,0.5689588045916047,0.5019427073313302,0.06701609726027444,0.0420673295618783,0.090731338115226,2.3533338762696513e-06,0.6410454202359344
88,object_coverage,71,0.40116600656609147,0.3700842943592544,0.03108171220683703,0.015576980436474812,0.045738435633578774,0.00023385739271800554,0.4786231133688289
88,entity_pair_coverage,71,0.32439724462066677,0.3521993940895915,-0.027802149468924703,-0.04352030073584833,-0.011430727587904012,0.0013270729079370507,-0.41025172736736565
88,predicate_lexical_coverage,71,0.22920678651437262,0.21341692774483828,0.015789858769534336,-0.00011072189715521232,0.031244208144532232,0.05533026570936327,0.22540155408642376
88,gold_semantic_recall_t060,71,0.03845963848013813,0.03627708493305135,0.0021825535470867802,-0.0030540528845027504,0.00755158662468982,0.6259339740753915,0.09789119386479336
88,gold_semantic_f1_t060,71,0.06500732038941211,0.06233509039670878,0.002672229992703341,-0.00601345880931408,0.011594096096326124,0.9008656408574035,0.071759186894826
89,subject_coverage,71,0.5499031571179674,0.4758296980840712,0.07407345903389616,0.04912904249948124,0.09709286191354657,1.4722216192110396e-06,0.6852955818019847
89,object_coverage,71,0.39056877920947924,0.3652657900363902,0.02530298917308902,0.012650714363328522,0.03784037038814149,0.0005659109693348176,0.4517161343569525
89,entity_pair_coverage,71,0.3172835169911562,0.3419581540949292,-0.02467463710377299,-0.04104997232551122,-0.008195409578457715,0.007021883066518472,-0.34973599124528715
89,predicate_lexical_coverage,71,0.23123981407999514,0.2140363039693604,0.017203510110634687,0.001006411269941774,0.03305726171594171,0.03473818851046265,0.24922943988546242
89,gold_semantic_recall_t060,71,0.042735036128497036,0.03591410343399661,0.006820932694500423,0.0012827797564781555,0.012351898719910163,0.009736979229024832,0.2860810386249897
89,gold_semantic_f1_t060,71,0.07201721242306387,0.061344718556254986,0.010672493866808885,0.0013339511209598906,0.020090980484461368,0.05130041283604584,0.2642879134632134
90,subject_coverage,71,0.5573997282394332,0.47171599783964785,0.08568373039978541,0.06288140637242869,0.1084318638244343,1.9606147248241283e-08,0.8349313222199262
90,object_coverage,71,0.3890069463267346,0.36018404254312586,0.028822903783608668,0.014941022117229297,0.042045185089886264,0.00010094134053733995,0.4965508481604563
90,entity_pair_coverage,71,0.3207336065941289,0.3327152158778074,-0.011981609283678456,-0.027995571021058197,0.002750077507582275,0.09673245541583962,-0.18258517049235012
90,predicate_lexical_coverage,71,0.22325926588425044,0.2068643823704404,0.016394883513810063,-0.0010144895621625348,0.03401978142606733,0.05514115245703957,0.21317465487744158
90,gold_semantic_recall_t060,71,0.03942426029389041,0.0340422034917992,0.005382056802091208,0.0002842851267166464,0.0104707962420083,0.034603050625266196,0.24378493629413964
90,gold_semantic_f1_t060,71,0.06681896057053391,0.058418099042011715,0.008400861528522202,-0.000150413122606413,0.016827451787521378,0.11241975889494116,0.22606256457575477
91,subject_coverage,71,0.5370481046965059,0.47267599081757183,0.06437211387893392,0.039061466908852704,0.0903078410521152,1.8115669344137295e-05,0.5726028178913724
91,object_coverage,71,0.3954205433798319,0.35856704401973616,0.03685349936009575,0.022749231736312568,0.0520191367111386,1.0033326145210442e-05,0.5924176495418334
91,entity_pair_coverage,71,0.3200482756388112,0.3376334842338673,-0.017585208595056034,-0.03463197111178006,0.00020374144405726967,0.045185998889773406,-0.23269920797553756
91,predicate_lexical_coverage,71,0.2410931232842807,0.21903303214652037,0.02206009113776037,0.0059016450936657935,0.03806067602090319,0.013796950430117872,0.312922979203986
91,gold_semantic_recall_t060,71,0.038791652793375916,0.03452620272799809,0.0042654500653778295,-0.0015925095082569057,0.010032313702091228,0.12225300827873357,0.171248371651269
91,gold_semantic_f1_t060,71,0.06585774827770319,0.059219068449769506,0.0066386798279336745,-0.0033802494165155977,0.016251205464622717,0.13597994454947368,0.1587487638742306
92,subject_coverage,71,0.5444129596130579,0.4735448747368495,0.07086808487620856,0.044551283771722426,0.09789079091028663,1.0078552085063642e-05,0.609438820763311
92,object_coverage,71,0.39499273094164566,0.3626399248294644,0.03235280611218117,0.020735374667831426,0.0436530658139123,2.1237898312162208e-06,0.631541764258591
92,entity_pair_coverage,71,0.317510061380549,0.3402367537356461,-0.022726692355097007,-0.03822124360498425,-0.007051351541122943,0.009121109199510492,-0.32901188560033473
92,predicate_lexical_coverage,71,0.23284338119775758,0.1941229253467506,0.038720455851007,0.024139881007454886,0.05345883316467975,1.0255926214377272e-05,0.5961336817718469
92,gold_semantic_recall_t060,71,0.040559865685242995,0.040053911834591525,0.0005059538506514627,-0.004461772276293386,0.005569453837656785,0.4747999107572757,0.023114514164916528
92,gold_semantic_f1_t060,71,0.06855542131817884,0.06852785644794589,2.7564870232942408e-05,-0.008370179545089453,0.00847387849094014,0.7506833944206621,0.0007499745618627045
93,subject_coverage,71,0.5572680789108492,0.4849450594798653,0.07232301943098375,0.0463444967275213,0.09627098875657007,8.756950091419574e-07,0.6843872749275736
93,object_coverage,71,0.3995573893296832,0.36409558636210143,0.035461802967581876,0.022666706374089803,0.04903576189742047,3.521469850959091e-06,0.6221309518276307
93,entity_pair_coverage,71,0.321928886109828,0.342835078382563,-0.020906192272735012,-0.035658642434036235,-0.006155055054260337,0.013727357571711122,-0.33473480059602717
93,predicate_lexical_coverage,71,0.22506600256325648,0.20769633001660437,0.01736967254665208,0.004493223427228526,0.030695002099235338,0.03148729208269902,0.3013139201401468
93,gold_semantic_recall_t060,71,0.04308901385727084,0.034044623963430436,0.009044389893840411,0.0037881545591859256,0.014826472634241347,0.002226233347619126,0.3825286452426782
93,gold_semantic_f1_t060,71,0.07293931433559948,0.05863997564448798,0.014299338691111507,0.0053773838685506154,0.023981782542810005,0.0032744851172392766,0.36095701475941766
94,subject_coverage,71,0.539869115127712,0.46691596397582,0.07295315115189206,0.04745379107906384,0.09874435316103691,1.7944224917108945e-06,0.6539649454219698
94,object_coverage,71,0.3802165476729486,0.3552016245207184,0.0250149231522302,0.01130871709074335,0.03972410208353945,0.000990870120987702,0.41430778101143195
94,entity_pair_coverage,71,0.30714709233907894,0.3353705813972151,-0.02822348905813622,-0.043214521563275814,-0.012196907645957284,0.0006242720252133402,-0.4174690045824534
94,predicate_lexical_coverage,71,0.22043621112306033,0.19859999990149074,0.021836211221569656,0.007153098998714033,0.03665437433823015,0.010321926563115986,0.3390187677814052
94,gold_semantic_recall_t060,71,0.04190920354389321,0.03346450324559821,0.008444700298295008,0.0034124029987146563,0.01368647885610145,0.004912013958320127,0.37818949203602387
94,gold_semantic_f1_t060,71,0.07094490876292062,0.05757234577103019,0.013372562991890453,0.004826479724063317,0.022349439938495284,0.00758005525746567,0.3535454207483092
95,subject_coverage,71,0.5747148680464059,0.48467178539556605,0.09004308265083988,0.06288214440801751,0.1185946086013938,5.9457611617449154e-08,0.7567512171258572
95,object_coverage,71,0.3951358339302404,0.3617162088582069,0.03341962507203347,0.01831426019683447,0.04808263195023398,3.466560077812596e-05,0.5228222921799555
95,entity_pair_coverage,71,0.3295384781686407,0.3393385638445718,-0.009800085675931164,-0.026877233605497583,0.00800373292288022,0.16692565063885112,-0.12956966858286867
95,predicate_lexical_coverage,71,0.2291989729557839,0.2189807197710927,0.010218253184691226,-0.007012465222737114,0.02727046734820465,0.355120266815768,0.13913836620538284
95,gold_semantic_recall_t060,71,0.038964916580622115,0.03588151334368799,0.0030834032369341426,-0.0027769917527094875,0.008888770105071908,0.34795140822487636,0.1219185025501855
95,gold_semantic_f1_t060,71,0.06578115848226188,0.061667634249705845,0.004113524232556048,-0.005750484115036904,0.013868975920211283,0.7058274910422302,0.096846518666059
96,subject_coverage,71,0.5842439060357814,0.5011048872250096,0.08313901881077179,0.057696546985861887,0.10839145801245498,6.833584849696372e-08,0.764072173807208
96,object_coverage,71,0.40838520223281705,0.36886892638628366,0.03951627584653324,0.025900614958944645,0.05244303958625514,6.920654641303766e-07,0.6864163638224825
96,entity_pair_coverage,71,0.33528844928161167,0.3495232572577387,-0.01423480797612711,-0.029154471706481434,0.0006212737713045755,0.07366767519116739,-0.2205582825154721
96,predicate_lexical_coverage,71,0.2354976036478644,0.2140998146123999,0.02139778903546452,0.006005951224791579,0.03583332878957305,0.007176054886258942,0.3249639538722213
96,gold_semantic_recall_t060,71,0.0403245458528591,0.03731877973731635,0.003005766115542753,-0.0023447245274636442,0.008047271519558499,0.13609949476718658,0.13520042672339816
96,gold_semantic_f1_t060,71,0.06766946161507335,0.06330751473865011,0.0043619468764232415,-0.004327912506015706,0.012618621507304466,0.2727240156067041,0.11879330076234104
97,subject_coverage,71,0.5625033858702605,0.4646574385174605,0.09784594735279982,0.07089967271561515,0.12442461468756236,1.7737099095320754e-08,0.8565744993430787
97,object_coverage,71,0.3874954321963783,0.35984471697624554,0.027650715220132707,0.012164682704648041,0.04298958929759234,0.0022919497907526822,0.4153786808875972
97,entity_pair_coverage,71,0.3179219759206309,0.33885101597609985,-0.020929040055469042,-0.03587016390893549,-0.006163679833548091,0.009934100047850239,-0.33024564844286525
97,predicate_lexical_coverage,71,0.2260358700041523,0.20330950688330993,0.022726363120842308,0.005392893330457298,0.03939859786043346,0.01997068147783837,0.30136325180569307
97,gold_semantic_recall_t060,71,0.04119347179077059,0.03584371739382524,0.005349754396945352,-0.0002445269417823067,0.011256463090140615,0.10561705607177857,0.21055237581489708
97,gold_semantic_f1_t060,71,0.06995521590420384,0.06131787879330934,0.008637337110894493,-0.0007829141751427505,0.01860769065337875,0.15911867462595541,0.20320400250764997
98,subject_coverage,71,0.5555599980713143,0.47652148812898254,0.0790385099423317,0.053939873896805886,0.10544691101375704,7.76795229423662e-07,0.699323819436503
98,object_coverage,71,0.38594473593445083,0.364748727362031,0.021196008572419815,0.009523608010110261,0.03334795812454634,0.0010250877383731697,0.4148808092435735
98,entity_pair_coverage,71,0.31179982503558384,0.34286473715833216,-0.031064912122748187,-0.04444366909774528,-0.01695446031519264,8.528897132104352e-05,-0.5195408671877825
98,predicate_lexical_coverage,71,0.22889654464539677,0.21028191872326865,0.018614625922128095,0.0028051784451052363,0.03542976697753532,0.02554672601609131,0.2637796011808092
98,gold_semantic_recall_t060,71,0.0381750767598226,0.03679468576558914,0.0013803909942334597,-0.004297406269581026,0.007142910237294564,0.7130407816009499,0.05584017179686682
98,gold_semantic_f1_t060,71,0.06412480366522966,0.06300603092031219,0.0011187727449174692,-0.008455073271189264,0.010763654800006309,0.8952420652069683,0.026880597006728128
99,subject_coverage,71,0.5539712270239987,0.48237483684489707,0.07159639017910176,0.041800556944711284,0.1010303239192201,2.7518160080148437e-05,0.5524463299767632
99,object_coverage,71,0.3952160793300266,0.3681286281537186,0.027087451176308015,0.014970815388031671,0.03922597795366571,7.630630513342291e-05,0.4865255259386529
99,entity_pair_coverage,71,0.31409534170224074,0.3454875585910403,-0.03139221688879953,-0.0497968226493304,-0.013952365513060923,0.00160093537402741,-0.39743558693923253
99,predicate_lexical_coverage,71,0.23242723580238944,0.19822845426581276,0.03419878153657664,0.016954798846305477,0.05185468876808172,0.00021662682019086296,0.4560300664315099
99,gold_semantic_recall_t060,71,0.039722349799041254,0.03683295886187803,0.002889390937163209,-0.002223031081005354,0.00795829876460325,0.3166933681538897,0.1319137272739785
99,gold_semantic_f1_t060,71,0.06696219166311101,0.06340656968637953,0.0035556219767314814,-0.004946814904872328,0.012016499364145962,0.5351245898117911,0.09648402803946642
